user_id,item_id,interaction_order,user_community,item_community
0,85,1,3,0
0,14,2,3,4
0,104,3,3,4
0,466,4,3,1
0,164,5,3,4
0,531,6,3,1
0,221,7,3,1
0,393,8,3,3
0,576,9,3,1
0,543,10,3,3
0,537,11,3,2
0,103,12,3,3
0,548,13,3,3
0,194,14,3,4
0,80,15,3,0
0,110,16,3,0
0,242,17,3,2
0,342,18,3,2
0,497,19,3,2
0,597,20,3,2
1,503,1,3,3
1,62,2,3,2
1,278,3,3,3
1,104,4,3,4
1,206,5,3,1
1,548,6,3,3
1,61,7,3,1
1,103,8,3,3
1,393,9,3,3
1,433,10,3,3
1,1,11,3,1
1,25,12,3,0
1,257,13,3,2
1,537,14,3,2
1,78,15,3,3
1,468,16,3,3
1,242,17,3,2
1,338,18,3,3
1,185,19,3,0
1,425,20,3,0
2,169,1,4,4
2,582,2,4,2
2,444,3,4,4
2,104,4,4,4
2,377,5,4,2
2,327,6,4,2
2,103,7,4,3
2,330,8,4,0
2,392,9,4,2
2,480,10,4,0
2,417,11,4,2
2,164,12,4,4
2,295,13,4,0
2,160,14,4,0
2,529,15,4,4
2,206,16,4,1
2,199,17,4,4
2,537,18,4,2
2,594,19,4,4
2,185,20,4,0
3,206,1,1,1
3,327,2,1,2
3,225,3,1,0
3,164,4,1,4
3,185,5,1,0
3,242,6,1,2
3,69,7,1,4
3,537,8,1,2
3,78,9,1,3
3,257,10,1,2
3,117,11,1,2
3,104,12,1,4
3,356,13,1,1
3,95,14,1,0
3,141,15,1,1
3,548,16,1,3
3,103,17,1,3
3,541,18,1,1
3,61,19,1,1
3,2,20,1,2
4,242,1,2,2
4,537,2,2,2
4,103,3,2,3
4,72,4,2,2
4,548,5,2,3
4,257,6,2,2
4,232,7,2,2
4,104,8,2,4
4,327,9,2,2
4,302,10,2,2
4,112,11,2,2
4,441,12,2,1
4,41,13,2,1
4,576,14,2,1
4,206,15,2,1
4,162,16,2,2
4,522,17,2,2
4,57,18,2,2
4,597,19,2,2
4,593,20,2,3
5,478,1,3,3
5,503,2,3,3
5,338,3,3,3
5,548,4,3,3
5,556,5,3,1
5,141,6,3,1
5,225,7,3,0
5,206,8,3,1
5,62,9,3,2
5,353,10,3,3
5,413,11,3,3
5,103,12,3,3
5,6,13,3,1
5,185,14,3,0
5,164,15,3,4
5,219,16,3,4
5,418,17,3,3
5,377,18,3,2
5,104,19,3,4
5,355,20,3,0
6,451,1,1,1
6,196,2,1,1
6,267,3,1,2
6,78,4,1,3
6,537,5,1,2
6,185,6,1,0
6,149,7,1,4
6,206,8,1,1
6,576,9,1,1
6,257,10,1,2
6,416,11,1,1
6,101,12,1,1
6,110,13,1,0
6,503,14,1,3
6,141,15,1,1
6,231,16,1,1
6,164,17,1,4
6,501,18,1,1
6,582,19,1,2
6,466,20,1,1
7,529,1,0,4
7,557,2,0,2
7,597,3,0,2
7,267,4,0,2
7,575,5,0,0
7,170,6,0,0
7,61,7,0,1
7,225,8,0,0
7,327,9,0,2
7,540,10,0,0
7,110,11,0,0
7,185,12,0,0
7,25,13,0,0
7,57,14,0,2
7,548,15,0,3
7,257,16,0,2
7,468,17,0,3
7,500,18,0,0
7,36,19,0,1
7,413,20,0,3
8,597,1,2,2
8,242,2,2,2
8,206,3,2,1
8,104,4,2,4
8,569,5,2,4
8,47,6,2,2
8,257,7,2,2
8,377,8,2,2
8,582,9,2,2
8,185,10,2,0
8,503,11,2,3
8,594,12,2,4
8,393,13,2,3
8,537,14,2,2
8,522,15,2,2
8,177,16,2,2
8,548,17,2,3
8,79,18,2,4
8,222,19,2,2
8,36,20,2,1
9,80,1,0,0
9,400,2,0,0
9,50,3,0,0
9,540,4,0,0
9,557,5,0,2
9,100,6,0,0
9,104,7,0,4
9,125,8,0,0
9,110,9,0,0
9,257,10,0,2
9,483,11,0,3
9,206,12,0,1
9,225,13,0,0
9,270,14,0,0
9,548,15,0,3
9,361,16,0,1
9,143,17,0,3
9,185,18,0,0
9,340,19,0,0
9,359,20,0,4
10,561,1,0,1
10,404,2,0,4
10,225,3,0,0
10,413,4,0,3
10,260,5,0,0
10,191,6,0,1
10,377,7,0,2
10,206,8,0,1
10,537,9,0,2
10,416,10,0,1
10,434,11,0,4
10,290,12,0,0
10,257,13,0,2
10,580,14,0,0
10,475,15,0,0
10,131,16,0,1
10,185,17,0,0
10,284,18,0,4
10,25,19,0,0
10,104,20,0,4
11,242,1,2,2
11,104,2,2,4
11,215,3,2,0
11,103,4,2,3
11,222,5,2,2
11,185,6,2,0
11,537,7,2,2
11,149,8,2,4
11,225,9,2,0
11,456,10,2,1
11,117,11,2,2
11,433,12,2,3
11,206,13,2,1
11,377,14,2,2
11,57,15,2,2
11,199,16,2,4
11,257,17,2,2
11,483,18,2,3
11,468,19,2,3
11,164,20,2,4
12,597,1,3,2
12,338,2,3,3
12,284,3,3,4
12,540,4,3,0
12,548,5,3,3
12,103,6,3,3
12,354,7,3,4
12,185,8,3,0
12,544,9,3,4
12,99,10,3,4
12,206,11,3,1
12,164,12,3,4
12,258,13,3,3
12,149,14,3,4
12,25,15,3,0
12,361,16,3,1
12,257,17,3,2
12,229,18,3,4
12,537,19,3,2
12,228,20,3,3
13,597,1,4,2
13,257,2,4,2
13,134,3,4,4
13,548,4,4,3
13,47,5,4,2
13,444,6,4,4
13,569,7,4,4
13,185,8,4,0
13,468,9,4,3
13,112,10,4,2
13,9,11,4,4
13,329,12,4,4
13,271,13,4,1
13,141,14,4,1
13,164,15,4,4
13,76,16,4,1
13,413,17,4,3
13,104,18,4,4
13,416,19,4,1
13,503,20,4,3
14,225,1,0,0
14,405,2,0,0
14,355,3,0,0
14,537,4,0,2
14,548,5,0,3
14,160,6,0,0
14,158,7,0,3
14,103,8,0,3
14,104,9,0,4
14,345,10,0,0
14,121,11,0,1
14,25,12,0,0
14,170,13,0,0
14,141,14,0,1
14,72,15,0,2
14,466,16,0,1
14,164,17,0,4
14,61,18,0,1
14,393,19,0,3
14,185,20,0,0
15,225,1,4,0
15,434,2,4,4
15,169,3,4,4
15,185,4,4,0
15,435,5,4,0
15,361,6,4,1
15,104,7,4,4
15,141,8,4,1
15,478,9,4,3
15,426,10,4,1
15,548,11,4,3
15,366,12,4,1
15,384,13,4,4
15,569,14,4,4
15,257,15,4,2
15,537,16,4,2
15,269,17,4,4
15,116,18,4,1
15,355,19,4,0
15,206,20,4,1
16,22,1,2,2
16,466,2,2,1
16,338,3,2,3
16,548,4,2,3
16,47,5,2,2
16,158,6,2,3
16,235,7,2,0
16,257,8,2,2
16,597,9,2,2
16,188,10,2,3
16,385,11,2,0
16,569,12,2,4
16,42,13,2,2
16,25,14,2,0
16,537,15,2,2
16,206,16,2,1
16,185,17,2,0
16,284,18,2,4
16,187,19,2,2
16,497,20,2,2
17,99,1,1,4
17,104,2,1,4
17,301,3,1,1
17,310,4,1,0
17,141,5,1,1
17,229,6,1,4
17,116,7,1,1
17,257,8,1,2
17,185,9,1,0
17,548,10,1,3
17,61,11,1,1
17,466,12,1,1
17,537,13,1,2
17,206,14,1,1
17,393,15,1,3
17,597,16,1,2
17,204,17,1,4
17,576,18,1,1
17,361,19,1,1
17,36,20,1,1
18,330,1,0,0
18,225,2,0,0
18,158,3,0,3
18,465,4,0,0
18,359,5,0,4
18,300,6,0,0
18,141,7,0,1
18,185,8,0,0
18,28,9,0,3
18,393,10,0,3
18,355,11,0,0
18,537,12,0,2
18,47,13,0,2
18,170,14,0,0
18,295,15,0,0
18,327,16,0,2
18,361,17,0,1
18,160,18,0,0
18,475,19,0,0
18,104,20,0,4
19,206,1,1,1
19,141,2,1,1
19,101,3,1,1
19,557,4,1,2
19,338,5,1,3
19,25,6,1,0
19,1,7,1,1
19,441,8,1,1
19,257,9,1,2
19,225,10,1,0
19,284,11,1,4
19,78,12,1,3
19,226,13,1,1
19,220,14,1,0
19,104,15,1,4
19,416,16,1,1
19,386,17,1,1
19,576,18,1,1
19,103,19,1,3
19,548,20,1,3
20,263,1,4,3
20,149,2,4,4
20,331,3,4,1
20,447,4,4,2
20,229,5,4,4
20,284,6,4,4
20,597,7,4,2
20,225,8,4,0
20,104,9,4,4
20,118,10,4,3
20,257,11,4,2
20,185,12,4,0
20,110,13,4,0
20,534,14,4,4
20,159,15,4,4
20,501,16,4,1
20,594,17,4,4
20,569,18,4,4
20,548,19,4,3
20,242,20,4,2
21,537,1,0,2
21,275,2,0,0
21,25,3,0,0
21,252,4,0,2
21,393,5,0,3
21,530,6,0,0
21,569,7,0,4
21,405,8,0,0
21,196,9,0,1
21,234,10,0,4
21,355,11,0,0
21,330,12,0,0
21,466,13,0,1
21,225,14,0,0
21,22,15,0,2
21,185,16,0,0
21,164,17,0,4
21,150,18,0,0
21,257,19,0,2
21,104,20,0,4
22,36,1,2,1
22,160,2,2,0
22,465,3,2,0
22,47,4,2,2
22,592,5,2,2
22,577,6,2,2
22,117,7,2,2
22,284,8,2,4
22,257,9,2,2
22,597,10,2,2
22,242,11,2,2
22,557,12,2,2
22,99,13,2,4
22,141,14,2,1
22,22,15,2,2
22,262,16,2,2
22,548,17,2,3
22,537,18,2,2
22,169,19,2,4
22,14,20,2,4
23,345,1,0,0
23,25,2,0,0
23,257,3,0,2
23,548,4,0,3
23,150,5,0,0
23,569,6,0,4
23,338,7,0,3
23,305,8,0,0
23,346,9,0,1
23,178,10,0,3
23,225,11,0,0
23,480,12,0,0
23,425,13,0,0
23,468,14,0,3
23,589,15,0,4
23,170,16,0,0
23,104,17,0,4
23,185,18,0,0
23,160,19,0,0
23,141,20,0,1
24,295,1,2,0
24,19,2,2,4
24,47,3,2,2
24,279,4,2,4
24,361,5,2,1
24,257,6,2,2
24,401,7,2,1
24,102,8,2,2
24,330,9,2,0
24,185,10,2,0
24,25,11,2,0
24,104,12,2,4
24,206,13,2,1
24,242,14,2,2
24,229,15,2,4
24,353,16,2,3
24,227,17,2,2
24,529,18,2,4
24,22,19,2,2
24,170,20,2,0
25,548,1,2,3
25,557,2,2,2
25,222,3,2,2
25,158,4,2,3
25,597,5,2,2
25,537,6,2,2
25,22,7,2,2
25,185,8,2,0
25,47,9,2,2
25,594,10,2,4
25,177,11,2,2
25,327,12,2,2
25,572,13,2,2
25,267,14,2,2
25,104,15,2,4
25,257,16,2,2
25,582,17,2,2
25,77,18,2,2
25,242,19,2,2
25,206,20,2,1
26,273,1,3,3
26,253,2,3,3
26,393,3,3,3
26,13,4,3,3
26,338,5,3,3
26,141,6,3,1
26,477,7,3,2
26,103,8,3,3
26,44,9,3,4
26,548,10,3,3
26,104,11,3,4
26,257,12,3,2
26,355,13,3,0
26,284,14,3,4
26,468,15,3,3
26,206,16,3,1
26,597,17,3,2
26,158,18,3,3
26,185,19,3,0
26,503,20,3,3
27,445,1,2,0
27,466,2,2,1
27,471,3,2,1
27,257,4,2,2
27,384,5,2,4
27,548,6,2,3
27,25,7,2,0
27,522,8,2,2
27,72,9,2,2
27,537,10,2,2
27,61,11,2,1
27,141,12,2,1
27,199,13,2,4
27,79,14,2,4
27,597,15,2,2
27,557,16,2,2
27,327,17,2,2
27,206,18,2,1
27,22,19,2,2
27,592,20,2,2
28,206,1,3,1
28,104,2,3,4
28,569,3,3,4
28,291,4,3,1
28,408,5,3,3
28,548,6,3,3
28,79,7,3,4
28,103,8,3,3
28,338,9,3,3
28,185,10,3,0
28,242,11,3,2
28,537,12,3,2
28,235,13,3,0
28,528,14,3,3
28,353,15,3,3
28,164,16,3,4
28,331,17,3,1
28,290,18,3,0
28,354,19,3,4
28,170,20,3,0
29,548,1,1,3
29,599,2,1,4
29,411,3,1,1
29,441,4,1,1
29,201,5,1,1
29,206,6,1,1
29,569,7,1,4
29,96,8,1,1
29,408,9,1,3
29,36,10,1,1
29,141,11,1,1
29,160,12,1,0
29,185,13,1,0
29,25,14,1,0
29,522,15,1,2
29,361,16,1,1
29,61,17,1,1
29,104,18,1,4
29,257,19,1,2
29,103,20,1,3
30,206,1,1,1
30,291,2,1,1
30,61,3,1,1
30,451,4,1,1
30,160,5,1,0
30,230,6,1,0
30,101,7,1,1
30,361,8,1,1
30,104,9,1,4
30,436,10,1,1
30,242,11,1,2
30,225,12,1,0
30,576,13,1,1
30,251,14,1,1
30,416,15,1,1
30,591,16,1,1
30,548,17,1,3
30,405,18,1,0
30,257,19,1,2
30,196,20,1,1
31,425,1,2,0
31,7,2,2,2
31,377,3,2,2
31,79,4,2,4
31,141,5,2,1
31,206,6,2,1
31,185,7,2,0
31,466,8,2,1
31,147,9,2,2
31,257,10,2,2
31,576,11,2,1
31,548,12,2,3
31,594,13,2,4
31,199,14,2,4
31,290,15,2,0
31,242,16,2,2
31,31,17,2,1
31,401,18,2,1
31,37,19,2,2
31,400,20,2,0
32,116,1,0,1
32,138,2,0,3
32,361,3,0,1
32,185,4,0,0
32,103,5,0,3
32,490,6,0,0
32,164,7,0,4
32,228,8,0,3
32,34,9,0,4
32,112,10,0,2
32,25,11,0,0
32,231,12,0,1
32,301,13,0,1
32,284,14,0,4
32,585,15,0,0
32,435,16,0,0
32,206,17,0,1
32,548,18,0,3
32,163,19,0,3
32,80,20,0,0
33,295,1,0,0
33,112,2,0,2
33,104,3,0,4
33,103,4,0,3
33,185,5,0,0
33,442,6,0,2
33,514,7,0,4
33,242,8,0,2
33,501,9,0,1
33,413,10,0,3
33,284,11,0,4
33,591,12,0,1
33,160,13,0,0
33,170,14,0,0
33,25,15,0,0
33,206,16,0,1
33,537,17,0,2
33,158,18,0,3
33,196,19,0,1
33,164,20,0,4
34,103,1,3,3
34,377,2,3,2
34,164,3,3,4
34,168,4,3,3
34,242,5,3,2
34,158,6,3,3
34,274,7,3,4
34,283,8,3,3
34,533,9,3,3
34,81,10,3,1
34,548,11,3,3
34,435,12,3,0
34,503,13,3,3
34,104,14,3,4
34,185,15,3,0
34,339,16,3,4
34,44,17,3,4
34,338,18,3,3
34,569,19,3,4
34,537,20,3,2
35,597,1,1,2
35,206,2,1,1
35,569,3,1,4
35,337,4,1,2
35,56,5,1,1
35,286,6,1,1
35,72,7,1,2
35,315,8,1,0
35,356,9,1,1
35,149,10,1,4
35,141,11,1,1
35,231,12,1,1
35,401,13,1,1
35,301,14,1,1
35,444,15,1,4
35,291,16,1,1
35,110,17,1,0
35,361,18,1,1
35,340,19,1,0
35,257,20,1,2
36,150,1,0,0
36,510,2,0,0
36,80,3,0,0
36,45,4,0,0
36,405,5,0,0
36,78,6,0,3
36,557,7,0,2
36,257,8,0,2
36,466,9,0,1
36,110,10,0,0
36,185,11,0,0
36,295,12,0,0
36,141,13,0,1
36,548,14,0,3
36,361,15,0,1
36,420,16,0,0
36,25,17,0,0
36,206,18,0,1
36,245,19,0,0
36,103,20,0,3
37,361,1,1,1
37,206,2,1,1
37,14,3,1,4
37,574,4,1,4
37,141,5,1,1
37,113,6,1,3
37,284,7,1,4
37,256,8,1,1
37,104,9,1,4
37,228,10,1,3
37,548,11,1,3
37,431,12,1,1
37,306,13,1,1
37,295,14,1,0
37,301,15,1,1
37,25,16,1,0
37,471,17,1,1
37,257,18,1,2
37,287,19,1,2
37,242,20,1,2
38,361,1,1,1
38,468,2,1,3
38,502,3,1,2
38,356,4,1,1
38,259,5,1,4
38,101,6,1,1
38,393,7,1,3
38,331,8,1,1
38,221,9,1,1
38,397,10,1,2
38,206,11,1,1
38,34,12,1,4
38,46,13,1,1
38,597,14,1,2
38,554,15,1,4
38,284,16,1,4
38,236,17,1,1
38,25,18,1,0
38,103,19,1,3
38,243,20,1,3
39,416,1,3,1
39,501,2,3,1
39,448,3,3,3
39,283,4,3,3
39,206,5,3,1
39,103,6,3,3
39,418,7,3,3
39,229,8,3,4
39,233,9,3,3
39,393,10,3,3
39,28,11,3,3
39,153,12,3,3
39,266,13,3,1
39,478,14,3,3
39,149,15,3,4
39,257,16,3,2
39,503,17,3,3
39,185,18,3,0
39,548,19,3,3
39,104,20,3,4
40,435,1,0,0
40,359,2,0,4
40,117,3,0,2
40,345,4,0,0
40,483,5,0,3
40,466,6,0,1
40,505,7,0,0
40,482,8,0,2
40,597,9,0,2
40,518,10,0,3
40,190,11,0,0
40,284,12,0,4
40,229,13,0,4
40,330,14,0,0
40,257,15,0,2
40,185,16,0,0
40,398,17,0,3
40,140,18,0,0
40,170,19,0,0
40,206,20,0,1
41,548,1,0,3
41,220,2,0,0
41,594,3,0,4
41,511,4,0,1
41,235,5,0,0
41,170,6,0,0
41,290,7,0,0
41,257,8,0,2
41,150,9,0,0
41,400,10,0,0
41,569,11,0,4
41,160,12,0,0
41,78,13,0,3
41,206,14,0,1
41,104,15,0,4
41,355,16,0,0
41,425,17,0,0
41,25,18,0,0
41,185,19,0,0
41,468,20,0,3
42,207,1,3,2
42,23,2,3,3
42,548,3,3,3
42,342,4,3,2
42,104,5,3,4
42,293,6,3,3
42,305,7,3,0
42,225,8,3,0
42,231,9,3,1
42,338,10,3,3
42,7,11,3,2
42,103,12,3,3
42,185,13,3,0
42,537,14,3,2
42,160,15,3,0
42,149,16,3,4
42,206,17,3,1
42,158,18,3,3
42,594,19,3,4
42,501,20,3,1
43,225,1,1,0
43,206,2,1,1
43,482,3,1,2
43,597,4,1,2
43,104,5,1,4
43,361,6,1,1
43,101,7,1,1
43,331,8,1,1
43,463,9,1,3
43,501,10,1,1
43,561,11,1,1
43,548,12,1,3
43,78,13,1,3
43,514,14,1,4
43,36,15,1,1
43,537,16,1,2
43,81,17,1,1
43,355,18,1,0
43,185,19,1,0
43,141,20,1,1
44,589,1,3,4
44,548,2,3,3
44,103,3,3,3
44,393,4,3,3
44,206,5,3,1
44,444,6,3,4
44,597,7,3,2
44,141,8,3,1
44,78,9,3,3
44,213,10,3,3
44,522,11,3,2
44,453,12,3,3
44,104,13,3,4
44,501,14,3,1
44,359,15,3,4
44,283,16,3,3
44,257,17,3,2
44,91,18,3,1
44,433,19,3,3
44,338,20,3,3
45,501,1,3,1
45,53,2,3,3
45,548,3,3,3
45,576,4,3,1
45,439,5,3,4
45,537,6,3,2
45,164,7,3,4
45,206,8,3,1
45,67,9,3,2
45,498,10,3,3
45,142,11,3,2
45,248,12,3,3
45,398,13,3,3
45,104,14,3,4
45,103,15,3,3
45,199,16,3,4
45,257,17,3,2
45,330,18,3,0
45,141,19,3,1
45,409,20,3,4
46,89,1,3,4
46,104,2,3,4
46,334,3,3,4
46,257,4,3,2
46,548,5,3,3
46,343,6,3,3
46,330,7,3,0
46,393,8,3,3
46,2,9,3,2
46,185,10,3,0
46,231,11,3,1
46,36,12,3,1
46,25,13,3,0
46,235,14,3,0
46,103,15,3,3
46,160,16,3,0
46,237,17,3,2
46,227,18,3,2
46,169,19,3,4
46,141,20,3,1
47,25,1,0,0
47,478,2,0,3
47,7,3,0,2
47,104,4,0,4
47,569,5,0,4
47,45,6,0,0
47,130,7,0,0
47,261,8,0,1
47,362,9,0,2
47,225,10,0,0
47,160,11,0,0
47,325,12,0,0
47,185,13,0,0
47,598,14,0,3
47,257,15,0,2
47,575,16,0,0
47,221,17,0,1
47,295,18,0,0
47,548,19,0,3
47,597,20,0,2
48,155,1,0,0
48,585,2,0,0
48,548,3,0,3
48,104,4,0,4
48,367,5,0,2
48,45,6,0,0
48,170,7,0,0
48,557,8,0,2
48,257,9,0,2
48,89,10,0,4
48,418,11,0,3
48,505,12,0,0
48,284,13,0,4
48,501,14,0,1
48,397,15,0,2
48,206,16,0,1
48,22,17,0,2
48,17,18,0,2
48,141,19,0,1
48,185,20,0,0
49,225,1,0,0
49,273,2,0,3
49,330,3,0,0
49,164,4,0,4
49,150,5,0,0
49,450,6,0,0
49,25,7,0,0
49,206,8,0,1
49,104,9,0,4
49,501,10,0,1
49,257,11,0,2
49,265,12,0,0
49,185,13,0,0
49,250,14,0,0
49,328,15,0,3
49,393,16,0,3
49,100,17,0,0
49,67,18,0,2
49,430,19,0,0
49,548,20,0,3
50,569,1,4,4
50,103,2,4,3
50,389,3,4,4
50,104,4,4,4
50,185,5,4,0
50,379,6,4,4
50,206,7,4,1
50,111,8,4,1
50,394,9,4,4
50,359,10,4,4
50,164,11,4,4
50,414,12,4,4
50,521,13,4,1
50,354,14,4,4
50,99,15,4,4
50,101,16,4,1
50,141,17,4,1
50,169,18,4,4
50,548,19,4,3
50,257,20,4,2
51,214,1,4,4
51,284,2,4,4
51,103,3,4,3
51,229,4,4,4
51,401,5,4,1
51,121,6,4,1
51,104,7,4,4
51,582,8,4,2
51,431,9,4,1
51,164,10,4,4
51,548,11,4,3
51,185,12,4,0
51,274,13,4,4
51,557,14,4,2
51,273,15,4,3
51,170,16,4,0
51,206,17,4,1
51,384,18,4,4
51,257,19,4,2
51,199,20,4,4
52,41,1,0,1
52,466,2,0,1
52,149,3,0,4
52,104,4,0,4
52,278,5,0,3
52,501,6,0,1
52,130,7,0,0
52,548,8,0,3
52,185,9,0,0
52,377,10,0,2
52,393,11,0,3
52,81,12,0,1
52,569,13,0,4
52,160,14,0,0
52,359,15,0,4
52,330,16,0,0
52,350,17,0,0
52,25,18,0,0
52,225,19,0,0
52,576,20,0,1
53,548,1,3,3
53,537,2,3,2
53,478,3,3,3
53,504,4,3,4
53,72,5,3,2
53,167,6,3,2
53,182,7,3,2
53,104,8,3,4
53,448,9,3,3
53,103,10,3,3
53,111,11,3,1
53,597,12,3,2
53,185,13,3,0
53,206,14,3,1
53,257,15,3,2
53,338,16,3,3
53,108,17,3,3
53,47,18,3,2
53,243,19,3,3
53,141,20,3,1
54,47,1,2,2
54,25,2,2,0
54,284,3,2,4
54,597,4,2,2
54,67,5,2,2
54,282,6,2,2
54,355,7,2,0
54,548,8,2,3
54,392,9,2,2
54,242,10,2,2
54,384,11,2,4
54,362,12,2,2
54,57,13,2,2
54,104,14,2,4
54,537,15,2,2
54,81,16,2,1
54,582,17,2,2
54,359,18,2,4
54,141,19,2,1
54,206,20,2,1
55,329,1,2,4
55,452,2,2,2
55,257,3,2,2
55,242,4,2,2
55,103,5,2,3
55,79,6,2,4
55,548,7,2,3
55,206,8,2,1
55,559,9,2,4
55,49,10,2,4
55,557,11,2,2
55,104,12,2,4
55,141,13,2,1
55,461,14,2,1
55,552,15,2,2
55,327,16,2,2
55,25,17,2,0
55,3,18,2,3
55,80,19,2,0
55,376,20,2,1
56,548,1,1,3
56,222,2,1,2
56,169,3,1,4
56,235,4,1,0
56,206,5,1,1
56,295,6,1,0
56,569,7,1,4
56,242,8,1,2
56,101,9,1,1
56,477,10,1,2
56,356,11,1,1
56,116,12,1,1
56,537,13,1,2
56,103,14,1,3
56,254,15,1,4
56,327,16,1,2
56,185,17,1,0
56,582,18,1,2
56,104,19,1,4
56,141,20,1,1
57,193,1,3,3
57,185,2,3,0
57,338,3,3,3
57,273,4,3,3
57,283,5,3,3
57,404,6,3,4
57,248,7,3,3
57,468,8,3,3
57,213,9,3,3
57,108,10,3,3
57,242,11,3,2
57,103,12,3,3
57,548,13,3,3
57,33,14,3,3
57,416,15,3,1
57,557,16,3,2
57,78,17,3,3
57,393,18,3,3
57,371,19,3,1
57,169,20,3,4
58,153,1,3,3
58,503,2,3,3
58,180,3,3,0
58,501,4,3,1
58,257,5,3,2
58,393,6,3,3
58,164,7,3,4
58,248,8,3,3
58,468,9,3,3
58,185,10,3,0
58,338,11,3,3
58,383,12,3,3
58,81,13,3,1
58,103,14,3,3
58,78,15,3,3
58,568,16,3,3
58,23,17,3,3
58,25,18,3,0
58,229,19,3,4
58,548,20,3,3
59,257,1,2,2
59,245,2,2,0
59,557,3,2,2
59,25,4,2,0
59,503,5,2,3
59,212,6,2,2
59,28,7,2,3
59,103,8,2,3
59,273,9,2,3
59,355,10,2,0
59,478,11,2,3
59,104,12,2,4
59,206,13,2,1
59,242,14,2,2
59,185,15,2,0
59,353,16,2,3
59,471,17,2,1
59,422,18,2,2
59,359,19,2,4
59,263,20,2,3
60,561,1,1,1
60,243,2,1,3
60,72,3,1,2
60,361,4,1,1
60,80,5,1,0
60,393,6,1,3
60,576,7,1,1
60,548,8,1,3
60,225,9,1,0
60,26,10,1,1
60,164,11,1,4
60,242,12,1,2
60,537,13,1,2
60,103,14,1,3
60,141,15,1,1
60,327,16,1,2
60,104,17,1,4
60,206,18,1,1
60,466,19,1,1
60,478,20,1,3
61,152,1,2,2
61,7,2,2,2
61,63,3,2,3
61,537,4,2,2
61,72,5,2,2
61,542,6,2,2
61,206,7,2,1
61,104,8,2,4
61,25,9,2,0
61,273,10,2,3
61,557,11,2,2
61,597,12,2,2
61,170,13,2,0
61,242,14,2,2
61,338,15,2,3
61,377,16,2,2
61,110,17,2,0
61,548,18,2,3
61,257,19,2,2
61,185,20,2,0
62,437,1,2,2
62,561,2,2,1
62,7,3,2,2
62,284,4,2,4
62,302,5,2,2
62,204,6,2,4
62,185,7,2,0
62,242,8,2,2
62,257,9,2,2
62,206,10,2,1
62,587,11,2,2
62,502,12,2,2
62,366,13,2,1
62,397,14,2,2
62,501,15,2,1
62,537,16,2,2
62,495,17,2,0
62,548,18,2,3
62,372,19,2,2
62,186,20,2,1
63,2,1,4,2
63,333,2,4,3
63,393,3,4,3
63,229,4,4,4
63,206,5,4,1
63,141,6,4,1
63,264,7,4,4
63,104,8,4,4
63,569,9,4,4
63,548,10,4,3
63,594,11,4,4
63,179,12,4,4
63,256,13,4,1
63,466,14,4,1
63,359,15,4,4
63,257,16,4,2
63,169,17,4,4
63,284,18,4,4
63,524,19,4,4
63,576,20,4,1
64,185,1,1,0
64,361,2,1,1
64,196,3,1,1
64,503,4,1,3
64,206,5,1,1
64,257,6,1,2
64,537,7,1,2
64,235,8,1,0
64,517,9,1,2
64,141,10,1,1
64,164,11,1,4
64,330,12,1,0
64,103,13,1,3
64,597,14,1,2
64,453,15,1,3
64,242,16,1,2
64,104,17,1,4
64,501,18,1,1
64,569,19,1,4
64,225,20,1,0
65,483,1,1,3
65,61,2,1,1
65,548,3,1,3
65,149,4,1,4
65,413,5,1,3
65,104,6,1,4
65,428,7,1,3
65,448,8,1,3
65,79,9,1,4
65,206,10,1,1
65,597,11,1,2
65,158,12,1,3
65,361,13,1,1
65,393,14,1,3
65,482,15,1,2
65,416,16,1,1
65,171,17,1,1
65,25,18,1,0
65,185,19,1,0
65,466,20,1,1
66,257,1,0,2
66,25,2,0,0
66,104,3,0,4
66,225,4,0,0
66,329,5,0,4
66,511,6,0,1
66,305,7,0,0
66,206,8,0,1
66,164,9,0,4
66,110,10,0,0
66,292,11,0,2
66,569,12,0,4
66,450,13,0,0
66,522,14,0,2
66,576,15,0,1
66,330,16,0,0
66,185,17,0,0
66,285,18,0,0
66,243,19,0,3
66,275,20,0,0
67,206,1,4,1
67,548,2,4,3
67,104,3,4,4
67,158,4,4,3
67,225,5,4,0
67,164,6,4,4
67,471,7,4,1
67,185,8,4,0
67,100,9,4,0
67,189,10,4,4
67,149,11,4,4
67,328,12,4,3
67,327,13,4,2
67,542,14,4,2
67,534,15,4,4
67,330,16,4,0
67,219,17,4,4
67,354,18,4,4
67,544,19,4,4
67,78,20,4,3
68,393,1,4,3
68,104,2,4,4
68,392,3,4,2
68,164,4,4,4
68,185,5,4,0
68,338,6,4,3
68,466,7,4,1
68,257,8,4,2
68,546,9,4,1
68,229,10,4,4
68,79,11,4,4
68,61,12,4,1
68,548,13,4,3
68,25,14,4,0
68,149,15,4,4
68,597,16,4,2
68,361,17,4,1
68,537,18,4,2
68,327,19,4,2
68,103,20,4,3
69,359,1,4,4
69,242,2,4,2
69,61,3,4,1
69,384,4,4,4
69,149,5,4,4
69,104,6,4,4
69,185,7,4,0
69,225,8,4,0
69,257,9,4,2
69,393,10,4,3
69,537,11,4,2
69,548,12,4,3
69,164,13,4,4
69,569,14,4,4
69,206,15,4,1
69,581,16,4,1
69,444,17,4,4
69,141,18,4,1
69,529,19,4,4
69,103,20,4,3
70,145,1,0,0
70,548,2,0,3
70,206,3,0,1
70,450,4,0,0
70,284,5,0,4
70,393,6,0,3
70,30,7,0,0
70,257,8,0,2
70,325,9,0,0
70,560,10,0,0
70,355,11,0,0
70,150,12,0,0
70,185,13,0,0
70,562,14,0,2
70,425,15,0,0
70,338,16,0,3
70,47,17,0,2
70,295,18,0,0
70,45,19,0,0
70,565,20,0,0
71,418,1,3,3
71,353,2,3,3
71,25,3,3,0
71,170,4,3,0
71,305,5,3,0
71,518,6,3,3
71,104,7,3,4
71,443,8,3,3
71,546,9,3,1
71,103,10,3,3
71,300,11,3,0
71,222,12,3,2
71,416,13,3,1
71,185,14,3,0
71,245,15,3,0
71,243,16,3,3
71,34,17,3,4
71,548,18,3,3
71,393,19,3,3
71,78,20,3,3
72,206,1,3,1
72,569,2,3,4
72,25,3,3,0
72,141,4,3,1
72,413,5,3,3
72,172,6,3,2
72,393,7,3,3
72,164,8,3,4
72,356,9,3,1
72,555,10,3,0
72,548,11,3,3
72,223,12,3,3
72,158,13,3,3
72,485,14,3,0
72,298,15,3,3
72,170,16,3,0
72,468,17,3,3
72,99,18,3,4
72,242,19,3,2
72,257,20,3,2
73,466,1,1,1
73,501,2,1,1
73,225,3,1,0
73,41,4,1,1
73,99,5,1,4
73,338,6,1,3
73,206,7,1,1
73,257,8,1,2
73,111,9,1,1
73,156,10,1,1
73,591,11,1,1
73,548,12,1,3
73,284,13,1,4
73,185,14,1,0
73,164,15,1,4
73,576,16,1,1
73,220,17,1,0
73,104,18,1,4
73,361,19,1,1
73,392,20,1,2
74,569,1,4,4
74,229,2,4,4
74,284,3,4,4
74,557,4,4,2
74,103,5,4,3
74,257,6,4,2
74,49,7,4,4
74,548,8,4,3
74,141,9,4,1
74,164,10,4,4
74,104,11,4,4
74,110,12,4,0
74,41,13,4,1
74,149,14,4,4
74,206,15,4,1
74,537,16,4,2
74,228,17,4,3
74,242,18,4,2
74,359,19,4,4
74,496,20,4,1
75,548,1,3,3
75,283,2,3,3
75,117,3,3,2
75,206,4,3,1
75,284,5,3,4
75,168,6,3,3
75,103,7,3,3
75,260,8,3,0
75,129,9,3,4
75,393,10,3,3
75,104,11,3,4
75,359,12,3,4
75,248,13,3,3
75,68,14,3,3
75,69,15,3,4
75,327,16,3,2
75,185,17,3,0
75,225,18,3,0
75,463,19,3,3
75,93,20,3,3
76,449,1,3,4
76,164,2,3,4
76,199,3,3,4
76,548,4,3,3
76,206,5,3,1
76,169,6,3,4
76,284,7,3,4
76,47,8,3,2
76,338,9,3,3
76,243,10,3,3
76,158,11,3,3
76,104,12,3,4
76,103,13,3,3
76,141,14,3,1
76,475,15,3,0
76,149,16,3,4
76,393,17,3,3
76,353,18,3,3
76,61,19,3,1
76,257,20,3,2
77,112,1,4,2
77,150,2,4,0
77,569,3,4,4
77,557,4,4,2
77,478,5,4,3
77,393,6,4,3
77,514,7,4,4
77,104,8,4,4
77,537,9,4,2
77,179,10,4,4
77,494,11,4,4
77,242,12,4,2
77,164,13,4,4
77,169,14,4,4
77,576,15,4,1
77,359,16,4,4
77,233,17,4,3
77,206,18,4,1
77,327,19,4,2
77,185,20,4,0
78,284,1,1,4
78,501,2,1,1
78,158,3,1,3
78,185,4,1,0
78,101,5,1,1
78,28,6,1,3
78,371,7,1,1
78,328,8,1,3
78,116,9,1,1
78,126,10,1,1
78,104,11,1,4
78,79,12,1,4
78,548,13,1,3
78,164,14,1,4
78,141,15,1,1
78,231,16,1,1
78,206,17,1,1
78,136,18,1,1
78,257,19,1,2
78,415,20,1,0
79,576,1,2,1
79,225,2,2,0
79,10,3,2,0
79,377,4,2,2
79,504,5,2,4
79,597,6,2,2
79,104,7,2,4
79,262,8,2,2
79,238,9,2,3
79,532,10,2,2
79,242,11,2,2
79,467,12,2,2
79,466,13,2,1
79,537,14,2,2
79,505,15,2,0
79,185,16,2,0
79,548,17,2,3
79,327,18,2,2
79,206,19,2,1
79,257,20,2,2
80,276,1,1,1
80,11,2,1,1
80,503,3,1,3
80,149,4,1,4
80,305,5,1,0
80,150,6,1,0
80,206,7,1,1
80,25,8,1,0
80,225,9,1,0
80,171,10,1,1
80,416,11,1,1
80,548,12,1,3
80,597,13,1,2
80,231,14,1,1
80,257,15,1,2
80,78,16,1,3
80,576,17,1,1
80,164,18,1,4
80,141,19,1,1
80,338,20,1,3
81,225,1,1,0
81,206,2,1,1
81,127,3,1,2
81,103,4,1,3
81,72,5,1,2
81,282,6,1,2
81,36,7,1,1
81,81,8,1,1
81,397,9,1,2
81,164,10,1,4
81,537,11,1,2
81,130,12,1,0
81,141,13,1,1
81,466,14,1,1
81,393,15,1,3
81,104,16,1,4
81,361,17,1,1
81,480,18,1,0
81,257,19,1,2
81,242,20,1,2
82,141,1,3,1
82,33,2,3,3
82,574,3,3,4
82,104,4,3,4
82,548,5,3,3
82,233,6,3,3
82,537,7,3,2
82,163,8,3,3
82,248,9,3,3
82,393,10,3,3
82,413,11,3,3
82,338,12,3,3
82,164,13,3,4
82,213,14,3,3
82,392,15,3,2
82,528,16,3,3
82,78,17,3,3
82,192,18,3,2
82,343,19,3,3
82,485,20,3,0
83,178,1,3,3
83,170,2,3,0
83,141,3,3,1
83,152,4,3,2
83,228,5,3,3
83,368,6,3,3
83,305,7,3,0
83,540,8,3,0
83,47,9,3,2
83,468,10,3,3
83,548,11,3,3
83,257,12,3,2
83,172,13,3,2
83,10,14,3,0
83,443,15,3,3
83,555,16,3,0
83,242,17,3,2
83,597,18,3,2
83,503,19,3,3
83,264,20,3,4
84,23,1,3,3
84,483,2,3,3
84,323,3,3,3
84,393,4,3,3
84,103,5,3,3
84,228,6,3,3
84,257,7,3,2
84,90,8,3,0
84,448,9,3,3
84,545,10,3,0
84,548,11,3,3
84,141,12,3,1
84,327,13,3,2
84,597,14,3,2
84,3,15,3,3
84,206,16,3,1
84,361,17,3,1
84,338,18,3,3
84,362,19,3,2
84,468,20,3,3
85,305,1,3,0
85,383,2,3,3
85,548,3,3,3
85,285,4,3,0
85,141,5,3,1
85,518,6,3,3
85,478,7,3,3
85,569,8,3,4
85,257,9,3,2
85,78,10,3,3
85,483,11,3,3
85,61,12,3,1
85,25,13,3,0
85,158,14,3,3
85,355,15,3,0
85,80,16,3,0
85,393,17,3,3
85,103,18,3,3
85,514,19,3,4
85,85,20,3,0
86,455,1,2,0
86,185,2,2,0
86,548,3,2,3
86,104,4,2,4
86,432,5,2,2
86,393,6,2,3
86,112,7,2,2
86,103,8,2,3
86,192,9,2,2
86,537,10,2,2
86,332,11,2,2
86,25,12,2,0
86,161,13,2,1
86,457,14,2,2
86,206,15,2,1
86,265,16,2,0
86,237,17,2,2
86,107,18,2,2
86,141,19,2,1
86,257,20,2,2
87,206,1,1,1
87,279,2,1,4
87,31,3,1,1
87,25,4,1,0
87,361,5,1,1
87,160,6,1,0
87,503,7,1,3
87,471,8,1,1
87,5,9,1,0
87,170,10,1,0
87,185,11,1,0
87,548,12,1,3
87,104,13,1,4
87,158,14,1,3
87,231,15,1,1
87,176,16,1,1
87,416,17,1,1
87,257,18,1,2
87,207,19,1,2
87,141,20,1,1
88,257,1,0,2
88,537,2,0,2
88,104,3,0,4
88,570,4,0,0
88,283,5,0,3
88,170,6,0,0
88,185,7,0,0
88,235,8,0,0
88,213,9,0,3
88,260,10,0,0
88,435,11,0,0
88,569,12,0,4
88,25,13,0,0
88,275,14,0,0
88,54,15,0,4
88,340,16,0,0
88,345,17,0,0
88,150,18,0,0
88,270,19,0,0
88,594,20,0,4
89,22,1,2,2
89,164,2,2,4
89,273,3,2,3
89,149,4,2,4
89,257,5,2,2
89,61,6,2,1
89,101,7,2,1
89,467,8,2,2
89,260,9,2,0
89,302,10,2,2
89,242,11,2,2
89,68,12,2,3
89,503,13,2,3
89,537,14,2,2
89,185,15,2,0
89,206,16,2,1
89,215,17,2,0
89,141,18,2,1
89,444,19,2,4
89,104,20,2,4
90,141,1,1,1
90,366,2,1,1
90,164,3,1,4
90,592,4,1,2
90,76,5,1,1
90,150,6,1,0
90,206,7,1,1
90,439,8,1,4
90,104,9,1,4
90,466,10,1,1
90,509,11,1,4
90,581,12,1,1
90,359,13,1,4
90,345,14,1,0
90,355,15,1,0
90,2,16,1,2
90,31,17,1,1
90,169,18,1,4
90,53,19,1,3
90,99,20,1,4
91,81,1,1,1
91,466,2,1,1
91,185,3,1,0
91,416,4,1,1
91,548,5,1,3
91,531,6,1,1
91,361,7,1,1
91,501,8,1,1
91,112,9,1,2
91,355,10,1,0
91,206,11,1,1
91,257,12,1,2
91,242,13,1,2
91,356,14,1,1
91,444,15,1,4
91,141,16,1,1
91,537,17,1,2
91,582,18,1,2
91,80,19,1,0
91,104,20,1,4
92,548,1,0,3
92,295,2,0,0
92,345,3,0,0
92,493,4,0,3
92,477,5,0,2
92,225,6,0,0
92,185,7,0,0
92,267,8,0,2
92,141,9,0,1
92,537,10,0,2
92,103,11,0,3
92,150,12,0,0
92,170,13,0,0
92,309,14,0,4
92,25,15,0,0
92,570,16,0,0
92,78,17,0,3
92,483,18,0,3
92,206,19,0,1
92,257,20,0,2
93,465,1,0,0
93,1,2,0,1
93,506,3,0,1
93,25,4,0,0
93,122,5,0,2
93,548,6,0,3
93,229,7,0,4
93,350,8,0,0
93,79,9,0,4
93,141,10,0,1
93,497,11,0,2
93,164,12,0,4
93,404,13,0,4
93,100,14,0,0
93,104,15,0,4
93,99,16,0,4
93,174,17,0,4
93,185,18,0,0
93,597,19,0,2
93,537,20,0,2
94,104,1,1,4
94,284,2,1,4
94,225,3,1,0
94,368,4,1,3
94,51,5,1,1
94,206,6,1,1
94,561,7,1,1
94,351,8,1,1
94,411,9,1,1
94,597,10,1,2
94,81,11,1,1
94,146,12,1,1
94,501,13,1,1
94,170,14,1,0
94,384,15,1,4
94,103,16,1,3
94,257,17,1,2
94,366,18,1,1
94,199,19,1,4
94,529,20,1,4
95,267,1,0,2
95,248,2,0,3
95,548,3,0,3
95,25,4,0,0
95,225,5,0,0
95,235,6,0,0
95,213,7,0,3
95,393,8,0,3
95,160,9,0,0
95,185,10,0,0
95,164,11,0,4
95,257,12,0,2
95,104,13,0,4
95,206,14,0,1
95,110,15,0,0
95,537,16,0,2
95,150,17,0,0
95,158,18,0,3
95,405,19,0,0
95,183,20,0,3
96,66,1,1,1
96,7,2,1,2
96,231,3,1,1
96,164,4,1,4
96,6,5,1,1
96,416,6,1,1
96,366,7,1,1
96,235,8,1,0
96,103,9,1,3
96,221,10,1,1
96,338,11,1,3
96,141,12,1,1
96,228,13,1,3
96,55,14,1,0
96,242,15,1,2
96,548,16,1,3
96,257,17,1,2
96,206,18,1,1
96,61,19,1,1
96,592,20,1,2
97,569,1,4,4
97,219,2,4,4
97,174,3,4,4
97,25,4,4,0
97,468,5,4,3
97,229,6,4,4
97,104,7,4,4
97,393,8,4,3
97,57,9,4,2
97,509,10,4,4
97,206,11,4,1
97,257,12,4,2
97,361,13,4,1
97,199,14,4,4
97,185,15,4,0
97,284,16,4,4
97,157,17,4,2
97,557,18,4,2
97,384,19,4,4
97,130,20,4,0
98,503,1,0,3
98,537,2,0,2
98,413,3,0,3
98,164,4,0,4
98,22,5,0,2
98,359,6,0,4
98,104,7,0,4
98,185,8,0,0
98,170,9,0,0
98,392,10,0,2
98,483,11,0,3
98,462,12,0,2
98,150,13,0,0
98,355,14,0,0
98,295,15,0,0
98,99,16,0,4
98,435,17,0,0
98,242,18,0,2
98,25,19,0,0
98,110,20,0,0
99,141,1,1,1
99,172,2,1,2
99,356,3,1,1
99,191,4,1,1
99,104,5,1,4
99,451,6,1,1
99,131,7,1,1
99,71,8,1,1
99,164,9,1,4
99,361,10,1,1
99,196,11,1,1
99,301,12,1,1
99,242,13,1,2
99,257,14,1,2
99,146,15,1,1
99,501,16,1,1
99,206,17,1,1
99,225,18,1,0
99,503,19,1,3
99,599,20,1,4
100,103,1,2,3
100,543,2,2,3
100,164,3,2,4
100,154,4,2,4
100,548,5,2,3
100,569,6,2,4
100,254,7,2,4
100,104,8,2,4
100,382,9,2,2
100,257,10,2,2
100,361,11,2,1
100,433,12,2,3
100,185,13,2,0
100,353,14,2,3
100,557,15,2,2
100,537,16,2,2
100,116,17,2,1
100,242,18,2,2
100,206,19,2,1
100,542,20,2,2
101,400,1,0,0
101,242,2,0,2
101,582,3,0,2
101,220,4,0,0
101,185,5,0,0
101,150,6,0,0
101,305,7,0,0
101,206,8,0,1
101,274,9,0,4
101,478,10,0,3
101,330,11,0,0
101,129,12,0,4
101,146,13,0,1
101,580,14,0,0
101,380,15,0,0
101,10,16,0,0
101,152,17,0,2
101,135,18,0,0
101,104,19,0,4
101,355,20,0,0
102,377,1,2,2
102,212,2,2,2
102,110,3,2,0
102,327,4,2,2
102,206,5,2,1
102,7,6,2,2
102,205,7,2,0
102,338,8,2,3
102,160,9,2,0
102,257,10,2,2
102,537,11,2,2
102,548,12,2,3
102,361,13,2,1
102,141,14,2,1
102,99,15,2,4
102,104,16,2,4
102,197,17,2,2
102,117,18,2,2
102,207,19,2,2
102,271,20,2,1
103,330,1,3,0
103,384,2,3,4
103,196,3,3,1
103,274,4,3,4
103,158,5,3,3
103,393,6,3,3
103,53,7,3,3
103,104,8,3,4
103,367,9,3,2
103,433,10,3,3
103,250,11,3,0
103,257,12,3,2
103,503,13,3,3
103,169,14,3,4
103,118,15,3,3
103,14,16,3,4
103,548,17,3,3
103,185,18,3,0
103,103,19,3,3
103,25,20,3,0
104,174,1,1,4
104,466,2,1,1
104,104,3,1,4
104,164,4,1,4
104,242,5,1,2
104,196,6,1,1
104,185,7,1,0
104,116,8,1,1
104,61,9,1,1
104,111,10,1,1
104,257,11,1,2
104,548,12,1,3
104,286,13,1,1
104,355,14,1,0
104,586,15,1,1
104,206,16,1,1
104,213,17,1,3
104,235,18,1,0
104,141,19,1,1
104,101,20,1,1
105,547,1,0,2
105,438,2,0,3
105,435,3,0,0
105,597,4,0,2
105,225,5,0,0
105,257,6,0,2
105,355,7,0,0
105,437,8,0,2
105,480,9,0,0
105,548,10,0,3
105,170,11,0,0
105,55,12,0,0
105,104,13,0,4
105,330,14,0,0
105,301,15,0,1
105,206,16,0,1
105,450,17,0,0
105,25,18,0,0
105,185,19,0,0
105,99,20,0,4
106,503,1,4,3
106,509,2,4,4
106,257,3,4,2
106,158,4,4,3
106,149,5,4,4
106,569,6,4,4
106,48,7,4,3
106,164,8,4,4
106,47,9,4,2
106,243,10,4,3
106,79,11,4,4
106,136,12,4,1
106,72,13,4,2
106,548,14,4,3
106,206,15,4,1
106,339,16,4,4
106,537,17,4,2
106,150,18,4,0
106,278,19,4,3
106,104,20,4,4
107,537,1,3,2
107,338,2,3,3
107,548,3,3,3
107,67,4,3,2
107,333,5,3,3
107,103,6,3,3
107,476,7,3,1
107,295,8,3,0
107,57,9,3,2
107,8,10,3,3
107,110,11,3,0
107,430,12,3,0
107,393,13,3,3
107,104,14,3,4
107,185,15,3,0
107,25,16,3,0
107,213,17,3,3
107,7,18,3,2
107,413,19,3,3
107,54,20,3,4
108,99,1,2,4
108,229,2,2,4
108,25,3,2,0
108,169,4,2,4
108,242,5,2,2
108,61,6,2,1
108,22,7,2,2
108,548,8,2,3
108,185,9,2,0
108,47,10,2,2
108,104,11,2,4
108,582,12,2,2
108,246,13,2,1
108,257,14,2,2
108,97,15,2,2
108,101,16,2,1
108,286,17,2,1
108,103,18,2,3
108,557,19,2,2
108,112,20,2,2
109,416,1,1,1
109,466,2,1,1
109,531,3,1,1
109,104,4,1,4
109,206,5,1,1
109,103,6,1,3
109,243,7,1,3
109,257,8,1,2
109,331,9,1,1
109,366,10,1,1
109,158,11,1,3
109,172,12,1,2
109,149,13,1,4
109,400,14,1,0
109,61,15,1,1
109,160,16,1,0
109,548,17,1,3
109,141,18,1,1
109,185,19,1,0
109,110,20,1,0
110,594,1,0,4
110,119,2,0,4
110,170,3,0,0
110,384,4,0,4
110,80,5,0,0
110,295,6,0,0
110,481,7,0,1
110,185,8,0,0
110,285,9,0,0
110,225,10,0,0
110,359,11,0,4
110,330,12,0,0
110,162,13,0,2
110,257,14,0,2
110,585,15,0,0
110,150,16,0,0
110,557,17,0,2
110,25,18,0,0
110,345,19,0,0
110,235,20,0,0
111,466,1,3,1
111,225,2,3,0
111,513,3,3,3
111,205,4,3,0
111,548,5,3,3
111,206,6,3,1
111,393,7,3,3
111,47,8,3,2
111,257,9,3,2
111,104,10,3,4
111,503,11,3,3
111,158,12,3,3
111,164,13,3,4
111,398,14,3,3
111,483,15,3,3
111,103,16,3,3
111,185,17,3,0
111,229,18,3,4
111,389,19,3,4
111,413,20,3,3
112,156,1,4,1
112,565,2,4,0
112,494,3,4,4
112,144,4,4,4
112,28,5,4,3
112,359,6,4,4
112,158,7,4,3
112,597,8,4,2
112,284,9,4,4
112,99,10,4,4
112,393,11,4,3
112,548,12,4,3
112,433,13,4,3
112,257,14,4,2
112,164,15,4,4
112,104,16,4,4
112,569,17,4,4
112,361,18,4,1
112,474,19,4,4
112,185,20,4,0
113,425,1,0,0
113,185,2,0,0
113,158,3,0,3
113,103,4,0,3
113,124,5,0,4
113,569,6,0,4
113,345,7,0,0
113,426,8,0,1
113,25,9,0,0
113,145,10,0,0
113,257,11,0,2
113,225,12,0,0
113,45,13,0,0
113,295,14,0,0
113,170,15,0,0
113,576,16,0,1
113,104,17,0,4
113,206,18,0,1
113,466,19,0,1
113,177,20,0,2
114,257,1,0,2
114,355,2,0,0
114,548,3,0,3
114,435,4,0,0
114,429,5,0,4
114,185,6,0,0
114,7,7,0,2
114,440,8,0,0
114,104,9,0,4
114,85,10,0,0
114,101,11,0,1
114,130,12,0,0
114,164,13,0,4
114,561,14,0,1
114,345,15,0,0
114,380,16,0,0
114,53,17,0,3
114,275,18,0,0
114,416,19,0,1
114,225,20,0,0
115,183,1,3,3
115,103,2,3,3
115,543,3,3,3
115,257,4,3,2
115,438,5,3,3
115,597,6,3,2
115,327,7,3,2
115,25,8,3,0
115,433,9,3,3
115,362,10,3,2
115,104,11,3,4
115,224,12,3,4
115,141,13,3,1
115,548,14,3,3
115,503,15,3,3
115,78,16,3,3
115,393,17,3,3
115,1,18,3,1
115,355,19,3,0
115,206,20,3,1
116,225,1,0,0
116,501,2,0,1
116,480,3,0,0
116,580,4,0,0
116,110,5,0,0
116,238,6,0,3
116,295,7,0,0
116,80,8,0,0
116,185,9,0,0
116,130,10,0,0
116,569,11,0,4
116,387,12,0,2
116,548,13,0,3
116,104,14,0,4
116,160,15,0,0
116,170,16,0,0
116,199,17,0,4
116,71,18,0,1
116,103,19,0,3
116,164,20,0,4
117,130,1,1,0
117,338,2,1,3
117,257,3,1,2
117,548,4,1,3
117,104,5,1,4
117,206,6,1,1
117,242,7,1,2
117,170,8,1,0
117,556,9,1,1
117,537,10,1,2
117,205,11,1,0
117,62,12,1,2
117,141,13,1,1
117,185,14,1,0
117,576,15,1,1
117,361,16,1,1
117,285,17,1,0
117,101,18,1,1
117,103,19,1,3
117,353,20,1,3
118,61,1,0,1
118,284,2,0,4
118,248,3,0,3
118,546,4,0,1
118,330,5,0,0
118,235,6,0,0
118,305,7,0,0
118,393,8,0,3
118,537,9,0,2
118,229,10,0,4
118,225,11,0,0
118,274,12,0,4
118,257,13,0,2
118,25,14,0,0
118,548,15,0,3
118,189,16,0,4
118,206,17,0,1
118,185,18,0,0
118,20,19,0,0
118,170,20,0,0
119,185,1,3,0
119,242,2,3,2
119,518,3,3,3
119,417,4,3,2
119,493,5,3,3
119,393,6,3,3
119,104,7,3,4
119,418,8,3,3
119,164,9,3,4
119,103,10,3,3
119,338,11,3,3
119,478,12,3,3
119,81,13,3,1
119,548,14,3,3
119,28,15,3,3
119,77,16,3,2
119,22,17,3,2
119,257,18,3,2
119,225,19,3,0
119,79,20,3,4
120,141,1,1,1
120,220,2,1,0
120,513,3,1,3
120,284,4,1,4
120,225,5,1,0
120,103,6,1,3
120,336,7,1,1
120,25,8,1,0
120,242,9,1,2
120,565,10,1,0
120,473,11,1,3
120,158,12,1,3
120,301,13,1,1
120,206,14,1,1
120,548,15,1,3
120,393,16,1,3
120,466,17,1,1
120,361,18,1,1
120,104,19,1,4
120,537,20,1,2
121,183,1,4,3
121,548,2,4,3
121,78,3,4,3
121,274,4,4,4
121,483,5,4,3
121,504,6,4,4
121,524,7,4,4
121,393,8,4,3
121,103,9,4,3
121,79,10,4,4
121,229,11,4,4
121,72,12,4,2
121,384,13,4,4
121,104,14,4,4
121,141,15,4,1
121,413,16,4,3
121,594,17,4,4
121,529,18,4,4
121,359,19,4,4
121,237,20,4,2
122,437,1,4,2
122,331,2,4,1
122,359,3,4,4
122,164,4,4,4
122,25,5,4,0
122,330,6,4,0
122,206,7,4,1
122,85,8,4,0
122,413,9,4,3
122,327,10,4,2
122,149,11,4,4
122,569,12,4,4
122,104,13,4,4
122,575,14,4,0
122,587,15,4,2
122,267,16,4,2
122,284,17,4,4
122,548,18,4,3
122,405,19,4,0
122,134,20,4,4
123,103,1,4,3
123,257,2,4,2
123,225,3,4,0
123,131,4,4,1
123,466,5,4,1
123,444,6,4,4
123,199,7,4,4
123,478,8,4,3
123,104,9,4,4
123,311,10,4,1
123,106,11,4,1
123,468,12,4,3
123,368,13,4,3
123,339,14,4,4
123,544,15,4,4
123,45,16,4,0
123,235,17,4,0
123,359,18,4,4
123,597,19,4,2
123,537,20,4,2
124,316,1,1,1
124,170,2,1,0
124,80,3,1,0
124,225,4,1,0
124,185,5,1,0
124,361,6,1,1
124,356,7,1,1
124,206,8,1,1
124,401,9,1,1
124,205,10,1,0
124,124,11,1,4
124,106,12,1,1
124,501,13,1,1
124,61,14,1,1
124,141,15,1,1
124,451,16,1,1
124,164,17,1,4
124,149,18,1,4
124,448,19,1,3
124,353,20,1,3
125,329,1,4,4
125,29,2,4,4
125,25,3,4,0
125,149,4,4,4
125,242,5,4,2
125,104,6,4,4
125,361,7,4,1
125,257,8,4,2
125,284,9,4,4
125,164,10,4,4
125,213,11,4,3
125,485,12,4,0
125,537,13,4,2
125,434,14,4,4
125,185,15,4,0
125,384,16,4,4
125,52,17,4,2
125,359,18,4,4
125,597,19,4,2
125,478,20,4,3
126,359,1,3,4
126,548,2,3,3
126,544,3,3,4
126,503,4,3,3
126,569,5,3,4
126,104,6,3,4
126,141,7,3,1
126,164,8,3,4
126,25,9,3,0
126,361,10,3,1
126,47,11,3,2
126,185,12,3,0
126,78,13,3,3
126,103,14,3,3
126,537,15,3,2
126,101,16,3,1
126,257,17,3,2
126,327,18,3,2
126,368,19,3,3
126,334,20,3,4
127,51,1,4,1
127,503,2,4,3
127,539,3,4,4
127,149,4,4,4
127,475,5,4,0
127,104,6,4,4
127,57,7,4,2
127,199,8,4,4
127,44,9,4,4
127,469,10,4,4
127,295,11,4,0
127,368,12,4,3
127,345,13,4,0
127,242,14,4,2
127,597,15,4,2
127,164,16,4,4
127,169,17,4,4
127,468,18,4,3
127,116,19,4,1
127,257,20,4,2
128,206,1,1,1
128,361,2,1,1
128,141,3,1,1
128,51,4,1,1
128,468,5,1,3
128,416,6,1,1
128,196,7,1,1
128,110,8,1,0
128,164,9,1,4
128,170,10,1,0
128,401,11,1,1
128,185,12,1,0
128,345,13,1,0
128,466,14,1,1
128,375,15,1,0
128,231,16,1,1
128,576,17,1,1
128,284,18,1,4
128,597,19,1,2
128,173,20,1,3
129,206,1,0,1
129,225,2,0,0
129,93,3,0,3
129,325,4,0,0
129,359,5,0,4
129,465,6,0,0
129,435,7,0,0
129,477,8,0,2
129,274,9,0,4
129,480,10,0,0
129,380,11,0,0
129,257,12,0,2
129,469,13,0,4
129,185,14,0,0
129,430,15,0,0
129,22,16,0,2
129,85,17,0,0
129,104,18,0,4
129,569,19,0,4
129,25,20,0,0
130,164,1,0,4
130,10,2,0,0
130,61,3,0,1
130,185,4,0,0
130,477,5,0,2
130,298,6,0,3
130,503,7,0,3
130,548,8,0,3
130,214,9,0,4
130,170,10,0,0
130,345,11,0,0
130,466,12,0,1
130,25,13,0,0
130,141,14,0,1
130,597,15,0,2
130,206,16,0,1
130,57,17,0,2
130,375,18,0,0
130,540,19,0,0
130,225,20,0,0
131,130,1,2,0
131,361,2,2,1
131,80,3,2,0
131,215,4,2,0
131,164,5,2,4
131,17,6,2,2
131,310,7,2,0
131,25,8,2,0
131,72,9,2,2
131,257,10,2,2
131,206,11,2,1
131,529,12,2,4
131,103,13,2,3
131,57,14,2,2
131,597,15,2,2
131,401,16,2,1
131,141,17,2,1
131,359,18,2,4
131,509,19,2,4
131,537,20,2,2
132,47,1,2,2
132,1,2,2,1
132,225,3,2,0
132,279,4,2,4
132,235,5,2,0
132,104,6,2,4
132,577,7,2,2
132,464,8,2,4
132,257,9,2,2
132,7,10,2,2
132,206,11,2,1
132,103,12,2,3
132,72,13,2,2
132,185,14,2,0
132,169,15,2,4
132,183,16,2,3
132,537,17,2,2
132,57,18,2,2
132,242,19,2,2
132,361,20,2,1
133,361,1,2,1
133,557,2,2,2
133,411,3,2,1
133,164,4,2,4
133,329,5,2,4
133,217,6,2,2
133,257,7,2,2
133,518,8,2,3
133,392,9,2,2
133,185,10,2,0
133,233,11,2,3
133,81,12,2,1
133,468,13,2,3
133,242,14,2,2
133,206,15,2,1
133,6,16,2,1
133,37,17,2,2
133,548,18,2,3
133,393,19,2,3
133,355,20,2,0
134,104,1,1,4
134,206,2,1,1
134,592,3,1,2
134,441,4,1,1
134,542,5,1,2
134,486,6,1,1
134,185,7,1,0
134,231,8,1,1
134,257,9,1,2
134,367,10,1,2
134,422,11,1,2
134,246,12,1,1
134,160,13,1,0
134,47,14,1,2
134,286,15,1,1
134,361,16,1,1
134,274,17,1,4
134,471,18,1,1
134,25,19,1,0
134,141,20,1,1
135,284,1,4,4
135,251,2,4,1
135,439,3,4,4
135,548,4,4,3
135,569,5,4,4
135,231,6,4,1
135,44,7,4,4
135,359,8,4,4
135,99,9,4,4
135,503,10,4,3
135,471,11,4,1
135,104,12,4,4
135,534,13,4,4
135,164,14,4,4
135,582,15,4,2
135,72,16,4,2
135,327,17,4,2
135,185,18,4,0
135,206,19,4,1
135,150,20,4,0
136,25,1,1,0
136,96,2,1,1
136,39,3,1,4
136,164,4,1,4
136,141,5,1,1
136,61,6,1,1
136,36,7,1,1
136,454,8,1,4
136,246,9,1,1
136,366,10,1,1
136,548,11,1,3
136,334,12,1,4
136,206,13,1,1
136,416,14,1,1
136,483,15,1,3
136,581,16,1,1
136,393,17,1,3
136,257,18,1,2
136,466,19,1,1
136,185,20,1,0
137,353,1,3,3
137,478,2,3,3
137,103,3,3,3
137,164,4,3,4
137,229,5,3,4
137,384,6,3,4
137,152,7,3,2
137,503,8,3,3
137,327,9,3,2
137,206,10,3,1
137,277,11,3,2
137,146,12,3,1
137,81,13,3,1
137,548,14,3,3
137,468,15,3,3
137,455,16,3,0
137,295,17,3,0
137,453,18,3,3
137,338,19,3,3
137,104,20,3,4
138,537,1,4,2
138,199,2,4,4
138,231,3,4,1
138,505,4,4,0
138,129,5,4,4
138,413,6,4,3
138,338,7,4,3
138,206,8,4,1
138,284,9,4,4
138,224,10,4,4
138,361,11,4,1
138,398,12,4,3
138,104,13,4,4
138,367,14,4,2
138,164,15,4,4
138,185,16,4,0
138,548,17,4,3
138,130,18,4,0
138,569,19,4,4
138,267,20,4,2
139,90,1,0,0
139,206,2,0,1
139,503,3,0,3
139,569,4,0,4
139,257,5,0,2
139,100,6,0,0
139,164,7,0,4
139,185,8,0,0
139,5,9,0,0
139,416,10,0,1
139,393,11,0,3
139,104,12,0,4
139,103,13,0,3
139,433,14,0,3
139,576,15,0,1
139,225,16,0,0
139,125,17,0,0
139,356,18,0,1
139,132,19,0,2
139,242,20,0,2
140,80,1,0,0
140,103,2,0,3
140,185,3,0,0
140,548,4,0,3
140,81,5,0,1
140,34,6,0,4
140,25,7,0,0
140,213,8,0,3
140,206,9,0,1
140,295,10,0,0
140,180,11,0,0
140,466,12,0,1
140,304,13,0,4
140,242,14,0,2
140,503,15,0,3
140,480,16,0,0
140,537,17,0,2
140,285,18,0,0
140,257,19,0,2
140,380,20,0,0
141,548,1,3,3
141,472,2,3,2
141,103,3,3,3
141,468,4,3,3
141,227,5,3,2
141,160,6,3,0
141,339,7,3,4
141,149,8,3,4
141,185,9,3,0
141,158,10,3,3
141,498,11,3,3
141,53,12,3,3
141,408,13,3,3
141,164,14,3,4
141,537,15,3,2
141,355,16,3,0
141,393,17,3,3
141,501,18,3,1
141,242,19,3,2
141,594,20,3,4
142,537,1,3,2
142,359,2,3,4
142,185,3,3,0
142,150,4,3,0
142,116,5,3,1
142,23,6,3,3
142,503,7,3,3
142,206,8,3,1
142,413,9,3,3
142,393,10,3,3
142,103,11,3,3
142,170,12,3,0
142,104,13,3,4
142,528,14,3,3
142,361,15,3,1
142,53,16,3,3
142,257,17,3,2
142,283,18,3,3
142,47,19,3,2
142,548,20,3,3
143,64,1,4,4
143,39,2,4,4
143,513,3,4,3
143,141,4,4,1
143,557,5,4,2
143,379,6,4,4
143,160,7,4,0
143,61,8,4,1
143,185,9,4,0
143,219,10,4,4
143,359,11,4,4
143,242,12,4,2
143,503,13,4,3
143,356,14,4,1
143,257,15,4,2
143,206,16,4,1
143,104,17,4,4
143,537,18,4,2
143,548,19,4,3
143,597,20,4,2
144,548,1,1,3
144,284,2,1,4
144,185,3,1,0
144,5,4,1,0
144,206,5,1,1
144,136,6,1,1
144,266,7,1,1
144,115,8,1,0
144,405,9,1,0
144,466,10,1,1
144,361,11,1,1
144,257,12,1,2
144,327,13,1,2
144,580,14,1,0
144,576,15,1,1
144,393,16,1,3
144,229,17,1,4
144,158,18,1,3
144,286,19,1,1
144,501,20,1,1
145,586,1,1,1
145,103,2,1,3
145,361,3,1,1
145,6,4,1,1
145,501,5,1,1
145,466,6,1,1
145,146,7,1,1
145,158,8,1,3
145,21,9,1,1
145,149,10,1,4
145,104,11,1,4
145,561,12,1,1
145,206,13,1,1
145,509,14,1,4
145,141,15,1,1
145,377,16,1,2
145,22,17,1,2
145,384,18,1,4
145,164,19,1,4
145,338,20,1,3
146,141,1,2,1
146,257,2,2,2
146,597,3,2,2
146,322,4,2,2
146,61,5,2,1
146,355,6,2,0
146,25,7,2,0
146,243,8,2,3
146,149,9,2,4
146,205,10,2,0
146,206,11,2,1
146,229,12,2,4
146,497,13,2,2
146,338,14,2,3
146,548,15,2,3
146,537,16,2,2
146,278,17,2,3
146,103,18,2,3
146,90,19,2,0
146,582,20,2,2
147,185,1,0,0
147,165,2,0,0
147,225,3,0,0
147,518,4,0,3
147,513,5,0,3
147,242,6,0,2
147,361,7,0,1
147,529,8,0,4
147,585,9,0,0
147,427,10,0,2
147,191,11,0,1
147,279,12,0,4
147,548,13,0,3
147,283,14,0,3
147,435,15,0,0
147,141,16,0,1
147,150,17,0,0
147,99,18,0,4
147,25,19,0,0
147,325,20,0,0
148,485,1,1,0
148,286,2,1,1
148,257,3,1,2
148,489,4,1,4
148,104,5,1,4
148,392,6,1,2
148,400,7,1,0
148,586,8,1,1
148,36,9,1,1
148,466,10,1,1
148,501,11,1,1
148,101,12,1,1
148,178,13,1,3
148,356,14,1,1
148,206,15,1,1
148,164,16,1,4
148,456,17,1,1
148,234,18,1,4
148,498,19,1,3
148,22,20,1,2
149,257,1,0,2
149,164,2,0,4
149,368,3,0,3
149,225,4,0,0
149,537,5,0,2
149,511,6,0,1
149,398,7,0,3
149,582,8,0,2
149,295,9,0,0
149,430,10,0,0
149,192,11,0,2
149,185,12,0,0
149,36,13,0,1
149,237,14,0,2
149,444,15,0,4
149,305,16,0,0
149,152,17,0,2
149,200,18,0,0
149,25,19,0,0
149,242,20,0,2
150,107,1,3,2
150,503,2,3,3
150,528,3,3,3
150,416,4,3,1
150,393,5,3,3
150,185,6,3,0
150,438,7,3,3
150,548,8,3,3
150,104,9,3,4
150,338,10,3,3
150,330,11,3,0
150,206,12,3,1
150,283,13,3,3
150,199,14,3,4
150,229,15,3,4
150,569,16,3,4
150,471,17,3,1
150,361,18,3,1
150,478,19,3,3
150,103,20,3,3
151,257,1,0,2
151,571,2,0,1
151,104,3,0,4
151,141,4,0,1
151,33,5,0,3
151,569,6,0,4
151,594,7,0,4
151,185,8,0,0
151,582,9,0,2
151,320,10,0,0
151,150,11,0,0
151,225,12,0,0
151,537,13,0,2
151,25,14,0,0
151,206,15,0,1
151,355,16,0,0
151,338,17,0,3
151,160,18,0,0
151,480,19,0,0
151,242,20,0,2
152,221,1,2,1
152,327,2,2,2
152,592,3,2,2
152,149,4,2,4
152,257,5,2,2
152,537,6,2,2
152,242,7,2,2
152,393,8,2,3
152,413,9,2,3
152,361,10,2,1
152,206,11,2,1
152,102,12,2,2
152,359,13,2,4
152,51,14,2,1
152,37,15,2,2
152,163,16,2,3
152,25,17,2,0
152,582,18,2,2
152,330,19,2,0
152,209,20,2,4
153,130,1,0,0
153,152,2,0,2
153,284,3,0,4
153,163,4,0,3
153,393,5,0,3
153,425,6,0,0
153,243,7,0,3
153,196,8,0,1
153,168,9,0,3
153,576,10,0,1
153,589,11,0,4
153,271,12,0,1
153,185,13,0,0
153,242,14,0,2
153,513,15,0,3
153,355,16,0,0
153,413,17,0,3
153,548,18,0,3
153,225,19,0,0
153,103,20,0,3
154,104,1,1,4
154,296,2,1,1
154,257,3,1,2
154,286,4,1,1
154,130,5,1,0
154,170,6,1,0
154,265,7,1,0
154,435,8,1,0
154,163,9,1,3
154,576,10,1,1
154,231,11,1,1
154,267,12,1,2
154,537,13,1,2
154,103,14,1,3
154,548,15,1,3
154,61,16,1,1
154,416,17,1,1
154,361,18,1,1
154,206,19,1,1
154,242,20,1,2
155,503,1,2,3
155,569,2,2,4
155,242,3,2,2
155,418,4,2,3
155,275,5,2,0
155,47,6,2,2
155,548,7,2,3
155,225,8,2,0
155,482,9,2,2
155,537,10,2,2
155,274,11,2,4
155,326,12,2,1
155,257,13,2,2
155,7,14,2,2
155,177,15,2,2
155,104,16,2,4
155,206,17,2,1
155,25,18,2,0
155,413,19,2,3
155,417,20,2,2
156,146,1,1,1
156,537,2,1,2
156,104,3,1,4
156,1,4,1,1
156,257,5,1,2
156,185,6,1,0
156,548,7,1,3
156,275,8,1,0
156,391,9,1,1
156,141,10,1,1
156,150,11,1,0
156,286,12,1,1
156,103,13,1,3
156,591,14,1,1
156,206,15,1,1
156,116,16,1,1
156,225,17,1,0
156,101,18,1,1
156,401,19,1,1
156,581,20,1,1
157,257,1,2,2
157,185,2,2,0
157,156,3,2,1
157,393,4,2,3
157,528,5,2,3
157,248,6,2,3
157,47,7,2,2
157,235,8,2,0
157,237,9,2,2
157,377,10,2,2
157,576,11,2,1
157,503,12,2,3
157,112,13,2,2
157,347,14,2,2
157,15,15,2,0
157,229,16,2,4
157,242,17,2,2
157,192,18,2,2
157,104,19,2,4
157,537,20,2,2
158,576,1,1,1
158,314,2,1,4
158,257,3,1,2
158,161,4,1,1
158,158,5,1,3
158,355,6,1,0
158,185,7,1,0
158,481,8,1,1
158,451,9,1,1
158,519,10,1,4
158,361,11,1,1
158,61,12,1,1
158,141,13,1,1
158,22,14,1,2
158,103,15,1,3
158,47,16,1,2
158,164,17,1,4
158,206,18,1,1
158,191,19,1,1
158,416,20,1,1
159,104,1,4,4
159,599,2,4,4
159,324,3,4,4
159,185,4,4,0
159,519,5,4,4
159,537,6,4,2
159,329,7,4,4
159,345,8,4,0
159,400,9,4,0
159,468,10,4,3
159,474,11,4,4
159,149,12,4,4
159,521,13,4,1
159,361,14,4,1
159,402,15,4,2
159,484,16,4,4
159,103,17,4,3
159,164,18,4,4
159,330,19,4,0
159,359,20,4,4
160,57,1,2,2
160,413,2,2,3
160,242,3,2,2
160,103,4,2,3
160,595,5,2,0
160,361,6,2,1
160,23,7,2,3
160,181,8,2,1
160,329,9,2,4
160,213,10,2,3
160,185,11,2,0
160,257,12,2,2
160,206,13,2,1
160,217,14,2,2
160,104,15,2,4
160,141,16,2,1
160,7,17,2,2
160,552,18,2,2
160,457,19,2,2
160,177,20,2,2
161,104,1,4,4
161,339,2,4,4
161,149,3,4,4
161,284,4,4,4
161,435,5,4,0
161,12,6,4,2
161,257,7,4,2
161,590,8,4,0
161,468,9,4,3
161,132,10,4,2
161,164,11,4,4
161,359,12,4,4
161,214,13,4,4
161,229,14,4,4
161,170,15,4,0
161,86,16,4,1
161,47,17,4,2
161,305,18,4,0
161,145,19,4,0
161,302,20,4,2
162,361,1,1,1
162,286,2,1,1
162,433,3,1,3
162,274,4,1,4
162,537,5,1,2
162,170,6,1,0
162,557,7,1,2
162,216,8,1,1
162,439,9,1,4
162,501,10,1,1
162,231,11,1,1
162,199,12,1,4
162,141,13,1,1
162,466,14,1,1
162,206,15,1,1
162,31,16,1,1
162,338,17,1,3
162,257,18,1,2
162,591,19,1,1
162,265,20,1,0
163,478,1,3,3
163,174,2,3,4
163,149,3,3,4
163,158,4,3,3
163,25,5,3,0
163,548,6,3,3
163,225,7,3,0
163,501,8,3,1
163,104,9,3,4
163,466,10,3,1
163,206,11,3,1
163,468,12,3,3
163,543,13,3,3
163,356,14,3,1
163,393,15,3,3
163,127,16,3,2
163,205,17,3,0
163,503,18,3,3
163,103,19,3,3
163,413,20,3,3
164,208,1,3,3
164,57,2,3,2
164,483,3,3,3
164,569,4,3,4
164,206,5,3,1
164,213,6,3,3
164,393,7,3,3
164,164,8,3,4
164,243,9,3,3
164,548,10,3,3
164,509,11,3,4
164,104,12,3,4
164,257,13,3,2
164,361,14,3,1
164,170,15,3,0
164,185,16,3,0
164,37,17,3,2
164,228,18,3,3
164,103,19,3,3
164,225,20,3,0
165,504,1,1,4
165,569,2,1,4
165,557,3,1,2
165,546,4,1,1
165,416,5,1,1
165,206,6,1,1
165,333,7,1,3
165,141,8,1,1
165,61,9,1,1
165,164,10,1,4
165,104,11,1,4
165,361,12,1,1
165,257,13,1,2
165,231,14,1,1
165,568,15,1,3
165,36,16,1,1
165,191,17,1,1
165,103,18,1,3
165,163,19,1,3
165,466,20,1,1
166,416,1,1,1
166,561,2,1,1
166,36,3,1,1
166,225,4,1,0
166,141,5,1,1
166,389,6,1,4
166,25,7,1,0
166,185,8,1,0
166,231,9,1,1
166,548,10,1,3
166,331,11,1,1
166,501,12,1,1
166,206,13,1,1
166,104,14,1,4
166,242,15,1,2
166,443,16,1,3
166,61,17,1,1
166,160,18,1,0
166,599,19,1,4
166,156,20,1,1
167,185,1,4,0
167,567,2,4,2
167,25,3,4,0
167,559,4,4,4
167,548,5,4,3
167,384,6,4,4
167,569,7,4,4
167,141,8,4,1
167,284,9,4,4
167,257,10,4,2
167,359,11,4,4
167,109,12,4,4
167,104,13,4,4
167,495,14,4,0
167,164,15,4,4
167,18,16,4,3
167,597,17,4,2
167,206,18,4,1
167,103,19,4,3
167,501,20,4,1
168,307,1,1,2
168,164,2,1,4
168,257,3,1,2
168,569,4,1,4
168,41,5,1,1
168,450,6,1,0
168,116,7,1,1
168,132,8,1,2
168,225,9,1,0
168,6,10,1,1
168,549,11,1,4
168,103,12,1,3
168,466,13,1,1
168,206,14,1,1
168,141,15,1,1
168,152,16,1,2
168,25,17,1,0
168,431,18,1,1
168,548,19,1,3
168,421,20,1,1
169,483,1,0,3
169,330,2,0,0
169,350,3,0,0
169,141,4,0,1
169,25,5,0,0
169,466,6,0,1
169,150,7,0,0
169,292,8,0,2
169,257,9,0,2
169,243,10,0,3
169,498,11,0,3
169,478,12,0,3
169,235,13,0,0
169,569,14,0,4
169,305,15,0,0
169,206,16,0,1
169,185,17,0,0
169,225,18,0,0
169,220,19,0,0
169,104,20,0,4
170,543,1,4,3
170,78,2,4,3
170,569,3,4,4
170,72,4,4,2
170,548,5,4,3
170,524,6,4,4
170,327,7,4,2
170,592,8,4,2
170,141,9,4,1
170,104,10,4,4
170,359,11,4,4
170,149,12,4,4
170,355,13,4,0
170,336,14,4,1
170,229,15,4,4
170,14,16,4,4
170,25,17,4,0
170,185,18,4,0
170,206,19,4,1
170,160,20,4,0
171,66,1,1,1
171,517,2,1,2
171,185,3,1,0
171,257,4,1,2
171,213,5,1,3
171,588,6,1,3
171,141,7,1,1
171,546,8,1,1
171,597,9,1,2
171,361,10,1,1
171,206,11,1,1
171,338,12,1,3
171,548,13,1,3
171,413,14,1,3
171,284,15,1,4
171,537,16,1,2
171,586,17,1,1
171,466,18,1,1
171,393,19,1,3
171,425,20,1,0
172,468,1,3,3
172,359,2,3,4
172,163,3,3,3
172,206,4,3,1
172,7,5,3,2
172,393,6,3,3
172,170,7,3,0
172,103,8,3,3
172,51,9,3,1
172,548,10,3,3
172,478,11,3,3
172,28,12,3,3
172,462,13,3,2
172,284,14,3,4
172,355,15,3,0
172,185,16,3,0
172,466,17,3,1
172,58,18,3,3
172,228,19,3,3
172,301,20,3,1
173,597,1,3,2
173,206,2,3,1
173,305,3,3,0
173,548,4,3,3
173,526,5,3,1
173,564,6,3,4
173,164,7,3,4
173,104,8,3,4
173,418,9,3,3
173,227,10,3,2
173,333,11,3,3
173,483,12,3,3
173,103,13,3,3
173,393,14,3,3
173,274,15,3,4
173,257,16,3,2
173,594,17,3,4
173,569,18,3,4
173,367,19,3,2
173,25,20,3,0
174,206,1,3,1
174,242,2,3,2
174,185,3,3,0
174,158,4,3,3
174,416,5,3,1
174,52,6,3,2
174,250,7,3,0
174,116,8,3,1
174,548,9,3,3
174,243,10,3,3
174,104,11,3,4
174,519,12,3,4
174,397,13,3,2
174,257,14,3,2
174,301,15,3,1
174,485,16,3,0
174,168,17,3,3
174,36,18,3,1
174,338,19,3,3
174,537,20,3,2
175,338,1,3,3
175,561,2,3,1
175,185,3,3,0
175,242,4,3,2
175,367,5,3,2
175,298,6,3,3
175,361,7,3,1
175,548,8,3,3
175,178,9,3,3
175,400,10,3,0
175,169,11,3,4
175,158,12,3,3
175,537,13,3,2
175,164,14,3,4
175,6,15,3,1
175,257,16,3,2
175,25,17,3,0
175,103,18,3,3
175,305,19,3,0
175,418,20,3,3
176,327,1,0,2
176,125,2,0,0
176,141,3,0,1
176,170,4,0,0
176,466,5,0,1
176,257,6,0,2
176,206,7,0,1
176,185,8,0,0
176,150,9,0,0
176,225,10,0,0
176,116,11,0,1
176,503,12,0,3
176,569,13,0,4
176,350,14,0,0
176,359,15,0,4
176,330,16,0,0
176,104,17,0,4
176,188,18,0,3
176,152,19,0,2
176,305,20,0,0
177,79,1,4,4
177,384,2,4,4
177,104,3,4,4
177,594,4,4,4
177,439,5,4,4
177,164,6,4,4
177,359,7,4,4
177,464,8,4,4
177,361,9,4,1
177,569,10,4,4
177,189,11,4,4
177,158,12,4,3
177,305,13,4,0
177,169,14,4,4
177,355,15,4,0
177,576,16,4,1
177,257,17,4,2
177,304,18,4,4
177,242,19,4,2
177,284,20,4,4
178,393,1,0,3
178,25,2,0,0
178,465,3,0,0
178,116,4,0,1
178,355,5,0,0
178,257,6,0,2
178,305,7,0,0
178,232,8,0,2
178,150,9,0,0
178,160,10,0,0
178,460,11,0,0
178,40,12,0,0
178,206,13,0,1
178,185,14,0,0
178,104,15,0,4
178,205,16,0,0
178,235,17,0,0
178,100,18,0,0
178,47,19,0,2
178,225,20,0,0
179,192,1,2,2
179,219,2,2,4
179,141,3,2,1
179,548,4,2,3
179,377,5,2,2
179,307,6,2,2
179,338,7,2,3
179,342,8,2,2
179,302,9,2,2
179,104,10,2,4
179,597,11,2,2
179,185,12,2,0
179,99,13,2,4
179,572,14,2,2
179,235,15,2,0
179,582,16,2,2
179,61,17,2,1
179,242,18,2,2
179,537,19,2,2
179,257,20,2,2
180,80,1,3,0
180,104,2,3,4
180,257,3,3,2
180,206,4,3,1
180,454,5,3,4
180,225,6,3,0
180,345,7,3,0
180,150,8,3,0
180,284,9,3,4
180,8,10,3,3
180,548,11,3,3
180,185,12,3,0
180,359,13,3,4
180,117,14,3,2
180,141,15,3,1
180,338,16,3,3
180,393,17,3,3
180,408,18,3,3
180,552,19,3,2
180,112,20,3,2
181,531,1,1,1
181,225,2,1,0
181,582,3,1,2
181,25,4,1,0
181,543,5,1,3
181,576,6,1,1
181,548,7,1,3
181,207,8,1,2
181,430,9,1,0
181,483,10,1,3
181,104,11,1,4
181,466,12,1,1
181,361,13,1,1
181,206,14,1,1
181,305,15,1,0
181,501,16,1,1
181,96,17,1,1
181,47,18,1,2
181,158,19,1,3
181,110,20,1,0
182,185,1,1,0
182,257,2,1,2
182,569,3,1,4
182,164,4,1,4
182,483,5,1,3
182,236,6,1,1
182,206,7,1,1
182,246,8,1,1
182,356,9,1,1
182,141,10,1,1
182,25,11,1,0
182,547,12,1,2
182,361,13,1,1
182,417,14,1,2
182,466,15,1,1
182,487,16,1,2
182,432,17,1,2
182,576,18,1,1
182,6,19,1,1
182,104,20,1,4
183,353,1,3,3
183,453,2,3,3
183,413,3,3,3
183,257,4,3,2
183,548,5,3,3
183,2,6,3,2
183,104,7,3,4
183,141,8,3,1
183,338,9,3,3
183,231,10,3,1
183,225,11,3,0
183,473,12,3,3
183,243,13,3,3
183,185,14,3,0
183,101,15,3,1
183,576,16,3,1
183,537,17,3,2
183,206,18,3,1
183,439,19,3,4
183,283,20,3,3
184,185,1,4,0
184,589,2,4,4
184,274,3,4,4
184,14,4,4,4
184,569,5,4,4
184,104,6,4,4
184,594,7,4,4
184,473,8,4,3
184,141,9,4,1
184,229,10,4,4
184,57,11,4,2
184,257,12,4,2
184,584,13,4,4
184,164,14,4,4
184,99,15,4,4
184,243,16,4,3
184,597,17,4,2
184,178,18,4,3
184,86,19,4,1
184,206,20,4,1
185,466,1,3,1
185,359,2,3,4
185,548,3,3,3
185,257,4,3,2
185,242,5,3,2
185,361,6,3,1
185,388,7,3,3
185,353,8,3,3
185,188,9,3,3
185,103,10,3,3
185,537,11,3,2
185,185,12,3,0
185,206,13,3,1
185,483,14,3,3
185,225,15,3,0
185,468,16,3,3
185,116,17,3,1
185,393,18,3,3
185,164,19,3,4
185,478,20,3,3
186,257,1,0,2
186,228,2,0,3
186,57,3,0,2
186,582,4,0,2
186,141,5,0,1
186,576,6,0,1
186,206,7,0,1
186,130,8,0,0
186,290,9,0,0
186,103,10,0,3
186,225,11,0,0
186,185,12,0,0
186,170,13,0,0
186,570,14,0,0
186,295,15,0,0
186,150,16,0,0
186,513,17,0,3
186,500,18,0,0
186,392,19,0,2
186,435,20,0,0
187,185,1,2,0
187,178,2,2,3
187,307,3,2,2
187,327,4,2,2
187,225,5,2,0
187,353,6,2,3
187,557,7,2,2
187,597,8,2,2
187,206,9,2,1
187,537,10,2,2
187,267,11,2,2
187,548,12,2,3
187,152,13,2,2
187,25,14,2,0
187,257,15,2,2
187,512,16,2,2
187,582,17,2,2
187,103,18,2,3
187,242,19,2,2
187,142,20,2,2
188,227,1,2,2
188,576,2,2,1
188,149,3,2,4
188,582,4,2,2
188,104,5,2,4
188,338,6,2,3
188,257,7,2,2
188,371,8,2,1
188,557,9,2,2
188,548,10,2,3
188,537,11,2,2
188,597,12,2,2
188,284,13,2,4
188,103,14,2,3
188,47,15,2,2
188,116,16,2,1
188,206,17,2,1
188,185,18,2,0
188,353,19,2,3
188,164,20,2,4
189,338,1,2,3
189,405,2,2,0
189,72,3,2,2
189,350,4,2,0
189,537,5,2,2
189,272,6,2,2
189,206,7,2,1
189,567,8,2,2
189,257,9,2,2
189,432,10,2,2
189,393,11,2,3
189,242,12,2,2
189,557,13,2,2
189,141,14,2,1
189,185,15,2,0
189,225,16,2,0
189,104,17,2,4
189,582,18,2,2
189,569,19,2,4
189,597,20,2,2
190,170,1,3,0
190,257,2,3,2
190,28,3,3,3
190,141,4,3,1
190,537,5,3,2
190,6,6,3,1
190,418,7,3,3
190,503,8,3,3
190,185,9,3,0
190,206,10,3,1
190,134,11,3,4
190,103,12,3,3
190,453,13,3,3
190,338,14,3,3
190,569,15,3,4
190,501,16,3,1
190,468,17,3,3
190,225,18,3,0
190,429,19,3,4
190,548,20,3,3
191,494,1,4,4
191,569,2,4,4
191,327,3,4,2
191,164,4,4,4
191,361,5,4,1
191,559,6,4,4
191,284,7,4,4
191,254,8,4,4
191,146,9,4,1
191,338,10,4,3
191,104,11,4,4
191,33,12,4,3
191,206,13,4,1
191,99,14,4,4
191,454,15,4,4
191,257,16,4,2
191,170,17,4,0
191,25,18,4,0
191,544,19,4,4
191,501,20,4,1
192,305,1,0,0
192,229,2,0,4
192,225,3,0,0
192,206,4,0,1
192,90,5,0,0
192,130,6,0,0
192,170,7,0,0
192,582,8,0,2
192,178,9,0,3
192,355,10,0,0
192,104,11,0,4
192,338,12,0,3
192,185,13,0,0
192,325,14,0,0
192,208,15,0,3
192,257,16,0,2
192,580,17,0,0
192,450,18,0,0
192,85,19,0,0
192,80,20,0,0
193,103,1,3,3
193,323,2,3,3
193,104,3,3,4
193,435,4,3,0
193,393,5,3,3
193,8,6,3,3
193,443,7,3,3
193,468,8,3,3
193,576,9,3,1
193,190,10,3,0
193,285,11,3,0
193,185,12,3,0
193,206,13,3,1
193,548,14,3,3
193,569,15,3,4
193,451,16,3,1
193,413,17,3,3
193,278,18,3,3
193,170,19,3,0
193,158,20,3,3
194,104,1,1,4
194,99,2,1,4
194,103,3,1,3
194,501,4,1,1
194,576,5,1,1
194,548,6,1,3
194,569,7,1,4
194,537,8,1,2
194,338,9,1,3
194,141,10,1,1
194,262,11,1,2
194,331,12,1,1
194,449,13,1,4
194,558,14,1,3
194,206,15,1,1
194,242,16,1,2
194,332,17,1,2
194,257,18,1,2
194,356,19,1,1
194,81,20,1,1
195,544,1,0,4
195,286,2,0,1
195,518,3,0,3
195,400,4,0,0
195,248,5,0,3
195,130,6,0,0
195,170,7,0,0
195,185,8,0,0
195,225,9,0,0
195,295,10,0,0
195,242,11,0,2
195,10,12,0,0
195,160,13,0,0
195,369,14,0,4
195,548,15,0,3
195,327,16,0,2
195,25,17,0,0
195,104,18,0,4
195,210,19,0,0
195,455,20,0,0
196,104,1,0,4
196,7,2,0,2
196,25,3,0,0
196,185,4,0,0
196,449,5,0,4
196,110,6,0,0
196,149,7,0,4
196,257,8,0,2
196,164,9,0,4
196,103,10,0,3
196,548,11,0,3
196,433,12,0,3
196,78,13,0,3
196,80,14,0,0
196,305,15,0,0
196,569,16,0,4
196,355,17,0,0
196,225,18,0,0
196,150,19,0,0
196,116,20,0,1
197,513,1,2,3
197,576,2,2,1
197,170,3,2,0
197,257,4,2,2
197,537,5,2,2
197,192,6,2,2
197,362,7,2,2
197,503,8,2,3
197,569,9,2,4
197,548,10,2,3
197,327,11,2,2
197,225,12,2,0
197,25,13,2,0
197,242,14,2,2
197,103,15,2,3
197,178,16,2,3
197,168,17,2,3
197,322,18,2,2
197,307,19,2,2
197,185,20,2,0
198,141,1,0,1
198,435,2,0,0
198,338,3,0,3
198,590,4,0,0
198,170,5,0,0
198,104,6,0,4
198,160,7,0,0
198,257,8,0,2
198,345,9,0,0
198,281,10,0,1
198,284,11,0,4
198,355,12,0,0
198,225,13,0,0
198,101,14,0,1
198,25,15,0,0
198,393,16,0,3
198,130,17,0,0
198,361,18,0,1
198,264,19,0,4
198,185,20,0,0
199,149,1,1,4
199,141,2,1,1
199,169,3,1,4
199,231,4,1,1
199,25,5,1,0
199,61,6,1,1
199,592,7,1,2
199,104,8,1,4
199,359,9,1,4
199,355,10,1,0
199,586,11,1,1
199,103,12,1,3
199,327,13,1,2
199,185,14,1,0
199,192,15,1,2
199,160,16,1,0
199,8,17,1,3
199,305,18,1,0
199,569,19,1,4
199,206,20,1,1
200,257,1,1,2
200,361,2,1,1
200,509,3,1,4
200,421,4,1,1
200,206,5,1,1
200,371,6,1,1
200,185,7,1,0
200,36,8,1,1
200,104,9,1,4
200,431,10,1,1
200,418,11,1,3
200,175,12,1,0
200,268,13,1,3
200,503,14,1,3
200,355,15,1,0
200,149,16,1,4
200,103,17,1,3
200,158,18,1,3
200,23,19,1,3
200,466,20,1,1
201,257,1,1,2
201,281,2,1,1
201,594,3,1,4
201,104,4,1,4
201,206,5,1,1
201,25,6,1,0
201,229,7,1,4
201,61,8,1,1
201,361,9,1,1
201,439,10,1,4
201,141,11,1,1
201,185,12,1,0
201,466,13,1,1
201,225,14,1,0
201,41,15,1,1
201,367,16,1,2
201,7,17,1,2
201,447,18,1,2
201,396,19,1,1
201,548,20,1,3
202,98,1,3,3
202,582,2,3,2
202,575,3,3,0
202,111,4,3,1
202,242,5,3,2
202,416,6,3,1
202,141,7,3,1
202,164,8,3,4
202,104,9,3,4
202,353,10,3,3
202,537,11,3,2
202,413,12,3,3
202,548,13,3,3
202,158,14,3,3
202,235,15,3,0
202,373,16,3,3
202,103,17,3,3
202,545,18,3,0
202,393,19,3,3
202,225,20,3,0
203,393,1,1,3
203,134,2,1,4
203,257,3,1,2
203,355,4,1,0
203,548,5,1,3
203,597,6,1,2
203,433,7,1,3
203,164,8,1,4
203,141,9,1,1
203,537,10,1,2
203,246,11,1,1
203,104,12,1,4
203,185,13,1,0
203,466,14,1,1
203,206,15,1,1
203,441,16,1,1
203,501,17,1,1
203,242,18,1,2
203,569,19,1,4
203,25,20,1,0
204,569,1,1,4
204,137,2,1,2
204,257,3,1,2
204,99,4,1,4
204,368,5,1,3
204,124,6,1,4
204,104,7,1,4
204,327,8,1,2
204,501,9,1,1
204,483,10,1,3
204,362,11,1,2
204,375,12,1,0
204,242,13,1,2
204,81,14,1,1
204,361,15,1,1
204,62,16,1,2
204,537,17,1,2
204,141,18,1,1
204,206,19,1,1
204,531,20,1,1
205,206,1,0,1
205,104,2,0,4
205,501,3,0,1
205,568,4,0,3
205,361,5,0,1
205,141,6,0,1
205,468,7,0,3
205,260,8,0,0
205,225,9,0,0
205,435,10,0,0
205,50,11,0,0
205,295,12,0,0
205,185,13,0,0
205,362,14,0,2
205,302,15,0,2
205,25,16,0,0
205,503,17,0,3
205,170,18,0,0
205,31,19,0,1
205,242,20,0,2
206,225,1,0,0
206,416,2,0,1
206,211,3,0,1
206,548,4,0,3
206,257,5,0,2
206,170,6,0,0
206,110,7,0,0
206,537,8,0,2
206,164,9,0,4
206,150,10,0,0
206,7,11,0,2
206,384,12,0,4
206,185,13,0,0
206,141,14,0,1
206,206,15,0,1
206,174,16,0,4
206,393,17,0,3
206,488,18,0,3
206,355,19,0,0
206,145,20,0,0
207,89,1,4,4
207,206,2,4,1
207,569,3,4,4
207,150,4,4,0
207,434,5,4,4
207,401,6,4,1
207,413,7,4,3
207,576,8,4,1
207,354,9,4,4
207,359,10,4,4
207,329,11,4,4
207,4,12,4,4
207,185,13,4,0
207,229,14,4,4
207,72,15,4,2
207,104,16,4,4
207,286,17,4,1
207,147,18,4,2
207,353,19,4,3
207,164,20,4,4
208,597,1,2,2
208,273,2,2,3
208,122,3,2,2
208,548,4,2,3
208,483,5,2,3
208,104,6,2,4
208,257,7,2,2
208,225,8,2,0
208,433,9,2,3
208,185,10,2,0
208,206,11,2,1
208,582,12,2,2
208,25,13,2,0
208,242,14,2,2
208,307,15,2,2
208,67,16,2,2
208,327,17,2,2
208,392,18,2,2
208,537,19,2,2
208,569,20,2,4
209,541,1,2,1
209,69,2,2,4
209,287,3,2,2
209,214,4,2,4
209,393,5,2,3
209,257,6,2,2
209,597,7,2,2
209,192,8,2,2
209,330,9,2,0
209,384,10,2,4
209,185,11,2,0
209,537,12,2,2
209,206,13,2,1
209,158,14,2,3
209,25,15,2,0
209,457,16,2,2
209,548,17,2,3
209,522,18,2,2
209,117,19,2,2
209,242,20,2,2
210,478,1,1,3
210,141,2,1,1
210,416,3,1,1
210,393,4,1,3
210,86,5,1,1
210,480,6,1,0
210,466,7,1,1
210,356,8,1,1
210,441,9,1,1
210,36,10,1,1
210,257,11,1,2
210,597,12,1,2
210,501,13,1,1
210,548,14,1,3
210,339,15,1,4
210,185,16,1,0
210,206,17,1,1
210,199,18,1,4
210,302,19,1,2
210,355,20,1,0
211,199,1,4,4
211,576,2,4,1
211,164,3,4,4
211,548,4,4,3
211,466,5,4,1
211,206,6,4,1
211,257,7,4,2
211,104,8,4,4
211,359,9,4,4
211,229,10,4,4
211,284,11,4,4
211,594,12,4,4
211,306,13,4,1
211,99,14,4,4
211,185,15,4,0
211,225,16,4,0
211,152,17,4,2
211,224,18,4,4
211,242,19,4,2
211,361,20,4,1
212,329,1,4,4
212,361,2,4,1
212,25,3,4,0
212,104,4,4,4
212,359,5,4,4
212,99,6,4,4
212,257,7,4,2
212,219,8,4,4
212,156,9,4,1
212,185,10,4,0
212,62,11,4,2
212,353,12,4,3
212,285,13,4,0
212,569,14,4,4
212,164,15,4,4
212,284,16,4,4
212,103,17,4,3
212,206,18,4,1
212,333,19,4,3
212,221,20,4,1
213,164,1,0,4
213,25,2,0,0
213,361,3,0,1
213,580,4,0,0
213,206,5,0,1
213,67,6,0,2
213,445,7,0,0
213,597,8,0,2
213,242,9,0,2
213,370,10,0,0
213,582,11,0,2
213,104,12,0,4
213,295,13,0,0
213,257,14,0,2
213,99,15,0,4
213,355,16,0,0
213,170,17,0,0
213,438,18,0,3
213,185,19,0,0
213,537,20,0,2
214,576,1,3,1
214,241,2,3,1
214,597,3,3,2
214,103,4,3,3
214,185,5,3,0
214,413,6,3,3
214,548,7,3,3
214,58,8,3,3
214,444,9,3,4
214,13,10,3,3
214,578,11,3,3
214,206,12,3,1
214,47,13,3,2
214,428,14,3,3
214,158,15,3,3
214,188,16,3,3
214,503,17,3,3
214,247,18,3,2
214,537,19,3,2
214,104,20,3,4
215,526,1,1,1
215,361,2,1,1
215,537,3,1,2
215,231,4,1,1
215,548,5,1,3
215,286,6,1,1
215,141,7,1,1
215,471,8,1,1
215,423,9,1,3
215,38,10,1,3
215,569,11,1,4
215,416,12,1,1
215,561,13,1,1
215,103,14,1,3
215,104,15,1,4
215,196,16,1,1
215,466,17,1,1
215,206,18,1,1
215,586,19,1,1
215,501,20,1,1
216,101,1,1,1
216,267,2,1,2
216,441,3,1,1
216,227,4,1,2
216,522,5,1,2
216,509,6,1,4
216,146,7,1,1
216,81,8,1,1
216,569,9,1,4
216,110,10,1,0
216,85,11,1,0
216,22,12,1,2
216,103,13,1,3
216,501,14,1,1
216,206,15,1,1
216,132,16,1,2
216,361,17,1,1
216,246,18,1,1
216,548,19,1,3
216,330,20,1,0
217,537,1,0,2
217,164,2,0,4
217,345,3,0,0
217,206,4,0,1
217,5,5,0,0
217,295,6,0,0
217,275,7,0,0
217,103,8,0,3
217,439,9,0,4
217,242,10,0,2
217,225,11,0,0
217,185,12,0,0
217,169,13,0,4
217,257,14,0,2
217,61,15,0,1
217,366,16,0,1
217,355,17,0,0
217,67,18,0,2
217,25,19,0,0
217,217,20,0,2
218,468,1,4,3
218,109,2,4,4
218,257,3,4,2
218,101,4,4,1
218,141,5,4,1
218,211,6,4,1
218,93,7,4,3
218,413,8,4,3
218,548,9,4,3
218,185,10,4,0
218,398,11,4,3
218,599,12,4,4
218,354,13,4,4
218,104,14,4,4
218,575,15,4,0
218,591,16,4,1
218,355,17,4,0
218,149,18,4,4
218,284,19,4,4
218,401,20,4,1
219,377,1,4,2
219,433,2,4,3
219,206,3,4,1
219,537,4,4,2
219,104,5,4,4
219,319,6,4,4
219,307,7,4,2
219,327,8,4,2
219,264,9,4,4
219,199,10,4,4
219,152,11,4,2
219,582,12,4,2
219,164,13,4,4
219,548,14,4,3
219,248,15,4,3
219,225,16,4,0
219,359,17,4,4
219,284,18,4,4
219,242,19,4,2
219,355,20,4,0
220,185,1,1,0
220,576,2,1,1
220,164,3,1,4
220,401,4,1,1
220,104,5,1,4
220,225,6,1,0
220,416,7,1,1
220,199,8,1,4
220,133,9,1,3
220,234,10,1,4
220,257,11,1,2
220,221,12,1,1
220,166,13,1,1
220,206,14,1,1
220,242,15,1,2
220,569,16,1,4
220,361,17,1,1
220,141,18,1,1
220,149,19,1,4
220,254,20,1,4
221,104,1,4,4
221,393,2,4,3
221,164,3,4,4
221,327,4,4,2
221,25,5,4,0
221,569,6,4,4
221,576,7,4,1
221,99,8,4,4
221,599,9,4,4
221,160,10,4,0
221,242,11,4,2
221,275,12,4,0
221,384,13,4,4
221,257,14,4,2
221,103,15,4,3
221,361,16,4,1
221,233,17,4,3
221,284,18,4,4
221,581,19,4,1
221,359,20,4,4
222,355,1,0,0
222,338,2,0,3
222,25,3,0,0
222,413,4,0,3
222,36,5,0,1
222,237,6,0,2
222,231,7,0,1
222,185,8,0,0
222,545,9,0,0
222,257,10,0,2
222,304,11,0,4
222,130,12,0,0
222,225,13,0,0
222,104,14,0,4
222,103,15,0,3
222,141,16,0,1
222,170,17,0,0
222,160,18,0,0
222,510,19,0,0
222,548,20,0,3
223,356,1,3,1
223,432,2,3,2
223,104,3,3,4
223,393,4,3,3
223,169,5,3,4
223,377,6,3,2
223,248,7,3,3
223,466,8,3,1
223,329,9,3,4
223,158,10,3,3
223,185,11,3,0
223,25,12,3,0
223,53,13,3,3
223,330,14,3,0
223,548,15,3,3
223,338,16,3,3
223,583,17,3,3
223,468,18,3,3
223,257,19,3,2
223,103,20,3,3
224,257,1,4,2
224,413,2,4,3
224,448,3,4,3
224,164,4,4,4
224,206,5,4,1
224,149,6,4,4
224,103,7,4,3
224,548,8,4,3
224,104,9,4,4
224,242,10,4,2
224,99,11,4,4
224,341,12,4,1
224,79,13,4,4
224,359,14,4,4
224,466,15,4,1
224,225,16,4,0
224,524,17,4,4
224,334,18,4,4
224,483,19,4,3
224,69,20,4,4
225,393,1,3,3
225,81,2,3,1
225,413,3,3,3
225,373,4,3,3
225,22,5,3,2
225,480,6,3,0
225,61,7,3,1
225,466,8,3,1
225,576,9,3,1
225,104,10,3,4
225,418,11,3,3
225,503,12,3,3
225,206,13,3,1
225,149,14,3,4
225,257,15,3,2
225,487,16,3,2
225,158,17,3,3
225,537,18,3,2
225,463,19,3,3
225,548,20,3,3
226,582,1,2,2
226,257,2,2,2
226,417,3,2,2
226,81,4,2,1
226,246,5,2,1
226,597,6,2,2
226,104,7,2,4
226,537,8,2,2
226,361,9,2,1
226,355,10,2,0
226,242,11,2,2
226,548,12,2,3
226,586,13,2,1
226,452,14,2,2
226,64,15,2,4
226,206,16,2,1
226,222,17,2,2
226,557,18,2,2
226,185,19,2,0
226,47,20,2,2
227,576,1,3,1
227,170,2,3,0
227,212,3,3,2
227,257,4,3,2
227,548,5,3,3
227,537,6,3,2
227,141,7,3,1
227,242,8,3,2
227,208,9,3,3
227,503,10,3,3
227,498,11,3,3
227,72,12,3,2
227,466,13,3,1
227,103,14,3,3
227,78,15,3,3
227,483,16,3,3
227,338,17,3,3
227,185,18,3,0
227,393,19,3,3
227,104,20,3,4
228,211,1,3,1
228,413,2,3,3
228,597,3,3,2
228,548,4,3,3
228,483,5,3,3
228,25,6,3,0
228,93,7,3,3
228,513,8,3,3
228,103,9,3,3
228,104,10,3,4
228,538,11,3,3
228,398,12,3,3
228,206,13,3,1
228,416,14,3,1
228,185,15,3,0
228,569,16,3,4
228,303,17,3,3
228,359,18,3,4
228,393,19,3,3
228,362,20,3,2
229,338,1,1,3
229,150,2,1,0
229,221,3,1,1
229,206,4,1,1
229,283,5,1,3
229,393,6,1,3
229,103,7,1,3
229,225,8,1,0
229,330,9,1,0
229,159,10,1,4
229,385,11,1,0
229,235,12,1,0
229,91,13,1,1
229,466,14,1,1
229,141,15,1,1
229,158,16,1,3
229,229,17,1,4
229,361,18,1,1
229,421,19,1,1
229,104,20,1,4
230,206,1,3,1
230,518,2,3,3
230,393,3,3,3
230,225,4,3,0
230,569,5,3,4
230,25,6,3,0
230,10,7,3,0
230,47,8,3,2
230,104,9,3,4
230,229,10,3,4
230,338,11,3,3
230,257,12,3,2
230,71,13,3,1
230,450,14,3,0
230,483,15,3,3
230,72,16,3,2
230,185,17,3,0
230,149,18,3,4
230,548,19,3,3
230,170,20,3,0
231,275,1,4,0
231,103,2,4,3
231,284,3,4,4
231,354,4,4,4
231,47,5,4,2
231,303,6,4,3
231,104,7,4,4
231,257,8,4,2
231,261,9,4,1
231,164,10,4,4
231,519,11,4,4
231,260,12,4,0
231,569,13,4,4
231,45,14,4,0
231,242,15,4,2
231,267,16,4,2
231,548,17,4,3
231,129,18,4,4
231,503,19,4,3
231,41,20,4,1
232,392,1,2,2
232,471,2,2,1
232,162,3,2,2
232,29,4,2,4
232,207,5,2,2
232,164,6,2,4
232,433,7,2,3
232,356,8,2,1
232,206,9,2,1
232,466,10,2,1
232,117,11,2,2
232,537,12,2,2
232,257,13,2,2
232,372,14,2,2
232,548,15,2,3
232,327,16,2,2
232,11,17,2,1
232,576,18,2,1
232,103,19,2,3
232,104,20,2,4
233,386,1,1,1
233,206,2,1,1
233,537,3,1,2
233,164,4,1,4
233,257,5,1,2
233,548,6,1,3
233,466,7,1,1
233,230,8,1,0
233,141,9,1,1
233,185,10,1,0
233,36,11,1,1
233,356,12,1,1
233,80,13,1,0
233,103,14,1,3
233,101,15,1,1
233,521,16,1,1
233,45,17,1,0
233,341,18,1,1
233,576,19,1,1
233,451,20,1,1
234,194,1,0,4
234,576,2,0,1
234,257,3,0,2
234,57,4,0,2
234,25,5,0,0
234,103,6,0,3
234,170,7,0,0
234,355,8,0,0
234,22,9,0,2
234,413,10,0,3
234,338,11,0,3
234,185,12,0,0
234,361,13,0,1
234,110,14,0,0
234,104,15,0,4
234,128,16,0,3
234,221,17,0,1
234,582,18,0,2
234,295,19,0,0
234,528,20,0,3
235,482,1,3,2
235,32,2,3,2
235,185,3,3,0
235,483,4,3,3
235,468,5,3,3
235,104,6,3,4
235,206,7,3,1
235,268,8,3,3
235,36,9,3,1
235,257,10,3,2
235,93,11,3,3
235,576,12,3,1
235,301,13,3,1
235,164,14,3,4
235,103,15,3,3
235,149,16,3,4
235,548,17,3,3
235,130,18,3,0
235,225,19,3,0
235,478,20,3,3
236,185,1,1,0
236,558,2,1,3
236,576,3,1,1
236,286,4,1,1
236,597,5,1,2
236,25,6,1,0
236,361,7,1,1
236,505,8,1,0
236,205,9,1,0
236,22,10,1,2
236,338,11,1,3
236,225,12,1,0
236,206,13,1,1
236,104,14,1,4
236,302,15,1,2
236,546,16,1,1
236,2,17,1,2
236,103,18,1,3
236,231,19,1,1
236,174,20,1,4
237,104,1,3,4
237,354,2,3,4
237,318,3,3,3
237,413,4,3,3
237,478,5,3,3
237,338,6,3,3
237,418,7,3,3
237,468,8,3,3
237,466,9,3,1
237,344,10,3,4
237,284,11,3,4
237,548,12,3,3
237,78,13,3,3
237,25,14,3,0
237,503,15,3,3
237,501,16,3,1
237,149,17,3,4
237,103,18,3,3
237,185,19,3,0
237,118,20,3,3
238,235,1,0,0
238,485,2,0,0
238,301,3,0,1
238,22,4,0,2
238,178,5,0,3
238,103,6,0,3
238,160,7,0,0
238,548,8,0,3
238,141,9,0,1
238,257,10,0,2
238,480,11,0,0
238,50,12,0,0
238,104,13,0,4
238,99,14,0,4
238,185,15,0,0
238,100,16,0,0
238,518,17,0,3
238,170,18,0,0
238,25,19,0,0
238,225,20,0,0
239,229,1,4,4
239,158,2,4,3
239,117,3,4,2
239,534,4,4,4
239,185,5,4,0
239,164,6,4,4
239,242,7,4,2
239,104,8,4,4
239,569,9,4,4
239,439,10,4,4
239,54,11,4,4
239,206,12,4,1
239,529,13,4,4
239,275,14,4,0
239,329,15,4,4
239,177,16,4,2
239,384,17,4,4
239,487,18,4,2
239,548,19,4,3
239,101,20,4,1
240,295,1,1,0
240,9,2,1,4
240,101,3,1,1
240,330,4,1,0
240,225,5,1,0
240,548,6,1,3
240,104,7,1,4
240,359,8,1,4
240,1,9,1,1
240,211,10,1,1
240,180,11,1,0
240,361,12,1,1
240,569,13,1,4
240,257,14,1,2
240,206,15,1,1
240,466,16,1,1
240,141,17,1,1
240,185,18,1,0
240,149,19,1,4
240,416,20,1,1
241,206,1,3,1
241,226,2,3,1
241,57,3,3,2
241,197,4,3,2
241,548,5,3,3
241,333,6,3,3
241,192,7,3,2
241,435,8,3,0
241,104,9,3,4
241,158,10,3,3
241,7,11,3,2
241,509,12,3,4
241,537,13,3,2
241,219,14,3,4
241,543,15,3,3
241,169,16,3,4
241,159,17,3,4
241,185,18,3,0
241,40,19,3,0
241,588,20,3,3
242,108,1,0,3
242,529,2,0,4
242,25,3,0,0
242,257,4,0,2
242,185,5,0,0
242,141,6,0,1
242,245,7,0,0
242,393,8,0,3
242,104,9,0,4
242,117,10,0,2
242,103,11,0,3
242,465,12,0,0
242,468,13,0,3
242,305,14,0,0
242,170,15,0,0
242,582,16,0,2
242,355,17,0,0
242,290,18,0,0
242,548,19,0,3
242,531,20,0,1
243,104,1,2,4
243,185,2,2,0
243,25,3,2,0
243,158,4,2,3
243,149,5,2,4
243,387,6,2,2
243,103,7,2,3
243,242,8,2,2
243,284,9,2,4
243,257,10,2,2
243,537,11,2,2
243,522,12,2,2
243,2,13,2,2
243,130,14,2,0
243,206,15,2,1
243,160,16,2,0
243,597,17,2,2
243,377,18,2,2
243,548,19,2,3
243,187,20,2,2
244,206,1,3,1
244,338,2,3,3
244,353,3,3,3
244,225,4,3,0
244,424,5,3,4
244,503,6,3,3
244,185,7,3,0
244,111,8,3,1
244,431,9,3,1
244,283,10,3,3
244,141,11,3,1
244,164,12,3,4
244,273,13,3,3
244,468,14,3,3
244,433,15,3,3
244,548,16,3,3
244,594,17,3,4
244,257,18,3,2
244,413,19,3,3
244,93,20,3,3
245,548,1,1,3
245,400,2,1,0
245,185,3,1,0
245,206,4,1,1
245,301,5,1,1
245,141,6,1,1
245,136,7,1,1
245,466,8,1,1
245,413,9,1,3
245,104,10,1,4
245,149,11,1,4
245,491,12,1,1
245,361,13,1,1
245,359,14,1,4
245,61,15,1,1
245,327,16,1,2
245,390,17,1,0
245,334,18,1,4
245,25,19,1,0
245,257,20,1,2
246,264,1,4,4
246,274,2,4,4
246,284,3,4,4
246,25,4,4,0
246,338,5,4,3
246,185,6,4,0
246,537,7,4,2
246,8,8,4,3
246,149,9,4,4
246,361,10,4,1
246,164,11,4,4
246,104,12,4,4
246,594,13,4,4
246,61,14,4,1
246,141,15,4,1
246,206,16,4,1
246,433,17,4,3
246,110,18,4,0
246,548,19,4,3
246,597,20,4,2
247,338,1,1,3
247,376,2,1,1
247,503,3,1,3
247,25,4,1,0
247,71,5,1,1
247,141,6,1,1
247,576,7,1,1
247,416,8,1,1
247,544,9,1,4
247,156,10,1,1
247,389,11,1,4
247,501,12,1,1
247,101,13,1,1
247,149,14,1,4
247,478,15,1,3
247,361,16,1,1
247,150,17,1,0
247,54,18,1,4
247,206,19,1,1
247,257,20,1,2
248,548,1,0,3
248,104,2,0,4
248,185,3,0,0
248,225,4,0,0
248,271,5,0,1
248,355,6,0,0
248,229,7,0,4
248,257,8,0,2
248,362,9,0,2
248,242,10,0,2
248,235,11,0,0
248,427,12,0,2
248,45,13,0,0
248,378,14,0,3
248,22,15,0,2
248,569,16,0,4
248,25,17,0,0
248,380,18,0,0
248,361,19,0,1
248,537,20,0,2
249,534,1,3,4
249,104,2,3,4
249,449,3,3,4
249,61,4,3,1
249,341,5,3,1
249,257,6,3,2
249,199,7,3,4
249,338,8,3,3
249,486,9,3,1
249,548,10,3,3
249,361,11,3,1
249,158,12,3,3
249,141,13,3,1
249,519,14,3,4
249,327,15,3,2
249,185,16,3,0
249,528,17,3,3
249,28,18,3,3
249,468,19,3,3
249,225,20,3,0
250,548,1,3,3
250,225,2,3,0
250,393,3,3,3
250,164,4,3,4
250,537,5,3,2
250,569,6,3,4
250,136,7,3,1
250,242,8,3,2
250,238,9,3,3
250,301,10,3,1
250,246,11,3,1
250,206,12,3,1
250,78,13,3,3
250,439,14,3,4
250,433,15,3,3
250,257,16,3,2
250,356,17,3,1
250,103,18,3,3
250,453,19,3,3
250,529,20,3,4
251,273,1,3,3
251,361,2,3,1
251,170,3,3,0
251,359,4,3,4
251,433,5,3,3
251,597,6,3,2
251,103,7,3,3
251,185,8,3,0
251,78,9,3,3
251,206,10,3,1
251,548,11,3,3
251,393,12,3,3
251,158,13,3,3
251,114,14,3,4
251,438,15,3,3
251,557,16,3,2
251,257,17,3,2
251,537,18,3,2
251,104,19,3,4
251,284,20,3,4
252,384,1,4,4
252,393,2,4,3
252,149,3,4,4
252,174,4,4,4
252,359,5,4,4
252,284,6,4,4
252,160,7,4,0
252,582,8,4,2
252,597,9,4,2
252,524,10,4,4
252,117,11,4,2
252,206,12,4,1
252,355,13,4,0
252,164,14,4,4
252,114,15,4,4
252,104,16,4,4
252,468,17,4,3
252,185,18,4,0
252,354,19,4,4
252,189,20,4,4
253,537,1,2,2
253,206,2,2,1
253,548,3,2,3
253,252,4,2,2
253,597,5,2,2
253,416,6,2,1
253,57,7,2,2
253,103,8,2,3
253,477,9,2,2
253,371,10,2,1
253,250,11,2,0
253,257,12,2,2
253,284,13,2,4
253,582,14,2,2
253,160,15,2,0
253,355,16,2,0
253,509,17,2,4
253,104,18,2,4
253,81,19,2,1
253,242,20,2,2
254,235,1,0,0
254,429,2,0,4
254,585,3,0,0
254,206,4,0,1
254,450,5,0,0
254,185,6,0,0
254,225,7,0,0
254,257,8,0,2
254,25,9,0,0
254,395,10,0,0
254,367,11,0,2
254,537,12,0,2
254,333,13,0,3
254,582,14,0,2
254,597,15,0,2
254,327,16,0,2
254,393,17,0,3
254,548,18,0,3
254,160,19,0,0
254,338,20,0,3
255,141,1,2,1
255,104,2,2,4
255,206,3,2,1
255,25,4,2,0
255,170,5,2,0
255,597,6,2,2
255,257,7,2,2
255,189,8,2,4
255,364,9,2,4
255,152,10,2,2
255,242,11,2,2
255,503,12,2,3
255,510,13,2,0
255,537,14,2,2
255,327,15,2,2
255,548,16,2,3
255,423,17,2,3
255,361,18,2,1
255,132,19,2,2
255,185,20,2,0
256,361,1,1,1
256,466,2,1,1
256,101,3,1,1
256,171,4,1,1
256,141,5,1,1
256,557,6,1,2
256,511,7,1,1
256,206,8,1,1
256,185,9,1,0
256,211,10,1,1
256,257,11,1,2
256,156,12,1,1
256,548,13,1,3
256,242,14,1,2
256,61,15,1,1
256,576,16,1,1
256,170,17,1,0
256,78,18,1,3
256,149,19,1,4
256,103,20,1,3
257,468,1,3,3
257,242,2,3,2
257,158,3,3,3
257,185,4,3,0
257,103,5,3,3
257,533,6,3,3
257,257,7,3,2
257,160,8,3,0
257,428,9,3,3
257,548,10,3,3
257,141,11,3,1
257,295,12,3,0
257,68,13,3,3
257,393,14,3,3
257,537,15,3,2
257,480,16,3,0
257,96,17,3,1
257,361,18,3,1
257,206,19,3,1
257,439,20,3,4
258,256,1,1,1
258,104,2,1,4
258,466,3,1,1
258,170,4,1,0
258,61,5,1,1
258,225,6,1,0
258,428,7,1,3
258,416,8,1,1
258,597,9,1,2
258,160,10,1,0
258,503,11,1,3
258,206,12,1,1
258,548,13,1,3
258,185,14,1,0
258,103,15,1,3
258,542,16,1,2
258,286,17,1,1
258,141,18,1,1
258,164,19,1,4
258,501,20,1,1
259,104,1,0,4
259,185,2,0,0
259,170,3,0,0
259,405,4,0,0
259,329,5,0,4
259,548,6,0,3
259,210,7,0,0
259,275,8,0,0
259,267,9,0,2
259,413,10,0,3
259,242,11,0,2
259,569,12,0,4
259,246,13,0,1
259,25,14,0,0
259,537,15,0,2
259,1,16,0,1
259,330,17,0,0
259,268,18,0,3
259,295,19,0,0
259,257,20,0,2
260,305,1,4,0
260,185,2,4,0
260,384,3,4,4
260,393,4,4,3
260,548,5,4,3
260,99,6,4,4
260,284,7,4,4
260,164,8,4,4
260,257,9,4,2
260,104,10,4,4
260,594,11,4,4
260,569,12,4,4
260,474,13,4,4
260,286,14,4,1
260,206,15,4,1
260,344,16,4,4
260,557,17,4,2
260,242,18,4,2
260,576,19,4,1
260,199,20,4,4
261,511,1,3,1
261,164,2,3,4
261,472,3,3,2
261,104,4,3,4
261,338,5,3,3
261,353,6,3,3
261,418,7,3,3
261,475,8,3,0
261,468,9,3,3
261,569,10,3,4
261,185,11,3,0
261,597,12,3,2
261,393,13,3,3
261,47,14,3,2
261,359,15,3,4
261,81,16,3,1
261,206,17,3,1
261,141,18,3,1
261,103,19,3,3
261,548,20,3,3
262,257,1,2,2
262,220,2,2,0
262,185,3,2,0
262,483,4,2,3
262,22,5,2,2
262,158,6,2,3
262,164,7,2,4
262,392,8,2,2
262,466,9,2,1
262,537,10,2,2
262,361,11,2,1
262,548,12,2,3
262,569,13,2,4
262,597,14,2,2
262,229,15,2,4
262,582,16,2,2
262,295,17,2,0
262,112,18,2,2
262,401,19,2,1
262,206,20,2,1
263,359,1,0,4
263,185,2,0,0
263,149,3,0,4
263,338,4,0,3
263,103,5,0,3
263,569,6,0,4
263,206,7,0,1
263,275,8,0,0
263,169,9,0,4
263,40,10,0,0
263,229,11,0,4
263,501,12,0,1
263,597,13,0,2
263,355,14,0,0
263,146,15,0,1
263,85,16,0,0
263,551,17,0,1
263,141,18,0,1
263,158,19,0,3
263,537,20,0,2
264,206,1,0,1
264,488,2,0,3
264,548,3,0,3
264,361,4,0,1
264,164,5,0,4
264,295,6,0,0
264,267,7,0,2
264,185,8,0,0
264,59,9,0,4
264,78,10,0,3
264,257,11,0,2
264,400,12,0,0
264,569,13,0,4
264,284,14,0,4
264,478,15,0,3
264,285,16,0,0
264,117,17,0,2
264,104,18,0,4
264,25,19,0,0
264,170,20,0,0
265,389,1,4,4
265,359,2,4,4
265,474,3,4,4
265,548,4,4,3
265,25,5,4,0
265,61,6,4,1
265,281,7,4,1
265,37,8,4,2
265,334,9,4,4
265,569,10,4,4
265,537,11,4,2
265,534,12,4,4
265,141,13,4,1
265,114,14,4,4
265,104,15,4,4
265,164,16,4,4
265,339,17,4,4
265,377,18,4,2
265,14,19,4,4
265,384,20,4,4
266,257,1,2,2
266,158,2,2,3
266,377,3,2,2
266,22,4,2,2
266,291,5,2,1
266,537,6,2,2
266,117,7,2,2
266,207,8,2,2
266,104,9,2,4
266,57,10,2,2
266,413,11,2,3
266,103,12,2,3
266,338,13,2,3
266,242,14,2,2
266,327,15,2,2
266,82,16,2,2
266,302,17,2,2
266,569,18,2,4
266,107,19,2,2
266,267,20,2,2
267,359,1,4,4
267,597,2,4,2
267,99,3,4,4
267,72,4,4,2
267,329,5,4,4
267,485,6,4,0
267,441,7,4,1
267,292,8,4,2
267,206,9,4,1
267,257,10,4,2
267,384,11,4,4
267,393,12,4,3
267,377,13,4,2
267,284,14,4,4
267,103,15,4,3
267,79,16,4,4
267,185,17,4,0
267,61,18,4,1
267,104,19,4,4
267,141,20,4,1
268,87,1,2,2
268,361,2,2,1
268,207,3,2,2
268,66,4,2,1
268,215,5,2,0
268,257,6,2,2
268,393,7,2,3
268,243,8,2,3
268,135,9,2,0
268,542,10,2,2
268,242,11,2,2
268,104,12,2,4
268,164,13,2,4
268,206,14,2,1
268,582,15,2,2
268,185,16,2,0
268,145,17,2,0
268,35,18,2,0
268,99,19,2,4
268,47,20,2,2
269,537,1,2,2
269,235,2,2,0
269,170,3,2,0
269,185,4,2,0
269,362,5,2,2
269,178,6,2,3
269,104,7,2,4
269,7,8,2,2
269,401,9,2,1
269,582,10,2,2
269,117,11,2,2
269,597,12,2,2
269,12,13,2,2
269,164,14,2,4
269,257,15,2,2
269,57,16,2,2
269,327,17,2,2
269,413,18,2,3
269,473,19,2,3
269,242,20,2,2
270,169,1,2,4
270,141,2,2,1
270,327,3,2,2
270,117,4,2,2
270,32,5,2,2
270,25,6,2,0
270,47,7,2,2
270,242,8,2,2
270,124,9,2,4
270,413,10,2,3
270,104,11,2,4
270,295,12,2,0
270,359,13,2,4
270,257,14,2,2
270,206,15,2,1
270,367,16,2,2
270,245,17,2,0
270,158,18,2,3
270,101,19,2,1
270,587,20,2,2
271,229,1,1,4
271,170,2,1,0
271,67,3,1,2
271,361,4,1,1
271,185,5,1,0
271,104,6,1,4
271,116,7,1,1
271,439,8,1,4
271,257,9,1,2
271,206,10,1,1
271,207,11,1,2
271,150,12,1,0
271,576,13,1,1
271,141,14,1,1
271,327,15,1,2
271,61,16,1,1
271,171,17,1,1
271,117,18,1,2
271,548,19,1,3
271,282,20,1,2
272,345,1,4,0
272,384,2,4,4
272,503,3,4,3
272,99,4,4,4
272,548,5,4,3
272,103,6,4,3
272,206,7,4,1
272,569,8,4,4
272,287,9,4,2
272,104,10,4,4
272,409,11,4,4
272,61,12,4,1
272,242,13,4,2
272,359,14,4,4
272,211,15,4,1
272,468,16,4,3
272,164,17,4,4
272,477,18,4,2
272,124,19,4,4
272,25,20,4,0
273,361,1,2,1
273,537,2,2,2
273,402,3,2,2
273,185,4,2,0
273,257,5,2,2
273,548,6,2,3
273,498,7,2,3
273,331,8,2,1
273,177,9,2,2
273,7,10,2,2
273,23,11,2,3
273,225,12,2,0
273,72,13,2,2
273,582,14,2,2
273,47,15,2,2
273,529,16,2,4
273,242,17,2,2
273,435,18,2,0
273,160,19,2,0
273,25,20,2,0
274,284,1,3,4
274,466,2,3,1
274,393,3,3,3
274,233,4,3,3
274,537,5,3,2
274,596,6,3,1
274,327,7,3,2
274,155,8,3,0
274,257,9,3,2
274,546,10,3,1
274,25,11,3,0
274,338,12,3,3
274,463,13,3,3
274,104,14,3,4
274,103,15,3,3
274,278,16,3,3
274,206,17,3,1
274,170,18,3,0
274,548,19,3,3
274,498,20,3,3
275,149,1,0,4
275,480,2,0,0
275,243,3,0,3
275,238,4,0,3
275,25,5,0,0
275,393,6,0,3
275,61,7,0,1
275,466,8,0,1
275,225,9,0,0
275,78,10,0,3
275,478,11,0,3
275,185,12,0,0
275,537,13,0,2
275,510,14,0,0
275,338,15,0,3
275,361,16,0,1
275,150,17,0,0
275,230,18,0,0
275,104,19,0,4
275,206,20,0,1
276,329,1,2,4
276,206,2,2,1
276,57,3,2,2
276,141,4,2,1
276,393,5,2,3
276,257,6,2,2
276,537,7,2,2
276,164,8,2,4
276,146,9,2,1
276,597,10,2,2
276,548,11,2,3
276,267,12,2,2
276,582,13,2,2
276,177,14,2,2
276,522,15,2,2
276,377,16,2,2
276,411,17,2,1
276,242,18,2,2
276,116,19,2,1
276,104,20,2,4
277,206,1,1,1
277,101,2,1,1
277,104,3,1,4
277,170,4,1,0
277,416,5,1,1
277,537,6,1,2
277,100,7,1,0
277,421,8,1,1
277,336,9,1,1
277,225,10,1,0
277,497,11,1,2
277,81,12,1,1
277,141,13,1,1
277,185,14,1,0
277,6,15,1,1
277,597,16,1,2
277,246,17,1,1
277,160,18,1,0
277,501,19,1,1
277,305,20,1,0
278,192,1,3,2
278,353,2,3,3
278,104,3,3,4
278,242,4,3,2
278,393,5,3,3
278,103,6,3,3
278,362,7,3,2
278,93,8,3,3
278,229,9,3,4
278,206,10,3,1
278,361,11,3,1
278,597,12,3,2
278,199,13,3,4
278,413,14,3,3
278,382,15,3,2
278,483,16,3,3
278,548,17,3,3
278,465,18,3,0
278,141,19,3,1
278,333,20,3,3
279,104,1,3,4
279,206,2,3,1
279,164,3,3,4
279,185,4,3,0
279,413,5,3,3
279,111,6,3,1
279,141,7,3,1
279,295,8,3,0
279,537,9,3,2
279,123,10,3,3
279,257,11,3,2
279,10,12,3,0
279,560,13,3,0
279,548,14,3,3
279,377,15,3,2
279,503,16,3,3
279,468,17,3,3
279,130,18,3,0
279,228,19,3,3
279,122,20,3,2
280,295,1,2,0
280,185,2,2,0
280,202,3,2,2
280,257,4,2,2
280,78,5,2,3
280,104,6,2,4
280,576,7,2,1
280,393,8,2,3
280,206,9,2,1
280,267,10,2,2
280,362,11,2,2
280,47,12,2,2
280,80,13,2,0
280,199,14,2,4
280,512,15,2,2
280,597,16,2,2
280,377,17,2,2
280,330,18,2,0
280,537,19,2,2
280,544,20,2,4
281,548,1,3,3
281,178,2,3,3
281,257,3,3,2
281,503,4,3,3
281,361,5,3,1
281,243,6,3,3
281,80,7,3,0
281,393,8,3,3
281,353,9,3,3
281,13,10,3,3
281,79,11,3,4
281,103,12,3,3
281,421,13,3,1
281,206,14,3,1
281,185,15,3,0
281,338,16,3,3
281,451,17,3,1
281,418,18,3,3
281,557,19,3,2
281,104,20,3,4
282,338,1,0,3
282,257,2,0,2
282,353,3,0,3
282,104,4,0,4
282,307,5,0,2
282,206,6,0,1
282,285,7,0,0
282,230,8,0,0
282,361,9,0,1
282,439,10,0,4
282,359,11,0,4
282,385,12,0,0
282,170,13,0,0
282,110,14,0,0
282,330,15,0,0
282,14,16,0,4
282,267,17,0,2
282,405,18,0,0
282,185,19,0,0
282,384,20,0,4
283,435,1,1,0
283,25,2,1,0
283,331,3,1,1
283,569,4,1,4
283,185,5,1,0
283,503,6,1,3
283,225,7,1,0
283,104,8,1,4
283,361,9,1,1
283,548,10,1,3
283,206,11,1,1
283,301,12,1,1
283,257,13,1,2
283,537,14,1,2
283,149,15,1,4
283,440,16,1,0
283,141,17,1,1
283,164,18,1,4
283,170,19,1,0
283,99,20,1,4
284,104,1,4,4
284,548,2,4,3
284,433,3,4,3
284,338,4,4,3
284,503,5,4,3
284,569,6,4,4
284,242,7,4,2
284,164,8,4,4
284,158,9,4,3
284,597,10,4,2
284,5,11,4,0
284,264,12,4,4
284,257,13,4,2
284,274,14,4,4
284,231,15,4,1
284,229,16,4,4
284,425,17,4,0
284,464,18,4,4
284,196,19,4,1
284,47,20,4,2
285,185,1,4,0
285,553,2,4,3
285,569,3,4,4
285,444,4,4,4
285,141,5,4,1
285,274,6,4,4
285,362,7,4,2
285,103,8,4,3
285,164,9,4,4
285,192,10,4,2
285,466,11,4,1
285,206,12,4,1
285,548,13,4,3
285,445,14,4,0
285,104,15,4,4
285,257,16,4,2
285,242,17,4,2
285,34,18,4,4
285,359,19,4,4
285,22,20,4,2
286,224,1,4,4
286,439,2,4,4
286,361,3,4,1
286,114,4,4,4
286,257,5,4,2
286,501,6,4,1
286,169,7,4,4
286,185,8,4,0
286,229,9,4,4
286,537,10,4,2
286,164,11,4,4
286,284,12,4,4
286,548,13,4,3
286,99,14,4,4
286,359,15,4,4
286,384,16,4,4
286,292,17,4,2
286,599,18,4,4
286,225,19,4,0
286,104,20,4,4
287,393,1,2,3
287,582,2,2,2
287,169,3,2,4
287,569,4,2,4
287,99,5,2,4
287,104,6,2,4
287,103,7,2,3
287,548,8,2,3
287,170,9,2,0
287,158,10,2,3
287,57,11,2,2
287,61,12,2,1
287,257,13,2,2
287,206,14,2,1
287,163,15,2,3
287,472,16,2,2
287,172,17,2,2
287,164,18,2,4
287,185,19,2,0
287,434,20,2,4
288,164,1,1,4
288,201,2,1,1
288,185,3,1,0
288,537,4,1,2
288,569,5,1,4
288,206,6,1,1
288,141,7,1,1
288,286,8,1,1
288,25,9,1,0
288,61,10,1,1
288,597,11,1,2
288,548,12,1,3
288,156,13,1,1
288,326,14,1,1
288,366,15,1,1
288,126,16,1,1
288,413,17,1,3
288,522,18,1,2
288,257,19,1,2
288,361,20,1,1
289,99,1,1,4
289,206,2,1,1
289,261,3,1,1
289,171,4,1,1
289,104,5,1,4
289,576,6,1,1
289,244,7,1,4
289,359,8,1,4
289,141,9,1,1
289,466,10,1,1
289,407,11,1,2
289,225,12,1,0
289,386,13,1,1
289,231,14,1,1
289,61,15,1,1
289,548,16,1,3
289,78,17,1,3
289,103,18,1,3
289,401,19,1,1
289,361,20,1,1
290,185,1,4,0
290,257,2,4,2
290,361,3,4,1
290,537,4,4,2
290,164,5,4,4
290,165,6,4,0
290,284,7,4,4
290,72,8,4,2
290,104,9,4,4
290,199,10,4,4
290,393,11,4,3
290,169,12,4,4
290,206,13,4,1
290,430,14,4,0
290,99,15,4,4
290,273,16,4,3
290,141,17,4,1
290,264,18,4,4
290,548,19,4,3
290,405,20,4,0
291,257,1,2,2
291,25,2,2,0
291,437,3,2,2
291,548,4,2,3
291,327,5,2,2
291,72,6,2,2
291,576,7,2,1
291,466,8,2,1
291,96,9,2,1
291,537,10,2,2
291,237,11,2,2
291,206,12,2,1
291,510,13,2,0
291,196,14,2,1
291,597,15,2,2
291,117,16,2,2
291,217,17,2,2
291,141,18,2,1
291,185,19,2,0
291,345,20,2,0
292,164,1,0,4
292,25,2,0,0
292,580,3,0,0
292,331,4,0,1
292,257,5,0,2
292,597,6,0,2
292,520,7,0,0
292,170,8,0,0
292,468,9,0,3
292,465,10,0,0
292,204,11,0,4
292,235,12,0,0
292,225,13,0,0
292,90,14,0,0
292,185,15,0,0
292,548,16,0,3
292,169,17,0,4
292,36,18,0,1
292,206,19,0,1
292,104,20,0,4
293,206,1,2,1
293,327,2,2,2
293,356,3,2,1
293,548,4,2,3
293,196,5,2,1
293,170,6,2,0
293,503,7,2,3
293,450,8,2,0
293,322,9,2,2
293,104,10,2,4
293,437,11,2,2
293,31,12,2,1
293,47,13,2,2
293,242,14,2,2
293,240,15,2,0
293,257,16,2,2
293,177,17,2,2
293,597,18,2,2
293,537,19,2,2
293,178,20,2,3
294,2,1,2,2
294,104,2,2,4
294,361,3,2,1
294,592,4,2,2
294,160,5,2,0
294,47,6,2,2
294,377,7,2,2
294,537,8,2,2
294,257,9,2,2
294,178,10,2,3
294,455,11,2,0
294,169,12,2,4
294,466,13,2,1
294,548,14,2,3
294,370,15,2,0
294,242,16,2,2
294,72,17,2,2
294,25,18,2,0
294,569,19,2,4
294,355,20,2,0
295,576,1,2,1
295,185,2,2,0
295,206,3,2,1
295,582,4,2,2
295,569,5,2,4
295,158,6,2,3
295,141,7,2,1
295,413,8,2,3
295,338,9,2,3
295,537,10,2,2
295,394,11,2,4
295,257,12,2,2
295,432,13,2,2
295,467,14,2,2
295,392,15,2,2
295,323,16,2,3
295,33,17,2,3
295,345,18,2,0
295,104,19,2,4
295,362,20,2,2
296,104,1,3,4
296,284,2,3,4
296,103,3,3,3
296,150,4,3,0
296,338,5,3,3
296,185,6,3,0
296,361,7,3,1
296,379,8,3,4
296,432,9,3,2
296,257,10,3,2
296,163,11,3,3
296,273,12,3,3
296,393,13,3,3
296,235,14,3,0
296,206,15,3,1
296,99,16,3,4
296,413,17,3,3
296,418,18,3,3
296,225,19,3,0
296,548,20,3,3
297,242,1,2,2
297,549,2,2,4
297,257,3,2,2
297,506,4,2,1
297,302,5,2,2
297,546,6,2,1
297,589,7,2,4
297,164,8,2,4
297,152,9,2,2
297,104,10,2,4
297,537,11,2,2
297,113,12,2,3
297,597,13,2,2
297,569,14,2,4
297,252,15,2,2
297,509,16,2,4
297,117,17,2,2
297,548,18,2,3
297,305,19,2,0
297,47,20,2,2
298,103,1,4,3
298,164,2,4,4
298,248,3,4,3
298,257,4,4,2
298,296,5,4,1
298,389,6,4,4
298,225,7,4,0
298,104,8,4,4
298,221,9,4,1
298,416,10,4,1
298,439,11,4,4
298,466,12,4,1
298,399,13,4,4
298,327,14,4,2
298,569,15,4,4
298,384,16,4,4
298,99,17,4,4
298,393,18,4,3
298,160,19,4,0
298,72,20,4,2
299,359,1,4,4
299,229,2,4,4
299,286,3,4,1
299,185,4,4,0
299,25,5,4,0
299,597,6,4,2
299,179,7,4,4
299,524,8,4,4
299,548,9,4,3
299,257,10,4,2
299,164,11,4,4
299,149,12,4,4
299,356,13,4,1
299,206,14,4,1
299,580,15,4,0
299,141,16,4,1
299,22,17,4,2
299,104,18,4,4
299,509,19,4,4
299,103,20,4,3
300,543,1,3,3
300,377,2,3,2
300,141,3,3,1
300,31,4,3,1
300,178,5,3,3
300,257,6,3,2
300,576,7,3,1
300,103,8,3,3
300,158,9,3,3
300,537,10,3,2
300,228,11,3,3
300,548,12,3,3
300,206,13,3,1
300,448,14,3,3
300,327,15,3,2
300,98,16,3,3
300,355,17,3,0
300,488,18,3,3
300,413,19,3,3
300,483,20,3,3
301,164,1,3,4
301,178,2,3,3
301,359,3,3,4
301,223,4,3,3
301,393,5,3,3
301,8,6,3,3
301,242,7,3,2
301,99,8,3,4
301,548,9,3,3
301,295,10,3,0
301,498,11,3,3
301,468,12,3,3
301,257,13,3,2
301,53,14,3,3
301,437,15,3,2
301,158,16,3,3
301,301,17,3,1
301,466,18,3,1
301,141,19,3,1
301,152,20,3,2
302,104,1,4,4
302,149,2,4,4
302,160,3,4,0
302,99,4,4,4
302,569,5,4,4
302,229,6,4,4
302,314,7,4,4
302,514,8,4,4
302,206,9,4,1
302,100,10,4,0
302,141,11,4,1
302,242,12,4,2
302,241,13,4,1
302,185,14,4,0
302,257,15,4,2
302,393,16,4,3
302,524,17,4,4
302,164,18,4,4
302,331,19,4,1
302,231,20,4,1
303,284,1,4,4
303,199,2,4,4
303,34,3,4,4
303,548,4,4,3
303,259,5,4,4
303,569,6,4,4
303,185,7,4,0
303,416,8,4,1
303,206,9,4,1
303,204,10,4,4
303,359,11,4,4
303,586,12,4,1
303,141,13,4,1
303,164,14,4,4
303,242,15,4,2
303,330,16,4,0
303,170,17,4,0
303,594,18,4,4
303,104,19,4,4
303,257,20,4,2
304,206,1,4,1
304,355,2,4,0
304,338,3,4,3
304,393,4,4,3
304,368,5,4,3
304,284,6,4,4
304,104,7,4,4
304,134,8,4,4
304,594,9,4,4
304,444,10,4,4
304,384,11,4,4
304,514,12,4,4
304,242,13,4,2
304,229,14,4,4
304,440,15,4,0
304,152,16,4,2
304,265,17,4,0
304,569,18,4,4
304,548,19,4,3
304,434,20,4,4
305,548,1,4,3
305,361,2,4,1
305,393,3,4,3
305,184,4,4,4
305,117,5,4,2
305,274,6,4,4
305,359,7,4,4
305,163,8,4,3
305,104,9,4,4
305,322,10,4,2
305,185,11,4,0
305,225,12,4,0
305,160,13,4,0
305,53,14,4,3
305,569,15,4,4
305,141,16,4,1
305,529,17,4,4
305,231,18,4,1
305,206,19,4,1
305,149,20,4,4
306,185,1,1,0
306,466,2,1,1
306,361,3,1,1
306,353,4,1,3
306,231,5,1,1
306,104,6,1,4
306,393,7,1,3
306,311,8,1,1
306,99,9,1,4
306,170,10,1,0
306,212,11,1,2
306,257,12,1,2
306,160,13,1,0
306,503,14,1,3
306,178,15,1,3
306,548,16,1,3
306,206,17,1,1
306,416,18,1,1
306,398,19,1,3
306,130,20,1,0
307,534,1,4,4
307,425,2,4,0
307,152,3,4,2
307,359,4,4,4
307,103,5,4,3
307,284,6,4,4
307,548,7,4,3
307,569,8,4,4
307,141,9,4,1
307,576,10,4,1
307,324,11,4,4
307,537,12,4,2
307,147,13,4,2
307,597,14,4,2
307,311,15,4,1
307,150,16,4,0
307,104,17,4,4
307,185,18,4,0
307,25,19,4,0
307,164,20,4,4
308,359,1,4,4
308,353,2,4,3
308,170,3,4,0
308,185,4,4,0
308,284,5,4,4
308,469,6,4,4
308,235,7,4,0
308,248,8,4,3
308,99,9,4,4
308,69,10,4,4
308,194,11,4,4
308,120,12,4,0
308,164,13,4,4
308,25,14,4,0
308,524,15,4,4
308,149,16,4,4
308,204,17,4,4
308,104,18,4,4
308,257,19,4,2
308,19,20,4,4
309,25,1,0,0
309,185,2,0,0
309,576,3,0,1
309,47,4,0,2
309,103,5,0,3
309,274,6,0,4
309,548,7,0,3
309,72,8,0,2
309,170,9,0,0
309,350,10,0,0
309,257,11,0,2
309,169,12,0,4
309,330,13,0,0
309,141,14,0,1
309,225,15,0,0
309,110,16,0,0
309,5,17,0,0
309,104,18,0,4
309,206,19,0,1
309,501,20,0,1
310,206,1,0,1
310,359,2,0,4
310,548,3,0,3
310,25,4,0,0
310,569,5,0,4
310,170,6,0,0
310,164,7,0,4
310,104,8,0,4
310,329,9,0,4
310,540,10,0,0
310,141,11,0,1
310,100,12,0,0
310,40,13,0,0
310,393,14,0,3
310,597,15,0,2
310,257,16,0,2
310,225,17,0,0
310,160,18,0,0
310,185,19,0,0
310,103,20,0,3
311,72,1,2,2
311,361,2,2,1
311,503,3,2,3
311,472,4,2,2
311,225,5,2,0
311,329,6,2,4
311,164,7,2,4
311,347,8,2,2
311,25,9,2,0
311,257,10,2,2
311,537,11,2,2
311,242,12,2,2
311,509,13,2,4
311,206,14,2,1
311,99,15,2,4
311,141,16,2,1
311,548,17,2,3
311,393,18,2,3
311,103,19,2,3
311,121,20,2,1
312,377,1,2,2
312,147,2,2,2
312,206,3,2,1
312,82,4,2,2
312,25,5,2,0
312,576,6,2,1
312,320,7,2,0
312,242,8,2,2
312,567,9,2,2
312,557,10,2,2
312,185,11,2,0
312,104,12,2,4
312,338,13,2,3
312,537,14,2,2
312,494,15,2,4
312,355,16,2,0
312,327,17,2,2
312,117,18,2,2
312,47,19,2,2
312,257,20,2,2
313,164,1,3,4
313,185,2,3,0
313,206,3,3,1
313,40,4,3,0
313,548,5,3,3
313,284,6,3,4
313,229,7,3,4
313,158,8,3,3
313,103,9,3,3
313,338,10,3,3
313,104,11,3,4
313,278,12,3,3
313,485,13,3,0
313,33,14,3,3
313,318,15,3,3
313,569,16,3,4
313,393,17,3,3
313,537,18,3,2
313,518,19,3,3
313,219,20,3,4
314,295,1,2,0
314,497,2,2,2
314,206,3,2,1
314,514,4,2,4
314,362,5,2,2
314,285,6,2,0
314,257,7,2,2
314,231,8,2,1
314,201,9,2,1
314,537,10,2,2
314,141,11,2,1
314,322,12,2,2
314,210,13,2,0
314,377,14,2,2
314,284,15,2,4
314,548,16,2,3
314,25,17,2,0
314,239,18,2,4
314,242,19,2,2
314,158,20,2,3
315,185,1,4,0
315,278,2,4,3
315,392,3,4,2
315,597,4,4,2
315,104,5,4,4
315,257,6,4,2
315,14,7,4,4
315,569,8,4,4
315,94,9,4,4
315,582,10,4,2
315,353,11,4,3
315,164,12,4,4
315,79,13,4,4
315,84,14,4,4
315,435,15,4,0
315,9,16,4,4
315,548,17,4,3
315,594,18,4,4
315,259,19,4,4
315,206,20,4,1
316,257,1,0,2
316,25,2,0,0
316,597,3,0,2
316,377,4,0,2
316,152,5,0,2
316,103,6,0,3
316,235,7,0,0
316,485,8,0,0
316,231,9,0,1
316,170,10,0,0
316,185,11,0,0
316,437,12,0,2
316,338,13,0,3
316,206,14,0,1
316,5,15,0,0
316,284,16,0,4
316,237,17,0,2
316,561,18,0,1
316,225,19,0,0
316,548,20,0,3
317,126,1,1,1
317,101,2,1,1
317,345,3,1,0
317,501,4,1,1
317,432,5,1,2
317,265,6,1,0
317,235,7,1,0
317,466,8,1,1
317,193,9,1,3
317,361,10,1,1
317,63,11,1,3
317,103,12,1,3
317,576,13,1,1
317,393,14,1,3
317,104,15,1,4
317,61,16,1,1
317,480,17,1,0
317,36,18,1,1
317,206,19,1,1
317,116,20,1,1
318,214,1,4,4
318,104,2,4,4
318,14,3,4,4
318,449,4,4,4
318,170,5,4,0
318,164,6,4,4
318,509,7,4,4
318,485,8,4,0
318,246,9,4,1
318,468,10,4,3
318,355,11,4,0
318,206,12,4,1
318,372,13,4,2
318,385,14,4,0
318,548,15,4,3
318,569,16,4,4
318,368,17,4,3
318,257,18,4,2
318,25,19,4,0
318,149,20,4,4
319,12,1,3,2
319,576,2,3,1
319,478,3,3,3
319,257,4,3,2
319,103,5,3,3
319,164,6,3,4
319,548,7,3,3
319,553,8,3,3
319,377,9,3,2
319,170,10,3,0
319,158,11,3,3
319,104,12,3,4
319,503,13,3,3
319,501,14,3,1
319,229,15,3,4
319,206,16,3,1
319,242,17,3,2
319,285,18,3,0
319,327,19,3,2
319,93,20,3,3
320,158,1,0,3
320,257,2,0,2
320,25,3,0,0
320,274,4,0,4
320,206,5,0,1
320,235,6,0,0
320,293,7,0,3
320,141,8,0,1
320,439,9,0,4
320,185,10,0,0
320,409,11,0,4
320,231,12,0,1
320,100,13,0,0
320,355,14,0,0
320,285,15,0,0
320,225,16,0,0
320,104,17,0,4
320,548,18,0,3
320,350,19,0,0
320,107,20,0,2
321,286,1,1,1
321,576,2,1,1
321,301,3,1,1
321,185,4,1,0
321,387,5,1,2
321,141,6,1,1
321,546,7,1,1
321,206,8,1,1
321,187,9,1,2
321,149,10,1,4
321,25,11,1,0
321,318,12,1,3
321,111,13,1,1
321,207,14,1,2
321,51,15,1,1
321,432,16,1,2
321,586,17,1,1
321,116,18,1,1
321,537,19,1,2
321,361,20,1,1
322,149,1,3,4
322,435,2,3,0
322,441,3,3,1
322,169,4,3,4
322,309,5,3,4
322,104,6,3,4
322,178,7,3,3
322,103,8,3,3
322,356,9,3,1
322,141,10,3,1
322,548,11,3,3
322,393,12,3,3
322,113,13,3,3
322,23,14,3,3
322,164,15,3,4
322,251,16,3,1
322,569,17,3,4
322,21,18,3,1
322,413,19,3,3
322,185,20,3,0
323,103,1,4,3
323,494,2,4,4
323,78,3,4,3
323,472,4,4,2
323,431,5,4,1
323,355,6,4,0
323,164,7,4,4
323,359,8,4,4
323,569,9,4,4
323,79,10,4,4
323,185,11,4,0
323,514,12,4,4
323,158,13,4,3
323,47,14,4,2
323,468,15,4,3
323,537,16,4,2
323,273,17,4,3
323,104,18,4,4
323,206,19,4,1
323,189,20,4,4
324,25,1,3,0
324,393,2,3,3
324,141,3,3,1
324,503,4,3,3
324,235,5,3,0
324,206,6,3,1
324,104,7,3,4
324,257,8,3,2
324,430,9,3,0
324,548,10,3,3
324,36,11,3,1
324,228,12,3,3
324,164,13,3,4
324,433,14,3,3
324,540,15,3,0
324,305,16,3,0
324,483,17,3,3
324,185,18,3,0
324,158,19,3,3
324,413,20,3,3
325,444,1,1,4
325,582,2,1,2
325,124,3,1,4
325,537,4,1,2
325,221,5,1,1
325,231,6,1,1
325,327,7,1,2
325,594,8,1,4
325,257,9,1,2
325,356,10,1,1
325,80,11,1,0
325,141,12,1,1
325,185,13,1,0
325,103,14,1,3
325,384,15,1,4
325,142,16,1,2
325,266,17,1,1
325,206,18,1,1
325,164,19,1,4
325,466,20,1,1
326,99,1,2,4
326,548,2,2,3
326,225,3,2,0
326,576,4,2,1
326,537,5,2,2
326,284,6,2,4
326,359,7,2,4
326,242,8,2,2
326,478,9,2,3
326,327,10,2,2
326,104,11,2,4
326,185,12,2,0
326,257,13,2,2
326,187,14,2,2
326,47,15,2,2
326,146,16,2,1
326,103,17,2,3
326,25,18,2,0
326,497,19,2,2
326,206,20,2,1
327,164,1,1,4
327,522,2,1,2
327,466,3,1,1
327,104,4,1,4
327,401,5,1,1
327,242,6,1,2
327,569,7,1,4
327,204,8,1,4
327,112,9,1,2
327,422,10,1,2
327,595,11,1,0
327,257,12,1,2
327,162,13,1,2
327,206,14,1,1
327,361,15,1,1
327,199,16,1,4
327,327,17,1,2
327,61,18,1,1
327,225,19,1,0
327,141,20,1,1
328,338,1,3,3
328,125,2,3,0
328,440,3,3,0
328,537,4,3,2
328,393,5,3,3
328,503,6,3,3
328,148,7,3,3
328,202,8,3,2
328,268,9,3,3
328,206,10,3,1
328,548,11,3,3
328,356,12,3,1
328,55,13,3,0
328,239,14,3,4
328,303,15,3,3
328,498,16,3,3
328,164,17,3,4
328,377,18,3,2
328,110,19,3,0
328,103,20,3,3
329,497,1,2,2
329,185,2,2,0
329,47,3,2,2
329,353,4,2,3
329,589,5,2,4
329,597,6,2,2
329,548,7,2,3
329,537,8,2,2
329,206,9,2,1
329,229,10,2,4
329,416,11,2,1
329,57,12,2,2
329,242,13,2,2
329,103,14,2,3
329,557,15,2,2
329,104,16,2,4
329,25,17,2,0
329,392,18,2,2
329,503,19,2,3
329,257,20,2,2
330,185,1,0,0
330,164,2,0,4
330,537,3,0,2
330,569,4,0,4
330,435,5,0,0
330,275,6,0,0
330,99,7,0,4
330,375,8,0,0
330,548,9,0,3
330,206,10,0,1
330,118,11,0,3
330,225,12,0,0
330,242,13,0,2
330,274,14,0,4
330,141,15,0,1
330,22,16,0,2
330,393,17,0,3
330,338,18,0,3
330,257,19,0,2
330,25,20,0,0
331,330,1,0,0
331,170,2,0,0
331,160,3,0,0
331,470,4,0,0
331,471,5,0,1
331,101,6,0,1
331,10,7,0,0
331,313,8,0,3
331,548,9,0,3
331,104,10,0,4
331,149,11,0,4
331,355,12,0,0
331,141,13,0,1
331,530,14,0,0
331,445,15,0,0
331,67,16,0,2
331,185,17,0,0
331,103,18,0,3
331,416,19,0,1
331,257,20,0,2
332,295,1,0,0
332,597,2,0,2
332,165,3,0,0
332,548,4,0,3
332,206,5,0,1
332,400,6,0,0
332,33,7,0,3
332,104,8,0,4
332,257,9,0,2
332,225,10,0,0
332,25,11,0,0
332,170,12,0,0
332,377,13,0,2
332,230,14,0,0
332,110,15,0,0
332,185,16,0,0
332,503,17,0,3
332,135,18,0,0
332,115,19,0,0
332,329,20,0,4
333,104,1,4,4
333,70,2,4,0
333,295,3,4,0
333,257,4,4,2
333,164,5,4,4
333,225,6,4,0
333,413,7,4,3
333,199,8,4,4
333,441,9,4,1
333,522,10,4,2
333,537,11,4,2
333,79,12,4,4
333,569,13,4,4
333,268,14,4,3
333,384,15,4,4
333,284,16,4,4
333,149,17,4,4
333,589,18,4,4
333,103,19,4,3
333,170,20,4,0
334,212,1,3,2
334,393,2,3,3
334,246,3,3,1
334,548,4,3,3
334,185,5,3,0
334,104,6,3,4
334,178,7,3,3
334,338,8,3,3
334,257,9,3,2
334,468,10,3,3
334,110,11,3,0
334,359,12,3,4
334,164,13,3,4
334,361,14,3,1
334,353,15,3,3
334,378,16,3,3
334,206,17,3,1
334,329,18,3,4
334,103,19,3,3
334,242,20,3,2
335,305,1,1,0
335,149,2,1,4
335,503,3,1,3
335,295,4,1,0
335,141,5,1,1
335,302,6,1,2
335,247,7,1,2
335,104,8,1,4
335,121,9,1,1
335,485,10,1,0
335,257,11,1,2
335,361,12,1,1
335,393,13,1,3
335,185,14,1,0
335,52,15,1,2
335,501,16,1,1
335,589,17,1,4
335,22,18,1,2
335,160,19,1,0
335,206,20,1,1
336,206,1,0,1
336,149,2,0,4
336,466,3,0,1
336,569,4,0,4
336,163,5,0,3
336,353,6,0,3
336,25,7,0,0
336,275,8,0,0
336,450,9,0,0
336,455,10,0,0
336,537,11,0,2
336,409,12,0,4
336,597,13,0,2
336,18,14,0,3
336,435,15,0,0
336,461,16,0,1
336,185,17,0,0
336,170,18,0,0
336,61,19,0,1
336,295,20,0,0
337,185,1,2,0
337,164,2,2,4
337,97,3,2,2
337,158,4,2,3
337,222,5,2,2
337,207,6,2,2
337,537,7,2,2
337,548,8,2,3
337,103,9,2,3
337,257,10,2,2
337,573,11,2,3
337,466,12,2,1
337,206,13,2,1
337,569,14,2,4
337,292,15,2,2
337,242,16,2,2
337,136,17,2,1
337,104,18,2,4
337,295,19,2,0
337,169,20,2,4
338,81,1,1,1
338,503,2,1,3
338,361,3,1,1
338,548,4,1,3
338,355,5,1,0
338,599,6,1,4
338,47,7,1,2
338,246,8,1,1
338,327,9,1,2
338,61,10,1,1
338,257,11,1,2
338,185,12,1,0
338,117,13,1,2
338,21,14,1,1
338,206,15,1,1
338,318,16,1,3
338,141,17,1,1
338,196,18,1,1
338,537,19,1,2
338,401,20,1,1
339,441,1,0,1
339,413,2,0,3
339,393,3,0,3
339,548,4,0,3
339,582,5,0,2
339,141,6,0,1
339,361,7,0,1
339,130,8,0,0
339,530,9,0,0
339,235,10,0,0
339,468,11,0,3
339,359,12,0,4
339,327,13,0,2
339,305,14,0,0
339,537,15,0,2
339,185,16,0,0
339,503,17,0,3
339,196,18,0,1
339,25,19,0,0
339,274,20,0,4
340,141,1,3,1
340,383,2,3,3
340,2,3,3,2
340,327,4,3,2
340,25,5,3,0
340,224,6,3,4
340,104,7,3,4
340,164,8,3,4
340,569,9,3,4
340,129,10,3,4
340,246,11,3,1
340,576,12,3,1
340,466,13,3,1
340,75,14,3,0
340,548,15,3,3
340,228,16,3,3
340,206,17,3,1
340,185,18,3,0
340,393,19,3,3
340,597,20,3,2
341,274,1,3,4
341,206,2,3,1
341,543,3,3,3
341,353,4,3,3
341,503,5,3,3
341,238,6,3,3
341,537,7,3,2
341,513,8,3,3
341,223,9,3,3
341,327,10,3,2
341,189,11,3,4
341,104,12,3,4
341,483,13,3,3
341,548,14,3,3
341,160,15,3,0
341,468,16,3,3
341,257,17,3,2
341,466,18,3,1
341,178,19,3,3
341,345,20,3,0
342,444,1,0,4
342,185,2,0,0
342,361,3,0,1
342,340,4,0,0
342,406,5,0,1
342,104,6,0,4
342,295,7,0,0
342,170,8,0,0
342,206,9,0,1
342,78,10,0,3
342,257,11,0,2
342,355,12,0,0
342,130,13,0,0
342,25,14,0,0
342,242,15,0,2
342,99,16,0,4
342,548,17,0,3
342,560,18,0,0
342,450,19,0,0
342,393,20,0,3
343,558,1,4,3
343,101,2,4,1
343,594,3,4,4
343,548,4,4,3
343,444,5,4,4
343,149,6,4,4
343,359,7,4,4
343,103,8,4,3
343,503,9,4,3
343,104,10,4,4
343,257,11,4,2
343,31,12,4,1
343,206,13,4,1
343,569,14,4,4
343,14,15,4,4
343,429,16,4,4
343,164,17,4,4
343,185,18,4,0
343,225,19,4,0
343,295,20,4,0
344,582,1,2,2
344,185,2,2,0
344,251,3,2,1
344,141,4,2,1
344,450,5,2,0
344,257,6,2,2
344,170,7,2,0
344,319,8,2,4
344,501,9,2,1
344,206,10,2,1
344,413,11,2,3
344,597,12,2,2
344,393,13,2,3
344,537,14,2,2
344,117,15,2,2
344,274,16,2,4
344,569,17,2,4
344,327,18,2,2
344,242,19,2,2
344,548,20,2,3
345,164,1,0,4
345,453,2,0,3
345,279,3,0,4
345,72,4,0,2
345,318,5,0,3
345,477,6,0,2
345,25,7,0,0
345,145,8,0,0
345,355,9,0,0
345,537,10,0,2
345,214,11,0,4
345,206,12,0,1
345,466,13,0,1
345,368,14,0,3
345,425,15,0,0
345,257,16,0,2
345,548,17,0,3
345,225,18,0,0
345,185,19,0,0
345,130,20,0,0
346,225,1,3,0
346,494,2,3,4
346,58,3,3,3
346,543,4,3,3
346,327,5,3,2
346,483,6,3,3
346,103,7,3,3
346,164,8,3,4
346,20,9,3,0
346,171,10,3,1
346,413,11,3,3
346,468,12,3,3
346,557,13,3,2
346,338,14,3,3
346,548,15,3,3
346,185,16,3,0
346,569,17,3,4
346,503,18,3,3
346,145,19,3,0
346,377,20,3,2
347,576,1,2,1
347,199,2,2,4
347,164,3,2,4
347,548,4,2,3
347,327,5,2,2
347,287,6,2,2
347,185,7,2,0
347,57,8,2,2
347,377,9,2,2
347,8,10,2,3
347,257,11,2,2
347,242,12,2,2
347,2,13,2,2
347,537,14,2,2
347,47,15,2,2
347,416,16,2,1
347,6,17,2,1
347,22,18,2,2
347,206,19,2,1
347,570,20,2,0
348,242,1,2,2
348,104,2,2,4
348,537,3,2,2
348,371,4,2,1
348,117,5,2,2
348,67,6,2,2
348,392,7,2,2
348,361,8,2,1
348,185,9,2,0
348,252,10,2,2
348,275,11,2,0
348,562,12,2,2
348,121,13,2,1
348,425,14,2,0
348,257,15,2,2
348,91,16,2,1
348,227,17,2,2
348,206,18,2,1
348,327,19,2,2
348,548,20,2,3
349,81,1,1,1
349,141,2,1,1
349,80,3,1,0
349,228,4,1,3
349,206,5,1,1
349,229,6,1,4
349,301,7,1,1
349,86,8,1,1
349,25,9,1,0
349,185,10,1,0
349,41,11,1,1
349,164,12,1,4
349,361,13,1,1
349,576,14,1,1
349,569,15,1,4
349,511,16,1,1
349,503,17,1,3
349,284,18,1,4
349,139,19,1,4
349,257,20,1,2
350,196,1,1,1
350,257,2,1,2
350,306,3,1,1
350,141,4,1,1
350,242,5,1,2
350,356,6,1,1
350,101,7,1,1
350,576,8,1,1
350,104,9,1,4
350,86,10,1,1
350,107,11,1,2
350,531,12,1,1
350,301,13,1,1
350,529,14,1,4
350,158,15,1,3
350,206,16,1,1
350,548,17,1,3
350,213,18,1,3
350,116,19,1,1
350,418,20,1,3
351,368,1,2,3
351,532,2,2,2
351,327,3,2,2
351,338,4,2,3
351,206,5,2,1
351,537,6,2,2
351,185,7,2,0
351,47,8,2,2
351,548,9,2,3
351,416,10,2,1
351,257,11,2,2
351,367,12,2,2
351,141,13,2,1
351,231,14,2,1
351,2,15,2,2
351,158,16,2,3
351,557,17,2,2
351,104,18,2,4
351,392,19,2,2
351,413,20,2,3
352,273,1,4,3
352,300,2,4,0
352,524,3,4,4
352,278,4,4,3
352,359,5,4,4
352,355,6,4,0
352,464,7,4,4
352,78,8,4,3
352,284,9,4,4
352,164,10,4,4
352,569,11,4,4
352,104,12,4,4
352,466,13,4,1
352,152,14,4,2
352,57,15,4,2
352,479,16,4,4
352,413,17,4,3
352,338,18,4,3
352,354,19,4,4
352,539,20,4,4
353,242,1,2,2
353,356,2,2,1
353,503,3,2,3
353,557,4,2,2
353,537,5,2,2
353,110,6,2,0
353,22,7,2,2
353,172,8,2,2
353,359,9,2,4
353,497,10,2,2
353,104,11,2,4
353,206,12,2,1
353,25,13,2,0
353,185,14,2,0
353,442,15,2,2
353,569,16,2,4
353,257,17,2,2
353,75,18,2,0
353,501,19,2,1
353,47,20,2,2
354,423,1,3,3
354,548,2,3,3
354,338,3,3,3
354,104,4,3,4
354,576,5,3,1
354,185,6,3,0
354,569,7,3,4
354,103,8,3,3
354,503,9,3,3
354,329,10,3,4
354,393,11,3,3
354,401,12,3,1
354,543,13,3,3
354,284,14,3,4
354,78,15,3,3
354,528,16,3,3
354,47,17,3,2
354,141,18,3,1
354,112,19,3,2
354,91,20,3,1
355,295,1,0,0
355,47,2,0,2
355,103,3,0,3
355,185,4,0,0
355,206,5,0,1
355,548,6,0,3
355,284,7,0,4
355,213,8,0,3
355,380,9,0,0
355,581,10,0,1
355,150,11,0,0
355,582,12,0,2
355,460,13,0,0
355,170,14,0,0
355,345,15,0,0
355,416,16,0,1
355,257,17,0,2
355,104,18,0,4
355,25,19,0,0
355,597,20,0,2
356,257,1,1,2
356,582,2,1,2
356,164,3,1,4
356,331,4,1,1
356,246,5,1,1
356,393,6,1,3
356,416,7,1,1
356,141,8,1,1
356,514,9,1,4
356,419,10,1,4
356,327,11,1,2
356,225,12,1,0
356,170,13,1,0
356,361,14,1,1
356,501,15,1,1
356,206,16,1,1
356,104,17,1,4
356,548,18,1,3
356,537,19,1,2
356,591,20,1,1
357,393,1,4,3
357,284,2,4,4
357,103,3,4,3
357,361,4,4,1
357,503,5,4,3
357,384,6,4,4
357,589,7,4,4
357,158,8,4,3
357,242,9,4,2
357,104,10,4,4
357,368,11,4,3
357,239,12,4,4
357,201,13,4,1
357,594,14,4,4
357,57,15,4,2
357,548,16,4,3
357,319,17,4,4
357,468,18,4,3
357,225,19,4,0
357,359,20,4,4
358,257,1,3,2
358,393,2,3,3
358,548,3,3,3
358,478,4,3,3
358,25,5,3,0
358,359,6,3,4
358,160,7,3,0
358,116,8,3,1
358,401,9,3,1
358,338,10,3,3
358,537,11,3,2
358,272,12,3,2
358,361,13,3,1
358,435,14,3,0
358,552,15,3,2
358,501,16,3,1
358,141,17,3,1
358,103,18,3,3
358,305,19,3,0
358,70,20,3,0
359,338,1,1,3
359,185,2,1,0
359,257,3,1,2
359,50,4,1,0
359,522,5,1,2
359,229,6,1,4
359,235,7,1,0
359,206,8,1,1
359,36,9,1,1
359,576,10,1,1
359,393,11,1,3
359,196,12,1,1
359,228,13,1,3
359,104,14,1,4
359,25,15,1,0
359,548,16,1,3
359,141,17,1,1
359,336,18,1,1
359,361,19,1,1
359,164,20,1,4
360,169,1,4,4
360,561,2,4,1
360,471,3,4,1
360,518,4,4,3
360,435,5,4,0
360,413,6,4,3
360,104,7,4,4
360,444,8,4,4
360,548,9,4,3
360,569,10,4,4
360,206,11,4,1
360,25,12,4,0
360,545,13,4,0
360,230,14,4,0
360,274,15,4,4
360,130,16,4,0
360,164,17,4,4
360,199,18,4,4
360,229,19,4,4
360,384,20,4,4
361,468,1,4,3
361,149,2,4,4
361,400,3,4,0
361,257,4,4,2
361,569,5,4,4
361,423,6,4,3
361,242,7,4,2
361,404,8,4,4
361,501,9,4,1
361,104,10,4,4
361,548,11,4,3
361,537,12,4,2
361,279,13,4,4
361,514,14,4,4
361,103,15,4,3
361,189,16,4,4
361,206,17,4,1
361,225,18,4,0
361,12,19,4,2
361,185,20,4,0
362,47,1,1,2
362,257,2,1,2
362,164,3,1,4
362,518,4,1,3
362,204,5,1,4
362,561,6,1,1
362,416,7,1,1
362,537,8,1,2
362,225,9,1,0
362,9,10,1,4
362,185,11,1,0
362,548,12,1,3
362,96,13,1,1
362,206,14,1,1
362,25,15,1,0
362,101,16,1,1
362,501,17,1,1
362,11,18,1,1
362,406,19,1,1
362,221,20,1,1
363,103,1,4,3
363,185,2,4,0
363,569,3,4,4
363,331,4,4,1
363,380,5,4,0
363,266,6,4,1
363,524,7,4,4
363,206,8,4,1
363,273,9,4,3
363,112,10,4,2
363,257,11,4,2
363,134,12,4,4
363,149,13,4,4
363,338,14,4,3
363,6,15,4,1
363,104,16,4,4
363,164,17,4,4
363,329,18,4,4
363,242,19,4,2
363,46,20,4,1
364,47,1,3,2
364,206,2,3,1
364,597,3,3,2
364,104,4,3,4
364,235,5,3,0
364,170,6,3,0
364,78,7,3,3
364,93,8,3,3
364,103,9,3,3
364,225,10,3,0
364,228,11,3,3
364,359,12,3,4
364,388,13,3,3
364,393,14,3,3
364,548,15,3,3
364,238,16,3,3
364,257,17,3,2
364,448,18,3,3
364,242,19,3,2
364,353,20,3,3
365,298,1,1,3
365,501,2,1,1
365,101,3,1,1
365,246,4,1,1
365,25,5,1,0
365,329,6,1,4
365,136,7,1,1
365,225,8,1,0
365,429,9,1,4
365,409,10,1,4
365,206,11,1,1
365,466,12,1,1
365,257,13,1,2
365,548,14,1,3
365,61,15,1,1
365,459,16,1,4
365,185,17,1,0
365,444,18,1,4
365,471,19,1,1
365,141,20,1,1
366,465,1,1,0
366,339,2,1,4
366,206,3,1,1
366,25,4,1,0
366,393,5,1,3
366,61,6,1,1
366,371,7,1,1
366,537,8,1,2
366,231,9,1,1
366,548,10,1,3
366,257,11,1,2
366,264,12,1,4
366,576,13,1,1
366,501,14,1,1
366,521,15,1,1
366,416,16,1,1
366,98,17,1,3
366,491,18,1,1
366,520,19,1,0
366,361,20,1,1
367,355,1,1,0
367,548,2,1,3
367,505,3,1,0
367,379,4,1,4
367,361,5,1,1
367,117,6,1,2
367,141,7,1,1
367,569,8,1,4
367,36,9,1,1
367,356,10,1,1
367,104,11,1,4
367,537,12,1,2
367,206,13,1,1
367,501,14,1,1
367,185,15,1,0
367,199,16,1,4
367,416,17,1,1
367,466,18,1,1
367,439,19,1,4
367,242,20,1,2
368,325,1,3,0
368,183,2,3,3
368,413,3,3,3
368,466,4,3,1
368,576,5,3,1
368,338,6,3,3
368,114,7,3,4
368,353,8,3,3
368,225,9,3,0
368,25,10,3,0
368,305,11,3,0
368,361,12,3,1
368,199,13,3,4
368,103,14,3,3
368,468,15,3,3
368,548,16,3,3
368,513,17,3,3
368,257,18,3,2
368,581,19,3,1
368,36,20,3,1
369,393,1,1,3
369,305,2,1,0
369,152,3,1,2
369,206,4,1,1
369,267,5,1,2
369,548,6,1,3
369,416,7,1,1
369,301,8,1,1
369,104,9,1,4
369,361,10,1,1
369,257,11,1,2
369,141,12,1,1
369,571,13,1,1
369,330,14,1,0
369,453,15,1,3
369,471,16,1,1
369,25,17,1,0
369,295,18,1,0
369,185,19,1,0
369,225,20,1,0
370,444,1,4,4
370,199,2,4,4
370,393,3,4,3
370,93,4,4,3
370,246,5,4,1
370,569,6,4,4
370,509,7,4,4
370,164,8,4,4
370,59,9,4,4
370,185,10,4,0
370,78,11,4,3
370,74,12,4,4
370,242,13,4,2
370,434,14,4,4
370,254,15,4,4
370,104,16,4,4
370,206,17,4,1
370,178,18,4,3
370,582,19,4,2
370,576,20,4,1
371,503,1,0,3
371,265,2,0,0
371,80,3,0,0
371,185,4,0,0
371,164,5,0,4
371,501,6,0,1
371,206,7,0,1
371,531,8,0,1
371,225,9,0,0
371,355,10,0,0
371,110,11,0,0
371,160,12,0,0
371,585,13,0,0
371,290,14,0,0
371,345,15,0,0
371,141,16,0,1
371,285,17,0,0
371,112,18,0,2
371,25,19,0,0
371,466,20,0,1
372,548,1,3,3
372,453,2,3,3
372,141,3,3,1
372,295,4,3,0
372,158,5,3,3
372,104,6,3,4
372,253,7,3,3
372,362,8,3,2
372,103,9,3,3
372,169,10,3,4
372,257,11,3,2
372,503,12,3,3
372,1,13,3,1
372,418,14,3,3
372,206,15,3,1
372,393,16,3,3
372,433,17,3,3
372,401,18,3,1
372,185,19,3,0
372,537,20,3,2
373,174,1,1,4
373,466,2,1,1
373,401,3,1,1
373,377,4,1,2
373,206,5,1,1
373,169,6,1,4
373,141,7,1,1
373,160,8,1,0
373,286,9,1,1
373,104,10,1,4
373,488,11,1,3
373,548,12,1,3
373,41,13,1,1
373,355,14,1,0
373,99,15,1,4
373,537,16,1,2
373,576,17,1,1
373,258,18,1,3
373,257,19,1,2
373,103,20,1,3
374,78,1,3,3
374,185,2,3,0
374,91,3,3,1
374,451,4,3,1
374,576,5,3,1
374,206,6,3,1
374,557,7,3,2
374,141,8,3,1
374,413,9,3,3
374,104,10,3,4
374,433,11,3,3
374,150,12,3,0
374,548,13,3,3
374,25,14,3,0
374,503,15,3,3
374,103,16,3,3
374,543,17,3,3
374,257,18,3,2
374,393,19,3,3
374,322,20,3,2
375,548,1,0,3
375,338,2,0,3
375,150,3,0,0
375,295,4,0,0
375,61,5,0,1
375,25,6,0,0
375,242,7,0,2
375,100,8,0,0
375,256,9,0,1
375,257,10,0,2
375,483,11,0,3
375,170,12,0,0
375,450,13,0,0
375,485,14,0,0
375,185,15,0,0
375,345,16,0,0
375,145,17,0,0
375,184,18,0,4
375,353,19,0,3
375,225,20,0,0
376,185,1,3,0
376,478,2,3,3
376,497,3,3,2
376,325,4,3,0
376,548,5,3,3
376,257,6,3,2
376,225,7,3,0
376,537,8,3,2
376,393,9,3,3
376,556,10,3,1
376,242,11,3,2
376,178,12,3,3
376,359,13,3,4
376,259,14,3,4
376,353,15,3,3
376,103,16,3,3
376,418,17,3,3
376,170,18,3,0
376,104,19,3,4
376,10,20,3,0
377,503,1,0,3
377,284,2,0,4
377,561,3,0,1
377,257,4,0,2
377,537,5,0,2
377,170,6,0,0
377,141,7,0,1
377,185,8,0,0
377,355,9,0,0
377,441,10,0,1
377,435,11,0,0
377,99,12,0,4
377,78,13,0,3
377,231,14,0,1
377,225,15,0,0
377,548,16,0,3
377,160,17,0,0
377,164,18,0,4
377,72,19,0,2
377,468,20,0,3
378,166,1,1,1
378,185,2,1,0
378,361,3,1,1
378,569,4,1,4
378,121,5,1,1
378,257,6,1,2
378,557,7,1,2
378,537,8,1,2
378,548,9,1,3
378,206,10,1,1
378,36,11,1,1
378,466,12,1,1
378,446,13,1,1
378,25,14,1,0
378,338,15,1,3
378,141,16,1,1
378,204,17,1,4
378,543,18,1,3
378,284,19,1,4
378,442,20,1,2
379,225,1,4,0
379,485,2,4,0
379,242,3,4,2
379,51,4,4,1
379,72,5,4,2
379,204,6,4,4
379,170,7,4,0
379,164,8,4,4
379,229,9,4,4
379,185,10,4,0
379,474,11,4,4
379,94,12,4,4
379,416,13,4,1
379,548,14,4,3
379,99,15,4,4
379,295,16,4,0
379,329,17,4,4
379,158,18,4,3
379,78,19,4,3
379,104,20,4,4
380,597,1,0,2
380,535,2,0,0
380,330,3,0,0
380,393,4,0,3
380,170,5,0,0
380,103,6,0,3
380,295,7,0,0
380,85,8,0,0
380,80,9,0,0
380,149,10,0,4
380,45,11,0,0
380,548,12,0,3
380,257,13,0,2
380,294,14,0,4
380,554,15,0,4
380,594,16,0,4
380,242,17,0,2
380,185,18,0,0
380,206,19,0,1
380,104,20,0,4
381,141,1,0,1
381,364,2,0,4
381,548,3,0,3
381,355,4,0,0
381,25,5,0,0
381,345,6,0,0
381,320,7,0,0
381,206,8,0,1
381,185,9,0,0
381,78,10,0,3
381,305,11,0,0
381,295,12,0,0
381,235,13,0,0
381,368,14,0,3
381,361,15,0,1
381,192,16,0,2
381,404,17,0,4
381,61,18,0,1
381,145,19,0,0
381,225,20,0,0
382,93,1,2,3
382,152,2,2,2
382,7,3,2,2
382,597,4,2,2
382,307,5,2,2
382,199,6,2,4
382,577,7,2,2
382,257,8,2,2
382,537,9,2,2
382,2,10,2,2
382,511,11,2,1
382,362,12,2,2
382,47,13,2,2
382,101,14,2,1
382,104,15,2,4
382,437,16,2,2
382,67,17,2,2
382,185,18,2,0
382,327,19,2,2
382,170,20,2,0
383,130,1,3,0
383,28,2,3,3
383,164,3,3,4
383,353,4,3,3
383,347,5,3,2
383,416,6,3,1
383,103,7,3,3
383,141,8,3,1
383,503,9,3,3
383,548,10,3,3
383,338,11,3,3
383,327,12,3,2
383,502,13,3,2
383,303,14,3,3
383,356,15,3,1
383,185,16,3,0
383,229,17,3,4
383,41,18,3,1
383,393,19,3,3
383,257,20,3,2
384,471,1,0,1
384,377,2,0,2
384,466,3,0,1
384,185,4,0,0
384,384,5,0,4
384,235,6,0,0
384,104,7,0,4
384,7,8,0,2
384,569,9,0,4
384,142,10,0,2
384,537,11,0,2
384,206,12,0,1
384,361,13,0,1
384,25,14,0,0
384,103,15,0,3
384,353,16,0,3
384,355,17,0,0
384,295,18,0,0
384,246,19,0,1
384,257,20,0,2
385,454,1,4,4
385,548,2,4,3
385,110,3,4,0
385,436,4,4,1
385,576,5,4,1
385,582,6,4,2
385,174,7,4,4
385,290,8,4,0
385,569,9,4,4
385,22,10,4,2
385,104,11,4,4
385,141,12,4,1
385,361,13,4,1
385,384,14,4,4
385,393,15,4,3
385,185,16,4,0
385,285,17,4,0
385,103,18,4,3
385,149,19,4,4
385,25,20,4,0
386,257,1,2,2
386,576,2,2,1
386,206,3,2,1
386,557,4,2,2
386,90,5,2,0
386,597,6,2,2
386,338,7,2,3
386,284,8,2,4
386,22,9,2,2
386,355,10,2,0
386,187,11,2,2
386,387,12,2,2
386,377,13,2,2
386,468,14,2,3
386,437,15,2,2
386,164,16,2,4
386,537,17,2,2
386,242,18,2,2
386,503,19,2,3
386,112,20,2,2
387,134,1,4,4
387,229,2,4,4
387,434,3,4,4
387,79,4,4,4
387,66,5,4,1
387,114,6,4,4
387,569,7,4,4
387,597,8,4,2
387,204,9,4,4
387,228,10,4,3
387,141,11,4,1
387,124,12,4,4
387,13,13,4,3
387,527,14,4,2
387,149,15,4,4
387,164,16,4,4
387,401,17,4,1
387,359,18,4,4
387,214,19,4,4
387,206,20,4,1
388,25,1,4,0
388,359,2,4,4
388,249,3,4,4
388,166,4,4,1
388,569,5,4,4
388,472,6,4,2
388,9,7,4,4
388,185,8,4,0
388,466,9,4,1
388,548,10,4,3
388,433,11,4,3
388,57,12,4,2
388,338,13,4,3
388,599,14,4,4
388,206,15,4,1
388,595,16,4,0
388,401,17,4,1
388,164,18,4,4
388,23,19,4,3
388,104,20,4,4
389,225,1,3,0
389,170,2,3,0
389,324,3,3,4
389,25,4,3,0
389,206,5,3,1
389,196,6,3,1
389,491,7,3,1
389,478,8,3,3
389,103,9,3,3
389,543,10,3,3
389,464,11,3,4
389,80,12,3,0
389,393,13,3,3
389,548,14,3,3
389,338,15,3,3
389,182,16,3,2
389,131,17,3,1
389,392,18,3,2
389,388,19,3,3
389,248,20,3,3
390,68,1,0,3
390,594,2,0,4
390,379,3,0,4
390,272,4,0,2
390,569,5,0,4
390,257,6,0,2
390,61,7,0,1
390,425,8,0,0
390,284,9,0,4
390,150,10,0,0
390,25,11,0,0
390,199,12,0,4
390,185,13,0,0
390,206,14,0,1
390,548,15,0,3
390,164,16,0,4
390,505,17,0,0
390,537,18,0,2
390,273,19,0,3
390,546,20,0,1
391,0,1,0,0
391,427,2,0,2
391,257,3,0,2
391,434,4,0,4
391,164,5,0,4
391,548,6,0,3
391,3,7,0,3
391,104,8,0,4
391,464,9,0,4
391,537,10,0,2
391,25,11,0,0
391,225,12,0,0
391,355,13,0,0
391,421,14,0,1
391,80,15,0,0
391,130,16,0,0
391,103,17,0,3
391,185,18,0,0
391,150,19,0,0
391,206,20,0,1
392,345,1,0,0
392,225,2,0,0
392,257,3,0,2
392,150,4,0,0
392,355,5,0,0
392,160,6,0,0
392,104,7,0,4
392,141,8,0,1
392,359,9,0,4
392,158,10,0,3
392,548,11,0,3
392,169,12,0,4
392,317,13,0,2
392,140,14,0,0
392,229,15,0,4
392,404,16,0,4
392,185,17,0,0
392,4,18,0,4
392,537,19,0,2
392,22,20,0,2
393,393,1,1,3
393,231,2,1,1
393,104,3,1,4
393,160,4,1,0
393,290,5,1,0
393,300,6,1,0
393,149,7,1,4
393,180,8,1,0
393,141,9,1,1
393,361,10,1,1
393,206,11,1,1
393,80,12,1,0
393,535,13,1,0
393,257,14,1,2
393,63,15,1,3
393,576,16,1,1
393,581,17,1,1
393,36,18,1,1
393,91,19,1,1
393,81,20,1,1
394,206,1,1,1
394,501,2,1,1
394,331,3,1,1
394,569,4,1,4
394,164,5,1,4
394,146,6,1,1
394,226,7,1,1
394,327,8,1,2
394,79,9,1,4
394,596,10,1,1
394,225,11,1,0
394,466,12,1,1
394,597,13,1,2
394,392,14,1,2
394,361,15,1,1
394,141,16,1,1
394,256,17,1,1
394,576,18,1,1
394,548,19,1,3
394,6,20,1,1
395,361,1,4,1
395,548,2,4,3
395,413,3,4,3
395,257,4,4,2
395,206,5,4,1
395,185,6,4,0
395,169,7,4,4
395,242,8,4,2
395,284,9,4,4
395,359,10,4,4
395,152,11,4,2
395,377,12,4,2
395,405,13,4,0
395,164,14,4,4
395,229,15,4,4
395,25,16,4,0
395,104,17,4,4
395,499,18,4,4
395,569,19,4,4
395,589,20,4,4
396,30,1,0,0
396,257,2,0,2
396,464,3,0,4
396,225,4,0,0
396,160,5,0,0
396,548,6,0,3
396,537,7,0,2
396,36,8,0,1
396,495,9,0,0
396,267,10,0,2
396,575,11,0,0
396,170,12,0,0
396,305,13,0,0
396,25,14,0,0
396,413,15,0,3
396,569,16,0,4
396,185,17,0,0
396,104,18,0,4
396,141,19,0,1
396,525,20,0,0
397,51,1,0,1
397,231,2,0,1
397,329,3,0,4
397,451,4,0,1
397,597,5,0,2
397,206,6,0,1
397,225,7,0,0
397,242,8,0,2
397,80,9,0,0
397,158,10,0,3
397,331,11,0,1
397,185,12,0,0
397,117,13,0,2
397,141,14,0,1
397,104,15,0,4
397,500,16,0,0
397,85,17,0,0
397,149,18,0,4
397,152,19,0,2
397,548,20,0,3
398,206,1,1,1
398,596,2,1,1
398,464,3,1,4
398,361,4,1,1
398,393,5,1,3
398,257,6,1,2
398,104,7,1,4
398,448,8,1,3
398,548,9,1,3
398,81,10,1,1
398,36,11,1,1
398,569,12,1,4
398,128,13,1,3
398,72,14,1,2
398,392,15,1,2
398,141,16,1,1
398,359,17,1,4
398,169,18,1,4
398,26,19,1,1
398,51,20,1,1
399,593,1,3,3
399,548,2,3,3
399,468,3,3,3
399,206,4,3,1
399,3,5,3,3
399,416,6,3,1
399,257,7,3,2
399,355,8,3,0
399,338,9,3,3
399,185,10,3,0
399,248,11,3,3
399,413,12,3,3
399,141,13,3,1
399,0,14,3,0
399,313,15,3,3
399,327,16,3,2
399,498,17,3,3
399,393,18,3,3
399,291,19,3,1
399,158,20,3,3
400,80,1,0,0
400,495,2,0,0
400,576,3,0,1
400,225,4,0,0
400,25,5,0,0
400,548,6,0,3
400,57,7,0,2
400,315,8,0,0
400,104,9,0,4
400,475,10,0,0
400,505,11,0,0
400,257,12,0,2
400,90,13,0,0
400,537,14,0,2
400,418,15,0,3
400,164,16,0,4
400,103,17,0,3
400,47,18,0,2
400,185,19,0,0
400,466,20,0,1
401,257,1,3,2
401,285,2,3,0
401,483,3,3,3
401,569,4,3,4
401,164,5,3,4
401,242,6,3,2
401,203,7,3,3
401,174,8,3,4
401,61,9,3,1
401,408,10,3,3
401,116,11,3,1
401,104,12,3,4
401,185,13,3,0
401,582,14,3,2
401,243,15,3,3
401,47,16,3,2
401,433,17,3,3
401,548,18,3,3
401,305,19,3,0
401,438,20,3,3
402,242,1,2,2
402,454,2,2,4
402,361,3,2,1
402,287,4,2,2
402,80,5,2,0
402,547,6,2,2
402,548,7,2,3
402,206,8,2,1
402,141,9,2,1
402,597,10,2,2
402,334,11,2,4
402,377,12,2,2
402,582,13,2,2
402,257,14,2,2
402,267,15,2,2
402,327,16,2,2
402,158,17,2,3
402,104,18,2,4
402,72,19,2,2
402,517,20,2,2
403,158,1,0,3
403,359,2,0,4
403,206,3,0,1
403,530,4,0,0
403,120,5,0,0
403,25,6,0,0
403,164,7,0,4
403,225,8,0,0
403,178,9,0,3
403,327,10,0,2
403,528,11,0,3
403,512,12,0,2
403,329,13,0,4
403,47,14,0,2
403,205,15,0,0
403,185,16,0,0
403,257,17,0,2
403,435,18,0,0
403,597,19,0,2
403,548,20,0,3
404,354,1,3,4
404,148,2,3,3
404,242,3,3,2
404,413,4,3,3
404,128,5,3,3
404,103,6,3,3
404,578,7,3,3
404,225,8,3,0
404,206,9,3,1
404,81,10,3,1
404,345,11,3,0
404,418,12,3,3
404,361,13,3,1
404,141,14,3,1
404,268,15,3,3
404,179,16,3,4
404,278,17,3,3
404,338,18,3,3
404,548,19,3,3
404,170,20,3,0
405,145,1,4,0
405,198,2,4,3
405,393,3,4,3
405,149,4,4,4
405,104,5,4,4
405,242,6,4,2
405,501,7,4,1
405,466,8,4,1
405,99,9,4,4
405,284,10,4,4
405,257,11,4,2
405,184,12,4,4
405,103,13,4,3
405,359,14,4,4
405,25,15,4,0
405,206,16,4,1
405,548,17,4,3
405,437,18,4,2
405,492,19,4,2
405,164,20,4,4
406,164,1,1,4
406,393,2,1,3
406,30,3,1,0
406,468,4,1,3
406,433,5,1,3
406,569,6,1,4
406,284,7,1,4
406,567,8,1,2
406,141,9,1,1
406,592,10,1,2
406,185,11,1,0
406,591,12,1,1
406,257,13,1,2
406,306,14,1,1
406,231,15,1,1
406,212,16,1,2
406,466,17,1,1
406,576,18,1,1
406,206,19,1,1
406,253,20,1,3
407,266,1,4,1
407,141,2,4,1
407,402,3,4,2
407,229,4,4,4
407,314,5,4,4
407,466,6,4,1
407,72,7,4,2
407,284,8,4,4
407,79,9,4,4
407,257,10,4,2
407,520,11,4,0
407,444,12,4,4
407,235,13,4,0
407,159,14,4,4
407,338,15,4,3
407,85,16,4,0
407,25,17,4,0
407,160,18,4,0
407,104,19,4,4
407,206,20,4,1
408,531,1,3,1
408,576,2,3,1
408,104,3,3,4
408,164,4,3,4
408,503,5,3,3
408,78,6,3,3
408,206,7,3,1
408,141,8,3,1
408,263,9,3,3
408,393,10,3,3
408,569,11,3,4
408,271,12,3,1
408,103,13,3,3
408,338,14,3,3
408,301,15,3,1
408,548,16,3,3
408,259,17,3,4
408,25,18,3,0
408,150,19,3,0
408,433,20,3,3
409,361,1,1,1
409,597,2,1,2
409,537,3,1,2
409,169,4,1,4
409,171,5,1,1
409,362,6,1,2
409,466,7,1,1
409,428,8,1,3
409,461,9,1,1
409,185,10,1,0
409,25,11,1,0
409,206,12,1,1
409,33,13,1,3
409,212,14,1,2
409,141,15,1,1
409,135,16,1,0
409,582,17,1,2
409,111,18,1,1
409,501,19,1,1
409,509,20,1,4
410,361,1,1,1
410,501,2,1,1
410,427,3,1,2
410,12,4,1,2
410,185,5,1,0
410,160,6,1,0
410,590,7,1,0
410,295,8,1,0
410,104,9,1,4
410,257,10,1,2
410,209,11,1,4
410,106,12,1,1
410,466,13,1,1
410,206,14,1,1
410,338,15,1,3
410,25,16,1,0
410,103,17,1,3
410,231,18,1,1
410,537,19,1,2
410,286,20,1,1
411,323,1,3,3
411,284,2,3,4
411,158,3,3,3
411,407,4,3,2
411,532,5,3,2
411,206,6,3,1
411,333,7,3,3
411,468,8,3,3
411,305,9,3,0
411,537,10,3,2
411,141,11,3,1
411,229,12,3,4
411,501,13,3,1
411,185,14,3,0
411,418,15,3,3
411,582,16,3,2
411,393,17,3,3
411,257,18,3,2
411,548,19,3,3
411,103,20,3,3
412,257,1,0,2
412,338,2,0,3
412,225,3,0,0
412,230,4,0,0
412,104,5,0,4
412,229,6,0,4
412,79,7,0,4
412,81,8,0,1
412,30,9,0,0
412,385,10,0,0
412,185,11,0,0
412,548,12,0,3
412,70,13,0,0
412,25,14,0,0
412,112,15,0,2
412,490,16,0,0
412,235,17,0,0
412,206,18,0,1
412,273,19,0,3
412,393,20,0,3
413,164,1,2,4
413,225,2,2,0
413,332,3,2,2
413,327,4,2,2
413,393,5,2,3
413,104,6,2,4
413,537,7,2,2
413,548,8,2,3
413,206,9,2,1
413,99,10,2,4
413,377,11,2,2
413,62,12,2,2
413,295,13,2,0
413,141,14,2,1
413,583,15,2,3
413,310,16,2,0
413,257,17,2,2
413,569,18,2,4
413,591,19,2,1
413,242,20,2,2
414,534,1,4,4
414,329,2,4,4
414,47,3,4,2
414,242,4,4,2
414,25,5,4,0
414,597,6,4,2
414,185,7,4,0
414,548,8,4,3
414,164,9,4,4
414,265,10,4,0
414,359,11,4,4
414,219,12,4,4
414,338,13,4,3
414,149,14,4,4
414,591,15,4,1
414,401,16,4,1
414,7,17,4,2
414,104,18,4,4
414,206,19,4,1
414,569,20,4,4
415,285,1,4,0
415,14,2,4,4
415,257,3,4,2
415,513,4,4,3
415,244,5,4,4
415,305,6,4,0
415,361,7,4,1
415,393,8,4,3
415,569,9,4,4
415,164,10,4,4
415,302,11,4,2
415,284,12,4,4
415,12,13,4,2
415,597,14,4,2
415,61,15,4,1
415,338,16,4,3
415,104,17,4,4
415,149,18,4,4
415,548,19,4,3
415,537,20,4,2
416,163,1,3,3
416,528,2,3,3
416,483,3,3,3
416,413,4,3,3
416,25,5,3,0
416,511,6,3,1
416,535,7,3,0
416,185,8,3,0
416,543,9,3,3
416,393,10,3,3
416,158,11,3,3
416,228,12,3,3
416,485,13,3,0
416,338,14,3,3
416,225,15,3,0
416,104,16,3,4
416,103,17,3,3
416,548,18,3,3
416,63,19,3,3
416,229,20,3,4
417,485,1,4,0
417,149,2,4,4
417,274,3,4,4
417,104,4,4,4
417,338,5,4,3
417,77,6,4,2
417,103,7,4,3
417,229,8,4,4
417,434,9,4,4
417,327,10,4,2
417,597,11,4,2
417,548,12,4,3
417,47,13,4,2
417,79,14,4,4
417,466,15,4,1
417,69,16,4,4
417,164,17,4,4
417,569,18,4,4
417,257,19,4,2
417,141,20,4,1
418,425,1,0,0
418,455,2,0,0
418,536,3,0,1
418,338,4,0,3
418,295,5,0,0
418,104,6,0,4
418,185,7,0,0
418,355,8,0,0
418,301,9,0,1
418,164,10,0,4
418,286,11,0,1
418,353,12,0,3
418,72,13,0,2
418,2,14,0,2
418,597,15,0,2
418,103,16,0,3
418,268,17,0,3
418,80,18,0,0
418,565,19,0,0
418,219,20,0,4
419,411,1,1,1
419,377,2,1,2
419,501,3,1,1
419,576,4,1,1
419,206,5,1,1
419,359,6,1,4
419,298,7,1,3
419,257,8,1,2
419,416,9,1,1
419,25,10,1,0
419,104,11,1,4
419,185,12,1,0
419,591,13,1,1
419,231,14,1,1
419,548,15,1,3
419,537,16,1,2
419,103,17,1,3
419,116,18,1,1
419,121,19,1,1
419,71,20,1,1
420,257,1,0,2
420,225,2,0,0
420,206,3,0,1
420,395,4,0,0
420,61,5,0,1
420,104,6,0,4
420,552,7,0,2
420,242,8,0,2
420,185,9,0,0
420,150,10,0,0
420,548,11,0,3
420,25,12,0,0
420,124,13,0,4
420,164,14,0,4
420,338,15,0,3
420,284,16,0,4
420,295,17,0,0
420,110,18,0,0
420,355,19,0,0
420,100,20,0,0
421,507,1,2,2
421,103,2,2,3
421,429,3,2,4
421,42,4,2,2
421,503,5,2,3
421,372,6,2,2
421,257,7,2,2
421,413,8,2,3
421,185,9,2,0
421,25,10,2,0
421,537,11,2,2
421,45,12,2,0
421,72,13,2,2
421,21,14,2,1
421,206,15,2,1
421,548,16,2,3
421,439,17,2,4
421,104,18,2,4
421,582,19,2,2
421,597,20,2,2
422,257,1,1,2
422,171,2,1,1
422,116,3,1,1
422,141,4,1,1
422,582,5,1,2
422,242,6,1,2
422,149,7,1,4
422,104,8,1,4
422,72,9,1,2
422,444,10,1,4
422,164,11,1,4
422,511,12,1,1
422,537,13,1,2
422,501,14,1,1
422,466,15,1,1
422,206,16,1,1
422,25,17,1,0
422,185,18,1,0
422,597,19,1,2
422,178,20,1,3
423,569,1,3,4
423,295,2,3,0
423,361,3,3,1
423,433,4,3,3
423,81,5,3,1
423,466,6,3,1
423,548,7,3,3
423,257,8,3,2
423,163,9,3,3
423,103,10,3,3
423,170,11,3,0
423,488,12,3,3
423,503,13,3,3
423,185,14,3,0
423,412,15,3,2
423,7,16,3,2
423,78,17,3,3
423,327,18,3,2
423,589,19,3,4
423,331,20,3,1
424,275,1,4,0
424,537,2,4,2
424,501,3,4,1
424,597,4,4,2
424,352,5,4,2
424,225,6,4,0
424,79,7,4,4
424,257,8,4,2
424,549,9,4,4
424,548,10,4,3
424,355,11,4,0
424,99,12,4,4
424,206,13,4,1
424,104,14,4,4
424,164,15,4,4
424,62,16,4,2
424,284,17,4,4
424,116,18,4,1
424,302,19,4,2
424,569,20,4,4
425,235,1,4,0
425,257,2,4,2
425,260,3,4,0
425,284,4,4,4
425,164,5,4,4
425,152,6,4,2
425,124,7,4,4
425,380,8,4,0
425,239,9,4,4
425,104,10,4,4
425,170,11,4,0
425,99,12,4,4
425,503,13,4,3
425,359,14,4,4
425,537,15,4,2
425,548,16,4,3
425,185,17,4,0
425,576,18,4,1
425,28,19,4,3
425,361,20,4,1
426,93,1,0,3
426,428,2,0,3
426,342,3,0,2
426,163,4,0,3
426,121,5,0,1
426,393,6,0,3
426,565,7,0,0
426,206,8,0,1
426,330,9,0,0
426,40,10,0,0
426,150,11,0,0
426,225,12,0,0
426,170,13,0,0
426,548,14,0,3
426,435,15,0,0
426,501,16,0,1
426,185,17,0,0
426,361,18,0,1
426,178,19,0,3
426,365,20,0,0
427,257,1,2,2
427,216,2,2,1
427,433,3,2,3
427,537,4,2,2
427,597,5,2,2
427,164,6,2,4
427,142,7,2,2
427,7,8,2,2
427,242,9,2,2
427,225,10,2,0
427,468,11,2,3
427,103,12,2,3
427,359,13,2,4
427,416,14,2,1
427,364,15,2,4
427,4,16,2,4
427,327,17,2,2
427,206,18,2,1
427,104,19,2,4
427,305,20,2,0
428,206,1,2,1
428,146,2,2,1
428,219,3,2,4
428,576,4,2,1
428,359,5,2,4
428,141,6,2,1
428,426,7,2,1
428,257,8,2,2
428,255,9,2,0
428,537,10,2,2
428,10,11,2,0
428,320,12,2,0
428,185,13,2,0
428,548,14,2,3
428,597,15,2,2
428,25,16,2,0
428,569,17,2,4
428,545,18,2,0
428,242,19,2,2
428,543,20,2,3
429,3,1,3,3
429,150,2,3,0
429,2,3,3,2
429,361,4,3,1
429,206,5,3,1
429,338,6,3,3
429,393,7,3,3
429,257,8,3,2
429,359,9,3,4
429,295,10,3,0
429,141,11,3,1
429,103,12,3,3
429,78,13,3,3
429,164,14,3,4
429,354,15,3,4
429,398,16,3,3
429,185,17,3,0
429,548,18,3,3
429,104,19,3,4
429,25,20,3,0
430,548,1,1,3
430,393,2,1,3
430,49,3,1,4
430,371,4,1,1
430,466,5,1,1
430,306,6,1,1
430,51,7,1,1
430,381,8,1,1
430,206,9,1,1
430,384,10,1,4
430,451,11,1,1
430,104,12,1,4
430,416,13,1,1
430,585,14,1,0
430,248,15,1,3
430,257,16,1,2
430,150,17,1,0
430,164,18,1,4
430,361,19,1,1
430,25,20,1,0
431,371,1,1,1
431,384,2,1,4
431,33,3,1,3
431,25,4,1,0
431,431,5,1,1
431,185,6,1,0
431,235,7,1,0
431,548,8,1,3
431,150,9,1,0
431,103,10,1,3
431,10,11,1,0
431,51,12,1,1
431,569,13,1,4
431,206,14,1,1
431,338,15,1,3
431,251,16,1,1
431,301,17,1,1
431,537,18,1,2
431,305,19,1,0
431,146,20,1,1
432,522,1,2,2
432,413,2,2,3
432,170,3,2,0
432,185,4,2,0
432,164,5,2,4
432,81,6,2,1
432,47,7,2,2
432,342,8,2,2
432,103,9,2,3
432,242,10,2,2
432,194,11,2,4
432,206,12,2,1
432,307,13,2,2
432,529,14,2,4
432,257,15,2,2
432,22,16,2,2
432,582,17,2,2
432,576,18,2,1
432,338,19,2,3
432,548,20,2,3
433,561,1,4,1
433,257,2,4,2
433,206,3,4,1
433,431,4,4,1
433,25,5,4,0
433,549,6,4,4
433,362,7,4,2
433,242,8,4,2
433,419,9,4,4
433,107,10,4,2
433,94,11,4,4
433,103,12,4,3
433,582,13,4,2
433,99,14,4,4
433,359,15,4,4
433,185,16,4,0
433,384,17,4,4
433,104,18,4,4
433,229,19,4,4
433,345,20,4,0
434,433,1,3,3
434,103,2,3,3
434,471,3,3,1
434,448,4,3,3
434,141,5,3,1
434,242,6,3,2
434,228,7,3,3
434,257,8,3,2
434,569,9,3,4
434,158,10,3,3
434,393,11,3,3
434,206,12,3,1
434,327,13,3,2
434,104,14,3,4
434,284,15,3,4
434,18,16,3,3
434,248,17,3,3
434,548,18,3,3
434,503,19,3,3
434,132,20,3,2
435,25,1,0,0
435,57,2,0,2
435,518,3,0,3
435,104,4,0,4
435,291,5,0,1
435,497,6,0,2
435,413,7,0,3
435,235,8,0,0
435,103,9,0,3
435,80,10,0,0
435,505,11,0,0
435,537,12,0,2
435,503,13,0,3
435,257,14,0,2
435,327,15,0,2
435,185,16,0,0
435,355,17,0,0
435,206,18,0,1
435,160,19,0,0
435,5,20,0,0
436,298,1,3,3
436,338,2,3,3
436,205,3,3,0
436,235,4,3,0
436,361,5,3,1
436,344,6,3,4
436,548,7,3,3
436,103,8,3,3
436,25,9,3,0
436,473,10,3,3
436,104,11,3,4
436,61,12,3,1
436,158,13,3,3
436,273,14,3,3
436,257,15,3,2
436,466,16,3,1
436,206,17,3,1
436,305,18,3,0
436,80,19,3,0
436,174,20,3,4
437,447,1,1,2
437,243,2,1,3
437,537,3,1,2
437,438,4,1,3
437,185,5,1,0
437,104,6,1,4
437,569,7,1,4
437,519,8,1,4
437,212,9,1,2
437,206,10,1,1
437,468,11,1,3
437,548,12,1,3
437,597,13,1,2
437,576,14,1,1
437,141,15,1,1
437,344,16,1,4
437,36,17,1,1
437,112,18,1,2
437,372,19,1,2
437,393,20,1,3
438,257,1,4,2
438,359,2,4,4
438,569,3,4,4
438,115,4,4,0
438,284,5,4,4
438,405,6,4,0
438,152,7,4,2
438,104,8,4,4
438,199,9,4,4
438,206,10,4,1
438,169,11,4,4
438,318,12,4,3
438,565,13,4,0
438,371,14,4,1
438,164,15,4,4
438,518,16,4,3
438,295,17,4,0
438,185,18,4,0
438,158,19,4,3
438,213,20,4,3
439,576,1,1,1
439,361,2,1,1
439,185,3,1,0
439,355,4,1,0
439,495,5,1,0
439,401,6,1,1
439,206,7,1,1
439,207,8,1,2
439,104,9,1,4
439,284,10,1,4
439,569,11,1,4
439,41,12,1,1
439,242,13,1,2
439,235,14,1,0
439,121,15,1,1
439,253,16,1,3
439,597,17,1,2
439,566,18,1,1
439,141,19,1,1
439,466,20,1,1
440,257,1,0,2
440,160,2,0,0
440,371,3,0,1
440,307,4,0,2
440,103,5,0,3
440,537,6,0,2
440,514,7,0,4
440,465,8,0,0
440,229,9,0,4
440,327,10,0,2
440,152,11,0,2
440,548,12,0,3
440,355,13,0,0
440,141,14,0,1
440,235,15,0,0
440,185,16,0,0
440,150,17,0,0
440,206,18,0,1
440,225,19,0,0
440,25,20,0,0
441,164,1,4,4
441,257,2,4,2
441,599,3,4,4
441,569,4,4,4
441,429,5,4,4
441,499,6,4,4
441,539,7,4,4
441,369,8,4,4
441,338,9,4,3
441,537,10,4,2
441,47,11,4,2
441,57,12,4,2
441,264,13,4,4
441,490,14,4,0
441,393,15,4,3
441,185,16,4,0
441,149,17,4,4
441,104,18,4,4
441,548,19,4,3
441,209,20,4,4
442,361,1,2,1
442,576,2,2,1
442,22,3,2,2
442,62,4,2,2
442,417,5,2,2
442,51,6,2,1
442,185,7,2,0
442,537,8,2,2
442,164,9,2,4
442,257,10,2,2
442,548,11,2,3
442,242,12,2,2
442,207,13,2,2
442,104,14,2,4
442,47,15,2,2
442,248,16,2,3
442,393,17,2,3
442,332,18,2,2
442,326,19,2,1
442,492,20,2,2
443,242,1,4,2
443,561,2,4,1
443,96,3,4,1
443,206,4,4,1
443,164,5,4,4
443,548,6,4,3
443,7,7,4,2
443,537,8,4,2
443,103,9,4,3
443,338,10,4,3
443,185,11,4,0
443,229,12,4,4
443,518,13,4,3
443,99,14,4,4
443,413,15,4,3
443,104,16,4,4
443,440,17,4,0
443,257,18,4,2
443,141,19,4,1
443,163,20,4,3
444,432,1,1,2
444,361,2,1,1
444,152,3,1,2
444,104,4,1,4
444,257,5,1,2
444,576,6,1,1
444,206,7,1,1
444,596,8,1,1
444,548,9,1,3
444,191,10,1,1
444,204,11,1,4
444,331,12,1,1
444,401,13,1,1
444,571,14,1,1
444,61,15,1,1
444,537,16,1,2
444,242,17,1,2
444,377,18,1,2
444,141,19,1,1
444,185,20,1,0
445,445,1,2,0
445,438,2,2,3
445,548,3,2,3
445,475,4,2,0
445,355,5,2,0
445,286,6,2,1
445,545,7,2,0
445,468,8,2,3
445,557,9,2,2
445,569,10,2,4
445,158,11,2,3
445,242,12,2,2
445,25,13,2,0
445,582,14,2,2
445,164,15,2,4
445,327,16,2,2
445,257,17,2,2
445,267,18,2,2
445,597,19,2,2
445,72,20,2,2
446,173,1,3,3
446,405,2,3,0
446,103,3,3,3
446,185,4,3,0
446,206,5,3,1
446,393,6,3,3
446,548,7,3,3
446,443,8,3,3
446,495,9,3,0
446,141,10,3,1
446,170,11,3,0
446,100,12,3,0
446,418,13,3,3
446,589,14,3,4
446,503,15,3,3
446,6,16,3,1
446,537,17,3,2
446,428,18,3,3
446,371,19,3,1
446,25,20,3,0
447,257,1,1,2
447,295,2,1,0
447,164,3,1,4
447,501,4,1,1
447,514,5,1,4
447,130,6,1,0
447,246,7,1,1
447,141,8,1,1
447,356,9,1,1
447,235,10,1,0
447,61,11,1,1
447,576,12,1,1
447,1,13,1,1
447,548,14,1,3
447,473,15,1,3
447,206,16,1,1
447,545,17,1,0
447,231,18,1,1
447,537,19,1,2
447,345,20,1,0
448,327,1,4,2
448,359,2,4,4
448,14,3,4,4
448,537,4,4,2
448,206,5,4,1
448,466,6,4,1
448,215,7,4,0
448,597,8,4,2
448,361,9,4,1
448,384,10,4,4
448,559,11,4,4
448,582,12,4,2
448,569,13,4,4
448,169,14,4,4
448,185,15,4,0
448,104,16,4,4
448,478,17,4,3
448,548,18,4,3
448,164,19,4,4
448,110,20,4,0
449,466,1,1,1
449,141,2,1,1
449,99,3,1,4
449,103,4,1,3
449,362,5,1,2
449,206,6,1,1
449,450,7,1,0
449,231,8,1,1
449,561,9,1,1
449,185,10,1,0
449,225,11,1,0
449,38,12,1,3
449,329,13,1,4
449,432,14,1,2
449,104,15,1,4
449,330,16,1,0
449,356,17,1,1
449,201,18,1,1
449,478,19,1,3
449,257,20,1,2
450,501,1,2,1
450,117,2,2,2
450,393,3,2,3
450,414,4,2,4
450,164,5,2,4
450,537,6,2,2
450,522,7,2,2
450,206,8,2,1
450,582,9,2,2
450,104,10,2,4
450,72,11,2,2
450,327,12,2,2
450,192,13,2,2
450,433,14,2,3
450,257,15,2,2
450,597,16,2,2
450,584,17,2,4
450,185,18,2,0
450,243,19,2,3
450,47,20,2,2
451,514,1,4,4
451,149,2,4,4
451,501,3,4,1
451,30,4,4,0
451,548,5,4,3
451,164,6,4,4
451,503,7,4,3
451,185,8,4,0
451,569,9,4,4
451,229,10,4,4
451,478,11,4,3
451,392,12,4,2
451,443,13,4,3
451,206,14,4,1
451,284,15,4,4
451,242,16,4,2
451,104,17,4,4
451,47,18,4,2
451,362,19,4,2
451,170,20,4,0
452,107,1,1,2
452,25,2,1,0
452,556,3,1,1
452,206,4,1,1
452,104,5,1,4
452,529,6,1,4
452,61,7,1,1
452,141,8,1,1
452,185,9,1,0
452,416,10,1,1
452,537,11,1,2
452,34,12,1,4
452,548,13,1,3
452,101,14,1,1
452,479,15,1,4
452,466,16,1,1
452,116,17,1,1
452,353,18,1,3
452,438,19,1,3
452,361,20,1,1
453,53,1,3,3
453,548,2,3,3
453,242,3,3,2
453,393,4,3,3
453,350,5,3,0
453,206,6,3,1
453,104,7,3,4
453,338,8,3,3
453,178,9,3,3
453,185,10,3,0
453,428,11,3,3
453,257,12,3,2
453,537,13,3,2
453,164,14,3,4
453,413,15,3,3
453,468,16,3,3
453,138,17,3,3
453,146,18,3,1
453,25,19,3,0
453,273,20,3,3
454,591,1,1,1
454,421,2,1,1
454,170,3,1,0
454,191,4,1,1
454,557,5,1,2
454,548,6,1,3
454,466,7,1,1
454,192,8,1,2
454,361,9,1,1
454,25,10,1,0
454,506,11,1,1
454,141,12,1,1
454,161,13,1,1
454,101,14,1,1
454,150,15,1,0
454,185,16,1,0
454,206,17,1,1
454,501,18,1,1
454,131,19,1,1
454,576,20,1,1
455,242,1,4,2
455,50,2,4,0
455,345,3,4,0
455,185,4,4,0
455,429,5,4,4
455,576,6,4,1
455,164,7,4,4
455,170,8,4,0
455,104,9,4,4
455,295,10,4,0
455,204,11,4,4
455,99,12,4,4
455,257,13,4,2
455,469,14,4,4
455,25,15,4,0
455,284,16,4,4
455,548,17,4,3
455,141,18,4,1
455,594,19,4,4
455,14,20,4,4
456,185,1,4,0
456,158,2,4,3
456,225,3,4,0
456,362,4,4,2
456,329,5,4,4
456,164,6,4,4
456,104,7,4,4
456,169,8,4,4
456,170,9,4,0
456,414,10,4,4
456,576,11,4,1
456,25,12,4,0
456,8,13,4,3
456,257,14,4,2
456,160,15,4,0
456,267,16,4,2
456,47,17,4,2
456,416,18,4,1
456,594,19,4,4
456,57,20,4,2
457,164,1,4,4
457,463,2,4,3
457,257,3,4,2
457,74,4,4,4
457,384,5,4,4
457,206,6,4,1
457,503,7,4,3
457,185,8,4,0
457,104,9,4,4
457,229,10,4,4
457,464,11,4,4
457,548,12,4,3
457,149,13,4,4
457,192,14,4,2
457,501,15,4,1
457,71,16,4,1
457,359,17,4,4
457,569,18,4,4
457,103,19,4,3
457,330,20,4,0
458,221,1,3,1
458,353,2,3,3
458,107,3,3,2
458,302,4,3,2
458,104,5,3,4
458,329,6,3,4
458,196,7,3,1
458,548,8,3,3
458,243,9,3,3
458,47,10,3,2
458,361,11,3,1
458,103,12,3,3
458,141,13,3,1
458,393,14,3,3
458,338,15,3,3
458,327,16,3,2
458,537,17,3,2
458,41,18,3,1
458,597,19,3,2
458,116,20,3,1
459,393,1,0,3
459,295,2,0,0
459,150,3,0,0
459,548,4,0,3
459,103,5,0,3
459,359,6,0,4
459,508,7,0,3
459,104,8,0,4
459,206,9,0,1
459,225,10,0,0
459,185,11,0,0
459,274,12,0,4
459,466,13,0,1
459,333,14,0,3
459,473,15,0,3
459,81,16,0,1
459,257,17,0,2
459,61,18,0,1
459,47,19,0,2
459,164,20,0,4
460,85,1,0,0
460,284,2,0,4
460,206,3,0,1
460,72,4,0,2
460,65,5,0,0
460,149,6,0,4
460,569,7,0,4
460,178,8,0,3
460,228,9,0,3
460,359,10,0,4
460,355,11,0,0
460,257,12,0,2
460,586,13,0,1
460,548,14,0,3
460,273,15,0,3
460,47,16,0,2
460,330,17,0,0
460,185,18,0,0
460,170,19,0,0
460,560,20,0,0
461,7,1,0,2
461,327,2,0,2
461,104,3,0,4
461,315,4,0,0
461,305,5,0,0
461,466,6,0,1
461,257,7,0,2
461,418,8,0,3
461,145,9,0,0
461,430,10,0,0
461,100,11,0,0
461,338,12,0,3
461,295,13,0,0
461,324,14,0,4
461,355,15,0,0
461,158,16,0,3
461,225,17,0,0
461,455,18,0,0
461,413,19,0,3
461,185,20,0,0
462,552,1,2,2
462,225,2,2,0
462,7,3,2,2
462,47,4,2,2
462,468,5,2,3
462,50,6,2,0
462,204,7,2,4
462,242,8,2,2
462,164,9,2,4
462,80,10,2,0
462,185,11,2,0
462,104,12,2,4
462,36,13,2,1
462,257,14,2,2
462,57,15,2,2
462,127,16,2,2
462,163,17,2,3
462,206,18,2,1
462,112,19,2,2
462,597,20,2,2
463,464,1,4,4
463,163,2,4,3
463,468,3,4,3
463,34,4,4,4
463,225,5,4,0
463,185,6,4,0
463,514,7,4,4
463,366,8,4,1
463,466,9,4,1
463,17,10,4,2
463,359,11,4,4
463,548,12,4,3
463,503,13,4,3
463,257,14,4,2
463,336,15,4,1
463,164,16,4,4
463,104,17,4,4
463,169,18,4,4
463,25,19,4,0
463,508,20,4,3
464,286,1,2,1
464,222,2,2,2
464,537,3,2,2
464,185,4,2,0
464,327,5,2,2
464,329,6,2,4
464,57,7,2,2
464,86,8,2,1
464,305,9,2,0
464,347,10,2,2
464,257,11,2,2
464,548,12,2,3
464,597,13,2,2
464,346,14,2,1
464,466,15,2,1
464,213,16,2,3
464,22,17,2,2
464,277,18,2,2
464,569,19,2,4
464,103,20,2,3
465,295,1,3,0
465,274,2,3,4
465,464,3,3,4
465,363,4,3,3
465,170,5,3,0
465,47,6,3,2
465,529,7,3,4
465,243,8,3,3
465,548,9,3,3
465,104,10,3,4
465,149,11,3,4
465,164,12,3,4
465,103,13,3,3
465,284,14,3,4
465,242,15,3,2
465,427,16,3,2
465,338,17,3,3
465,257,18,3,2
465,339,19,3,4
465,206,20,3,1
466,362,1,2,2
466,552,2,2,2
466,345,3,2,0
466,257,4,2,2
466,242,5,2,2
466,464,6,2,4
466,206,7,2,1
466,227,8,2,2
466,80,9,2,0
466,217,10,2,2
466,158,11,2,3
466,101,12,2,1
466,25,13,2,0
466,537,14,2,2
466,576,15,2,1
466,22,16,2,2
466,548,17,2,3
466,557,18,2,2
466,47,19,2,2
466,7,20,2,2
467,569,1,1,4
467,257,2,1,2
467,582,3,1,2
467,164,4,1,4
467,185,5,1,0
467,141,6,1,1
467,25,7,1,0
467,235,8,1,0
467,597,9,1,2
467,178,10,1,3
467,135,11,1,0
467,561,12,1,1
467,196,13,1,1
467,416,14,1,1
467,10,15,1,0
467,61,16,1,1
467,361,17,1,1
467,206,18,1,1
467,501,19,1,1
467,104,20,1,4
468,164,1,0,4
468,331,2,0,1
468,361,3,0,1
468,110,4,0,0
468,355,5,0,0
468,235,6,0,0
468,257,7,0,2
468,463,8,0,3
468,400,9,0,0
468,548,10,0,3
468,170,11,0,0
468,537,12,0,2
468,61,13,0,1
468,229,14,0,4
468,185,15,0,0
468,225,16,0,0
468,466,17,0,1
468,465,18,0,0
468,57,19,0,2
468,206,20,0,1
469,185,1,4,0
469,359,2,4,4
469,529,3,4,4
469,284,4,4,4
469,104,5,4,4
469,416,6,4,1
469,537,7,4,2
469,199,8,4,4
469,206,9,4,1
469,99,10,4,4
469,242,11,4,2
469,559,12,4,4
469,569,13,4,4
469,149,14,4,4
469,459,15,4,4
469,548,16,4,3
469,96,17,4,1
469,103,18,4,3
469,434,19,4,4
469,355,20,4,0
470,594,1,4,4
470,359,2,4,4
470,184,3,4,4
470,206,4,4,1
470,356,5,4,1
470,264,6,4,4
470,179,7,4,4
470,548,8,4,3
470,528,9,4,3
470,164,10,4,4
470,104,11,4,4
470,278,12,4,3
470,439,13,4,4
470,433,14,4,3
470,338,15,4,3
470,503,16,4,3
470,368,17,4,3
470,160,18,4,0
470,257,19,4,2
470,81,20,4,1
471,597,1,3,2
471,435,2,3,0
471,361,3,3,1
471,434,4,3,4
471,25,5,3,0
471,248,6,3,3
471,170,7,3,0
471,100,8,3,0
471,529,9,3,4
471,114,10,3,4
471,393,11,3,3
471,503,12,3,3
471,225,13,3,0
471,104,14,3,4
471,383,15,3,3
471,206,16,3,1
471,501,17,3,1
471,548,18,3,3
471,116,19,3,1
471,103,20,3,3
472,103,1,1,3
472,25,2,1,0
472,511,3,1,1
472,196,4,1,1
472,576,5,1,1
472,266,6,1,1
472,257,7,1,2
472,141,8,1,1
472,353,9,1,3
472,462,10,1,2
472,80,11,1,0
472,86,12,1,1
472,116,13,1,1
472,206,14,1,1
472,361,15,1,1
472,416,16,1,1
472,104,17,1,4
472,242,18,1,2
472,225,19,1,0
472,406,20,1,1
473,257,1,2,2
473,338,2,2,3
473,78,3,2,3
473,359,4,2,4
473,185,5,2,0
473,597,6,2,2
473,22,7,2,2
473,227,8,2,2
473,355,9,2,0
473,301,10,2,1
473,569,11,2,4
473,339,12,2,4
473,467,13,2,2
473,327,14,2,2
473,141,15,2,1
473,537,16,2,2
473,302,17,2,2
473,548,18,2,3
473,104,19,2,4
473,14,20,2,4
474,379,1,4,4
474,242,2,4,2
474,208,3,4,3
474,185,4,4,0
474,164,5,4,4
474,104,6,4,4
474,103,7,4,3
474,141,8,4,1
474,338,9,4,3
474,264,10,4,4
474,206,11,4,1
474,149,12,4,4
474,229,13,4,4
474,284,14,4,4
474,257,15,4,2
474,548,16,4,3
474,0,17,4,0
474,413,18,4,3
474,509,19,4,4
474,359,20,4,4
475,411,1,2,1
475,3,2,2,3
475,597,3,2,2
475,47,4,2,2
475,269,5,2,4
475,275,6,2,0
475,416,7,2,1
475,284,8,2,4
475,227,9,2,2
475,152,10,2,2
475,104,11,2,4
475,107,12,2,2
475,185,13,2,0
475,22,14,2,2
475,405,15,2,0
475,206,16,2,1
475,537,17,2,2
475,164,18,2,4
475,61,19,2,1
475,257,20,2,2
476,132,1,2,2
476,503,2,2,3
476,206,3,2,1
476,303,4,2,3
476,355,5,2,0
476,185,6,2,0
476,359,7,2,4
476,22,8,2,2
476,466,9,2,1
476,58,10,2,3
476,327,11,2,2
476,150,12,2,0
476,242,13,2,2
476,597,14,2,2
476,257,15,2,2
476,367,16,2,2
476,85,17,2,0
476,537,18,2,2
476,104,19,2,4
476,548,20,2,3
477,206,1,1,1
477,466,2,1,1
477,496,3,1,1
477,406,4,1,1
477,141,5,1,1
477,450,6,1,0
477,591,7,1,1
477,354,8,1,4
477,104,9,1,4
477,471,10,1,1
477,543,11,1,3
477,305,12,1,0
477,501,13,1,1
477,229,14,1,4
477,103,15,1,3
477,166,16,1,1
477,164,17,1,4
477,361,18,1,1
477,433,19,1,3
477,548,20,1,3
478,594,1,4,4
478,471,2,4,1
478,206,3,4,1
478,435,4,4,0
478,384,5,4,4
478,262,6,4,2
478,228,7,4,3
478,170,8,4,0
478,377,9,4,2
478,257,10,4,2
478,104,11,4,4
478,149,12,4,4
478,164,13,4,4
478,393,14,4,3
478,503,15,4,3
478,7,16,4,2
478,284,17,4,4
478,569,18,4,4
478,160,19,4,0
478,225,20,4,0
479,393,1,4,3
479,417,2,4,2
479,505,3,4,0
479,242,4,4,2
479,164,5,4,4
479,206,6,4,1
479,36,7,4,1
479,398,8,4,3
479,569,9,4,4
479,284,10,4,4
479,330,11,4,0
479,359,12,4,4
479,384,13,4,4
479,174,14,4,4
479,99,15,4,4
479,104,16,4,4
479,548,17,4,3
479,25,18,4,0
479,257,19,4,2
479,358,20,4,3
480,230,1,0,0
480,145,2,0,0
480,499,3,0,4
480,548,4,0,3
480,110,5,0,0
480,361,6,0,1
480,257,7,0,2
480,164,8,0,4
480,355,9,0,0
480,185,10,0,0
480,170,11,0,0
480,25,12,0,0
480,225,13,0,0
480,67,14,0,2
480,160,15,0,0
480,15,16,0,0
480,104,17,0,4
480,47,18,0,2
480,501,19,0,1
480,231,20,0,1
481,231,1,0,1
481,177,2,0,2
481,548,3,0,3
481,185,4,0,0
481,433,5,0,3
481,174,6,0,4
481,206,7,0,1
481,0,8,0,0
481,576,9,0,1
481,247,10,0,2
481,47,11,0,2
481,579,12,0,4
481,295,13,0,0
481,158,14,0,3
481,380,15,0,0
481,7,16,0,2
481,141,17,0,1
481,257,18,0,2
481,104,19,0,4
481,110,20,0,0
482,156,1,4,1
482,466,2,4,1
482,284,3,4,4
482,359,4,4,4
482,257,5,4,2
482,576,6,4,1
482,514,7,4,4
482,433,8,4,3
482,225,9,4,0
482,597,10,4,2
482,537,11,4,2
482,104,12,4,4
482,185,13,4,0
482,338,14,4,3
482,169,15,4,4
482,49,16,4,4
482,72,17,4,2
482,45,18,4,0
482,430,19,4,0
482,15,20,4,0
483,501,1,1,1
483,185,2,1,0
483,466,3,1,1
483,268,4,1,3
483,37,5,1,2
483,206,6,1,1
483,99,7,1,4
483,503,8,1,3
483,355,9,1,0
483,104,10,1,4
483,42,11,1,2
483,116,12,1,1
483,569,13,1,4
483,338,14,1,3
483,384,15,1,4
483,537,16,1,2
483,546,17,1,1
483,277,18,1,2
483,377,19,1,2
483,361,20,1,1
484,104,1,4,4
484,206,2,4,1
484,548,3,4,3
484,174,4,4,4
484,582,5,4,2
484,229,6,4,4
484,569,7,4,4
484,103,8,4,3
484,164,9,4,4
484,42,10,4,2
484,25,11,4,0
484,284,12,4,4
484,394,13,4,4
484,534,14,4,4
484,257,15,4,2
484,273,16,4,3
484,170,17,4,0
484,116,18,4,1
484,450,19,4,0
484,354,20,4,4
485,361,1,2,1
485,61,2,2,1
485,367,3,2,2
485,587,4,2,2
485,500,5,2,0
485,62,6,2,2
485,597,7,2,2
485,167,8,2,2
485,185,9,2,0
485,586,10,2,1
485,546,11,2,1
485,99,12,2,4
485,257,13,2,2
485,169,14,2,4
485,477,15,2,2
485,237,16,2,2
485,537,17,2,2
485,164,18,2,4
485,72,19,2,2
485,166,20,2,1
486,104,1,0,4
486,160,2,0,0
486,246,3,0,1
486,206,4,0,1
486,25,5,0,0
486,570,6,0,0
486,130,7,0,0
486,548,8,0,3
486,503,9,0,3
486,185,10,0,0
486,242,11,0,2
486,580,12,0,0
486,13,13,0,3
486,269,14,0,4
486,468,15,0,3
486,235,16,0,0
486,295,17,0,0
486,576,18,0,1
486,150,19,0,0
486,141,20,0,1
487,355,1,0,0
487,206,2,0,1
487,503,3,0,3
487,164,4,0,4
487,353,5,0,3
487,510,6,0,0
487,21,7,0,1
487,40,8,0,0
487,330,9,0,0
487,160,10,0,0
487,25,11,0,0
487,242,12,0,2
487,104,13,0,4
487,230,14,0,0
487,170,15,0,0
487,225,16,0,0
487,548,17,0,3
487,471,18,0,1
487,379,19,0,4
487,229,20,0,4
488,206,1,2,1
488,325,2,2,0
488,257,3,2,2
488,152,4,2,2
488,141,5,2,1
488,103,6,2,3
488,185,7,2,0
488,199,8,2,4
488,242,9,2,2
488,211,10,2,1
488,267,11,2,2
488,25,12,2,0
488,278,13,2,3
488,537,14,2,2
488,104,15,2,4
488,417,16,2,2
488,47,17,2,2
488,597,18,2,2
488,164,19,2,4
488,361,20,2,1
489,185,1,0,0
489,3,2,0,3
489,434,3,0,4
489,330,4,0,0
489,25,5,0,0
489,72,6,0,2
489,141,7,0,1
489,104,8,0,4
489,327,9,0,2
489,110,10,0,0
489,206,11,0,1
489,164,12,0,4
489,257,13,0,2
489,152,14,0,2
489,509,15,0,4
489,220,16,0,0
489,548,17,0,3
489,568,18,0,3
489,329,19,0,4
489,430,20,0,0
490,170,1,3,0
490,36,2,3,1
490,158,3,3,3
490,433,4,3,3
490,356,5,3,1
490,338,6,3,3
490,468,7,3,3
490,548,8,3,3
490,104,9,3,4
490,206,10,3,1
490,185,11,3,0
490,537,12,3,2
490,323,13,3,3
490,7,14,3,2
490,235,15,3,0
490,243,16,3,3
490,257,17,3,2
490,295,18,3,0
490,423,19,3,3
490,103,20,3,3
491,537,1,1,2
491,206,2,1,1
491,104,3,1,4
491,111,4,1,1
491,257,5,1,2
491,416,6,1,1
491,361,7,1,1
491,141,8,1,1
491,285,9,1,0
491,307,10,1,2
491,164,11,1,4
491,71,12,1,1
491,47,13,1,2
491,170,14,1,0
491,359,15,1,4
491,548,16,1,3
491,405,17,1,0
491,7,18,1,2
491,351,19,1,1
491,103,20,1,3
492,576,1,4,1
492,274,2,4,4
492,304,3,4,4
492,189,4,4,4
492,355,5,4,0
492,329,6,4,4
492,205,7,4,0
492,456,8,4,1
492,149,9,4,4
492,158,10,4,3
492,152,11,4,2
492,164,12,4,4
492,569,13,4,4
492,492,14,4,2
492,363,15,4,3
492,257,16,4,2
492,349,17,4,4
492,25,18,4,0
492,104,19,4,4
492,548,20,4,3
493,178,1,4,3
493,103,2,4,3
493,548,3,4,3
493,285,4,4,0
493,361,5,4,1
493,22,6,4,2
493,179,7,4,4
493,236,8,4,1
493,529,9,4,4
493,98,10,4,3
493,422,11,4,2
493,284,12,4,4
493,104,13,4,4
493,14,14,4,4
493,412,15,4,2
493,185,16,4,0
493,355,17,4,0
493,164,18,4,4
493,244,19,4,4
493,257,20,4,2
494,199,1,0,4
494,315,2,0,0
494,29,3,0,4
494,325,4,0,0
494,25,5,0,0
494,101,6,0,1
494,300,7,0,0
494,225,8,0,0
494,150,9,0,0
494,242,10,0,2
494,185,11,0,0
494,466,12,0,1
494,257,13,0,2
494,103,14,0,3
494,104,15,0,4
494,548,16,0,3
494,295,17,0,0
494,576,18,0,1
494,99,19,0,4
494,275,20,0,0
495,393,1,3,3
495,170,2,3,0
495,292,3,3,2
495,353,4,3,3
495,548,5,3,3
495,338,6,3,3
495,257,7,3,2
495,480,8,3,0
495,164,9,3,4
495,597,10,3,2
495,576,11,3,1
495,103,12,3,3
495,483,13,3,3
495,410,14,3,0
495,478,15,3,3
495,104,16,3,4
495,503,17,3,3
495,185,18,3,0
495,206,19,3,1
495,408,20,3,3
496,361,1,1,1
496,257,2,1,2
496,327,3,1,2
496,325,4,1,0
496,186,5,1,1
496,185,6,1,0
496,36,7,1,1
496,377,8,1,2
496,305,9,1,0
496,141,10,1,1
496,96,11,1,1
496,101,12,1,1
496,569,13,1,4
496,104,14,1,4
496,466,15,1,1
496,103,16,1,3
496,435,17,1,0
496,548,18,1,3
496,501,19,1,1
496,206,20,1,1
497,47,1,3,2
497,246,2,3,1
497,158,3,3,3
497,369,4,3,4
497,557,5,3,2
497,573,6,3,3
497,393,7,3,3
497,141,8,3,1
497,36,9,3,1
497,253,10,3,3
497,93,11,3,3
497,57,12,3,2
497,195,13,3,0
497,327,14,3,2
497,548,15,3,3
497,85,16,3,0
497,257,17,3,2
497,103,18,3,3
497,302,19,3,2
497,597,20,3,2
498,339,1,2,4
498,206,2,2,1
498,47,3,2,2
498,582,4,2,2
498,160,5,2,0
498,257,6,2,2
498,327,7,2,2
498,117,8,2,2
498,25,9,2,0
498,2,10,2,2
498,104,11,2,4
498,362,12,2,2
498,152,13,2,2
498,548,14,2,3
498,597,15,2,2
498,61,16,2,1
498,537,17,2,2
498,353,18,2,3
498,580,19,2,0
498,393,20,2,3
499,425,1,1,0
499,231,2,1,1
499,393,3,1,3
499,104,4,1,4
499,225,5,1,0
499,503,6,1,3
499,361,7,1,1
499,141,8,1,1
499,25,9,1,0
499,353,10,1,3
499,346,11,1,1
499,206,12,1,1
499,221,13,1,1
499,501,14,1,1
499,257,15,1,2
499,597,16,1,2
499,329,17,1,4
499,466,18,1,1
499,316,19,1,1
499,57,20,1,2
500,268,1,3,3
500,257,2,3,2
500,148,3,3,3
500,164,4,3,4
500,548,5,3,3
500,471,6,3,1
500,158,7,3,3
500,193,8,3,3
500,225,9,3,0
500,455,10,3,0
500,416,11,3,1
500,393,12,3,3
500,185,13,3,0
500,231,14,3,1
500,206,15,3,1
500,25,16,3,0
500,503,17,3,3
500,104,18,3,4
500,170,19,3,0
500,293,20,3,3
501,465,1,0,0
501,185,2,0,0
501,170,3,0,0
501,104,4,0,4
501,597,5,0,2
501,295,6,0,0
501,257,7,0,2
501,7,8,0,2
501,199,9,0,4
501,594,10,0,4
501,204,11,0,4
501,25,12,0,0
501,141,13,0,1
501,434,14,0,4
501,537,15,0,2
501,582,16,0,2
501,433,17,0,3
501,168,18,0,3
501,285,19,0,0
501,576,20,0,1
502,334,1,4,4
502,170,2,4,0
502,584,3,4,4
502,99,4,4,4
502,25,5,4,0
502,394,6,4,4
502,153,7,4,3
502,548,8,4,3
502,164,9,4,4
502,384,10,4,4
502,392,11,4,2
502,393,12,4,3
502,569,13,4,4
502,63,14,4,3
502,206,15,4,1
502,252,16,4,2
502,104,17,4,4
502,141,18,4,1
502,514,19,4,4
502,14,20,4,4
503,444,1,4,4
503,72,2,4,2
503,14,3,4,4
503,359,4,4,4
503,393,5,4,3
503,124,6,4,4
503,257,7,4,2
503,61,8,4,1
503,34,9,4,4
503,103,10,4,3
503,334,11,4,4
503,164,12,4,4
503,104,13,4,4
503,471,14,4,1
503,206,15,4,1
503,384,16,4,4
503,569,17,4,4
503,47,18,4,2
503,284,19,4,4
503,501,20,4,1
504,355,1,2,0
504,465,2,2,0
504,242,3,2,2
504,25,4,2,0
504,338,5,2,3
504,238,6,2,3
504,582,7,2,2
504,104,8,2,4
504,187,9,2,2
504,47,10,2,2
504,476,11,2,1
504,225,12,2,0
504,537,13,2,2
504,514,14,2,4
504,257,15,2,2
504,359,16,2,4
504,424,17,2,4
504,445,18,2,0
504,548,19,2,3
504,117,20,2,2
505,339,1,4,4
505,537,2,4,2
505,185,3,4,0
505,499,4,4,4
505,89,5,4,4
505,399,6,4,4
505,435,7,4,0
505,170,8,4,0
505,359,9,4,4
505,576,10,4,1
505,548,11,4,3
505,257,12,4,2
505,104,13,4,4
505,25,14,4,0
505,274,15,4,4
505,393,16,4,3
505,284,17,4,4
505,597,18,4,2
505,229,19,4,4
505,149,20,4,4
506,50,1,2,0
506,103,2,2,3
506,437,3,2,2
506,7,4,2,2
506,104,5,2,4
506,47,6,2,2
506,110,7,2,0
506,257,8,2,2
506,327,9,2,2
506,549,10,2,4
506,206,11,2,1
506,597,12,2,2
506,242,13,2,2
506,394,14,2,4
506,522,15,2,2
506,231,16,2,1
506,537,17,2,2
506,147,18,2,2
506,141,19,2,1
506,94,20,2,4
507,5,1,3,0
507,327,2,3,2
507,72,3,3,2
507,468,4,3,3
507,191,5,3,1
507,78,6,3,3
507,453,7,3,3
507,128,8,3,3
507,225,9,3,0
507,548,10,3,3
507,503,11,3,3
507,206,12,3,1
507,448,13,3,3
507,393,14,3,3
507,338,15,3,3
507,543,16,3,3
507,185,17,3,0
507,103,18,3,3
507,537,19,3,2
507,104,20,3,4
508,424,1,4,4
508,67,2,4,2
508,338,3,4,3
508,34,4,4,4
508,569,5,4,4
508,548,6,4,3
508,79,7,4,4
508,257,8,4,2
508,164,9,4,4
508,537,10,4,2
508,185,11,4,0
508,116,12,4,1
508,444,13,4,4
508,206,14,4,1
508,124,15,4,4
508,104,16,4,4
508,141,17,4,1
508,453,18,4,3
508,225,19,4,0
508,465,20,4,0
509,173,1,3,3
509,70,2,3,0
509,53,3,3,3
509,25,4,3,0
509,580,5,3,0
509,569,6,3,4
509,185,7,3,0
509,206,8,3,1
509,576,9,3,1
509,120,10,3,0
509,491,11,3,1
509,103,12,3,3
509,548,13,3,3
509,158,14,3,3
509,78,15,3,3
509,104,16,3,4
509,170,17,3,0
509,79,18,3,4
509,393,19,3,3
509,278,20,3,3
510,259,1,3,4
510,569,2,3,4
510,278,3,3,3
510,518,4,3,3
510,393,5,3,3
510,22,6,3,2
510,338,7,3,3
510,206,8,3,1
510,330,9,3,0
510,597,10,3,2
510,28,11,3,3
510,103,12,3,3
510,213,13,3,3
510,548,14,3,3
510,366,15,3,1
510,174,16,3,4
510,25,17,3,0
510,355,18,3,0
510,158,19,3,3
510,149,20,3,4
511,170,1,0,0
511,503,2,0,3
511,185,3,0,0
511,25,4,0,0
511,514,5,0,4
511,104,6,0,4
511,359,7,0,4
511,537,8,0,2
511,130,9,0,0
511,225,10,0,0
511,480,11,0,0
511,390,12,0,0
511,257,13,0,2
511,110,14,0,0
511,504,15,0,4
511,522,16,0,2
511,206,17,0,1
511,400,18,0,0
511,473,19,0,3
511,192,20,0,2
512,466,1,1,1
512,104,2,1,4
512,141,3,1,1
512,361,4,1,1
512,551,5,1,1
512,548,6,1,3
512,331,7,1,1
512,78,8,1,3
512,185,9,1,0
512,586,10,1,1
512,569,11,1,4
512,355,12,1,0
512,393,13,1,3
512,384,14,1,4
512,206,15,1,1
512,576,16,1,1
512,468,17,1,3
512,61,18,1,1
512,53,19,1,3
512,196,20,1,1
513,85,1,0,0
513,104,2,0,4
513,100,3,0,0
513,576,4,0,1
513,569,5,0,4
513,561,6,0,1
513,367,7,0,2
513,257,8,0,2
513,464,9,0,4
513,295,10,0,0
513,22,11,0,2
513,548,12,0,3
513,185,13,0,0
513,439,14,0,4
513,170,15,0,0
513,206,16,0,1
513,483,17,0,3
513,355,18,0,0
513,225,19,0,0
513,110,20,0,0
514,216,1,4,1
514,354,2,4,4
514,284,3,4,4
514,185,4,4,0
514,243,5,4,3
514,104,6,4,4
514,594,7,4,4
514,103,8,4,3
514,25,9,4,0
514,439,10,4,4
514,55,11,4,0
514,164,12,4,4
514,209,13,4,4
514,377,14,4,2
514,72,15,4,2
514,597,16,4,2
514,257,17,4,2
514,206,18,4,1
514,548,19,4,3
514,309,20,4,4
515,483,1,3,3
515,48,2,3,3
515,246,3,3,1
515,597,4,3,2
515,257,5,3,2
515,33,6,3,3
515,548,7,3,3
515,413,8,3,3
515,368,9,3,3
515,338,10,3,3
515,359,11,3,4
515,393,12,3,3
515,437,13,3,2
515,249,14,3,4
515,554,15,3,4
515,185,16,3,0
515,206,17,3,1
515,104,18,3,4
515,466,19,3,1
515,103,20,3,3
516,25,1,3,0
516,353,2,3,3
516,185,3,3,0
516,93,4,3,3
516,393,5,3,3
516,548,6,3,3
516,257,7,3,2
516,359,8,3,4
516,569,9,3,4
516,598,10,3,3
516,199,11,3,4
516,503,12,3,3
516,468,13,3,3
516,152,14,3,2
516,338,15,3,3
516,439,16,3,4
516,284,17,3,4
516,103,18,3,3
516,206,19,3,1
516,178,20,3,3
517,60,1,0,0
517,466,2,0,1
517,150,3,0,0
517,295,4,0,0
517,305,5,0,0
517,594,6,0,4
517,548,7,0,3
517,377,8,0,2
517,257,9,0,2
517,22,10,0,2
517,25,11,0,0
517,220,12,0,0
517,164,13,0,4
517,292,14,0,2
517,569,15,0,4
517,285,16,0,0
517,510,17,0,0
517,597,18,0,2
517,180,19,0,0
517,185,20,0,0
518,264,1,4,4
518,185,2,4,0
518,295,3,4,0
518,206,4,4,1
518,338,5,4,3
518,416,6,4,1
518,176,7,4,1
518,569,8,4,4
518,104,9,4,4
518,67,10,4,2
518,537,11,4,2
518,327,12,4,2
518,576,13,4,1
518,302,14,4,2
518,504,15,4,4
518,568,16,4,3
518,305,17,4,0
518,232,18,4,2
518,169,19,4,4
518,229,20,4,4
519,164,1,0,4
519,295,2,0,0
519,592,3,0,2
519,196,4,0,1
519,103,5,0,3
519,185,6,0,0
519,441,7,0,1
519,274,8,0,4
519,597,9,0,2
519,395,10,0,0
519,435,11,0,0
519,430,12,0,0
519,205,13,0,0
519,257,14,0,2
519,361,15,0,1
519,584,16,0,4
519,170,17,0,0
519,110,18,0,0
519,104,19,0,4
519,360,20,0,0
520,103,1,1,3
520,537,2,1,2
520,94,3,1,4
520,81,4,1,1
520,585,5,1,0
520,548,6,1,3
520,104,7,1,4
520,257,8,1,2
520,466,9,1,1
520,196,10,1,1
520,596,11,1,1
520,436,12,1,1
520,356,13,1,1
520,416,14,1,1
520,206,15,1,1
520,246,16,1,1
520,160,17,1,0
520,245,18,1,0
520,477,19,1,2
520,429,20,1,4
521,433,1,3,3
521,47,2,3,2
521,598,3,3,3
521,294,4,3,4
521,185,5,3,0
521,361,6,3,1
521,126,7,3,1
521,478,8,3,3
521,103,9,3,3
521,104,10,3,4
521,569,11,3,4
521,503,12,3,3
521,393,13,3,3
521,590,14,3,0
521,352,15,3,2
521,338,16,3,3
521,548,17,3,3
521,597,18,3,2
521,243,19,3,3
521,78,20,3,3
522,338,1,4,3
522,103,2,4,3
522,444,3,4,4
522,141,4,4,1
522,300,5,4,0
522,25,6,4,0
522,170,7,4,0
522,164,8,4,4
522,206,9,4,1
522,483,10,4,3
522,185,11,4,0
522,284,12,4,4
522,325,13,4,0
522,334,14,4,4
522,548,15,4,3
522,104,16,4,4
522,569,17,4,4
522,235,18,4,0
522,257,19,4,2
522,328,20,4,3
523,141,1,3,1
523,359,2,3,4
523,548,3,3,3
523,225,4,3,0
523,185,5,3,0
523,431,6,3,1
523,48,7,3,3
523,356,8,3,1
523,283,9,3,3
523,268,10,3,3
523,22,11,3,2
523,546,12,3,1
523,413,13,3,3
523,25,14,3,0
523,373,15,3,3
523,206,16,3,1
523,278,17,3,3
523,468,18,3,3
523,257,19,3,2
523,158,20,3,3
524,257,1,3,2
524,377,2,3,2
524,540,3,3,0
524,225,4,3,0
524,538,5,3,3
524,533,6,3,3
524,478,7,3,3
524,393,8,3,3
524,43,9,3,3
524,233,10,3,3
524,338,11,3,3
524,488,12,3,3
524,206,13,3,1
524,103,14,3,3
524,9,15,3,4
524,359,16,3,4
524,548,17,3,3
524,569,18,3,4
524,242,19,3,2
524,104,20,3,4
525,345,1,0,0
525,164,2,0,4
525,569,3,0,4
525,248,4,0,3
525,25,5,0,0
525,213,6,0,3
525,503,7,0,3
525,170,8,0,0
525,185,9,0,0
525,549,10,0,4
525,537,11,0,2
525,225,12,0,0
525,47,13,0,2
525,257,14,0,2
525,548,15,0,3
525,206,16,0,1
525,582,17,0,2
525,80,18,0,0
525,597,19,0,2
525,242,20,0,2
526,104,1,1,4
526,206,2,1,1
526,284,3,1,4
526,185,4,1,0
526,420,5,1,0
526,393,6,1,3
526,576,7,1,1
526,466,8,1,1
526,338,9,1,3
526,413,10,1,3
526,103,11,1,3
526,160,12,1,0
526,431,13,1,1
526,392,14,1,2
526,141,15,1,1
526,377,16,1,2
526,548,17,1,3
526,537,18,1,2
526,444,19,1,4
526,468,20,1,3
527,248,1,0,3
527,104,2,0,4
527,141,3,0,1
527,503,4,0,3
527,264,5,0,4
527,245,6,0,0
527,210,7,0,0
527,355,8,0,0
527,47,9,0,2
527,25,10,0,0
527,464,11,0,4
527,466,12,0,1
527,225,13,0,0
527,116,14,0,1
527,284,15,0,4
527,582,16,0,2
527,415,17,0,0
527,375,18,0,0
527,395,19,0,0
527,185,20,0,0
528,450,1,0,0
528,103,2,0,3
528,170,3,0,0
528,81,4,0,1
528,393,5,0,3
528,548,6,0,3
528,257,7,0,2
528,430,8,0,0
528,524,9,0,4
528,104,10,0,4
528,338,11,0,3
528,110,12,0,0
528,215,13,0,0
528,468,14,0,3
528,334,15,0,4
528,185,16,0,0
528,225,17,0,0
528,25,18,0,0
528,356,19,0,1
528,206,20,0,1
529,11,1,3,1
529,393,2,3,3
529,28,3,3,3
529,472,4,3,2
529,278,5,3,3
529,104,6,3,4
529,103,7,3,3
529,257,8,3,2
529,206,9,3,1
529,116,10,3,1
529,413,11,3,3
529,338,12,3,3
529,478,13,3,3
529,158,14,3,3
529,141,15,3,1
529,242,16,3,2
529,548,17,3,3
529,185,18,3,0
529,569,19,3,4
529,361,20,3,1
530,548,1,2,3
530,592,2,2,2
530,164,3,2,4
530,257,4,2,2
530,104,5,2,4
530,597,6,2,2
530,267,7,2,2
530,103,8,2,3
530,72,9,2,2
530,212,10,2,2
530,7,11,2,2
530,112,12,2,2
530,440,13,2,0
530,574,14,2,4
530,287,15,2,2
530,160,16,2,0
530,549,17,2,4
530,509,18,2,4
530,242,19,2,2
530,537,20,2,2
531,414,1,4,4
531,185,2,4,0
531,466,3,4,1
531,393,4,4,3
531,104,5,4,4
531,25,6,4,0
531,257,7,4,2
531,468,8,4,3
531,229,9,4,4
531,548,10,4,3
531,400,11,4,0
531,557,12,4,2
531,501,13,4,1
531,569,14,4,4
531,206,15,4,1
531,199,16,4,4
531,103,17,4,3
531,164,18,4,4
531,61,19,4,1
531,524,20,4,4
532,100,1,0,0
532,141,2,0,1
532,242,3,0,2
532,104,4,0,4
532,393,5,0,3
532,257,6,0,2
532,164,7,0,4
532,206,8,0,1
532,167,9,0,2
532,359,10,0,4
532,185,11,0,0
532,30,12,0,0
532,345,13,0,0
532,149,14,0,4
532,170,15,0,0
532,25,16,0,0
532,160,17,0,0
532,225,18,0,0
532,557,19,0,2
532,425,20,0,0
533,514,1,4,4
533,229,2,4,4
533,532,3,4,2
533,103,4,4,3
533,170,5,4,0
533,185,6,4,0
533,594,7,4,4
533,206,8,4,1
533,445,9,4,0
533,67,10,4,2
533,141,11,4,1
533,104,12,4,4
533,242,13,4,2
533,164,14,4,4
533,534,15,4,4
533,557,16,4,2
533,257,17,4,2
533,150,18,4,0
533,74,19,4,4
533,569,20,4,4
534,445,1,0,0
534,170,2,0,0
534,10,3,0,0
534,557,4,0,2
534,257,5,0,2
534,50,6,0,0
534,505,7,0,0
534,537,8,0,2
534,240,9,0,0
534,401,10,0,1
534,25,11,0,0
534,330,12,0,0
534,185,13,0,0
534,135,14,0,0
534,522,15,0,2
534,225,16,0,0
534,569,17,0,4
534,295,18,0,0
534,545,19,0,0
534,150,20,0,0
535,283,1,3,3
535,103,2,3,3
535,172,3,3,2
535,72,4,3,2
535,338,5,3,3
535,305,6,3,0
535,531,7,3,1
535,503,8,3,3
535,302,9,3,2
535,576,10,3,1
535,393,11,3,3
535,185,12,3,0
535,128,13,3,3
535,257,14,3,2
535,125,15,3,0
535,548,16,3,3
535,284,17,3,4
535,537,18,3,2
535,268,19,3,3
535,206,20,3,1
536,206,1,2,1
536,245,2,2,0
536,104,3,2,4
536,257,4,2,2
536,548,5,2,3
536,141,6,2,1
536,383,7,2,3
536,482,8,2,2
536,125,9,2,0
536,117,10,2,2
536,597,11,2,2
536,393,12,2,3
536,295,13,2,0
536,185,14,2,0
536,527,15,2,2
536,466,16,2,1
536,327,17,2,2
536,177,18,2,2
536,537,19,2,2
536,242,20,2,2
537,257,1,1,2
537,51,2,1,1
537,466,3,1,1
537,582,4,1,2
537,576,5,1,1
537,416,6,1,1
537,426,7,1,1
537,25,8,1,0
537,569,9,1,4
537,594,10,1,4
537,547,11,1,2
537,209,12,1,4
537,141,13,1,1
537,155,14,1,0
537,229,15,1,4
537,206,16,1,1
537,254,17,1,4
537,330,18,1,0
537,336,19,1,1
537,441,20,1,1
538,377,1,1,2
538,72,2,1,2
538,431,3,1,1
538,257,4,1,2
538,220,5,1,0
538,105,6,1,0
538,104,7,1,4
538,509,8,1,4
538,101,9,1,1
538,41,10,1,1
538,582,11,1,2
538,548,12,1,3
538,265,13,1,0
538,478,14,1,3
538,25,15,1,0
538,206,16,1,1
538,81,17,1,1
538,483,18,1,3
538,361,19,1,1
538,295,20,1,0
539,164,1,3,4
539,361,2,3,1
539,599,3,3,4
539,393,4,3,3
539,185,5,3,0
539,478,6,3,3
539,163,7,3,3
539,441,8,3,1
539,160,9,3,0
539,283,10,3,3
539,104,11,3,4
539,141,12,3,1
539,384,13,3,4
539,362,14,3,2
539,537,15,3,2
539,377,16,3,2
539,353,17,3,3
539,103,18,3,3
539,503,19,3,3
539,548,20,3,3
540,104,1,0,4
540,548,2,0,3
540,503,3,0,3
540,185,4,0,0
540,161,5,0,1
540,513,6,0,3
540,295,7,0,0
540,170,8,0,0
540,384,9,0,4
540,465,10,0,0
540,235,11,0,0
540,225,12,0,0
540,215,13,0,0
540,565,14,0,0
540,589,15,0,4
540,526,16,0,1
540,359,17,0,4
540,361,18,0,1
540,597,19,0,2
540,270,20,0,0
541,104,1,1,4
541,387,2,1,2
541,413,3,1,3
541,353,4,1,3
541,466,5,1,1
541,565,6,1,0
541,141,7,1,1
541,257,8,1,2
541,185,9,1,0
541,576,10,1,1
541,391,11,1,1
541,295,12,1,0
541,103,13,1,3
541,436,14,1,1
541,51,15,1,1
541,393,16,1,3
541,229,17,1,4
541,206,18,1,1
541,284,19,1,4
541,361,20,1,1
542,164,1,4,4
542,199,2,4,4
542,569,3,4,4
542,464,4,4,4
542,537,5,4,2
542,103,6,4,3
542,221,7,4,1
542,228,8,4,3
542,225,9,4,0
542,99,10,4,4
542,169,11,4,4
542,548,12,4,3
542,307,13,4,2
542,25,14,4,0
542,206,15,4,1
542,229,16,4,4
542,302,17,4,2
542,174,18,4,4
542,257,19,4,2
542,185,20,4,0
543,242,1,2,2
543,468,2,2,3
543,567,3,2,2
543,237,4,2,2
543,482,5,2,2
543,327,6,2,2
543,517,7,2,2
543,548,8,2,3
543,25,9,2,0
543,417,10,2,2
543,103,11,2,3
543,257,12,2,2
543,549,13,2,4
543,537,14,2,2
543,284,15,2,4
543,185,16,2,0
543,47,17,2,2
543,78,18,2,3
543,212,19,2,2
543,104,20,2,4
544,141,1,2,1
544,272,2,2,2
544,252,3,2,2
544,72,4,2,2
544,212,5,2,2
544,592,6,2,2
544,537,7,2,2
544,257,8,2,2
544,117,9,2,2
544,172,10,2,2
544,206,11,2,1
544,160,12,2,0
544,519,13,2,4
544,95,14,2,0
544,147,15,2,2
544,267,16,2,2
544,393,17,2,3
544,284,18,2,4
544,548,19,2,3
544,104,20,2,4
545,149,1,0,4
545,468,2,0,3
545,104,3,0,4
545,110,4,0,0
545,235,5,0,0
545,199,6,0,4
545,234,7,0,4
545,393,8,0,3
545,220,9,0,0
545,242,10,0,2
545,206,11,0,1
545,225,12,0,0
545,185,13,0,0
545,361,14,0,1
545,359,15,0,4
545,305,16,0,0
545,141,17,0,1
545,418,18,0,3
545,150,19,0,0
545,416,20,0,1
546,557,1,4,2
546,443,2,4,3
546,569,3,4,4
546,57,4,4,2
546,548,5,4,3
546,34,6,4,4
546,439,7,4,4
546,284,8,4,4
546,206,9,4,1
546,519,10,4,4
546,224,11,4,4
546,4,12,4,4
546,274,13,4,4
546,225,14,4,0
546,185,15,4,0
546,104,16,4,4
546,537,17,4,2
546,359,18,4,4
546,41,19,4,1
546,329,20,4,4
547,355,1,0,0
547,210,2,0,0
547,597,3,0,2
547,257,4,0,2
547,242,5,0,2
547,206,6,0,1
547,594,7,0,4
547,559,8,0,4
547,25,9,0,0
547,185,10,0,0
547,455,11,0,0
547,141,12,0,1
547,295,13,0,0
547,405,14,0,0
547,104,15,0,4
547,225,16,0,0
547,465,17,0,0
547,444,18,0,4
547,0,19,0,0
547,365,20,0,0
548,125,1,0,0
548,368,2,0,3
548,565,3,0,0
548,206,4,0,1
548,331,5,0,1
548,185,6,0,0
548,594,7,0,4
548,55,8,0,0
548,107,9,0,2
548,384,10,0,4
548,393,11,0,3
548,275,12,0,0
548,501,13,0,1
548,104,14,0,4
548,257,15,0,2
548,400,16,0,0
548,110,17,0,0
548,225,18,0,0
548,25,19,0,0
548,14,20,0,4
549,362,1,2,2
549,537,2,2,2
549,377,3,2,2
549,581,4,2,1
549,164,5,2,4
549,104,6,2,4
549,150,7,2,0
549,393,8,2,3
549,215,9,2,0
549,185,10,2,0
549,480,11,2,0
549,242,12,2,2
549,435,13,2,0
549,206,14,2,1
549,338,15,2,3
549,548,16,2,3
549,166,17,2,1
549,25,18,2,0
549,257,19,2,2
549,247,20,2,2
550,141,1,3,1
550,501,2,3,1
550,158,3,3,3
550,393,4,3,3
550,104,5,3,4
550,22,6,3,2
550,355,7,3,0
550,257,8,3,2
550,47,9,3,2
550,103,10,3,3
550,569,11,3,4
550,242,12,3,2
550,278,13,3,3
550,251,14,3,1
550,116,15,3,1
550,548,16,3,3
550,537,17,3,2
550,206,18,3,1
550,514,19,3,4
550,424,20,3,4
551,116,1,3,1
551,338,2,3,3
551,305,3,3,0
551,206,4,3,1
551,437,5,3,2
551,587,6,3,2
551,235,7,3,0
551,148,8,3,3
551,38,9,3,3
551,103,10,3,3
551,468,11,3,3
551,503,12,3,3
551,225,13,3,0
551,384,14,3,4
551,23,15,3,3
551,264,16,3,4
551,158,17,3,3
551,25,18,3,0
551,548,19,3,3
551,104,20,3,4
552,149,1,3,4
552,78,2,3,3
552,158,3,3,3
552,103,4,3,3
552,25,5,3,0
552,198,6,3,3
552,578,7,3,3
552,483,8,3,3
552,257,9,3,2
552,353,10,3,3
552,227,11,3,2
552,150,12,3,0
552,243,13,3,3
552,548,14,3,3
552,121,15,3,1
552,101,16,3,1
552,130,17,3,0
552,466,18,3,1
552,104,19,3,4
552,393,20,3,3
553,72,1,3,2
553,25,2,3,0
553,548,3,3,3
553,199,4,3,4
553,273,5,3,3
553,260,6,3,0
553,242,7,3,2
553,185,8,3,0
553,302,9,3,2
553,257,10,3,2
553,423,11,3,3
553,33,12,3,3
553,141,13,3,1
553,79,14,3,4
553,393,15,3,3
553,208,16,3,3
553,468,17,3,3
553,104,18,3,4
553,418,19,3,3
553,327,20,3,2
554,185,1,3,0
554,366,2,3,1
554,164,3,3,4
554,537,4,3,2
554,25,5,3,0
554,158,6,3,3
554,103,7,3,3
554,569,8,3,4
554,160,9,3,0
554,242,10,3,2
554,548,11,3,3
554,393,12,3,3
554,503,13,3,3
554,192,14,3,2
554,278,15,3,3
554,225,16,3,0
554,461,17,3,1
554,99,18,3,4
554,418,19,3,3
554,257,20,3,2
555,170,1,1,0
555,185,2,1,0
555,47,3,1,2
555,104,4,1,4
555,206,5,1,1
555,265,6,1,0
555,439,7,1,4
555,103,8,1,3
555,361,9,1,1
555,257,10,1,2
555,569,11,1,4
555,597,12,1,2
555,61,13,1,1
555,581,14,1,1
555,330,15,1,0
555,466,16,1,1
555,561,17,1,1
555,141,18,1,1
555,475,19,1,0
555,548,20,1,3
556,393,1,0,3
556,25,2,0,0
556,229,3,0,4
556,435,4,0,0
556,149,5,0,4
556,104,6,0,4
556,257,7,0,2
556,170,8,0,0
556,110,9,0,0
556,548,10,0,3
556,225,11,0,0
556,482,12,0,2
556,99,13,0,4
556,47,14,0,2
556,540,15,0,0
556,515,16,0,0
556,185,17,0,0
556,582,18,0,2
556,295,19,0,0
556,41,20,0,1
557,170,1,1,0
557,25,2,1,0
557,327,3,1,2
557,309,4,1,4
557,366,5,1,1
557,491,6,1,1
557,104,7,1,4
557,574,8,1,4
557,185,9,1,0
557,555,10,1,0
557,257,11,1,2
557,355,12,1,0
557,361,13,1,1
557,594,14,1,4
557,206,15,1,1
557,483,16,1,3
557,141,17,1,1
557,501,18,1,1
557,548,19,1,3
557,2,20,1,2
558,471,1,4,1
558,548,2,4,3
558,561,3,4,1
558,99,4,4,4
558,14,5,4,4
558,448,6,4,3
558,278,7,4,3
558,141,8,4,1
558,103,9,4,3
558,466,10,4,1
558,229,11,4,4
558,1,12,4,1
558,444,13,4,4
558,368,14,4,3
558,330,15,4,0
558,313,16,4,3
558,225,17,4,0
558,185,18,4,0
558,104,19,4,4
558,25,20,4,0
559,257,1,3,2
559,178,2,3,3
559,228,3,3,3
559,548,4,3,3
559,413,5,3,3
559,342,6,3,2
559,477,7,3,2
559,158,8,3,3
559,185,9,3,0
559,47,10,3,2
559,355,11,3,0
559,330,12,3,0
559,503,13,3,3
559,25,14,3,0
559,393,15,3,3
559,141,16,3,1
559,51,17,3,1
559,103,18,3,3
559,170,19,3,0
559,104,20,3,4
560,313,1,4,3
560,393,2,4,3
560,206,3,4,1
560,594,4,4,4
560,362,5,4,2
560,61,6,4,1
560,416,7,4,1
560,185,8,4,0
560,480,9,4,0
560,284,10,4,4
560,209,11,4,4
560,569,12,4,4
560,548,13,4,3
560,112,14,4,2
560,576,15,4,1
560,537,16,4,2
560,170,17,4,0
560,141,18,4,1
560,104,19,4,4
560,47,20,4,2
561,57,1,2,2
561,330,2,2,0
561,498,3,2,3
561,206,4,2,1
561,537,5,2,2
561,565,6,2,0
561,569,7,2,4
561,242,8,2,2
561,103,9,2,3
561,160,10,2,0
561,395,11,2,0
561,116,12,2,1
561,327,13,2,2
561,501,14,2,1
561,590,15,2,0
561,72,16,2,2
561,548,17,2,3
561,185,18,2,0
561,257,19,2,2
561,361,20,2,1
562,104,1,3,4
562,199,2,3,4
562,478,3,3,3
562,103,4,3,3
562,359,5,3,4
562,338,6,3,3
562,149,7,3,4
562,548,8,3,3
562,521,9,3,1
562,466,10,3,1
562,225,11,3,0
562,257,12,3,2
562,233,13,3,3
562,80,14,3,0
562,400,15,3,0
562,185,16,3,0
562,206,17,3,1
562,537,18,3,2
562,398,19,3,3
562,158,20,3,3
563,206,1,4,1
563,274,2,4,4
563,169,3,4,4
563,409,4,4,4
563,185,5,4,0
563,134,6,4,4
563,483,7,4,3
563,537,8,4,2
563,359,9,4,4
563,102,10,4,2
563,510,11,4,0
563,497,12,4,2
563,49,13,4,4
563,242,14,4,2
563,174,15,4,4
563,374,16,4,4
563,104,17,4,4
563,284,18,4,4
563,569,19,4,4
563,228,20,4,3
564,355,1,0,0
564,104,2,0,4
564,25,3,0,0
564,513,4,0,3
564,250,5,0,0
564,245,6,0,0
564,512,7,0,2
564,385,8,0,0
564,473,9,0,3
564,112,10,0,2
564,537,11,0,2
564,413,12,0,3
564,225,13,0,0
564,425,14,0,0
564,78,15,0,3
564,149,16,0,4
564,498,17,0,3
564,213,18,0,3
564,485,19,0,0
564,185,20,0,0
565,325,1,1,0
565,531,2,1,1
565,503,3,1,3
565,25,4,1,0
565,101,5,1,1
565,224,6,1,4
565,141,7,1,1
565,150,8,1,0
565,511,9,1,1
565,361,10,1,1
565,314,11,1,4
565,103,12,1,3
565,501,13,1,1
565,507,14,1,2
565,6,15,1,1
565,45,16,1,0
565,206,17,1,1
565,104,18,1,4
565,596,19,1,1
565,170,20,1,0
566,103,1,2,3
566,397,2,2,2
566,295,3,2,0
566,327,4,2,2
566,266,5,2,1
566,163,6,2,3
566,597,7,2,2
566,548,8,2,3
566,284,9,2,4
566,471,10,2,1
566,242,11,2,2
566,362,12,2,2
566,257,13,2,2
566,466,14,2,1
566,537,15,2,2
566,206,16,2,1
566,221,17,2,1
566,359,18,2,4
566,305,19,2,0
566,2,20,2,2
567,284,1,2,4
567,597,2,2,2
567,327,3,2,2
567,473,4,2,3
567,257,5,2,2
567,439,6,2,4
567,235,7,2,0
567,22,8,2,2
567,143,9,2,3
567,164,10,2,4
567,393,11,2,3
567,185,12,2,0
567,104,13,2,4
567,325,14,2,0
567,441,15,2,1
567,537,16,2,2
567,47,17,2,2
567,242,18,2,2
567,116,19,2,1
567,466,20,2,1
568,503,1,3,3
568,571,2,3,1
568,569,3,3,4
568,243,4,3,3
568,30,5,3,0
568,185,6,3,0
568,61,7,3,1
568,103,8,3,3
568,206,9,3,1
568,392,10,3,2
568,522,11,3,2
568,93,12,3,3
568,158,13,3,3
568,257,14,3,2
568,361,15,3,1
568,225,16,3,0
568,273,17,3,3
568,323,18,3,3
568,393,19,3,3
568,548,20,3,3
569,206,1,0,1
569,225,2,0,0
569,85,3,0,0
569,537,4,0,2
569,208,5,0,3
569,375,6,0,0
569,116,7,0,1
569,35,8,0,0
569,141,9,0,1
569,548,10,0,3
569,257,11,0,2
569,430,12,0,0
569,25,13,0,0
569,276,14,0,1
569,110,15,0,0
569,302,16,0,2
569,439,17,0,4
569,345,18,0,0
569,353,19,0,3
569,185,20,0,0
570,150,1,4,0
570,141,2,4,1
570,206,3,4,1
570,209,4,4,4
570,170,5,4,0
570,225,6,4,0
570,229,7,4,4
570,464,8,4,4
570,185,9,4,0
570,597,10,4,2
570,152,11,4,2
570,103,12,4,3
570,471,13,4,1
570,569,14,4,4
570,104,15,4,4
570,171,16,4,1
570,504,17,4,4
570,466,18,4,1
570,517,19,4,2
570,164,20,4,4
571,103,1,3,3
571,268,2,3,3
571,185,3,3,0
571,170,4,3,0
571,248,5,3,3
571,558,6,3,3
571,548,7,3,3
571,503,8,3,3
571,433,9,3,3
571,104,10,3,4
571,242,11,3,2
571,438,12,3,3
571,257,13,3,2
571,231,14,3,1
571,327,15,3,2
571,361,16,3,1
571,206,17,3,1
571,225,18,3,0
571,331,19,3,1
571,359,20,3,4
572,99,1,3,4
572,569,2,3,4
572,393,3,3,3
572,164,4,3,4
572,169,5,3,4
572,218,6,3,3
572,413,7,3,3
572,81,8,3,1
572,229,9,3,4
572,206,10,3,1
572,272,11,3,2
572,501,12,3,1
572,358,13,3,3
572,548,14,3,3
572,418,15,3,3
572,353,16,3,3
572,103,17,3,3
572,468,18,3,3
572,257,19,3,2
572,104,20,3,4
573,284,1,4,4
573,384,2,4,4
573,185,3,4,0
573,557,4,4,2
573,551,5,4,1
573,331,6,4,1
573,537,7,4,2
573,177,8,4,2
573,234,9,4,4
573,569,10,4,4
573,225,11,4,0
573,252,12,4,2
573,164,13,4,4
573,243,14,4,3
573,209,15,4,4
573,206,16,4,1
573,104,17,4,4
573,543,18,4,3
573,400,19,4,0
573,503,20,4,3
574,295,1,0,0
574,25,2,0,0
574,257,3,0,2
574,79,4,0,4
574,242,5,0,2
574,338,6,0,3
574,160,7,0,0
574,158,8,0,3
574,435,9,0,0
574,576,10,0,1
574,106,11,0,1
574,10,12,0,0
574,514,13,0,4
574,225,14,0,0
574,206,15,0,1
574,104,16,0,4
574,185,17,0,0
574,150,18,0,0
574,393,19,0,3
574,569,20,0,4
575,67,1,2,2
575,104,2,2,4
575,206,3,2,1
575,352,4,2,2
575,47,5,2,2
575,537,6,2,2
575,501,7,2,1
575,548,8,2,3
575,25,9,2,0
575,141,10,2,1
575,185,11,2,0
575,582,12,2,2
575,207,13,2,2
575,6,14,2,1
575,257,15,2,2
575,307,16,2,2
575,413,17,2,3
575,392,18,2,2
575,401,19,2,1
575,393,20,2,3
576,327,1,2,2
576,225,2,2,0
576,235,3,2,0
576,393,4,2,3
576,444,5,2,4
576,466,6,2,1
576,576,7,2,1
576,537,8,2,2
576,594,9,2,4
576,25,10,2,0
576,103,11,2,3
576,185,12,2,0
576,257,13,2,2
576,206,14,2,1
576,571,15,2,1
576,212,16,2,2
576,104,17,2,4
576,597,18,2,2
576,359,19,2,4
576,548,20,2,3
577,569,1,4,4
577,185,2,4,0
577,242,3,4,2
577,206,4,4,1
577,149,5,4,4
577,45,6,4,0
577,141,7,4,1
577,72,8,4,2
577,103,9,4,3
577,169,10,4,4
577,257,11,4,2
577,104,12,4,4
577,229,13,4,4
577,471,14,4,1
577,164,15,4,4
577,150,16,4,0
577,377,17,4,2
577,466,18,4,1
577,455,19,4,0
577,548,20,4,3
578,174,1,4,4
578,146,2,4,1
578,332,3,4,2
578,509,4,4,4
578,338,5,4,3
578,185,6,4,0
578,474,7,4,4
578,30,8,4,0
578,466,9,4,1
578,545,10,4,0
578,164,11,4,4
578,57,12,4,2
578,4,13,4,4
578,87,14,4,2
578,510,15,4,0
578,104,16,4,4
578,482,17,4,2
578,257,18,4,2
578,242,19,4,2
578,206,20,4,1
579,206,1,0,1
579,61,2,0,1
579,110,3,0,0
579,257,4,0,2
579,100,5,0,0
579,25,6,0,0
579,375,7,0,0
579,416,8,0,1
579,141,9,0,1
579,235,10,0,0
579,185,11,0,0
579,163,12,0,3
579,548,13,0,3
579,295,14,0,0
579,466,15,0,1
579,7,16,0,2
579,225,17,0,0
579,418,18,0,3
579,9,19,0,4
579,537,20,0,2
580,257,1,3,2
580,468,2,3,3
580,248,3,3,3
580,405,4,3,0
580,537,5,3,2
580,569,6,3,4
580,104,7,3,4
580,338,8,3,3
580,503,9,3,3
580,183,10,3,3
580,278,11,3,3
580,391,12,3,1
580,393,13,3,3
580,576,14,3,1
580,133,15,3,3
580,78,16,3,3
580,103,17,3,3
580,394,18,3,4
580,170,19,3,0
580,548,20,3,3
581,47,1,3,2
581,229,2,3,4
581,257,3,3,2
581,284,4,3,4
581,393,5,3,3
581,104,6,3,4
581,103,7,3,3
581,559,8,3,4
581,529,9,3,4
581,361,10,3,1
581,222,11,3,2
581,548,12,3,3
581,204,13,3,4
581,583,14,3,3
581,523,15,3,3
581,118,16,3,3
581,185,17,3,0
581,593,18,3,3
581,164,19,3,4
581,537,20,3,2
582,257,1,2,2
582,557,2,2,2
582,104,3,2,4
582,47,4,2,2
582,592,5,2,2
582,466,6,2,1
582,454,7,2,4
582,199,8,2,4
582,472,9,2,2
582,227,10,2,2
582,206,11,2,1
582,329,12,2,4
582,72,13,2,2
582,537,14,2,2
582,242,15,2,2
582,185,16,2,0
582,25,17,2,0
582,293,18,2,3
582,225,19,2,0
582,103,20,2,3
583,565,1,0,0
583,192,2,0,2
583,208,3,0,3
583,543,4,0,3
583,185,5,0,0
583,359,6,0,4
583,206,7,0,1
583,100,8,0,0
583,305,9,0,0
583,345,10,0,0
583,295,11,0,0
583,141,12,0,1
583,437,13,0,2
583,355,14,0,0
583,335,15,0,0
583,275,16,0,0
583,103,17,0,3
583,96,18,0,1
583,238,19,0,3
583,85,20,0,0
584,461,1,2,1
584,206,2,2,1
584,301,3,2,1
584,257,4,2,2
584,185,5,2,0
584,104,6,2,4
584,153,7,2,3
584,25,8,2,0
584,192,9,2,2
584,164,10,2,4
584,482,11,2,2
584,327,12,2,2
584,537,13,2,2
584,548,14,2,3
584,229,15,2,4
584,557,16,2,2
584,432,17,2,2
584,597,18,2,2
584,242,19,2,2
584,372,20,2,2
585,456,1,0,1
585,361,2,0,1
585,116,3,0,1
585,185,4,0,0
585,257,5,0,2
585,520,6,0,0
585,104,7,0,4
585,594,8,0,4
585,205,9,0,0
585,440,10,0,0
585,99,11,0,4
585,25,12,0,0
585,548,13,0,3
585,433,14,0,3
585,466,15,0,1
585,141,16,0,1
585,210,17,0,0
585,170,18,0,0
585,235,19,0,0
585,555,20,0,0
586,25,1,4,0
586,257,2,4,2
586,78,3,4,3
586,225,4,4,0
586,164,5,4,4
586,509,6,4,4
586,349,7,4,4
586,359,8,4,4
586,153,9,4,3
586,549,10,4,4
586,154,11,4,4
586,569,12,4,4
586,419,13,4,4
586,104,14,4,4
586,274,15,4,4
586,117,16,4,2
586,466,17,4,1
586,537,18,4,2
586,199,19,4,4
586,361,20,4,1
587,99,1,4,4
587,589,2,4,4
587,179,3,4,4
587,169,4,4,4
587,519,5,4,4
587,104,6,4,4
587,284,7,4,4
587,185,8,4,0
587,329,9,4,4
587,393,10,4,3
587,442,11,4,2
587,94,12,4,4
587,164,13,4,4
587,576,14,4,1
587,134,15,4,4
587,205,16,4,0
587,229,17,4,4
587,101,18,4,1
587,242,19,4,2
587,53,20,4,3
588,101,1,0,1
588,25,2,0,0
588,213,3,0,3
588,548,4,0,3
588,468,5,0,3
588,185,6,0,0
588,235,7,0,0
588,290,8,0,0
588,416,9,0,1
588,597,10,0,2
588,206,11,0,1
588,503,12,0,3
588,164,13,0,4
588,435,14,0,0
588,170,15,0,0
588,100,16,0,0
588,372,17,0,2
588,160,18,0,0
588,80,19,0,0
588,104,20,0,4
589,229,1,2,4
589,242,2,2,2
589,25,3,2,0
589,537,4,2,2
589,257,5,2,2
589,548,6,2,3
589,412,7,2,2
589,164,8,2,4
589,492,9,2,2
589,488,10,2,3
589,101,11,2,1
589,361,12,2,1
589,37,13,2,2
589,327,14,2,2
589,552,15,2,2
589,582,16,2,2
589,185,17,2,0
589,507,18,2,2
589,158,19,2,3
589,338,20,2,3
590,569,1,2,4
590,257,2,2,2
590,217,3,2,2
590,548,4,2,3
590,185,5,2,0
590,164,6,2,4
590,225,7,2,0
590,235,8,2,0
590,22,9,2,2
590,206,10,2,1
590,299,11,2,4
590,25,12,2,0
590,305,13,2,0
590,537,14,2,2
590,393,15,2,3
590,99,16,2,4
590,441,17,2,1
590,242,18,2,2
590,445,19,2,0
590,387,20,2,2
591,103,1,3,3
591,242,2,3,2
591,166,3,3,1
591,185,4,3,0
591,548,5,3,3
591,578,6,3,3
591,327,7,3,2
591,534,8,3,4
591,393,9,3,3
591,377,10,3,2
591,81,11,3,1
591,468,12,3,3
591,465,13,3,0
591,104,14,3,4
591,338,15,3,3
591,206,16,3,1
591,413,17,3,3
591,25,18,3,0
591,359,19,3,4
591,257,20,3,2
592,185,1,0,0
592,548,2,0,3
592,103,3,0,3
592,25,4,0,0
592,215,5,0,0
592,78,6,0,3
592,130,7,0,0
592,594,8,0,4
592,169,9,0,4
592,235,10,0,0
592,257,11,0,2
592,61,12,0,1
592,569,13,0,4
592,506,14,0,1
592,124,15,0,4
592,160,16,0,0
592,355,17,0,0
592,345,18,0,0
592,453,19,0,3
592,170,20,0,0
593,206,1,1,1
593,257,2,1,2
593,416,3,1,1
593,225,4,1,0
593,79,5,1,4
593,141,6,1,1
593,393,7,1,3
593,185,8,1,0
593,537,9,1,2
593,501,10,1,1
593,1,11,1,1
593,561,12,1,1
593,328,13,1,3
593,271,14,1,1
593,361,15,1,1
593,548,16,1,3
593,104,17,1,4
593,591,18,1,1
593,242,19,1,2
593,25,20,1,0
594,569,1,4,4
594,529,2,4,4
594,79,3,4,4
594,185,4,4,0
594,437,5,4,2
594,158,6,4,3
594,454,7,4,4
594,141,8,4,1
594,576,9,4,1
594,466,10,4,1
594,283,11,4,3
594,149,12,4,4
594,204,13,4,4
594,344,14,4,4
594,331,15,4,1
594,327,16,4,2
594,548,17,4,3
594,164,18,4,4
594,257,19,4,2
594,104,20,4,4
595,537,1,2,2
595,242,2,2,2
595,307,3,2,2
595,141,4,2,1
595,548,5,2,3
595,22,6,2,2
595,47,7,2,2
595,274,8,2,4
595,338,9,2,3
595,185,10,2,0
595,164,11,2,4
595,257,12,2,2
595,466,13,2,1
595,19,14,2,4
595,206,15,2,1
595,327,16,2,2
595,2,17,2,2
595,355,18,2,0
595,170,19,2,0
595,85,20,2,0
596,377,1,4,2
596,537,2,4,2
596,548,3,4,3
596,141,4,4,1
596,541,5,4,1
596,72,6,4,2
596,185,7,4,0
596,513,8,4,3
596,169,9,4,4
596,117,10,4,2
596,566,11,4,1
596,137,12,4,2
596,14,13,4,4
596,400,14,4,0
596,327,15,4,2
596,206,16,4,1
596,257,17,4,2
596,104,18,4,4
596,207,19,4,2
596,130,20,4,0
597,110,1,4,0
597,449,2,4,4
597,411,3,4,1
597,582,4,4,2
597,359,5,4,4
597,535,6,4,0
597,185,7,4,0
597,290,8,4,0
597,14,9,4,4
597,36,10,4,1
597,338,11,4,3
597,81,12,4,1
597,174,13,4,4
597,279,14,4,4
597,206,15,4,1
597,257,16,4,2
597,384,17,4,4
597,104,18,4,4
597,295,19,4,0
597,170,20,4,0
598,257,1,4,2
598,569,2,4,4
598,99,3,4,4
598,295,4,4,0
598,242,5,4,2
598,327,6,4,2
598,158,7,4,3
598,164,8,4,4
598,361,9,4,1
598,149,10,4,4
598,356,11,4,1
598,104,12,4,4
598,249,13,4,4
598,559,14,4,4
598,471,15,4,1
598,369,16,4,4
598,304,17,4,4
598,229,18,4,4
598,182,19,4,2
598,185,20,4,0
599,231,1,1,1
599,574,2,1,4
599,185,3,1,0
599,84,4,1,4
599,567,5,1,2
599,225,6,1,0
599,160,7,1,0
599,539,8,1,4
599,537,9,1,2
599,206,10,1,1
599,257,11,1,2
599,361,12,1,1
599,72,13,1,2
599,286,14,1,1
599,141,15,1,1
599,465,16,1,0
599,576,17,1,1
599,61,18,1,1
599,103,19,1,3
599,71,20,1,1
600,164,1,0,4
600,152,2,0,2
600,345,3,0,0
600,439,4,0,4
600,160,5,0,0
600,257,6,0,2
600,104,7,0,4
600,225,8,0,0
600,235,9,0,0
600,103,10,0,3
600,45,11,0,0
600,185,12,0,0
600,548,13,0,3
600,405,14,0,0
600,22,15,0,2
600,206,16,0,1
600,597,17,0,2
600,393,18,0,3
600,150,19,0,0
600,25,20,0,0
601,104,1,1,4
601,501,2,1,1
601,25,3,1,0
601,176,4,1,1
601,206,5,1,1
601,196,6,1,1
601,465,7,1,0
601,246,8,1,1
601,221,9,1,1
601,330,10,1,0
601,462,11,1,2
601,257,12,1,2
601,576,13,1,1
601,377,14,1,2
601,141,15,1,1
601,81,16,1,1
601,361,17,1,1
601,219,18,1,4
601,185,19,1,0
601,31,20,1,1
602,242,1,3,2
602,170,2,3,0
602,36,3,3,1
602,23,4,3,3
602,257,5,3,2
602,381,6,3,1
602,508,7,3,3
602,383,8,3,3
602,323,9,3,3
602,248,10,3,3
602,537,11,3,2
602,103,12,3,3
602,3,13,3,3
602,271,14,3,1
602,253,15,3,3
602,185,16,3,0
602,173,17,3,3
602,283,18,3,3
602,206,19,3,1
602,548,20,3,3
603,355,1,1,0
603,466,2,1,1
603,413,3,1,3
603,141,4,1,1
603,257,5,1,2
603,483,6,1,3
603,580,7,1,0
603,284,8,1,4
603,267,9,1,2
603,511,10,1,1
603,117,11,1,2
603,206,12,1,1
603,246,13,1,1
603,104,14,1,4
603,274,15,1,4
603,361,16,1,1
603,103,17,1,3
603,597,18,1,2
603,225,19,1,0
603,548,20,1,3
604,295,1,0,0
604,231,2,0,1
604,537,3,0,2
604,596,4,0,1
604,145,5,0,0
604,468,6,0,3
604,569,7,0,4
604,413,8,0,3
604,355,9,0,0
604,80,10,0,0
604,175,11,0,0
604,206,12,0,1
604,327,13,0,2
604,377,14,0,2
604,225,15,0,0
604,590,16,0,0
604,164,17,0,4
604,465,18,0,0
604,185,19,0,0
604,246,20,0,1
605,284,1,4,4
605,384,2,4,4
605,150,3,4,0
605,359,4,4,4
605,327,5,4,2
605,569,6,4,4
605,257,7,4,2
605,104,8,4,4
605,231,9,4,1
605,264,10,4,4
605,177,11,4,2
605,117,12,4,2
605,345,13,4,0
605,36,14,4,1
605,274,15,4,4
605,468,16,4,3
605,206,17,4,1
605,164,18,4,4
605,25,19,4,0
605,166,20,4,1
606,499,1,4,4
606,206,2,4,1
606,565,3,4,0
606,104,4,4,4
606,431,5,4,1
606,194,6,4,4
606,429,7,4,4
606,466,8,4,1
606,274,9,4,4
606,103,10,4,3
606,149,11,4,4
606,355,12,4,0
606,295,13,4,0
606,392,14,4,2
606,548,15,4,3
606,413,16,4,3
606,185,17,4,0
606,229,18,4,4
606,242,19,4,2
606,164,20,4,4
607,597,1,0,2
607,582,2,0,2
607,150,3,0,0
607,242,4,0,2
607,413,5,0,3
607,576,6,0,1
607,471,7,0,1
607,237,8,0,2
607,206,9,0,1
607,80,10,0,0
607,160,11,0,0
607,105,12,0,0
607,355,13,0,0
607,185,14,0,0
607,295,15,0,0
607,78,16,0,3
607,170,17,0,0
607,103,18,0,3
607,141,19,0,1
607,25,20,0,0
608,267,1,2,2
608,548,2,2,3
608,104,3,2,4
608,86,4,2,1
608,323,5,2,3
608,543,6,2,3
608,361,7,2,1
608,430,8,2,0
608,57,9,2,2
608,160,10,2,0
608,257,11,2,2
608,327,12,2,2
608,242,13,2,2
608,278,14,2,3
608,413,15,2,3
608,141,16,2,1
608,462,17,2,2
608,152,18,2,2
608,466,19,2,1
608,206,20,2,1
609,45,1,0,0
609,25,2,0,0
609,475,3,0,0
609,164,4,0,4
609,225,5,0,0
609,295,6,0,0
609,141,7,0,1
609,47,8,0,2
609,548,9,0,3
609,391,10,0,1
609,149,11,0,4
609,135,12,0,0
609,359,13,0,4
609,170,14,0,0
609,290,15,0,0
609,160,16,0,0
609,185,17,0,0
609,433,18,0,3
609,85,19,0,0
609,104,20,0,4
610,104,1,1,4
610,264,2,1,4
610,361,3,1,1
610,501,4,1,1
610,185,5,1,0
610,196,6,1,1
610,61,7,1,1
610,381,8,1,1
610,206,9,1,1
610,471,10,1,1
610,225,11,1,0
610,576,12,1,1
610,426,13,1,1
610,36,14,1,1
610,141,15,1,1
610,178,16,1,3
610,164,17,1,4
610,582,18,1,2
610,338,19,1,3
610,240,20,1,0
611,518,1,3,3
611,413,2,3,3
611,582,3,3,2
611,78,4,3,3
611,104,5,3,4
611,411,6,3,1
611,537,7,3,2
611,103,8,3,3
611,172,9,3,2
611,206,10,3,1
611,10,11,3,0
611,418,12,3,3
611,318,13,3,3
611,158,14,3,3
611,359,15,3,4
611,141,16,3,1
611,548,17,3,3
611,503,18,3,3
611,597,19,3,2
611,233,20,3,3
612,393,1,1,3
612,566,2,1,1
612,25,3,1,0
612,242,4,1,2
612,226,5,1,1
612,355,6,1,0
612,466,7,1,1
612,206,8,1,1
612,185,9,1,0
612,7,10,1,2
612,42,11,1,2
612,361,12,1,1
612,248,13,1,3
612,160,14,1,0
612,483,15,1,3
612,316,16,1,1
612,305,17,1,0
612,96,18,1,1
612,368,19,1,3
612,57,20,1,2
613,576,1,0,1
613,257,2,0,2
613,470,3,0,0
613,104,4,0,4
613,174,5,0,4
613,355,6,0,0
613,25,7,0,0
613,237,8,0,2
613,206,9,0,1
613,141,10,0,1
613,465,11,0,0
613,215,12,0,0
613,207,13,0,2
613,132,14,0,2
613,405,15,0,0
613,274,16,0,4
613,185,17,0,0
613,225,18,0,0
613,350,19,0,0
613,569,20,0,4
614,81,1,1,1
614,327,2,1,2
614,393,3,1,3
614,141,4,1,1
614,537,5,1,2
614,25,6,1,0
614,466,7,1,1
614,346,8,1,1
614,548,9,1,3
614,185,10,1,0
614,242,11,1,2
614,104,12,1,4
614,169,13,1,4
614,257,14,1,2
614,99,15,1,4
614,284,16,1,4
614,324,17,1,4
614,96,18,1,1
614,241,19,1,1
614,196,20,1,1
615,585,1,0,0
615,548,2,0,3
615,235,3,0,0
615,96,4,0,1
615,206,5,0,1
615,225,6,0,0
615,537,7,0,2
615,284,8,0,4
615,466,9,0,1
615,25,10,0,0
615,393,11,0,3
615,185,12,0,0
615,330,13,0,0
615,180,14,0,0
615,110,15,0,0
615,535,16,0,0
615,104,17,0,4
615,35,18,0,0
615,305,19,0,0
615,230,20,0,0
616,97,1,2,2
616,103,2,2,3
616,9,3,2,4
616,576,4,2,1
616,67,5,2,2
616,548,6,2,3
616,327,7,2,2
616,231,8,2,1
616,104,9,2,4
616,497,10,2,2
616,257,11,2,2
616,141,12,2,1
616,206,13,2,1
616,377,14,2,2
616,169,15,2,4
616,71,16,2,1
616,537,17,2,2
616,372,18,2,2
616,242,19,2,2
616,582,20,2,2
617,387,1,2,2
617,206,2,2,1
617,257,3,2,2
617,393,4,2,3
617,327,5,2,2
617,359,6,2,4
617,437,7,2,2
617,72,8,2,2
617,466,9,2,1
617,501,10,2,1
617,185,11,2,0
617,537,12,2,2
617,7,13,2,2
617,22,14,2,2
617,104,15,2,4
617,597,16,2,2
617,239,17,2,4
617,594,18,2,4
617,174,19,2,4
617,52,20,2,2
618,548,1,3,3
618,279,2,3,4
618,103,3,3,3
618,466,4,3,1
618,338,5,3,3
618,79,6,3,4
618,483,7,3,3
618,149,8,3,4
618,86,9,3,1
618,274,10,3,4
618,478,11,3,3
618,104,12,3,4
618,284,13,3,4
618,538,14,3,3
618,569,15,3,4
618,477,16,3,2
618,150,17,3,0
618,225,18,3,0
618,405,19,3,0
618,185,20,3,0
619,466,1,2,1
619,295,2,2,0
619,218,3,2,3
619,187,4,2,2
619,72,5,2,2
619,537,6,2,2
619,242,7,2,2
619,257,8,2,2
619,81,9,2,1
619,425,10,2,0
619,207,11,2,2
619,206,12,2,1
619,589,13,2,4
619,550,14,2,0
619,205,15,2,0
619,196,16,2,1
619,522,17,2,2
619,393,18,2,3
619,327,19,2,2
619,185,20,2,0
620,338,1,1,3
620,411,2,1,1
620,503,3,1,3
620,501,4,1,1
620,164,5,1,4
620,466,6,1,1
620,209,7,1,4
620,206,8,1,1
620,185,9,1,0
620,548,10,1,3
620,150,11,1,0
620,361,12,1,1
620,416,13,1,1
620,537,14,1,2
620,257,15,1,2
620,225,16,1,0
620,104,17,1,4
620,576,18,1,1
620,401,19,1,1
620,480,20,1,0
621,104,1,4,4
621,99,2,4,4
621,393,3,4,3
621,57,4,4,2
621,60,5,4,0
621,141,6,4,1
621,582,7,4,2
621,569,8,4,4
621,505,9,4,0
621,257,10,4,2
621,548,11,4,3
621,413,12,4,3
621,229,13,4,4
621,338,14,4,3
621,309,15,4,4
621,494,16,4,4
621,284,17,4,4
621,586,18,4,1
621,297,19,4,2
621,160,20,4,0
622,185,1,2,0
622,393,2,2,3
622,141,3,2,1
622,267,4,2,2
622,99,5,2,4
622,67,6,2,2
622,25,7,2,0
622,242,8,2,2
622,257,9,2,2
622,87,10,2,2
622,355,11,2,0
622,206,12,2,1
622,338,13,2,3
622,402,14,2,2
622,597,15,2,2
622,503,16,2,3
622,47,17,2,2
622,548,18,2,3
622,522,19,2,2
622,196,20,2,1
623,170,1,1,0
623,103,2,1,3
623,225,3,1,0
623,491,4,1,1
623,501,5,1,1
623,193,6,1,3
623,25,7,1,0
623,275,8,1,0
623,81,9,1,1
623,141,10,1,1
623,104,11,1,4
623,185,12,1,0
623,576,13,1,1
623,361,14,1,1
623,509,15,1,4
623,416,16,1,1
623,257,17,1,2
623,206,18,1,1
623,267,19,1,2
623,548,20,1,3
624,465,1,3,0
624,103,2,3,3
624,466,3,3,1
624,268,4,3,3
624,51,5,3,1
624,355,6,3,0
624,293,7,3,3
624,164,8,3,4
624,48,9,3,3
624,548,10,3,3
624,478,11,3,3
624,104,12,3,4
624,78,13,3,3
624,409,14,3,4
624,503,15,3,3
624,257,16,3,2
624,450,17,3,0
624,231,18,3,1
624,243,19,3,3
624,185,20,3,0
625,170,1,4,0
625,569,2,4,4
625,122,3,4,2
625,104,4,4,4
625,501,5,4,1
625,164,6,4,4
625,329,7,4,4
625,599,8,4,4
625,257,9,4,2
625,500,10,4,0
625,548,11,4,3
625,259,12,4,4
625,103,13,4,3
625,359,14,4,4
625,47,15,4,2
625,25,16,4,0
625,185,17,4,0
625,225,18,4,0
625,529,19,4,4
625,470,20,4,0
626,548,1,2,3
626,170,2,2,0
626,150,3,2,0
626,267,4,2,2
626,103,5,2,3
626,25,6,2,0
626,117,7,2,2
626,81,8,2,1
626,257,9,2,2
626,466,10,2,1
626,393,11,2,3
626,72,12,2,2
626,408,13,2,3
626,185,14,2,0
626,409,15,2,4
626,67,16,2,2
626,7,17,2,2
626,32,18,2,2
626,194,19,2,4
626,537,20,2,2
627,282,1,4,2
627,393,2,4,3
627,589,3,4,4
627,580,4,4,0
627,57,5,4,2
627,434,6,4,4
627,355,7,4,0
627,257,8,4,2
627,486,9,4,1
627,569,10,4,4
627,104,11,4,4
627,265,12,4,0
627,519,13,4,4
627,141,14,4,1
627,359,15,4,4
627,206,16,4,1
627,164,17,4,4
627,435,18,4,0
627,149,19,4,4
627,159,20,4,4
628,393,1,4,3
628,381,2,4,1
628,509,3,4,4
628,185,4,4,0
628,22,5,4,2
628,569,6,4,4
628,141,7,4,1
628,111,8,4,1
628,78,9,4,3
628,359,10,4,4
628,206,11,4,1
628,149,12,4,4
628,597,13,4,2
628,164,14,4,4
628,129,15,4,4
628,524,16,4,4
628,449,17,4,4
628,104,18,4,4
628,9,19,4,4
628,559,20,4,4
629,284,1,1,4
629,478,2,1,3
629,481,3,1,1
629,361,4,1,1
629,104,5,1,4
629,103,6,1,3
629,436,7,1,1
629,257,8,1,2
629,466,9,1,1
629,597,10,1,2
629,548,11,1,3
629,127,12,1,2
629,327,13,1,2
629,338,14,1,3
629,164,15,1,4
629,185,16,1,0
629,206,17,1,1
629,141,18,1,1
629,160,19,1,0
629,471,20,1,1
630,61,1,1,1
630,257,2,1,2
630,104,3,1,4
630,169,4,1,4
630,141,5,1,1
630,69,6,1,4
630,47,7,1,2
630,206,8,1,1
630,136,9,1,1
630,285,10,1,0
630,537,11,1,2
630,393,12,1,3
630,466,13,1,1
630,361,14,1,1
630,242,15,1,2
630,25,16,1,0
630,548,17,1,3
630,164,18,1,4
630,83,19,1,3
630,185,20,1,0
631,103,1,3,3
631,548,2,3,3
631,101,3,3,1
631,160,4,3,0
631,284,5,3,4
631,338,6,3,3
631,7,7,3,2
631,242,8,3,2
631,493,9,3,3
631,25,10,3,0
631,368,11,3,3
631,185,12,3,0
631,257,13,3,2
631,355,14,3,0
631,537,15,3,2
631,589,16,3,4
631,61,17,3,1
631,503,18,3,3
631,22,19,3,2
631,468,20,3,3
632,207,1,2,2
632,242,2,2,2
632,257,3,2,2
632,305,4,2,0
632,338,5,2,3
632,355,6,2,0
632,79,7,2,4
632,192,8,2,2
632,185,9,2,0
632,393,10,2,3
632,104,11,2,4
632,537,12,2,2
632,141,13,2,1
632,25,14,2,0
632,478,15,2,3
632,395,16,2,0
632,356,17,2,1
632,235,18,2,0
632,548,19,2,3
632,199,20,2,4
633,22,1,1,2
633,116,2,1,1
633,569,3,1,4
633,594,4,1,4
633,25,5,1,0
633,104,6,1,4
633,150,7,1,0
633,71,8,1,1
633,307,9,1,2
633,501,10,1,1
633,305,11,1,0
633,141,12,1,1
633,361,13,1,1
633,548,14,1,3
633,206,15,1,1
633,110,16,1,0
633,417,17,1,2
633,242,18,1,2
633,477,19,1,2
633,355,20,1,0
634,104,1,1,4
634,141,2,1,1
634,582,3,1,2
634,466,4,1,1
634,196,5,1,1
634,169,6,1,4
634,80,7,1,0
634,503,8,1,3
634,36,9,1,1
634,206,10,1,1
634,6,11,1,1
634,548,12,1,3
634,401,13,1,1
634,330,14,1,0
634,356,15,1,1
634,283,16,1,3
634,164,17,1,4
634,103,18,1,3
634,580,19,1,0
634,361,20,1,1
635,582,1,3,2
635,468,2,3,3
635,337,3,3,2
635,206,4,3,1
635,393,5,3,3
635,377,6,3,2
635,302,7,3,2
635,104,8,3,4
635,537,9,3,2
635,103,10,3,3
635,164,11,3,4
635,548,12,3,3
635,185,13,3,0
635,114,14,3,4
635,229,15,3,4
635,338,16,3,3
635,25,17,3,0
635,132,18,3,2
635,205,19,3,0
635,410,20,3,0
636,511,1,4,1
636,285,2,4,0
636,160,3,4,0
636,164,4,4,4
636,514,5,4,4
636,548,6,4,3
636,104,7,4,4
636,466,8,4,1
636,329,9,4,4
636,141,10,4,1
636,404,11,4,4
636,284,12,4,4
636,354,13,4,4
636,123,14,4,3
636,185,15,4,0
636,597,16,4,2
636,229,17,4,4
636,257,18,4,2
636,78,19,4,3
636,100,20,4,0
637,569,1,2,4
637,170,2,2,0
637,141,3,2,1
637,35,4,2,0
637,537,5,2,2
637,242,6,2,2
637,465,7,2,0
637,185,8,2,0
637,548,9,2,3
637,104,10,2,4
637,361,11,2,1
637,257,12,2,2
637,353,13,2,3
637,231,14,2,1
637,206,15,2,1
637,284,16,2,4
637,47,17,2,2
637,592,18,2,2
637,464,19,2,4
637,52,20,2,2
638,141,1,4,1
638,164,2,4,4
638,557,3,4,2
638,36,4,4,1
638,537,5,4,2
638,229,6,4,4
638,444,7,4,4
638,519,8,4,4
638,359,9,4,4
638,103,10,4,3
638,569,11,4,4
638,503,12,4,3
638,225,13,4,0
638,143,14,4,3
638,464,15,4,4
638,104,16,4,4
638,284,17,4,4
638,466,18,4,1
638,25,19,4,0
638,435,20,4,0
639,345,1,0,0
639,110,2,0,0
639,170,3,0,0
639,479,4,0,4
639,225,5,0,0
639,141,6,0,1
639,185,7,0,0
639,537,8,0,2
639,355,9,0,0
639,500,10,0,0
639,206,11,0,1
639,485,12,0,0
639,61,13,0,1
639,305,14,0,0
639,25,15,0,0
639,205,16,0,0
639,379,17,0,4
639,152,18,0,2
639,582,19,0,2
639,555,20,0,0
640,548,1,4,3
640,537,2,4,2
640,149,3,4,4
640,384,4,4,4
640,322,5,4,2
640,569,6,4,4
640,359,7,4,4
640,274,8,4,4
640,582,9,4,2
640,184,10,4,4
640,374,11,4,4
640,174,12,4,4
640,163,13,4,3
640,551,14,4,1
640,431,15,4,1
640,576,16,4,1
640,104,17,4,4
640,498,18,4,3
640,225,19,4,0
640,417,20,4,2
641,158,1,3,3
641,468,2,3,3
641,563,3,3,3
641,393,4,3,3
641,548,5,3,3
641,355,6,3,0
641,25,7,3,0
641,246,8,3,1
641,284,9,3,4
641,104,10,3,4
641,61,11,3,1
641,44,12,3,4
641,466,13,3,1
641,399,14,3,4
641,505,15,3,0
641,185,16,3,0
641,141,17,3,1
641,103,18,3,3
641,503,19,3,3
641,537,20,3,2
642,431,1,2,1
642,537,2,2,2
642,503,3,2,3
642,149,4,2,4
642,548,5,2,3
642,25,6,2,0
642,236,7,2,1
642,597,8,2,2
642,470,9,2,0
642,204,10,2,4
642,576,11,2,1
642,257,12,2,2
642,207,13,2,2
642,578,14,2,3
642,72,15,2,2
642,85,16,2,0
642,104,17,2,4
642,47,18,2,2
642,185,19,2,0
642,160,20,2,0
643,482,1,4,2
643,104,2,4,4
643,206,3,4,1
643,329,4,4,4
643,101,5,4,1
643,548,6,4,3
643,439,7,4,4
643,273,8,4,3
643,419,9,4,4
643,25,10,4,0
643,257,11,4,2
643,576,12,4,1
643,338,13,4,3
643,213,14,4,3
643,99,15,4,4
643,415,16,4,0
643,518,17,4,3
643,284,18,4,4
643,141,19,4,1
643,164,20,4,4
644,483,1,3,3
644,548,2,3,3
644,501,3,3,1
644,103,4,3,3
644,254,5,3,4
644,185,6,3,0
644,338,7,3,3
644,33,8,3,3
644,413,9,3,3
644,178,10,3,3
644,242,11,3,2
644,163,12,3,3
644,305,13,3,0
644,393,14,3,3
644,416,15,3,1
644,141,16,3,1
644,158,17,3,3
644,206,18,3,1
644,509,19,3,4
644,295,20,3,0
645,185,1,0,0
645,448,2,0,3
645,225,3,0,0
645,150,4,0,0
645,141,5,0,1
645,257,6,0,2
645,295,7,0,0
645,582,8,0,2
645,104,9,0,4
645,13,10,0,3
645,548,11,0,3
645,345,12,0,0
645,170,13,0,0
645,576,14,0,1
645,164,15,0,4
645,286,16,0,1
645,0,17,0,0
645,25,18,0,0
645,422,19,0,2
645,534,20,0,4
646,594,1,4,4
646,25,2,4,0
646,134,3,4,4
646,379,4,4,4
646,173,5,4,3
646,103,6,4,3
646,47,7,4,2
646,537,8,4,2
646,509,9,4,4
646,329,10,4,4
646,569,11,4,4
646,149,12,4,4
646,302,13,4,2
646,0,14,4,0
646,582,15,4,2
646,104,16,4,4
646,449,17,4,4
646,257,18,4,2
646,248,19,4,3
646,185,20,4,0
647,185,1,2,0
647,393,2,2,3
647,42,3,2,2
647,439,4,2,4
647,164,5,2,4
647,72,6,2,2
647,132,7,2,2
647,169,8,2,4
647,52,9,2,2
647,468,10,2,3
647,158,11,2,3
647,47,12,2,2
647,149,13,2,4
647,548,14,2,3
647,257,15,2,2
647,104,16,2,4
647,36,17,2,1
647,206,18,2,1
647,537,19,2,2
647,237,20,2,2
648,561,1,1,1
648,418,2,1,3
648,222,3,1,2
648,398,4,1,3
648,104,5,1,4
648,501,6,1,1
648,181,7,1,1
648,21,8,1,1
648,206,9,1,1
648,441,10,1,1
648,301,11,1,1
648,150,12,1,0
648,103,13,1,3
648,80,14,1,0
648,196,15,1,1
648,548,16,1,3
648,163,17,1,3
648,141,18,1,1
648,185,19,1,0
648,336,20,1,1
649,384,1,4,4
649,594,2,4,4
649,305,3,4,0
649,34,4,4,4
649,413,5,4,3
649,285,6,4,0
649,510,7,4,0
649,537,8,4,2
649,104,9,4,4
649,569,10,4,4
649,174,11,4,4
649,439,12,4,4
649,6,13,4,1
649,345,14,4,0
649,199,15,4,4
649,509,16,4,4
649,206,17,4,1
649,597,18,4,2
649,164,19,4,4
649,586,20,4,1
650,103,1,3,3
650,513,2,3,3
650,514,3,3,4
650,338,4,3,3
650,393,5,3,3
650,529,6,3,4
650,225,7,3,0
650,413,8,3,3
650,543,9,3,3
650,257,10,3,2
650,184,11,3,4
650,295,12,3,0
650,23,13,3,3
650,206,14,3,1
650,185,15,3,0
650,376,16,3,1
650,433,17,3,3
650,164,18,3,4
650,243,19,3,3
650,327,20,3,2
651,72,1,3,2
651,183,2,3,3
651,433,3,3,3
651,185,4,3,0
651,33,5,3,3
651,283,6,3,3
651,503,7,3,3
651,257,8,3,2
651,243,9,3,3
651,361,10,3,1
651,163,11,3,3
651,118,12,3,3
651,178,13,3,3
651,561,14,3,1
651,548,15,3,3
651,576,16,3,1
651,104,17,3,4
651,212,18,3,2
651,164,19,3,4
651,149,20,3,4
652,346,1,0,1
652,257,2,0,2
652,295,3,0,0
652,368,4,0,3
652,164,5,0,4
652,576,6,0,1
652,361,7,0,1
652,150,8,0,0
652,123,9,0,3
652,497,10,0,2
652,206,11,0,1
652,25,12,0,0
652,242,13,0,2
652,466,14,0,1
652,439,15,0,4
652,356,16,0,1
652,160,17,0,0
652,185,18,0,0
652,225,19,0,0
652,85,20,0,0
653,450,1,0,0
653,185,2,0,0
653,398,3,0,3
653,303,4,0,3
653,435,5,0,0
653,160,6,0,0
653,548,7,0,3
653,580,8,0,0
653,459,9,0,4
653,170,10,0,0
653,141,11,0,1
653,597,12,0,2
653,150,13,0,0
653,25,14,0,0
653,115,15,0,0
653,257,16,0,2
653,164,17,0,4
653,359,18,0,4
653,116,19,0,1
653,206,20,0,1
654,510,1,3,0
654,81,2,3,1
654,206,3,3,1
654,338,4,3,3
654,418,5,3,3
654,47,6,3,2
654,273,7,3,3
654,413,8,3,3
654,242,9,3,2
654,332,10,3,2
654,164,11,3,4
654,503,12,3,3
654,537,13,3,2
654,13,14,3,3
654,25,15,3,0
654,548,16,3,3
654,257,17,3,2
654,569,18,3,4
654,582,19,3,2
654,185,20,3,0
655,185,1,0,0
655,537,2,0,2
655,164,3,0,4
655,284,4,0,4
655,478,5,0,3
655,103,6,0,3
655,295,7,0,0
655,338,8,0,3
655,206,9,0,1
655,302,10,0,2
655,25,11,0,0
655,327,12,0,2
655,416,13,0,1
655,160,14,0,0
655,170,15,0,0
655,576,16,0,1
655,501,17,0,1
655,210,18,0,0
655,355,19,0,0
655,257,20,0,2
656,466,1,0,1
656,164,2,0,4
656,416,3,0,1
656,103,4,0,3
656,545,5,0,0
656,206,6,0,1
656,548,7,0,3
656,163,8,0,3
656,520,9,0,0
656,25,10,0,0
656,99,11,0,4
656,72,12,0,2
656,455,13,0,0
656,275,14,0,0
656,257,15,0,2
656,225,16,0,0
656,330,17,0,0
656,185,18,0,0
656,242,19,0,2
656,597,20,0,2
657,329,1,1,4
657,548,2,1,3
657,416,3,1,1
657,466,4,1,1
657,141,5,1,1
657,361,6,1,1
657,226,7,1,1
657,96,8,1,1
657,338,9,1,3
657,104,10,1,4
657,164,11,1,4
657,101,12,1,1
657,242,13,1,2
657,569,14,1,4
657,386,15,1,1
657,576,16,1,1
657,257,17,1,2
657,160,18,1,0
657,246,19,1,1
657,206,20,1,1
658,103,1,2,3
658,361,2,2,1
658,548,3,2,3
658,104,4,2,4
658,201,5,2,1
658,47,6,2,2
658,468,7,2,3
658,192,8,2,2
658,597,9,2,2
658,257,10,2,2
658,542,11,2,2
658,185,12,2,0
658,206,13,2,1
658,327,14,2,2
658,537,15,2,2
658,164,16,2,4
658,187,17,2,2
658,332,18,2,2
658,70,19,2,0
658,307,20,2,2
659,222,1,2,2
659,206,2,2,1
659,569,3,2,4
659,393,4,2,3
659,582,5,2,2
659,34,6,2,4
659,257,7,2,2
659,542,8,2,2
659,149,9,2,4
659,7,10,2,2
659,548,11,2,3
659,242,12,2,2
659,237,13,2,2
659,501,14,2,1
659,285,15,2,0
659,101,16,2,1
659,327,17,2,2
659,466,18,2,1
659,557,19,2,2
659,546,20,2,1
660,158,1,3,3
660,368,2,3,3
660,9,3,3,4
660,413,4,3,3
660,206,5,3,1
660,32,6,3,2
660,483,7,3,3
660,257,8,3,2
660,93,9,3,3
660,448,10,3,3
660,353,11,3,3
660,559,12,3,4
660,25,13,3,0
660,117,14,3,2
660,284,15,3,4
660,327,16,3,2
660,468,17,3,3
660,183,18,3,3
660,103,19,3,3
660,104,20,3,4
661,206,1,3,1
661,198,2,3,3
661,141,3,3,1
661,116,4,3,1
661,33,5,3,3
661,496,6,3,1
661,164,7,3,4
661,548,8,3,3
661,104,9,3,4
661,99,10,3,4
661,185,11,3,0
661,528,12,3,3
661,295,13,3,0
661,468,14,3,3
661,63,15,3,3
661,257,16,3,2
661,264,17,3,4
661,371,18,3,1
661,322,19,3,2
661,473,20,3,3
662,511,1,3,1
662,393,2,3,3
662,83,3,3,3
662,257,4,3,2
662,158,5,3,3
662,170,6,3,0
662,141,7,3,1
662,185,8,3,0
662,533,9,3,3
662,22,10,3,2
662,123,11,3,3
662,383,12,3,3
662,103,13,3,3
662,169,14,3,4
662,327,15,3,2
662,235,16,3,0
662,509,17,3,4
662,78,18,3,3
662,548,19,3,3
662,403,20,3,3
663,361,1,4,1
663,23,2,4,3
663,569,3,4,4
663,444,4,4,4
663,132,5,4,2
663,377,6,4,2
663,141,7,4,1
663,548,8,4,3
663,227,9,4,2
663,164,10,4,4
663,375,11,4,0
663,284,12,4,4
663,185,13,4,0
663,204,14,4,4
663,104,15,4,4
663,466,16,4,1
663,464,17,4,4
663,173,18,4,3
663,206,19,4,1
663,149,20,4,4
664,501,1,1,1
664,466,2,1,1
664,537,3,1,2
664,337,4,1,2
664,569,5,1,4
664,401,6,1,1
664,240,7,1,0
664,557,8,1,2
664,212,9,1,2
664,548,10,1,3
664,361,11,1,1
664,436,12,1,1
664,206,13,1,1
664,36,14,1,1
664,129,15,1,4
664,257,16,1,2
664,356,17,1,1
664,384,18,1,4
664,103,19,1,3
664,106,20,1,1
665,250,1,2,0
665,130,2,2,0
665,519,3,2,4
665,537,4,2,2
665,104,5,2,4
665,164,6,2,4
665,338,7,2,3
665,117,8,2,2
665,356,9,2,1
665,451,10,2,1
665,207,11,2,2
665,503,12,2,3
665,361,13,2,1
665,185,14,2,0
665,478,15,2,3
665,103,16,2,3
665,586,17,2,1
665,327,18,2,2
665,235,19,2,0
665,257,20,2,2
666,160,1,4,0
666,235,2,4,0
666,576,3,4,1
666,334,4,4,4
666,149,5,4,4
666,206,6,4,1
666,116,7,4,1
666,120,8,4,0
666,567,9,4,2
666,174,10,4,4
666,152,11,4,2
666,104,12,4,4
666,284,13,4,4
666,257,14,4,2
666,242,15,4,2
666,509,16,4,4
666,164,17,4,4
666,25,18,4,0
666,327,19,4,2
666,69,20,4,4
667,103,1,1,3
667,25,2,1,0
667,185,3,1,0
667,301,4,1,1
667,576,5,1,1
667,474,6,1,4
667,481,7,1,1
667,466,8,1,1
667,401,9,1,1
667,501,10,1,1
667,548,11,1,3
667,206,12,1,1
667,227,13,1,2
667,101,14,1,1
667,361,15,1,1
667,242,16,1,2
667,329,17,1,4
667,61,18,1,1
667,104,19,1,4
667,503,20,1,3
668,208,1,3,3
668,47,2,3,2
668,229,3,3,4
668,15,4,3,0
668,330,5,3,0
668,356,6,3,1
668,352,7,3,2
668,103,8,3,3
668,393,9,3,3
668,104,10,3,4
668,501,11,3,1
668,257,12,3,2
668,537,13,3,2
668,8,14,3,3
668,185,15,3,0
668,582,16,3,2
668,478,17,3,3
668,206,18,3,1
668,153,19,3,3
668,468,20,3,3
669,186,1,2,1
669,187,2,2,2
669,177,3,2,2
669,324,4,2,4
669,327,5,2,2
669,47,6,2,2
669,98,7,2,3
669,206,8,2,1
669,392,9,2,2
669,92,10,2,2
669,222,11,2,2
669,142,12,2,2
669,141,13,2,1
669,225,14,2,0
669,537,15,2,2
669,485,16,2,0
669,257,17,2,2
669,548,18,2,3
669,517,19,2,2
669,448,20,2,3
670,582,1,4,2
670,569,2,4,4
670,206,3,4,1
670,537,4,4,2
670,225,5,4,0
670,286,6,4,1
670,424,7,4,4
670,509,8,4,4
670,104,9,4,4
670,257,10,4,2
670,331,11,4,1
670,152,12,4,2
670,554,13,4,4
670,185,14,4,0
670,548,15,4,3
670,393,16,4,3
670,284,17,4,4
670,359,18,4,4
670,397,19,4,2
670,164,20,4,4
671,327,1,2,2
671,242,2,2,2
671,576,3,2,1
671,42,4,2,2
671,206,5,2,1
671,103,6,2,3
671,375,7,2,0
671,392,8,2,2
671,164,9,2,4
671,548,10,2,3
671,409,11,2,4
671,569,12,2,4
671,110,13,2,0
671,257,14,2,2
671,205,15,2,0
671,199,16,2,4
671,597,17,2,2
671,537,18,2,2
671,185,19,2,0
671,22,20,2,2
672,302,1,4,2
672,370,2,4,0
672,503,3,4,3
672,206,4,4,1
672,393,5,4,3
672,325,6,4,0
672,104,7,4,4
672,225,8,4,0
672,329,9,4,4
672,19,10,4,4
672,597,11,4,2
672,284,12,4,4
672,185,13,4,0
672,526,14,4,1
672,413,15,4,3
672,164,16,4,4
672,141,17,4,1
672,569,18,4,4
672,103,19,4,3
672,229,20,4,4
673,503,1,2,3
673,441,2,2,1
673,361,3,2,1
673,257,4,2,2
673,25,5,2,0
673,292,6,2,2
673,576,7,2,1
673,327,8,2,2
673,537,9,2,2
673,528,10,2,3
673,417,11,2,2
673,477,12,2,2
673,548,13,2,3
673,36,14,2,1
673,597,15,2,2
673,141,16,2,1
673,104,17,2,4
673,185,18,2,0
673,362,19,2,2
673,206,20,2,1
674,468,1,2,3
674,206,2,2,1
674,362,3,2,2
674,401,4,2,1
674,543,5,2,3
674,257,6,2,2
674,503,7,2,3
674,14,8,2,4
674,548,9,2,3
674,412,10,2,2
674,28,11,2,3
674,372,12,2,2
674,425,13,2,0
674,501,14,2,1
674,537,15,2,2
674,361,16,2,1
674,295,17,2,0
674,164,18,2,4
674,242,19,2,2
674,185,20,2,0
675,330,1,0,0
675,235,2,0,0
675,185,3,0,0
675,104,4,0,4
675,25,5,0,0
675,141,6,0,1
675,225,7,0,0
675,180,8,0,0
675,164,9,0,4
675,150,10,0,0
675,576,11,0,1
675,379,12,0,4
675,170,13,0,0
675,569,14,0,4
675,246,15,0,1
675,287,16,0,2
675,480,17,0,0
675,503,18,0,3
675,206,19,0,1
675,47,20,0,2
676,284,1,4,4
676,338,2,4,3
676,141,3,4,1
676,164,4,4,4
676,199,5,4,4
676,359,6,4,4
676,154,7,4,4
676,433,8,4,3
676,597,9,4,2
676,548,10,4,3
676,474,11,4,4
676,25,12,4,0
676,329,13,4,4
676,206,14,4,1
676,104,15,4,4
676,599,16,4,4
676,434,17,4,4
676,22,18,4,2
676,224,19,4,4
676,158,20,4,3
677,99,1,2,4
677,582,2,2,2
677,592,3,2,2
677,185,4,2,0
677,177,5,2,2
677,103,6,2,3
677,401,7,2,1
677,164,8,2,4
677,134,9,2,4
677,329,10,2,4
677,257,11,2,2
677,160,12,2,0
677,117,13,2,2
677,377,14,2,2
677,356,15,2,1
677,548,16,2,3
677,509,17,2,4
677,537,18,2,2
677,481,19,2,1
677,72,20,2,2
678,413,1,3,3
678,250,2,3,0
678,569,3,3,4
678,205,4,3,0
678,235,5,3,0
678,185,6,3,0
678,104,7,3,4
678,103,8,3,3
678,548,9,3,3
678,408,10,3,3
678,243,11,3,3
678,362,12,3,2
678,503,13,3,3
678,164,14,3,4
678,524,15,3,4
678,196,16,3,1
678,338,17,3,3
678,99,18,3,4
678,537,19,3,2
678,182,20,3,2
679,537,1,3,2
679,117,2,3,2
679,149,3,3,4
679,178,4,3,3
679,318,5,3,3
679,483,6,3,3
679,338,7,3,3
679,206,8,3,1
679,435,9,3,0
679,572,10,3,2
679,437,11,3,2
679,548,12,3,3
679,78,13,3,3
679,257,14,3,2
679,597,15,3,2
679,503,16,3,3
679,378,17,3,3
679,528,18,3,3
679,3,19,3,3
679,104,20,3,4
680,141,1,1,1
680,361,2,1,1
680,466,3,1,1
680,61,4,1,1
680,0,5,1,0
680,169,6,1,4
680,338,7,1,3
680,351,8,1,1
680,531,9,1,1
680,81,10,1,1
680,442,11,1,2
680,597,12,1,2
680,206,13,1,1
680,104,14,1,4
680,355,15,1,0
680,164,16,1,4
680,242,17,1,2
680,556,18,1,1
680,236,19,1,1
680,71,20,1,1
681,225,1,0,0
681,117,2,0,2
681,257,3,0,2
681,185,4,0,0
681,570,5,0,0
681,393,6,0,3
681,325,7,0,0
681,206,8,0,1
681,90,9,0,0
681,205,10,0,0
681,160,11,0,0
681,25,12,0,0
681,164,13,0,4
681,152,14,0,2
681,149,15,0,4
681,110,16,0,0
681,169,17,0,4
681,305,18,0,0
681,338,19,0,3
681,47,20,0,2
682,338,1,1,3
682,257,2,1,2
682,103,3,1,3
682,466,4,1,1
682,361,5,1,1
682,61,6,1,1
682,185,7,1,0
682,246,8,1,1
682,371,9,1,1
682,141,10,1,1
682,25,11,1,0
682,366,12,1,1
682,537,13,1,2
682,353,14,1,3
682,36,15,1,1
682,206,16,1,1
682,548,17,1,3
682,152,18,1,2
682,441,19,1,1
682,104,20,1,4
683,359,1,4,4
683,274,2,4,4
683,99,3,4,4
683,317,4,4,2
683,185,5,4,0
683,529,6,4,4
683,548,7,4,3
683,338,8,4,3
683,284,9,4,4
683,242,10,4,2
683,257,11,4,2
683,569,12,4,4
683,393,13,4,3
683,279,14,4,4
683,206,15,4,1
683,103,16,4,3
683,355,17,4,0
683,295,18,4,0
683,104,19,4,4
683,164,20,4,4
684,22,1,2,2
684,57,2,2,2
684,117,3,2,2
684,387,4,2,2
684,47,5,2,2
684,537,6,2,2
684,504,7,2,4
684,548,8,2,3
684,229,9,2,4
684,405,10,2,0
684,212,11,2,2
684,450,12,2,0
684,323,13,2,3
684,242,14,2,2
684,173,15,2,3
684,368,16,2,3
684,257,17,2,2
684,87,18,2,2
684,466,19,2,1
684,454,20,2,4
685,227,1,0,2
685,301,2,0,1
685,45,3,0,0
685,85,4,0,0
685,81,5,0,1
685,124,6,0,4
685,548,7,0,3
685,104,8,0,4
685,574,9,0,4
685,170,10,0,0
685,2,11,0,2
685,338,12,0,3
685,105,13,0,0
685,185,14,0,0
685,393,15,0,3
685,206,16,0,1
685,295,17,0,0
685,235,18,0,0
685,466,19,0,1
685,225,20,0,0
686,329,1,4,4
686,164,2,4,4
686,1,3,4,1
686,501,4,4,1
686,169,5,4,4
686,243,6,4,3
686,295,7,4,0
686,327,8,4,2
686,361,9,4,1
686,495,10,4,0
686,257,11,4,2
686,274,12,4,4
686,104,13,4,4
686,537,14,4,2
686,199,15,4,4
686,404,16,4,4
686,478,17,4,3
686,25,18,4,0
686,597,19,4,2
686,359,20,4,4
687,548,1,1,3
687,225,2,1,0
687,393,3,1,3
687,231,4,1,1
687,377,5,1,2
687,141,6,1,1
687,257,7,1,2
687,206,8,1,1
687,171,9,1,1
687,389,10,1,4
687,185,11,1,0
687,471,12,1,1
687,444,13,1,4
687,36,14,1,1
687,103,15,1,3
687,346,16,1,1
687,96,17,1,1
687,112,18,1,2
687,163,19,1,3
687,338,20,1,3
688,225,1,3,0
688,338,2,3,3
688,597,3,3,2
688,548,4,3,3
688,393,5,3,3
688,284,6,3,4
688,529,7,3,4
688,468,8,3,3
688,257,9,3,2
688,185,10,3,0
688,582,11,3,2
688,103,12,3,3
688,466,13,3,1
688,348,14,3,3
688,242,15,3,2
688,158,16,3,3
688,307,17,3,2
688,150,18,3,0
688,206,19,3,1
688,448,20,3,3
689,355,1,0,0
689,92,2,0,2
689,501,3,0,1
689,22,4,0,2
689,539,5,0,4
689,275,6,0,0
689,206,7,0,1
689,185,8,0,0
689,361,9,0,1
689,569,10,0,4
689,258,11,0,3
689,141,12,0,1
689,25,13,0,0
689,362,14,0,2
689,330,15,0,0
689,548,16,0,3
689,590,17,0,0
689,128,18,0,3
689,503,19,0,3
689,430,20,0,0
690,103,1,1,3
690,501,2,1,1
690,456,3,1,1
690,141,4,1,1
690,185,5,1,0
690,356,6,1,1
690,152,7,1,2
690,221,8,1,1
690,466,9,1,1
690,411,10,1,1
690,104,11,1,4
690,164,12,1,4
690,176,13,1,1
690,392,14,1,2
690,206,15,1,1
690,393,16,1,3
690,503,17,1,3
690,548,18,1,3
690,257,19,1,2
690,361,20,1,1
691,104,1,2,4
691,480,2,2,0
691,408,3,2,3
691,152,4,2,2
691,517,5,2,2
691,34,6,2,4
691,597,7,2,2
691,569,8,2,4
691,327,9,2,2
691,47,10,2,2
691,235,11,2,0
691,72,12,2,2
691,185,13,2,0
691,116,14,2,1
691,547,15,2,2
691,257,16,2,2
691,206,17,2,1
691,537,18,2,2
691,199,19,2,4
691,367,20,2,2
692,548,1,2,3
692,537,2,2,2
692,185,3,2,0
692,170,4,2,0
692,47,5,2,2
692,559,6,2,4
692,7,7,2,2
692,257,8,2,2
692,104,9,2,4
692,582,10,2,2
692,103,11,2,3
692,82,12,2,2
692,327,13,2,2
692,393,14,2,3
692,242,15,2,2
692,457,16,2,2
692,342,17,2,2
692,164,18,2,4
692,377,19,2,2
692,141,20,2,1
693,149,1,4,4
693,170,2,4,0
693,185,3,4,0
693,359,4,4,4
693,295,5,4,0
693,89,6,4,4
693,274,7,4,4
693,597,8,4,2
693,233,9,4,3
693,267,10,4,2
693,119,11,4,4
693,104,12,4,4
693,265,13,4,0
693,207,14,4,2
693,25,15,4,0
693,338,16,4,3
693,164,17,4,4
693,141,18,4,1
693,103,19,4,3
693,204,20,4,4
694,393,1,4,3
694,169,2,4,4
694,364,3,4,4
694,339,4,4,4
694,206,5,4,1
694,185,6,4,0
694,170,7,4,0
694,284,8,4,4
694,104,9,4,4
694,405,10,4,0
694,569,11,4,4
694,359,12,4,4
694,257,13,4,2
694,25,14,4,0
694,275,15,4,0
694,164,16,4,4
694,242,17,4,2
694,99,18,4,4
694,559,19,4,4
694,149,20,4,4
695,164,1,2,4
695,257,2,2,2
695,377,3,2,2
695,327,4,2,2
695,242,5,2,2
695,22,6,2,2
695,7,7,2,2
695,582,8,2,2
695,69,9,2,4
695,597,10,2,2
695,576,11,2,1
695,548,12,2,3
695,594,13,2,4
695,361,14,2,1
695,338,15,2,3
695,149,16,2,4
695,185,17,2,0
695,264,18,2,4
695,537,19,2,2
695,47,20,2,2
696,464,1,2,4
696,185,2,2,0
696,392,3,2,2
696,47,4,2,2
696,104,5,2,4
696,405,6,2,0
696,537,7,2,2
696,535,8,2,0
696,102,9,2,2
696,567,10,2,2
696,307,11,2,2
696,257,12,2,2
696,487,13,2,2
696,597,14,2,2
696,225,15,2,0
696,557,16,2,2
696,387,17,2,2
696,141,18,2,1
696,548,19,2,3
696,413,20,2,3
697,149,1,4,4
697,99,2,4,4
697,534,3,4,4
697,57,4,4,2
697,597,5,4,2
697,47,6,4,2
697,569,7,4,4
697,225,8,4,0
697,443,9,4,3
697,359,10,4,4
697,257,11,4,2
697,315,12,4,0
697,503,13,4,3
697,594,14,4,4
697,104,15,4,4
697,361,16,4,1
697,353,17,4,3
697,591,18,4,1
697,185,19,4,0
697,548,20,4,3
698,257,1,1,2
698,356,2,1,1
698,256,3,1,1
698,61,4,1,1
698,164,5,1,4
698,597,6,1,2
698,178,7,1,3
698,361,8,1,1
698,122,9,1,2
698,543,10,1,3
698,327,11,1,2
698,206,12,1,1
698,241,13,1,1
698,141,14,1,1
698,466,15,1,1
698,548,16,1,3
698,355,17,1,0
698,101,18,1,1
698,433,19,1,3
698,104,20,1,4
699,412,1,2,2
699,552,2,2,2
699,290,3,2,0
699,47,4,2,2
699,401,5,2,1
699,141,6,2,1
699,338,7,2,3
699,567,8,2,2
699,22,9,2,2
699,467,10,2,2
699,103,11,2,3
699,57,12,2,2
699,257,13,2,2
699,206,14,2,1
699,104,15,2,4
699,25,16,2,0
699,393,17,2,3
699,199,18,2,4
699,101,19,2,1
699,592,20,2,2
700,417,1,4,2
700,225,2,4,0
700,194,3,4,4
700,185,4,4,0
700,25,5,4,0
700,189,6,4,4
700,242,7,4,2
700,274,8,4,4
700,303,9,4,3
700,359,10,4,4
700,257,11,4,2
700,548,12,4,3
700,104,13,4,4
700,569,14,4,4
700,64,15,4,4
700,169,16,4,4
700,206,17,4,1
700,470,18,4,0
700,549,19,4,4
700,451,20,4,1
701,7,1,4,2
701,284,2,4,4
701,74,3,4,4
701,206,4,4,1
701,149,5,4,4
701,150,6,4,0
701,349,7,4,4
701,164,8,4,4
701,116,9,4,1
701,274,10,4,4
701,225,11,4,0
701,419,12,4,4
701,80,13,4,0
701,257,14,4,2
701,229,15,4,4
701,480,16,4,0
701,104,17,4,4
701,185,18,4,0
701,264,19,4,4
701,597,20,4,2
702,466,1,4,1
702,286,2,4,1
702,158,3,4,3
702,274,4,4,4
702,584,5,4,4
702,141,6,4,1
702,594,7,4,4
702,169,8,4,4
702,164,9,4,4
702,229,10,4,4
702,242,11,4,2
702,206,12,4,1
702,196,13,4,1
702,569,14,4,4
702,261,15,4,1
702,597,16,4,2
702,338,17,4,3
702,361,18,4,1
702,233,19,4,3
702,104,20,4,4
703,225,1,0,0
703,338,2,0,3
703,110,3,0,0
703,141,4,0,1
703,435,5,0,0
703,235,6,0,0
703,590,7,0,0
703,85,8,0,0
703,345,9,0,0
703,103,10,0,3
703,25,11,0,0
703,185,12,0,0
703,397,13,0,2
703,60,14,0,0
703,173,15,0,3
703,206,16,0,1
703,434,17,0,4
703,221,18,0,1
703,324,19,0,4
703,104,20,0,4
704,206,1,2,1
704,361,2,2,1
704,564,3,2,4
704,338,4,2,3
704,475,5,2,0
704,164,6,2,4
704,337,7,2,2
704,537,8,2,2
704,242,9,2,2
704,348,10,2,3
704,170,11,2,0
704,207,12,2,2
704,192,13,2,2
704,548,14,2,3
704,582,15,2,2
704,307,16,2,2
704,257,17,2,2
704,597,18,2,2
704,214,19,2,4
704,141,20,2,1
705,548,1,2,3
705,537,2,2,2
705,184,3,2,4
705,497,4,2,2
705,104,5,2,4
705,466,6,2,1
705,597,7,2,2
705,185,8,2,0
705,392,9,2,2
705,295,10,2,0
705,301,11,2,1
705,206,12,2,1
705,284,13,2,4
705,257,14,2,2
705,103,15,2,3
705,117,16,2,2
705,223,17,2,3
705,242,18,2,2
705,582,19,2,2
705,164,20,2,4
706,184,1,4,4
706,429,2,4,4
706,185,3,4,0
706,569,4,4,4
706,509,5,4,4
706,478,6,4,3
706,576,7,4,1
706,149,8,4,4
706,246,9,4,1
706,548,10,4,3
706,103,11,4,3
706,38,12,4,3
706,206,13,4,1
706,418,14,4,3
706,257,15,4,2
706,164,16,4,4
706,104,17,4,4
706,533,18,4,3
706,384,19,4,4
706,466,20,4,1
707,103,1,3,3
707,141,2,3,1
707,242,3,3,2
707,206,4,3,1
707,407,5,3,2
707,152,6,3,2
707,503,7,3,3
707,153,8,3,3
707,61,9,3,1
707,164,10,3,4
707,129,11,3,4
707,104,12,3,4
707,548,13,3,3
707,185,14,3,0
707,4,15,3,4
707,413,16,3,3
707,361,17,3,1
707,284,18,3,4
707,478,19,3,3
707,327,20,3,2
708,411,1,2,1
708,582,2,2,2
708,342,3,2,2
708,393,4,2,3
708,170,5,2,0
708,47,6,2,2
708,367,7,2,2
708,597,8,2,2
708,185,9,2,0
708,242,10,2,2
708,381,11,2,1
708,57,12,2,2
708,206,13,2,1
708,141,14,2,1
708,548,15,2,3
708,158,16,2,3
708,8,17,2,3
708,313,18,2,3
708,257,19,2,2
708,188,20,2,3
709,229,1,4,4
709,141,2,4,1
709,393,3,4,3
709,80,4,4,0
709,365,5,4,0
709,329,6,4,4
709,284,7,4,4
709,599,8,4,4
709,548,9,4,3
709,206,10,4,1
709,454,11,4,4
709,57,12,4,2
709,537,13,4,2
709,149,14,4,4
709,501,15,4,1
709,569,16,4,4
709,164,17,4,4
709,333,18,4,3
709,104,19,4,4
709,177,20,4,2
710,338,1,3,3
710,488,2,3,3
710,205,3,3,0
710,257,4,3,2
710,100,5,3,0
710,225,6,3,0
710,298,7,3,3
710,101,8,3,1
710,103,9,3,3
710,548,10,3,3
710,452,11,3,2
710,471,12,3,1
710,242,13,3,2
710,292,14,3,2
710,206,15,3,1
710,185,16,3,0
710,355,17,3,0
710,104,18,3,4
710,353,19,3,3
710,393,20,3,3
711,101,1,4,1
711,225,2,4,0
711,235,3,4,0
711,548,4,4,3
711,149,5,4,4
711,394,6,4,4
711,164,7,4,4
711,110,8,4,0
711,514,9,4,4
711,466,10,4,1
711,185,11,4,0
711,284,12,4,4
711,257,13,4,2
711,104,14,4,4
711,439,15,4,4
711,51,16,4,1
711,78,17,4,3
711,400,18,4,0
711,213,19,4,3
711,206,20,4,1
712,395,1,0,0
712,353,2,0,3
712,359,3,0,4
712,14,4,0,4
712,104,5,0,4
712,103,6,0,3
712,141,7,0,1
712,57,8,0,2
712,145,9,0,0
712,435,10,0,0
712,569,11,0,4
712,170,12,0,0
712,78,13,0,3
712,67,14,0,2
712,150,15,0,0
712,355,16,0,0
712,127,17,0,2
712,537,18,0,2
712,185,19,0,0
712,25,20,0,0
713,242,1,2,2
713,327,2,2,2
713,25,3,2,0
713,57,4,2,2
713,355,5,2,0
713,172,6,2,2
713,412,7,2,2
713,361,8,2,1
713,468,9,2,3
713,206,10,2,1
713,401,11,2,1
713,257,12,2,2
713,537,13,2,2
713,103,14,2,3
713,416,15,2,1
713,359,16,2,4
713,177,17,2,2
713,561,18,2,1
713,592,19,2,2
713,185,20,2,0
714,572,1,1,2
714,514,2,1,4
714,71,3,1,1
714,361,4,1,1
714,257,5,1,2
714,320,6,1,0
714,191,7,1,1
714,104,8,1,4
714,93,9,1,3
714,185,10,1,0
714,548,11,1,3
714,518,12,1,3
714,426,13,1,1
714,401,14,1,1
714,103,15,1,3
714,206,16,1,1
714,158,17,1,3
714,25,18,1,0
714,329,19,1,4
714,543,20,1,3
715,359,1,1,4
715,199,2,1,4
715,576,3,1,1
715,284,4,1,4
715,164,5,1,4
715,141,6,1,1
715,206,7,1,1
715,548,8,1,3
715,327,9,1,2
715,152,10,1,2
715,211,11,1,1
715,478,12,1,3
715,99,13,1,4
715,439,14,1,4
715,466,15,1,1
715,231,16,1,1
715,104,17,1,4
715,301,18,1,1
715,228,19,1,3
715,242,20,1,2
716,537,1,2,2
716,141,2,2,1
716,462,3,2,2
716,338,4,2,3
716,295,5,2,0
716,206,6,2,1
716,170,7,2,0
716,57,8,2,2
716,61,9,2,1
716,368,10,2,3
716,257,11,2,2
716,25,12,2,0
716,185,13,2,0
716,274,14,2,4
716,165,15,2,0
716,242,16,2,2
716,392,17,2,2
716,104,18,2,4
716,478,19,2,3
716,103,20,2,3
717,158,1,3,3
717,103,2,3,3
717,141,3,3,1
717,104,4,3,4
717,355,5,3,0
717,327,6,3,2
717,237,7,3,2
717,567,8,3,2
717,338,9,3,3
717,72,10,3,2
717,548,11,3,3
717,345,12,3,0
717,93,13,3,3
717,33,14,3,3
717,242,15,3,2
717,560,16,3,0
717,185,17,3,0
717,508,18,3,3
717,60,19,3,0
717,235,20,3,0
718,595,1,0,0
718,503,2,0,3
718,257,3,0,2
718,548,4,0,3
718,279,5,0,4
718,393,6,0,3
718,222,7,0,2
718,130,8,0,0
718,560,9,0,0
718,400,10,0,0
718,160,11,0,0
718,25,12,0,0
718,305,13,0,0
718,164,14,0,4
718,150,15,0,0
718,185,16,0,0
718,570,17,0,0
718,103,18,0,3
718,206,19,0,1
718,85,20,0,0
719,576,1,1,1
719,206,2,1,1
719,231,3,1,1
719,356,4,1,1
719,265,5,1,0
719,257,6,1,2
719,591,7,1,1
719,91,8,1,1
719,483,9,1,3
719,416,10,1,1
719,156,11,1,1
719,164,12,1,4
719,569,13,1,4
719,476,14,1,1
719,185,15,1,0
719,548,16,1,3
719,103,17,1,3
719,254,18,1,4
719,158,19,1,3
719,141,20,1,1
720,104,1,0,4
720,160,2,0,0
720,25,3,0,0
720,266,4,0,1
720,416,5,0,1
720,295,6,0,0
720,257,7,0,2
720,540,8,0,0
720,150,9,0,0
720,110,10,0,0
720,569,11,0,4
720,329,12,0,4
720,548,13,0,3
720,480,14,0,0
720,149,15,0,4
720,170,16,0,0
720,225,17,0,0
720,185,18,0,0
720,338,19,0,3
720,355,20,0,0
721,25,1,4,0
721,549,2,4,4
721,185,3,4,0
721,164,4,4,4
721,284,5,4,4
721,231,6,4,1
721,47,7,4,2
721,444,8,4,4
721,501,9,4,1
721,81,10,4,1
721,323,11,4,3
721,169,12,4,4
721,104,13,4,4
721,478,14,4,3
721,93,15,4,3
721,524,16,4,4
721,206,17,4,1
721,7,18,4,2
721,569,19,4,4
721,257,20,4,2
722,206,1,1,1
722,212,2,1,2
722,569,3,1,4
722,576,4,1,1
722,141,5,1,1
722,101,6,1,1
722,207,7,1,2
722,99,8,1,4
722,123,9,1,3
722,169,10,1,4
722,185,11,1,0
722,401,12,1,1
722,548,13,1,3
722,361,14,1,1
722,356,15,1,1
722,22,16,1,2
722,393,17,1,3
722,225,18,1,0
722,170,19,1,0
722,537,20,1,2
723,548,1,4,3
723,274,2,4,4
723,333,3,4,3
723,384,4,4,4
723,359,5,4,4
723,164,6,4,4
723,79,7,4,4
723,273,8,4,3
723,206,9,4,1
723,356,10,4,1
723,104,11,4,4
723,440,12,4,0
723,179,13,4,4
723,329,14,4,4
723,170,15,4,0
723,242,16,4,2
723,354,17,4,4
723,522,18,4,2
723,174,19,4,4
723,257,20,4,2
724,361,1,1,1
724,206,2,1,1
724,104,3,1,4
724,164,4,1,4
724,99,5,1,4
724,416,6,1,1
724,311,7,1,1
724,418,8,1,3
724,103,9,1,3
724,548,10,1,3
724,257,11,1,2
724,582,12,1,2
724,65,13,1,0
724,141,14,1,1
724,529,15,1,4
724,466,16,1,1
724,246,17,1,1
724,225,18,1,0
724,444,19,1,4
724,256,20,1,1
725,124,1,4,4
725,137,2,4,2
725,104,3,4,4
725,131,4,4,1
725,185,5,4,0
725,548,6,4,3
725,199,7,4,4
725,141,8,4,1
725,105,9,4,0
725,384,10,4,4
725,164,11,4,4
725,25,12,4,0
725,240,13,4,0
725,478,14,4,3
725,19,15,4,4
725,359,16,4,4
725,509,17,4,4
725,257,18,4,2
725,284,19,4,4
725,170,20,4,0
726,185,1,3,0
726,47,2,3,2
726,379,3,3,4
726,358,4,3,3
726,177,5,3,2
726,478,6,3,3
726,413,7,3,3
726,89,8,3,4
726,543,9,3,3
726,305,10,3,0
726,104,11,3,4
726,503,12,3,3
726,78,13,3,3
726,418,14,3,3
726,103,15,3,3
726,191,16,3,1
726,273,17,3,3
726,529,18,3,4
726,548,19,3,3
726,206,20,3,1
727,464,1,4,4
727,103,2,4,3
727,141,3,4,1
727,206,4,4,1
727,225,5,4,0
727,36,6,4,1
727,569,7,4,4
727,257,8,4,2
727,597,9,4,2
727,284,10,4,4
727,189,11,4,4
727,234,12,4,4
727,149,13,4,4
727,579,14,4,4
727,104,15,4,4
727,394,16,4,4
727,327,17,4,2
727,548,18,4,3
727,185,19,4,0
727,169,20,4,4
728,537,1,4,2
728,501,2,4,1
728,206,3,4,1
728,569,4,4,4
728,355,5,4,0
728,503,6,4,3
728,528,7,4,3
728,225,8,4,0
728,185,9,4,0
728,338,10,4,3
728,149,11,4,4
728,325,12,4,0
728,393,13,4,3
728,344,14,4,4
728,104,15,4,4
728,103,16,4,3
728,242,17,4,2
728,34,18,4,4
728,548,19,4,3
728,284,20,4,4
729,235,1,0,0
729,206,2,0,1
729,81,3,0,1
729,150,4,0,0
729,25,5,0,0
729,103,6,0,3
729,355,7,0,0
729,432,8,0,2
729,483,9,0,3
729,231,10,0,1
729,185,11,0,0
729,160,12,0,0
729,215,13,0,0
729,537,14,0,2
729,338,15,0,3
729,258,16,0,3
729,345,17,0,0
729,190,18,0,0
729,257,19,0,2
729,295,20,0,0
730,361,1,0,1
730,185,2,0,0
730,548,3,0,3
730,104,4,0,4
730,400,5,0,0
730,25,6,0,0
730,125,7,0,0
730,295,8,0,0
730,160,9,0,0
730,335,10,0,0
730,569,11,0,4
730,274,12,0,4
730,110,13,0,0
730,505,14,0,0
730,257,15,0,2
730,225,16,0,0
730,204,17,0,4
730,150,18,0,0
730,170,19,0,0
730,101,20,0,1
731,164,1,2,4
731,103,2,2,3
731,324,3,2,4
731,47,4,2,2
731,110,5,2,0
731,548,6,2,3
731,223,7,2,3
731,57,8,2,2
731,590,9,2,0
731,116,10,2,1
731,537,11,2,2
731,242,12,2,2
731,557,13,2,2
731,257,14,2,2
731,503,15,2,3
731,468,16,2,3
731,422,17,2,2
731,267,18,2,2
731,160,19,2,0
731,397,20,2,2
732,103,1,3,3
732,149,2,3,4
732,242,3,3,2
732,231,4,3,1
732,163,5,3,3
732,510,6,3,0
732,183,7,3,3
732,393,8,3,3
732,225,9,3,0
732,141,10,3,1
732,102,11,3,2
732,548,12,3,3
732,153,13,3,3
732,537,14,3,2
732,206,15,3,1
732,359,16,3,4
732,398,17,3,3
732,235,18,3,0
732,117,19,3,2
732,307,20,3,2
733,33,1,1,3
733,356,2,1,1
733,206,3,1,1
733,46,4,1,1
733,366,5,1,1
733,361,6,1,1
733,141,7,1,1
733,548,8,1,3
733,101,9,1,1
733,242,10,1,2
733,501,11,1,1
733,561,12,1,1
733,393,13,1,3
733,61,14,1,1
733,158,15,1,3
733,185,16,1,0
733,466,17,1,1
733,483,18,1,3
733,104,19,1,4
733,359,20,1,4
734,406,1,1,1
734,273,2,1,3
734,141,3,1,1
734,170,4,1,0
734,42,5,1,2
734,104,6,1,4
734,501,7,1,1
734,292,8,1,2
734,61,9,1,1
734,485,10,1,0
734,164,11,1,4
734,257,12,1,2
734,466,13,1,1
734,231,14,1,1
734,548,15,1,3
734,13,16,1,3
734,185,17,1,0
734,261,18,1,1
734,206,19,1,1
734,345,20,1,0
735,576,1,3,1
735,361,2,3,1
735,393,3,3,3
735,170,4,3,0
735,160,5,3,0
735,95,6,3,0
735,33,7,3,3
735,520,8,3,0
735,548,9,3,3
735,206,10,3,1
735,433,11,3,3
735,257,12,3,2
735,582,13,3,2
735,569,14,3,4
735,104,15,3,4
735,355,16,3,0
735,267,17,3,2
735,141,18,3,1
735,503,19,3,3
735,78,20,3,3
736,257,1,1,2
736,548,2,1,3
736,158,3,1,3
736,96,4,1,1
736,149,5,1,4
736,225,6,1,0
736,11,7,1,1
736,361,8,1,1
736,25,9,1,0
736,284,10,1,4
736,501,11,1,1
736,22,12,1,2
736,537,13,1,2
736,185,14,1,0
736,576,15,1,1
736,177,16,1,2
736,468,17,1,3
736,206,18,1,1
736,51,19,1,1
736,466,20,1,1
737,185,1,0,0
737,285,2,0,0
737,25,3,0,0
737,257,4,0,2
737,80,5,0,0
737,225,6,0,0
737,310,7,0,0
737,295,8,0,0
737,145,9,0,0
737,170,10,0,0
737,5,11,0,0
737,228,12,0,3
737,61,13,0,1
737,45,14,0,0
737,141,15,0,1
737,515,16,0,0
737,418,17,0,3
737,71,18,0,1
737,130,19,0,0
737,395,20,0,0
738,392,1,2,2
738,393,2,2,3
738,130,3,2,0
738,537,4,2,2
738,61,5,2,1
738,257,6,2,2
738,242,7,2,2
738,207,8,2,2
738,368,9,2,3
738,352,10,2,2
738,363,11,2,3
738,98,12,2,3
738,206,13,2,1
738,338,14,2,3
738,227,15,2,2
738,372,16,2,2
738,548,17,2,3
738,47,18,2,2
738,25,19,2,0
738,104,20,2,4
739,257,1,2,2
739,331,2,2,1
739,206,3,2,1
739,338,4,2,3
739,243,5,2,3
739,104,6,2,4
739,242,7,2,2
739,164,8,2,4
739,377,9,2,2
739,327,10,2,2
739,199,11,2,4
739,466,12,2,1
739,392,13,2,2
739,359,14,2,4
739,548,15,2,3
739,182,16,2,2
739,537,17,2,2
739,508,18,2,3
739,25,19,2,0
739,569,20,2,4
740,103,1,0,3
740,416,2,0,1
740,393,3,0,3
740,591,4,0,1
740,338,5,0,3
740,527,6,0,2
740,206,7,0,1
740,545,8,0,0
740,104,9,0,4
740,185,10,0,0
740,418,11,0,3
740,164,12,0,4
740,380,13,0,0
740,80,14,0,0
740,510,15,0,0
740,242,16,0,2
740,415,17,0,0
740,275,18,0,0
740,509,19,0,4
740,229,20,0,4
741,580,1,4,0
741,185,2,4,0
741,537,3,4,2
741,258,4,4,3
741,569,5,4,4
741,104,6,4,4
741,586,7,4,1
741,174,8,4,4
741,548,9,4,3
741,166,10,4,1
741,355,11,4,0
741,206,12,4,1
741,466,13,4,1
741,274,14,4,4
741,25,15,4,0
741,501,16,4,1
741,147,17,4,2
741,299,18,4,4
741,359,19,4,4
741,141,20,4,1
742,80,1,3,0
742,283,2,3,3
742,548,3,3,3
742,25,4,3,0
742,393,5,3,3
742,158,6,3,3
742,104,7,3,4
742,103,8,3,3
742,558,9,3,3
742,42,10,3,2
742,413,11,3,3
742,127,12,3,2
742,78,13,3,3
742,537,14,3,2
742,143,15,3,3
742,543,16,3,3
742,361,17,3,1
742,448,18,3,3
742,338,19,3,3
742,503,20,3,3
743,548,1,4,3
743,169,2,4,4
743,295,3,4,0
743,244,4,4,4
743,501,5,4,1
743,546,6,4,1
743,338,7,4,3
743,537,8,4,2
743,284,9,4,4
743,271,10,4,1
743,361,11,4,1
743,25,12,4,0
743,576,13,4,1
743,199,14,4,4
743,164,15,4,4
743,189,16,4,4
743,104,17,4,4
743,569,18,4,4
743,185,19,4,0
743,206,20,4,1
744,10,1,0,0
744,104,2,0,4
744,25,3,0,0
744,327,4,0,2
744,257,5,0,2
744,447,6,0,2
744,284,7,0,4
744,518,8,0,3
744,225,9,0,0
744,100,10,0,0
744,338,11,0,3
744,548,12,0,3
744,537,13,0,2
744,170,14,0,0
744,185,15,0,0
744,206,16,0,1
744,582,17,0,2
744,150,18,0,0
744,80,19,0,0
744,79,20,0,4
745,393,1,3,3
745,597,2,3,2
745,229,3,3,4
745,353,4,3,3
745,503,5,3,3
745,104,6,3,4
745,284,7,3,4
745,548,8,3,3
745,173,9,3,3
745,538,10,3,3
745,537,11,3,2
745,13,12,3,3
745,330,13,3,0
745,164,14,3,4
745,185,15,3,0
745,431,16,3,1
745,57,17,3,2
745,361,18,3,1
745,257,19,3,2
745,543,20,3,3
746,537,1,2,2
746,361,2,2,1
746,124,3,2,4
746,242,4,2,2
746,10,5,2,0
746,100,6,2,0
746,72,7,2,2
746,281,8,2,1
746,206,9,2,1
746,582,10,2,2
746,117,11,2,2
746,57,12,2,2
746,257,13,2,2
746,503,14,2,3
746,524,15,2,4
746,384,16,2,4
746,222,17,2,2
746,327,18,2,2
746,103,19,2,3
746,47,20,2,2
747,503,1,0,3
747,471,2,0,1
747,537,3,0,2
747,104,4,0,4
747,150,5,0,0
747,361,6,0,1
747,466,7,0,1
747,516,8,0,1
747,225,9,0,0
747,392,10,0,2
747,206,11,0,1
747,242,12,0,2
747,548,13,0,3
747,185,14,0,0
747,25,15,0,0
747,260,16,0,0
747,33,17,0,3
747,170,18,0,0
747,594,19,0,4
747,158,20,0,3
748,25,1,1,0
748,36,2,1,1
748,591,3,1,1
748,141,4,1,1
748,257,5,1,2
748,150,6,1,0
748,104,7,1,4
748,206,8,1,1
748,466,9,1,1
748,271,10,1,1
748,72,11,1,2
748,371,12,1,1
748,478,13,1,3
748,301,14,1,1
748,28,15,1,3
748,170,16,1,0
748,576,17,1,1
748,22,18,1,2
748,401,19,1,1
748,548,20,1,3
749,569,1,4,4
749,439,2,4,4
749,104,3,4,4
749,25,4,4,0
749,257,5,4,2
749,149,6,4,4
749,78,7,4,3
749,409,8,4,4
749,129,9,4,4
749,206,10,4,1
749,229,11,4,4
749,464,12,4,4
749,284,13,4,4
749,327,14,4,2
749,164,15,4,4
749,141,16,4,1
749,466,17,4,1
749,548,18,4,3
749,354,19,4,4
749,355,20,4,0
750,524,1,1,4
750,537,2,1,2
750,346,3,1,1
750,185,4,1,0
750,87,5,1,2
750,548,6,1,3
750,141,7,1,1
750,281,8,1,1
750,361,9,1,1
750,257,10,1,2
750,466,11,1,1
750,569,12,1,4
750,535,13,1,0
750,150,14,1,0
750,225,15,1,0
750,25,16,1,0
750,576,17,1,1
750,206,18,1,1
750,104,19,1,4
750,594,20,1,4
751,170,1,0,0
751,537,2,0,2
751,225,3,0,0
751,104,4,0,4
751,257,5,0,2
751,164,6,0,4
751,160,7,0,0
751,353,8,0,3
751,548,9,0,3
751,185,10,0,0
751,594,11,0,4
751,503,12,0,3
751,330,13,0,0
751,111,14,0,1
751,417,15,0,2
751,206,16,0,1
751,25,17,0,0
751,405,18,0,0
751,103,19,0,3
751,597,20,0,2
752,141,1,3,1
752,466,2,3,1
752,53,3,3,3
752,112,4,3,2
752,597,5,3,2
752,568,6,3,3
752,149,7,3,4
752,594,8,3,4
752,537,9,3,2
752,103,10,3,3
752,393,11,3,3
752,418,12,3,3
752,507,13,3,2
752,257,14,3,2
752,185,15,3,0
752,158,16,3,3
752,338,17,3,3
752,548,18,3,3
752,229,19,3,4
752,278,20,3,3
753,206,1,1,1
753,116,2,1,1
753,185,3,1,0
753,141,4,1,1
753,51,5,1,1
753,91,6,1,1
753,331,7,1,1
753,284,8,1,4
753,338,9,1,3
753,576,10,1,1
753,257,11,1,2
753,170,12,1,0
753,548,13,1,3
753,433,14,1,3
753,121,15,1,1
753,361,16,1,1
753,22,17,1,2
753,104,18,1,4
753,305,19,1,0
753,377,20,1,2
754,391,1,2,1
754,22,2,2,2
754,51,3,2,1
754,548,4,2,3
754,103,5,2,3
754,537,6,2,2
754,597,7,2,2
754,164,8,2,4
754,499,9,2,4
754,206,10,2,1
754,483,11,2,3
754,141,12,2,1
754,497,13,2,2
754,170,14,2,0
754,284,15,2,4
754,359,16,2,4
754,104,17,2,4
754,281,18,2,1
754,327,19,2,2
754,257,20,2,2
755,501,1,1,1
755,336,2,1,1
755,242,3,1,2
755,206,4,1,1
755,591,5,1,1
755,257,6,1,2
755,576,7,1,1
755,170,8,1,0
755,25,9,1,0
755,532,10,1,2
755,401,11,1,1
755,511,12,1,1
755,220,13,1,0
755,116,14,1,1
755,164,15,1,4
755,466,16,1,1
755,510,17,1,0
755,141,18,1,1
755,284,19,1,4
755,564,20,1,4
756,196,1,1,1
756,149,2,1,4
756,6,3,1,1
756,13,4,1,3
756,390,5,1,0
756,329,6,1,4
756,185,7,1,0
756,206,8,1,1
756,104,9,1,4
756,150,10,1,0
756,1,11,1,1
756,141,12,1,1
756,242,13,1,2
756,501,14,1,1
756,514,15,1,4
756,111,16,1,1
756,466,17,1,1
756,416,18,1,1
756,347,19,1,2
756,164,20,1,4
757,295,1,1,0
757,355,2,1,0
757,104,3,1,4
757,101,4,1,1
757,185,5,1,0
757,576,6,1,1
757,466,7,1,1
757,206,8,1,1
757,391,9,1,1
757,510,10,1,0
757,411,11,1,1
757,284,12,1,4
757,301,13,1,1
757,379,14,1,4
757,25,15,1,0
757,597,16,1,2
757,548,17,1,3
757,47,18,1,2
757,141,19,1,1
757,257,20,1,2
758,146,1,2,1
758,327,2,2,2
758,537,3,2,2
758,135,4,2,0
758,548,5,2,3
758,14,6,2,4
758,170,7,2,0
758,302,8,2,2
758,377,9,2,2
758,104,10,2,4
758,257,11,2,2
758,77,12,2,2
758,25,13,2,0
758,152,14,2,2
758,185,15,2,0
758,242,16,2,2
758,2,17,2,2
758,545,18,2,0
758,482,19,2,2
758,22,20,2,2
759,548,1,0,3
759,206,2,0,1
759,257,3,0,2
759,90,4,0,0
759,557,5,0,2
759,104,6,0,4
759,295,7,0,0
759,275,8,0,0
759,180,9,0,0
759,33,10,0,3
759,100,11,0,0
759,185,12,0,0
759,25,13,0,0
759,61,14,0,1
759,164,15,0,4
759,169,16,0,4
759,285,17,0,0
759,537,18,0,2
759,265,19,0,0
759,212,20,0,2
760,569,1,1,4
760,483,2,1,3
760,158,3,1,3
760,401,4,1,1
760,501,5,1,1
760,371,6,1,1
760,185,7,1,0
760,103,8,1,3
760,206,9,1,1
760,95,10,1,0
760,61,11,1,1
760,511,12,1,1
760,295,13,1,0
760,361,14,1,1
760,257,15,1,2
760,104,16,1,4
760,582,17,1,2
760,72,18,1,2
760,141,19,1,1
760,71,20,1,1
761,242,1,3,2
761,158,2,3,3
761,142,3,3,2
761,535,4,3,0
761,468,5,3,3
761,264,6,3,4
761,247,7,3,2
761,104,8,3,4
761,361,9,3,1
761,327,10,3,2
761,428,11,3,3
761,569,12,3,4
761,172,13,3,2
761,206,14,3,1
761,228,15,3,3
761,213,16,3,3
761,281,17,3,1
761,466,18,3,1
761,492,19,3,2
761,257,20,3,2
762,548,1,0,3
762,414,2,0,4
762,225,3,0,0
762,468,4,0,3
762,401,5,0,1
762,185,6,0,0
762,149,7,0,4
762,479,8,0,4
762,25,9,0,0
762,425,10,0,0
762,101,11,0,1
762,338,12,0,3
762,14,13,0,4
762,257,14,0,2
762,464,15,0,4
762,485,16,0,0
762,415,17,0,0
762,329,18,0,4
762,104,19,0,4
762,99,20,0,4
763,185,1,0,0
763,296,2,0,1
763,361,3,0,1
763,582,4,0,2
763,327,5,0,2
763,540,6,0,0
763,67,7,0,2
763,537,8,0,2
763,251,9,0,1
763,281,10,0,1
763,25,11,0,0
763,503,12,0,3
763,257,13,0,2
763,206,14,0,1
763,359,15,0,4
763,7,16,0,2
763,150,17,0,0
763,338,18,0,3
763,383,19,0,3
763,225,20,0,0
764,96,1,1,1
764,206,2,1,1
764,416,3,1,1
764,248,4,1,3
764,104,5,1,4
764,464,6,1,4
764,292,7,1,2
764,329,8,1,4
764,257,9,1,2
764,116,10,1,1
764,251,11,1,1
764,340,12,1,0
764,149,13,1,4
764,361,14,1,1
764,548,15,1,3
764,164,16,1,4
764,377,17,1,2
764,141,18,1,1
764,25,19,1,0
764,185,20,1,0
765,559,1,4,4
765,468,2,4,3
765,17,3,4,2
765,22,4,4,2
765,338,5,4,3
765,103,6,4,3
765,439,7,4,4
765,104,8,4,4
765,24,9,4,4
765,257,10,4,2
765,329,11,4,4
765,594,12,4,4
765,225,13,4,0
765,80,14,4,0
765,25,15,4,0
765,548,16,4,3
765,478,17,4,3
765,449,18,4,4
765,242,19,4,2
765,466,20,4,1
766,164,1,4,4
766,104,2,4,4
766,169,3,4,4
766,584,4,4,4
766,327,5,4,2
766,597,6,4,2
766,529,7,4,4
766,465,8,4,0
766,225,9,4,0
766,14,10,4,4
766,222,11,4,2
766,229,12,4,4
766,99,13,4,4
766,284,14,4,4
766,206,15,4,1
766,103,16,4,3
766,209,17,4,4
766,295,18,4,0
766,291,19,4,1
766,257,20,4,2
767,61,1,3,1
767,206,2,3,1
767,185,3,3,0
767,103,4,3,3
767,503,5,3,3
767,393,6,3,3
767,104,7,3,4
767,428,8,3,3
767,440,9,3,0
767,598,10,3,3
767,257,11,3,2
767,308,12,3,3
767,141,13,3,1
767,413,14,3,3
767,158,15,3,3
767,548,16,3,3
767,353,17,3,3
767,361,18,3,1
767,338,19,3,3
767,576,20,3,1
768,345,1,4,0
768,585,2,4,0
768,2,3,4,2
768,149,4,4,4
768,169,5,4,4
768,569,6,4,4
768,548,7,4,3
768,409,8,4,4
768,104,9,4,4
768,537,10,4,2
768,174,11,4,4
768,459,12,4,4
768,361,13,4,1
768,103,14,4,3
768,284,15,4,4
768,117,16,4,2
768,257,17,4,2
768,229,18,4,4
768,501,19,4,1
768,444,20,4,4
769,99,1,0,4
769,235,2,0,0
769,305,3,0,0
769,503,4,0,3
769,330,5,0,0
769,185,6,0,0
769,580,7,0,0
769,548,8,0,3
769,275,9,0,0
769,257,10,0,2
769,405,11,0,0
769,104,12,0,4
769,576,13,0,1
769,501,14,0,1
769,295,15,0,0
769,50,16,0,0
769,450,17,0,0
769,100,18,0,0
769,225,19,0,0
769,170,20,0,0
770,338,1,3,3
770,393,2,3,3
770,478,3,3,3
770,257,4,3,2
770,537,5,3,2
770,185,6,3,0
770,206,7,3,1
770,548,8,3,3
770,418,9,3,3
770,503,10,3,3
770,164,11,3,4
770,273,12,3,3
770,433,13,3,3
770,485,14,3,0
770,265,15,3,0
770,576,16,3,1
770,353,17,3,3
770,174,18,3,4
770,117,19,3,2
770,242,20,3,2
771,597,1,2,2
771,548,2,2,3
771,17,3,2,2
771,25,4,2,0
771,361,5,2,1
771,537,6,2,2
771,104,7,2,4
771,354,8,2,4
771,185,9,2,0
771,141,10,2,1
771,242,11,2,2
771,257,12,2,2
771,206,13,2,1
771,170,14,2,0
771,389,15,2,4
771,10,16,2,0
771,335,17,2,0
771,152,18,2,2
771,209,19,2,4
771,149,20,2,4
772,361,1,1,1
772,116,2,1,1
772,377,3,1,2
772,185,4,1,0
772,331,5,1,1
772,229,6,1,4
772,466,7,1,1
772,449,8,1,4
772,257,9,1,2
772,236,10,1,1
772,104,11,1,4
772,284,12,1,4
772,366,13,1,1
772,381,14,1,1
772,393,15,1,3
772,576,16,1,1
772,25,17,1,0
772,464,18,1,4
772,379,19,1,4
772,206,20,1,1
773,25,1,2,0
773,597,2,2,2
773,569,3,2,4
773,483,4,2,3
773,78,5,2,3
773,231,6,2,1
773,342,7,2,2
773,537,8,2,2
773,347,9,2,2
773,22,10,2,2
773,7,11,2,2
773,161,12,2,1
773,305,13,2,0
773,104,14,2,4
773,557,15,2,2
773,327,16,2,2
773,206,17,2,1
773,257,18,2,2
773,242,19,2,2
773,359,20,2,4
774,284,1,1,4
774,537,2,1,2
774,216,3,1,1
774,57,4,1,2
774,301,5,1,1
774,141,6,1,1
774,104,7,1,4
774,225,8,1,0
774,166,9,1,1
774,576,10,1,1
774,416,11,1,1
774,571,12,1,1
774,152,13,1,2
774,361,14,1,1
774,196,15,1,1
774,117,16,1,2
774,25,17,1,0
774,235,18,1,0
774,206,19,1,1
774,466,20,1,1
775,377,1,2,2
775,242,2,2,2
775,483,3,2,3
775,107,4,2,2
775,409,5,2,4
775,597,6,2,2
775,466,7,2,1
775,72,8,2,2
775,257,9,2,2
775,47,10,2,2
775,501,11,2,1
775,548,12,2,3
775,246,13,2,1
775,66,14,2,1
775,576,15,2,1
775,206,16,2,1
775,104,17,2,4
775,537,18,2,2
775,185,19,2,0
775,480,20,2,0
776,466,1,1,1
776,307,2,1,2
776,556,3,1,1
776,229,4,1,4
776,185,5,1,0
776,164,6,1,4
776,231,7,1,1
776,361,8,1,1
776,141,9,1,1
776,101,10,1,1
776,359,11,1,4
776,206,12,1,1
776,158,13,1,3
776,257,14,1,2
776,25,15,1,0
776,393,16,1,3
776,103,17,1,3
776,331,18,1,1
776,401,19,1,1
776,537,20,1,2
777,103,1,0,3
777,145,2,0,0
777,327,3,0,2
777,170,4,0,0
777,47,5,0,2
777,235,6,0,0
777,501,7,0,1
777,150,8,0,0
777,104,9,0,4
777,141,10,0,1
777,206,11,0,1
777,393,12,0,3
777,548,13,0,3
777,330,14,0,0
777,100,15,0,0
777,267,16,0,2
777,401,17,0,1
777,25,18,0,0
777,78,19,0,3
777,185,20,0,0
778,225,1,2,0
778,267,2,2,2
778,104,3,2,4
778,164,4,2,4
778,522,5,2,2
778,302,6,2,2
778,242,7,2,2
778,537,8,2,2
778,264,9,2,4
778,393,10,2,3
778,185,11,2,0
778,465,12,2,0
778,569,13,2,4
778,162,14,2,2
778,257,15,2,2
778,60,16,2,0
778,252,17,2,2
778,597,18,2,2
778,61,19,2,1
778,316,20,2,1
779,295,1,2,0
779,492,2,2,2
779,206,3,2,1
779,257,4,2,2
779,540,5,2,0
779,158,6,2,3
779,104,7,2,4
779,12,8,2,2
779,503,9,2,3
779,103,10,2,3
779,185,11,2,0
779,537,12,2,2
779,141,13,2,1
779,444,14,2,4
779,31,15,2,1
779,242,16,2,2
779,450,17,2,0
779,164,18,2,4
779,330,19,2,0
779,569,20,2,4
780,478,1,3,3
780,460,2,3,0
780,141,3,3,1
780,594,4,3,4
780,537,5,3,2
780,257,6,3,2
780,78,7,3,3
780,503,8,3,3
780,116,9,3,1
780,548,10,3,3
780,206,11,3,1
780,338,12,3,3
780,160,13,3,0
780,185,14,3,0
780,496,15,3,1
780,413,16,3,3
780,463,17,3,3
780,164,18,3,4
780,327,19,3,2
780,273,20,3,3
781,53,1,0,3
781,582,2,0,2
781,285,3,0,0
781,444,4,0,4
781,185,5,0,0
781,488,6,0,3
781,569,7,0,4
781,206,8,0,1
781,355,9,0,0
781,264,10,0,4
781,160,11,0,0
781,393,12,0,3
781,225,13,0,0
781,257,14,0,2
781,580,15,0,0
781,25,16,0,0
781,125,17,0,0
781,468,18,0,3
781,485,19,0,0
781,338,20,0,3
782,257,1,3,2
782,242,2,3,2
782,548,3,3,3
782,205,4,3,0
782,185,5,3,0
782,513,6,3,3
782,338,7,3,3
782,220,8,3,0
782,416,9,3,1
782,483,10,3,3
782,353,11,3,3
782,284,12,3,4
782,103,13,3,3
782,178,14,3,3
782,468,15,3,3
782,141,16,3,1
782,329,17,3,4
782,164,18,3,4
782,393,19,3,3
782,150,20,3,0
783,569,1,2,4
783,420,2,2,0
783,537,3,2,2
783,142,4,2,2
783,576,5,2,1
783,305,6,2,0
783,548,7,2,3
783,11,8,2,1
783,257,9,2,2
783,552,10,2,2
783,25,11,2,0
783,557,12,2,2
783,72,13,2,2
783,185,14,2,0
783,164,15,2,4
783,104,16,2,4
783,117,17,2,2
783,116,18,2,1
783,355,19,2,0
783,478,20,2,3
784,543,1,0,3
784,576,2,0,1
784,158,3,0,3
784,338,4,0,3
784,257,5,0,2
784,185,6,0,0
784,471,7,0,1
784,6,8,0,1
784,47,9,0,2
784,548,10,0,3
784,103,11,0,3
784,170,12,0,0
784,468,13,0,3
784,393,14,0,3
784,345,15,0,0
784,589,16,0,4
784,25,17,0,0
784,206,18,0,1
784,560,19,0,0
784,225,20,0,0
785,150,1,0,0
785,104,2,0,4
785,257,3,0,2
785,428,4,0,3
785,548,5,0,3
785,273,6,0,3
785,268,7,0,3
785,185,8,0,0
785,582,9,0,2
785,158,10,0,3
785,174,11,0,4
785,80,12,0,0
785,25,13,0,0
785,359,14,0,4
785,458,15,0,3
785,355,16,0,0
785,164,17,0,4
785,110,18,0,0
785,235,19,0,0
785,435,20,0,0
786,498,1,3,3
786,466,2,3,1
786,268,3,3,3
786,90,4,3,0
786,206,5,3,1
786,79,6,3,4
786,101,7,3,1
786,221,8,3,1
786,284,9,3,4
786,242,10,3,2
786,170,11,3,0
786,421,12,3,1
786,189,13,3,4
786,543,14,3,3
786,413,15,3,3
786,257,16,3,2
786,80,17,3,0
786,278,18,3,3
786,103,19,3,3
786,483,20,3,3
787,79,1,3,4
787,146,2,3,1
787,33,3,3,3
787,206,4,3,1
787,141,5,3,1
787,25,6,3,0
787,178,7,3,3
787,257,8,3,2
787,435,9,3,0
787,284,10,3,4
787,116,11,3,1
787,118,12,3,3
787,524,13,3,4
787,149,14,3,4
787,361,15,3,1
787,409,16,3,4
787,353,17,3,3
787,548,18,3,3
787,103,19,3,3
787,537,20,3,2
788,264,1,3,4
788,548,2,3,3
788,301,3,3,1
788,451,4,3,1
788,273,5,3,3
788,537,6,3,2
788,231,7,3,1
788,338,8,3,3
788,353,9,3,3
788,103,10,3,3
788,257,11,3,2
788,225,12,3,0
788,361,13,3,1
788,569,14,3,4
788,401,15,3,1
788,529,16,3,4
788,466,17,3,1
788,22,18,3,2
788,359,19,3,4
788,169,20,3,4
789,503,1,3,3
789,453,2,3,3
789,582,3,3,2
789,33,4,3,3
789,384,5,3,4
789,537,6,3,2
789,103,7,3,3
789,548,8,3,3
789,100,9,3,0
789,338,10,3,3
789,466,11,3,1
789,164,12,3,4
789,273,13,3,3
789,104,14,3,4
789,483,15,3,3
789,559,16,3,4
789,78,17,3,3
789,413,18,3,3
789,393,19,3,3
789,206,20,3,1
790,334,1,1,4
790,225,2,1,0
790,257,3,1,2
790,185,4,1,0
790,206,5,1,1
790,537,6,1,2
790,28,7,1,3
790,523,8,1,3
790,141,9,1,1
790,104,10,1,4
790,548,11,1,3
790,359,12,1,4
790,361,13,1,1
790,466,14,1,1
790,243,15,1,3
790,345,16,1,0
790,164,17,1,4
790,202,18,1,2
790,401,19,1,1
790,455,20,1,0
791,206,1,2,1
791,257,2,2,2
791,393,3,2,3
791,192,4,2,2
791,597,5,2,2
791,297,6,2,2
791,355,7,2,0
791,172,8,2,2
791,332,9,2,2
791,225,10,2,0
791,242,11,2,2
791,413,12,2,3
791,362,13,2,2
791,537,14,2,2
791,582,15,2,2
791,185,16,2,0
791,164,17,2,4
791,223,18,2,3
791,47,19,2,2
791,569,20,2,4
792,141,1,0,1
792,104,2,0,4
792,164,3,0,4
792,468,4,0,3
792,503,5,0,3
792,377,6,0,2
792,466,7,0,1
792,327,8,0,2
792,81,9,0,1
792,295,10,0,0
792,209,11,0,4
792,206,12,0,1
792,498,13,0,3
792,537,14,0,2
792,255,15,0,0
792,170,16,0,0
792,25,17,0,0
792,225,18,0,0
792,359,19,0,4
792,257,20,0,2
793,185,1,0,0
793,257,2,0,2
793,338,3,0,3
793,141,4,0,1
793,206,5,0,1
793,468,6,0,3
793,393,7,0,3
793,124,8,0,4
793,25,9,0,0
793,480,10,0,0
793,40,11,0,0
793,548,12,0,3
793,240,13,0,0
793,315,14,0,0
793,433,15,0,3
793,355,16,0,0
793,530,17,0,0
793,378,18,0,3
793,328,19,0,3
793,104,20,0,4
794,6,1,1,1
794,597,2,1,2
794,206,3,1,1
794,29,4,1,4
794,466,5,1,1
794,61,6,1,1
794,413,7,1,3
794,576,8,1,1
794,435,9,1,0
794,508,10,1,3
794,338,11,1,3
794,150,12,1,0
794,36,13,1,1
794,111,14,1,1
794,537,15,1,2
794,546,16,1,1
794,226,17,1,1
794,141,18,1,1
794,104,19,1,4
794,361,20,1,1
795,141,1,4,1
795,507,2,4,2
795,355,3,4,0
795,169,4,4,4
795,25,5,4,0
795,93,6,4,3
795,435,7,4,0
795,275,8,4,0
795,206,9,4,1
795,589,10,4,4
795,548,11,4,3
795,324,12,4,4
795,124,13,4,4
795,185,14,4,0
795,359,15,4,4
795,170,16,4,0
795,104,17,4,4
795,434,18,4,4
795,207,19,4,2
795,393,20,4,3
796,47,1,2,2
796,548,2,2,3
796,597,3,2,2
796,554,4,2,4
796,206,5,2,1
796,416,6,2,1
796,327,7,2,2
796,257,8,2,2
796,51,9,2,1
796,457,10,2,2
796,101,11,2,1
796,487,12,2,2
796,185,13,2,0
796,122,14,2,2
796,22,15,2,2
796,121,16,2,1
796,537,17,2,2
796,127,18,2,2
796,248,19,2,3
796,350,20,2,0
797,116,1,1,1
797,229,2,1,4
797,164,3,1,4
797,141,4,1,1
797,26,5,1,1
797,557,6,1,2
797,25,7,1,0
797,206,8,1,1
797,466,9,1,1
797,99,10,1,4
797,173,11,1,3
797,103,12,1,3
797,58,13,1,3
797,61,14,1,1
797,101,15,1,1
797,257,16,1,2
797,236,17,1,1
797,273,18,1,3
797,233,19,1,3
797,12,20,1,2
798,242,1,4,2
798,230,2,4,0
798,225,3,4,0
798,569,4,4,4
798,354,5,4,4
798,361,6,4,1
798,274,7,4,4
798,72,8,4,2
798,206,9,4,1
798,353,10,4,3
798,104,11,4,4
798,164,12,4,4
798,14,13,4,4
798,548,14,4,3
798,257,15,4,2
798,339,16,4,4
798,393,17,4,3
798,284,18,4,4
798,429,19,4,4
798,594,20,4,4
799,274,1,4,4
799,569,2,4,4
799,95,3,4,0
799,25,4,4,0
799,501,5,4,1
799,20,6,4,0
799,206,7,4,1
799,478,8,4,3
799,529,9,4,4
799,349,10,4,4
799,301,11,4,1
799,185,12,4,0
799,108,13,4,3
799,548,14,4,3
799,505,15,4,0
799,164,16,4,4
799,229,17,4,4
799,243,18,4,3
799,104,19,4,4
799,468,20,4,3
800,327,1,0,2
800,444,2,0,4
800,295,3,0,0
800,565,4,0,0
800,136,5,0,1
800,345,6,0,0
800,170,7,0,0
800,235,8,0,0
800,169,9,0,4
800,206,10,0,1
800,424,11,0,4
800,262,12,0,2
800,185,13,0,0
800,163,14,0,3
800,103,15,0,3
800,141,16,0,1
800,563,17,0,3
800,594,18,0,4
800,257,19,0,2
800,225,20,0,0
801,99,1,1,4
801,537,2,1,2
801,103,3,1,3
801,359,4,1,4
801,104,5,1,4
801,551,6,1,1
801,368,7,1,3
801,416,8,1,1
801,206,9,1,1
801,327,10,1,2
801,81,11,1,1
801,150,12,1,0
801,57,13,1,2
801,361,14,1,1
801,193,15,1,3
801,127,16,1,2
801,185,17,1,0
801,141,18,1,1
801,548,19,1,3
801,158,20,1,3
802,355,1,4,0
802,537,2,4,2
802,393,3,4,3
802,174,4,4,4
802,62,5,4,2
802,257,6,4,2
802,295,7,4,0
802,377,8,4,2
802,439,9,4,4
802,199,10,4,4
802,284,11,4,4
802,582,12,4,2
802,392,13,4,2
802,507,14,4,2
802,498,15,4,3
802,359,16,4,4
802,178,17,4,3
802,104,18,4,4
802,561,19,4,1
802,206,20,4,1
803,149,1,3,4
803,537,2,3,2
803,393,3,3,3
803,478,4,3,3
803,257,5,3,2
803,104,6,3,4
803,141,7,3,1
803,136,8,3,1
803,160,9,3,0
803,88,10,3,3
803,206,11,3,1
803,548,12,3,3
803,398,13,3,3
803,353,14,3,3
803,433,15,3,3
803,355,16,3,0
803,30,17,3,0
803,158,18,3,3
803,103,19,3,3
803,185,20,3,0
804,103,1,3,3
804,368,2,3,3
804,273,3,3,3
804,104,4,3,4
804,206,5,3,1
804,548,6,3,3
804,7,7,3,2
804,173,8,3,3
804,503,9,3,3
804,597,10,3,2
804,257,11,3,2
804,543,12,3,3
804,228,13,3,3
804,384,14,3,4
804,413,15,3,3
804,480,16,3,0
804,164,17,3,4
804,219,18,3,4
804,338,19,3,3
804,170,20,3,0
805,253,1,3,3
805,338,2,3,3
805,548,3,3,3
805,103,4,3,3
805,569,5,3,4
805,308,6,3,3
805,185,7,3,0
805,503,8,3,3
805,199,9,3,4
805,149,10,3,4
805,124,11,3,4
805,537,12,3,2
805,243,13,3,3
805,559,14,3,4
805,393,15,3,3
805,594,16,3,4
805,38,17,3,3
805,439,18,3,4
805,257,19,3,2
805,395,20,3,0
806,25,1,2,0
806,352,2,2,2
806,397,3,2,2
806,242,4,2,2
806,104,5,2,4
806,548,6,2,3
806,225,7,2,0
806,141,8,2,1
806,359,9,2,4
806,455,10,2,0
806,537,11,2,2
806,355,12,2,0
806,597,13,2,2
806,569,14,2,4
806,415,15,2,0
806,479,16,2,4
806,585,17,2,0
806,185,18,2,0
806,257,19,2,2
806,206,20,2,1
807,345,1,3,0
807,47,2,3,2
807,166,3,3,1
807,537,4,3,2
807,199,5,3,4
807,501,6,3,1
807,361,7,3,1
807,368,8,3,3
807,548,9,3,3
807,206,10,3,1
807,257,11,3,2
807,468,12,3,3
807,103,13,3,3
807,355,14,3,0
807,305,15,3,0
807,330,16,3,0
807,158,17,3,3
807,242,18,3,2
807,569,19,3,4
807,104,20,3,4
808,85,1,4,0
808,311,2,4,1
808,257,3,4,2
808,7,4,4,2
808,416,5,4,1
808,206,6,4,1
808,242,7,4,2
808,103,8,4,3
808,569,9,4,4
808,164,10,4,4
808,267,11,4,2
808,104,12,4,4
808,534,13,4,4
808,359,14,4,4
808,78,15,4,3
808,231,16,4,1
808,499,17,4,4
808,582,18,4,2
808,537,19,4,2
808,576,20,4,1
809,257,1,2,2
809,47,2,2,2
809,206,3,2,1
809,147,4,2,2
809,57,5,2,2
809,169,6,2,4
809,103,7,2,3
809,537,8,2,2
809,582,9,2,2
809,117,10,2,2
809,141,11,2,1
809,400,12,2,0
809,267,13,2,2
809,466,14,2,1
809,354,15,2,4
809,242,16,2,2
809,185,17,2,0
809,130,18,2,0
809,25,19,2,0
809,207,20,2,2
810,149,1,4,4
810,361,2,4,1
810,85,3,4,0
810,25,4,4,0
810,257,5,4,2
810,514,6,4,4
810,206,7,4,1
810,229,8,4,4
810,164,9,4,4
810,468,10,4,3
810,274,11,4,4
810,393,12,4,3
810,355,13,4,0
810,339,14,4,4
810,104,15,4,4
810,209,16,4,4
810,389,17,4,4
810,101,18,4,1
810,569,19,4,4
810,537,20,4,2
811,150,1,2,0
811,391,2,2,1
811,103,3,2,3
811,257,4,2,2
811,207,5,2,2
811,28,6,2,3
811,597,7,2,2
811,548,8,2,3
811,152,9,2,2
811,392,10,2,2
811,117,11,2,2
811,185,12,2,0
811,537,13,2,2
811,393,14,2,3
811,137,15,2,2
811,206,16,2,1
811,327,17,2,2
811,367,18,2,2
811,561,19,2,1
811,213,20,2,3
812,185,1,1,0
812,211,2,1,1
812,1,3,1,1
812,164,4,1,4
812,47,5,1,2
812,166,6,1,1
812,141,7,1,1
812,81,8,1,1
812,206,9,1,1
812,361,10,1,1
812,227,11,1,2
812,106,12,1,1
812,295,13,1,0
812,146,14,1,1
812,353,15,1,3
812,266,16,1,1
812,501,17,1,1
812,466,18,1,1
812,121,19,1,1
812,576,20,1,1
813,104,1,4,4
813,206,2,4,1
813,331,3,4,1
813,597,4,4,2
813,353,5,4,3
813,338,6,4,3
813,334,7,4,4
813,284,8,4,4
813,500,9,4,0
813,164,10,4,4
813,544,11,4,4
813,518,12,4,3
813,359,13,4,4
813,79,14,4,4
813,548,15,4,3
813,169,16,4,4
813,185,17,4,0
813,393,18,4,3
813,569,19,4,4
813,440,20,4,0
814,338,1,2,3
814,229,2,2,4
814,543,3,2,3
814,222,4,2,2
814,170,5,2,0
814,242,6,2,2
814,284,7,2,4
814,347,8,2,2
814,110,9,2,0
814,307,10,2,2
814,537,11,2,2
814,164,12,2,4
814,548,13,2,3
814,355,14,2,0
814,257,15,2,2
814,141,16,2,1
814,377,17,2,2
814,503,18,2,3
814,104,19,2,4
814,13,20,2,3
815,548,1,3,3
815,231,2,3,1
815,185,3,3,0
815,393,4,3,3
815,206,5,3,1
815,398,6,3,3
815,93,7,3,3
815,25,8,3,0
815,108,9,3,3
815,523,10,3,3
815,104,11,3,4
815,279,12,3,4
815,158,13,3,3
815,103,14,3,3
815,257,15,3,2
815,228,16,3,3
815,338,17,3,3
815,48,18,3,3
815,328,19,3,3
815,152,20,3,2
816,25,1,0,0
816,141,2,0,1
816,455,3,0,0
816,57,4,0,2
816,327,5,0,2
816,17,6,0,2
816,257,7,0,2
816,548,8,0,3
816,206,9,0,1
816,185,10,0,0
816,104,11,0,4
816,585,12,0,0
816,170,13,0,0
816,295,14,0,0
816,330,15,0,0
816,103,16,0,3
816,10,17,0,0
816,582,18,0,2
816,47,19,0,2
816,160,20,0,0
817,104,1,0,4
817,411,2,0,1
817,185,3,0,0
817,225,4,0,0
817,205,5,0,0
817,81,6,0,1
817,14,7,0,4
817,173,8,0,3
817,202,9,0,2
817,548,10,0,3
817,206,11,0,1
817,170,12,0,0
817,503,13,0,3
817,146,14,0,1
817,164,15,0,4
817,393,16,0,3
817,377,17,0,2
817,284,18,0,4
817,25,19,0,0
817,361,20,0,1
818,93,1,3,3
818,257,2,3,2
818,393,3,3,3
818,28,4,3,3
818,353,5,3,3
818,295,6,3,0
818,511,7,3,1
818,185,8,3,0
818,596,9,3,1
818,466,10,3,1
818,548,11,3,3
818,438,12,3,3
818,206,13,3,1
818,104,14,3,4
818,103,15,3,3
818,25,16,3,0
818,569,17,3,4
818,149,18,3,4
818,483,19,3,3
818,51,20,3,1
819,185,1,2,0
819,152,2,2,2
819,104,3,2,4
819,327,4,2,2
819,141,5,2,1
819,284,6,2,4
819,110,7,2,0
819,361,8,2,1
819,205,9,2,0
819,164,10,2,4
819,430,11,2,0
819,170,12,2,0
819,548,13,2,3
819,335,14,2,0
819,466,15,2,1
819,597,16,2,2
819,177,17,2,2
819,257,18,2,2
819,433,19,2,3
819,416,20,2,1
820,185,1,4,0
820,164,2,4,4
820,459,3,4,4
820,141,4,4,1
820,242,5,4,2
820,170,6,4,0
820,204,7,4,4
820,597,8,4,2
820,439,9,4,4
820,348,10,4,3
820,79,11,4,4
820,444,12,4,4
820,104,13,4,4
820,569,14,4,4
820,229,15,4,4
820,129,16,4,4
820,449,17,4,4
820,448,18,4,3
820,206,19,4,1
820,572,20,4,2
821,257,1,2,2
821,483,2,2,3
821,359,3,2,4
821,242,4,2,2
821,141,5,2,1
821,149,6,2,4
821,185,7,2,0
821,235,8,2,0
821,361,9,2,1
821,537,10,2,2
821,104,11,2,4
821,162,12,2,2
821,57,13,2,2
821,19,14,2,4
821,582,15,2,2
821,117,16,2,2
821,61,17,2,1
821,47,18,2,2
821,597,19,2,2
821,22,20,2,2
822,225,1,1,0
822,164,2,1,4
822,206,3,1,1
822,338,4,1,3
822,446,5,1,1
822,548,6,1,3
822,359,7,1,4
822,569,8,1,4
822,483,9,1,3
822,104,10,1,4
822,185,11,1,0
822,416,12,1,1
822,361,13,1,1
822,116,14,1,1
822,353,15,1,3
822,83,16,1,3
822,141,17,1,1
822,101,18,1,1
822,413,19,1,3
822,466,20,1,1
823,242,1,2,2
823,576,2,2,1
823,433,3,2,3
823,72,4,2,2
823,352,5,2,2
823,104,6,2,4
823,446,7,2,1
823,74,8,2,4
823,149,9,2,4
823,597,10,2,2
823,295,11,2,0
823,257,12,2,2
823,338,13,2,3
823,206,14,2,1
823,537,15,2,2
823,327,16,2,2
823,29,17,2,4
823,196,18,2,1
823,539,19,2,4
823,548,20,2,3
824,576,1,1,1
824,28,2,1,3
824,272,3,1,2
824,141,4,1,1
824,229,5,1,4
824,185,6,1,0
824,286,7,1,1
824,199,8,1,4
824,548,9,1,3
824,361,10,1,1
824,204,11,1,4
824,193,12,1,3
824,413,13,1,3
824,411,14,1,1
824,236,15,1,1
824,206,16,1,1
824,585,17,1,0
824,543,18,1,3
824,242,19,1,2
824,164,20,1,4
825,548,1,2,3
825,597,2,2,2
825,145,3,2,0
825,582,4,2,2
825,359,5,2,4
825,116,6,2,1
825,478,7,2,3
825,430,8,2,0
825,327,9,2,2
825,164,10,2,4
825,104,11,2,4
825,141,12,2,1
825,247,13,2,2
825,482,14,2,2
825,72,15,2,2
825,537,16,2,2
825,417,17,2,2
825,206,18,2,1
825,355,19,2,0
825,257,20,2,2
826,305,1,0,0
826,25,2,0,0
826,160,3,0,0
826,257,4,0,2
826,17,5,0,2
826,361,6,0,1
826,141,7,0,1
826,338,8,0,3
826,401,9,0,1
826,103,10,0,3
826,185,11,0,0
826,554,12,0,4
826,206,13,0,1
826,40,14,0,0
826,150,15,0,0
826,355,16,0,0
826,151,17,0,1
826,7,18,0,2
826,248,19,0,3
826,548,20,0,3
827,563,1,3,3
827,466,2,3,1
827,36,3,3,1
827,448,4,3,3
827,264,5,3,4
827,104,6,3,4
827,258,7,3,3
827,123,8,3,3
827,503,9,3,3
827,213,10,3,3
827,72,11,3,2
827,483,12,3,3
827,317,13,3,2
827,548,14,3,3
827,243,15,3,3
827,529,16,3,4
827,68,17,3,3
827,185,18,3,0
827,283,19,3,3
827,127,20,3,2
828,570,1,0,0
828,25,2,0,0
828,548,3,0,3
828,150,4,0,0
828,355,5,0,0
828,359,6,0,4
828,141,7,0,1
828,499,8,0,4
828,185,9,0,0
828,500,10,0,0
828,242,11,0,2
828,160,12,0,0
828,225,13,0,0
828,104,14,0,4
828,284,15,0,4
828,100,16,0,0
828,149,17,0,4
828,205,18,0,0
828,345,19,0,0
828,101,20,0,1
829,101,1,1,1
829,416,2,1,1
829,6,3,1,1
829,569,4,1,4
829,17,5,1,2
829,482,6,1,2
829,141,7,1,1
829,548,8,1,3
829,336,9,1,1
829,588,10,1,3
829,501,11,1,1
829,104,12,1,4
829,206,13,1,1
829,537,14,1,2
829,257,15,1,2
829,199,16,1,4
829,139,17,1,4
829,185,18,1,0
829,466,19,1,1
829,576,20,1,1
830,174,1,0,4
830,40,2,0,0
830,520,3,0,0
830,465,4,0,0
830,225,5,0,0
830,327,6,0,2
830,37,7,0,2
830,185,8,0,0
830,164,9,0,4
830,170,10,0,0
830,25,11,0,0
830,141,12,0,1
830,576,13,0,1
830,330,14,0,0
830,578,15,0,3
830,71,16,0,1
830,257,17,0,2
830,199,18,0,4
830,569,19,0,4
830,537,20,0,2
831,47,1,2,2
831,548,2,2,3
831,597,3,2,2
831,104,4,2,4
831,468,5,2,3
831,537,6,2,2
831,57,7,2,2
831,257,8,2,2
831,359,9,2,4
831,185,10,2,0
831,206,11,2,1
831,14,12,2,4
831,442,13,2,2
831,284,14,2,4
831,117,15,2,2
831,274,16,2,4
831,72,17,2,2
831,192,18,2,2
831,589,19,2,4
831,440,20,2,0
832,104,1,2,4
832,80,2,2,0
832,501,3,2,1
832,70,4,2,0
832,172,5,2,2
832,25,6,2,0
832,537,7,2,2
832,483,8,2,3
832,510,9,2,0
832,242,10,2,2
832,361,11,2,1
832,582,12,2,2
832,174,13,2,4
832,512,14,2,2
832,225,15,2,0
832,444,16,2,4
832,257,17,2,2
832,62,18,2,2
832,455,19,2,0
832,206,20,2,1
833,522,1,2,2
833,503,2,2,3
833,164,3,2,4
833,327,4,2,2
833,597,5,2,2
833,576,6,2,1
833,557,7,2,2
833,103,8,2,3
833,270,9,2,0
833,592,10,2,2
833,548,11,2,3
833,569,12,2,4
833,170,13,2,0
833,537,14,2,2
833,185,15,2,0
833,466,16,2,1
833,206,17,2,1
833,267,18,2,2
833,150,19,2,0
833,257,20,2,2
834,580,1,0,0
834,185,2,0,0
834,25,3,0,0
834,330,4,0,0
834,104,5,0,4
834,548,6,0,3
834,61,7,0,1
834,582,8,0,2
834,345,9,0,0
834,295,10,0,0
834,532,11,0,2
834,164,12,0,4
834,206,13,0,1
834,530,14,0,0
834,141,15,0,1
834,215,16,0,0
834,257,17,0,2
834,158,18,0,3
834,199,19,0,4
834,445,20,0,0
835,235,1,2,0
835,22,2,2,2
835,273,3,2,3
835,2,4,2,2
835,149,5,2,4
835,393,6,2,3
835,347,7,2,2
835,466,8,2,1
835,185,9,2,0
835,25,10,2,0
835,537,11,2,2
835,580,12,2,0
835,104,13,2,4
835,257,14,2,2
835,112,15,2,2
835,576,16,2,1
835,206,17,2,1
835,242,18,2,2
835,361,19,2,1
835,327,20,2,2
836,361,1,1,1
836,341,2,1,1
836,257,3,1,2
836,501,4,1,1
836,185,5,1,0
836,548,6,1,3
836,509,7,1,4
836,382,8,1,2
836,147,9,1,2
836,376,10,1,1
836,569,11,1,4
836,206,12,1,1
836,263,13,1,3
836,158,14,1,3
836,141,15,1,1
836,149,16,1,4
836,503,17,1,3
836,558,18,1,3
836,123,19,1,3
836,101,20,1,1
837,185,1,1,0
837,206,2,1,1
837,307,3,1,2
837,329,4,1,4
837,103,5,1,3
837,216,6,1,1
837,81,7,1,1
837,159,8,1,4
837,141,9,1,1
837,548,10,1,3
837,466,11,1,1
837,164,12,1,4
837,25,13,1,0
837,284,14,1,4
837,257,15,1,2
837,393,16,1,3
837,281,17,1,1
837,361,18,1,1
837,205,19,1,0
837,36,20,1,1
838,359,1,2,4
838,22,2,2,2
838,87,3,2,2
838,384,4,2,4
838,327,5,2,2
838,537,6,2,2
838,362,7,2,2
838,104,8,2,4
838,116,9,2,1
838,444,10,2,4
838,141,11,2,1
838,257,12,2,2
838,569,13,2,4
838,418,14,2,3
838,477,15,2,2
838,185,16,2,0
838,231,17,2,1
838,206,18,2,1
838,466,19,2,1
838,377,20,2,2
839,257,1,1,2
839,498,2,1,3
839,85,3,1,0
839,501,4,1,1
839,325,5,1,0
839,36,6,1,1
839,295,7,1,0
839,478,8,1,3
839,212,9,1,2
839,425,10,1,0
839,148,11,1,3
839,229,12,1,4
839,235,13,1,0
839,226,14,1,1
839,548,15,1,3
839,141,16,1,1
839,471,17,1,1
839,488,18,1,3
839,206,19,1,1
839,286,20,1,1
840,559,1,2,4
840,529,2,2,4
840,582,3,2,2
840,104,4,2,4
840,257,5,2,2
840,362,6,2,2
840,67,7,2,2
840,242,8,2,2
840,537,9,2,2
840,548,10,2,3
840,534,11,2,4
840,377,12,2,2
840,477,13,2,2
840,27,14,2,2
840,160,15,2,0
840,212,16,2,2
840,258,17,2,3
840,478,18,2,3
840,231,19,2,1
840,327,20,2,2
841,91,1,3,1
841,501,2,3,1
841,257,3,3,2
841,428,4,3,3
841,170,5,3,0
841,158,6,3,3
841,363,7,3,3
841,338,8,3,3
841,548,9,3,3
841,393,10,3,3
841,225,11,3,0
841,141,12,3,1
841,103,13,3,3
841,233,14,3,3
841,185,15,3,0
841,246,16,3,1
841,164,17,3,4
841,478,18,3,3
841,117,19,3,2
841,160,20,3,0
842,25,1,0,0
842,164,2,0,4
842,242,3,0,2
842,540,4,0,0
842,79,5,0,4
842,361,6,0,1
842,275,7,0,0
842,537,8,0,2
842,206,9,0,1
842,295,10,0,0
842,284,11,0,4
842,101,12,0,1
842,80,13,0,0
842,185,14,0,0
842,257,15,0,2
842,480,16,0,0
842,398,17,0,3
842,498,18,0,3
842,170,19,0,0
842,36,20,0,1
843,225,1,4,0
843,104,2,4,4
843,362,3,4,2
843,99,4,4,4
843,158,5,4,3
843,548,6,4,3
843,235,7,4,0
843,103,8,4,3
843,174,9,4,4
843,534,10,4,4
843,185,11,4,0
843,419,12,4,4
843,164,13,4,4
843,206,14,4,1
843,45,15,4,0
843,444,16,4,4
843,160,17,4,0
843,257,18,4,2
843,169,19,4,4
843,597,20,4,2
844,104,1,0,4
844,355,2,0,0
844,537,3,0,2
844,327,4,0,2
844,150,5,0,0
844,185,6,0,0
844,465,7,0,0
844,295,8,0,0
844,206,9,0,1
844,543,10,0,3
844,307,11,0,2
844,359,12,0,4
844,590,13,0,0
844,485,14,0,0
844,483,15,0,3
844,330,16,0,0
844,110,17,0,0
844,160,18,0,0
844,170,19,0,0
844,225,20,0,0
845,81,1,1,1
845,298,2,1,3
845,466,3,1,1
845,104,4,1,4
845,330,5,1,0
845,445,6,1,0
845,103,7,1,3
845,257,8,1,2
845,111,9,1,1
845,206,10,1,1
845,174,11,1,4
845,548,12,1,3
845,327,13,1,2
845,141,14,1,1
845,597,15,1,2
845,25,16,1,0
845,386,17,1,1
845,505,18,1,0
845,135,19,1,0
845,501,20,1,1
846,362,1,2,2
846,227,2,2,2
846,104,3,2,4
846,548,4,2,3
846,141,5,2,1
846,206,6,2,1
846,243,7,2,3
846,185,8,2,0
846,25,9,2,0
846,36,10,2,1
846,292,11,2,2
846,81,12,2,1
846,597,13,2,2
846,232,14,2,2
846,450,15,2,0
846,22,16,2,2
846,80,17,2,0
846,147,18,2,2
846,537,19,2,2
846,257,20,2,2
847,375,1,0,0
847,25,2,0,0
847,40,3,0,0
847,164,4,0,4
847,380,5,0,0
847,252,6,0,2
847,6,7,0,1
847,435,8,0,0
847,591,9,0,1
847,416,10,0,1
847,110,11,0,0
847,257,12,0,2
847,225,13,0,0
847,361,14,0,1
847,185,15,0,0
847,99,16,0,4
847,145,17,0,0
847,392,18,0,2
847,338,19,0,3
847,537,20,0,2
848,264,1,4,4
848,44,2,4,4
848,501,3,4,1
848,104,4,4,4
848,225,5,4,0
848,522,6,4,2
848,359,7,4,4
848,116,8,4,1
848,576,9,4,1
848,284,10,4,4
848,199,11,4,4
848,594,12,4,4
848,537,13,4,2
848,569,14,4,4
848,384,15,4,4
848,305,16,4,0
848,509,17,4,4
848,177,18,4,2
848,581,19,4,1
848,483,20,4,3
849,170,1,0,0
849,104,2,0,4
849,206,3,0,1
849,330,4,0,0
849,79,5,0,4
849,227,6,0,2
849,220,7,0,0
849,25,8,0,0
849,290,9,0,0
849,160,10,0,0
849,185,11,0,0
849,10,12,0,0
849,548,13,0,3
849,225,14,0,0
849,150,15,0,0
849,495,16,0,0
849,355,17,0,0
849,257,18,0,2
849,103,19,0,3
849,599,20,0,4
850,534,1,4,4
850,359,2,4,4
850,393,3,4,3
850,194,4,4,4
850,185,5,4,0
850,149,6,4,4
850,400,7,4,0
850,251,8,4,1
850,170,9,4,0
850,242,10,4,2
850,355,11,4,0
850,206,12,4,1
850,257,13,4,2
850,141,14,4,1
850,104,15,4,4
850,225,16,4,0
850,164,17,4,4
850,204,18,4,4
850,99,19,4,4
850,284,20,4,4
851,589,1,4,4
851,110,2,4,0
851,81,3,4,1
851,149,4,4,4
851,103,5,4,3
851,99,6,4,4
851,104,7,4,4
851,199,8,4,4
851,283,9,4,3
851,214,10,4,4
851,61,11,4,1
851,219,12,4,4
851,393,13,4,3
851,548,14,4,3
851,170,15,4,0
851,185,16,4,0
851,107,17,4,2
851,257,18,4,2
851,569,19,4,4
851,225,20,4,0
852,531,1,3,1
852,206,2,3,1
852,177,3,3,2
852,72,4,3,2
852,93,5,3,3
852,104,6,3,4
852,393,7,3,3
852,433,8,3,3
852,373,9,3,3
852,185,10,3,0
852,548,11,3,3
852,103,12,3,3
852,327,13,3,2
852,569,14,3,4
852,295,15,3,0
852,257,16,3,2
852,580,17,3,0
852,170,18,3,0
852,448,19,3,3
852,428,20,3,3
853,279,1,3,4
853,293,2,3,3
853,15,3,3,0
853,257,4,3,2
853,518,5,3,3
853,61,6,3,1
853,228,7,3,3
853,141,8,3,1
853,597,9,3,2
853,264,10,3,4
853,503,11,3,3
853,548,12,3,3
853,160,13,3,0
853,103,14,3,3
853,331,15,3,1
853,23,16,3,3
853,468,17,3,3
853,185,18,3,0
853,164,19,3,4
853,537,20,3,2
854,355,1,0,0
854,589,2,0,4
854,150,3,0,0
854,569,4,0,4
854,185,5,0,0
854,576,6,0,1
854,510,7,0,0
854,104,8,0,4
854,257,9,0,2
854,565,10,0,0
854,243,11,0,3
854,435,12,0,0
854,25,13,0,0
854,78,14,0,3
854,141,15,0,1
854,433,16,0,3
854,597,17,0,2
854,206,18,0,1
854,548,19,0,3
854,229,20,0,4
855,229,1,4,4
855,99,2,4,4
855,548,3,4,3
855,359,4,4,4
855,468,5,4,3
855,582,6,4,2
855,433,7,4,3
855,104,8,4,4
855,284,9,4,4
855,49,10,4,4
855,569,11,4,4
855,559,12,4,4
855,47,13,4,2
855,206,14,4,1
855,597,15,4,2
855,279,16,4,4
855,257,17,4,2
855,90,18,4,0
855,185,19,4,0
855,576,20,4,1
856,557,1,2,2
856,185,2,2,0
856,104,3,2,4
856,229,4,2,4
856,582,5,2,2
856,169,6,2,4
856,262,7,2,2
856,103,8,2,3
856,25,9,2,0
856,45,10,2,0
856,267,11,2,2
856,61,12,2,1
856,548,13,2,3
856,141,14,2,1
856,393,15,2,3
856,257,16,2,2
856,442,17,2,2
856,206,18,2,1
856,327,19,2,2
856,242,20,2,2
857,103,1,2,3
857,141,2,2,1
857,537,3,2,2
857,52,4,2,2
857,501,5,2,1
857,295,6,2,0
857,338,7,2,3
857,327,8,2,2
857,172,9,2,2
857,235,10,2,0
857,562,11,2,2
857,257,12,2,2
857,582,13,2,2
857,506,14,2,1
857,543,15,2,3
857,185,16,2,0
857,206,17,2,1
857,287,18,2,2
857,205,19,2,0
857,117,20,2,2
858,57,1,2,2
858,242,2,2,2
858,151,3,2,1
858,243,4,2,3
858,334,5,2,4
858,537,6,2,2
858,117,7,2,2
858,467,8,2,2
858,525,9,2,0
858,101,10,2,1
858,548,11,2,3
858,33,12,2,3
858,25,13,2,0
858,557,14,2,2
858,327,15,2,2
858,170,16,2,0
858,413,17,2,3
858,104,18,2,4
858,206,19,2,1
858,257,20,2,2
859,102,1,3,2
859,433,2,3,3
859,333,3,3,3
859,483,4,3,3
859,243,5,3,3
859,257,6,3,2
859,393,7,3,3
859,103,8,3,3
859,526,9,3,1
859,537,10,3,2
859,273,11,3,3
859,104,12,3,4
859,203,13,3,3
859,158,14,3,3
859,164,15,3,4
859,503,16,3,3
859,468,17,3,3
859,546,18,3,1
859,124,19,3,4
859,78,20,3,3
860,393,1,0,3
860,124,2,0,4
860,78,3,0,3
860,205,4,0,0
860,257,5,0,2
860,25,6,0,0
860,206,7,0,1
860,569,8,0,4
860,284,9,0,4
860,548,10,0,3
860,536,11,0,1
860,141,12,0,1
860,150,13,0,0
860,185,14,0,0
860,355,15,0,0
860,240,16,0,0
860,503,17,0,3
860,167,18,0,2
860,225,19,0,0
860,103,20,0,3
861,379,1,2,4
861,206,2,2,1
861,377,3,2,2
861,104,4,2,4
861,242,5,2,2
861,72,6,2,2
861,23,7,2,3
861,527,8,2,2
861,112,9,2,2
861,82,10,2,2
861,417,11,2,2
861,284,12,2,4
861,257,13,2,2
861,141,14,2,1
861,231,15,2,1
861,592,16,2,2
861,185,17,2,0
861,537,18,2,2
861,103,19,2,3
861,561,20,2,1
862,25,1,4,0
862,81,2,4,1
862,361,3,4,1
862,141,4,4,1
862,185,5,4,0
862,372,6,4,2
862,51,7,4,1
862,104,8,4,4
862,354,9,4,4
862,548,10,4,3
862,252,11,4,2
862,327,12,4,2
862,257,13,4,2
862,295,14,4,0
862,164,15,4,4
862,384,16,4,4
862,206,17,4,1
862,225,18,4,0
862,569,19,4,4
862,447,20,4,2
863,569,1,3,4
863,242,2,3,2
863,478,3,3,3
863,67,4,3,2
863,141,5,3,1
863,302,6,3,2
863,248,7,3,3
863,327,8,3,2
863,548,9,3,3
863,243,10,3,3
863,36,11,3,1
863,225,12,3,0
863,546,13,3,1
863,103,14,3,3
863,453,15,3,3
863,257,16,3,2
863,338,17,3,3
863,468,18,3,3
863,537,19,3,2
863,104,20,3,4
864,559,1,2,4
864,501,2,2,1
864,206,3,2,1
864,555,4,2,0
864,361,5,2,1
864,267,6,2,2
864,57,7,2,2
864,393,8,2,3
864,185,9,2,0
864,104,10,2,4
864,537,11,2,2
864,395,12,2,0
864,435,13,2,0
864,22,14,2,2
864,62,15,2,2
864,257,16,2,2
864,509,17,2,4
864,141,18,2,1
864,413,19,2,3
864,47,20,2,2
865,503,1,3,3
865,141,2,3,1
865,543,3,3,3
865,295,4,3,0
865,257,5,3,2
865,174,6,3,4
865,388,7,3,3
865,103,8,3,3
865,104,9,3,4
865,206,10,3,1
865,338,11,3,3
865,185,12,3,0
865,158,13,3,3
865,548,14,3,3
865,455,15,3,0
865,224,16,3,4
865,228,17,3,3
865,233,18,3,3
865,225,19,3,0
865,393,20,3,3
866,401,1,1,1
866,548,2,1,3
866,468,3,1,3
866,111,4,1,1
866,465,5,1,0
866,206,6,1,1
866,274,7,1,4
866,276,8,1,1
866,103,9,1,3
866,149,10,1,4
866,283,11,1,3
866,501,12,1,1
866,355,13,1,0
866,466,14,1,1
866,104,15,1,4
866,80,16,1,0
866,141,17,1,1
866,248,18,1,3
866,416,19,1,1
866,257,20,1,2
867,104,1,0,4
867,242,2,0,2
867,206,3,0,1
867,185,4,0,0
867,295,5,0,0
867,85,6,0,0
867,338,7,0,3
867,0,8,0,0
867,164,9,0,4
867,576,10,0,1
867,170,11,0,0
867,225,12,0,0
867,25,13,0,0
867,177,14,0,2
867,145,15,0,0
867,503,16,0,3
867,257,17,0,2
867,389,18,0,4
867,230,19,0,0
867,284,20,0,4
868,150,1,2,0
868,104,2,2,4
868,329,3,2,4
868,206,4,2,1
868,338,5,2,3
868,57,6,2,2
868,307,7,2,2
868,170,8,2,0
868,257,9,2,2
868,548,10,2,3
868,25,11,2,0
868,361,12,2,1
868,492,13,2,2
868,294,14,2,4
868,322,15,2,2
868,51,16,2,1
868,582,17,2,2
868,47,18,2,2
868,597,19,2,2
868,4,20,2,4
869,355,1,0,0
869,242,2,0,2
869,206,3,0,1
869,331,4,0,1
869,185,5,0,0
869,569,6,0,4
869,284,7,0,4
869,164,8,0,4
869,25,9,0,0
869,295,10,0,0
869,261,11,0,1
869,225,12,0,0
869,246,13,0,1
869,353,14,0,3
869,345,15,0,0
869,104,16,0,4
869,92,17,0,2
869,61,18,0,1
869,110,19,0,0
869,576,20,0,1
870,245,1,4,0
870,327,2,4,2
870,548,3,4,3
870,229,4,4,4
870,565,5,4,0
870,206,6,4,1
870,227,7,4,2
870,185,8,4,0
870,257,9,4,2
870,104,10,4,4
870,34,11,4,4
870,361,12,4,1
870,439,13,4,4
870,284,14,4,4
870,141,15,4,1
870,359,16,4,4
870,71,17,4,1
870,355,18,4,0
870,370,19,4,0
870,25,20,4,0
871,353,1,0,3
871,185,2,0,0
871,83,3,0,3
871,140,4,0,0
871,305,5,0,0
871,231,6,0,1
871,569,7,0,4
871,576,8,0,1
871,206,9,0,1
871,496,10,0,1
871,345,11,0,0
871,537,12,0,2
871,366,13,0,1
871,25,14,0,0
871,104,15,0,4
871,275,16,0,0
871,401,17,0,1
871,295,18,0,0
871,548,19,0,3
871,225,20,0,0
872,96,1,4,1
872,353,2,4,3
872,537,3,4,2
872,104,4,4,4
872,548,5,4,3
872,149,6,4,4
872,206,7,4,1
872,519,8,4,4
872,169,9,4,4
872,466,10,4,1
872,229,11,4,4
872,359,12,4,4
872,284,13,4,4
872,413,14,4,3
872,416,15,4,1
872,444,16,4,4
872,14,17,4,4
872,164,18,4,4
872,355,19,4,0
872,295,20,4,0
873,57,1,2,2
873,251,2,2,1
873,25,3,2,0
873,594,4,2,4
873,163,5,2,3
873,342,6,2,2
873,284,7,2,4
873,117,8,2,2
873,257,9,2,2
873,537,10,2,2
873,319,11,2,4
873,103,12,2,3
873,104,13,2,4
873,164,14,2,4
873,185,15,2,0
873,305,16,2,0
873,197,17,2,2
873,206,18,2,1
873,242,19,2,2
873,345,20,2,0
874,393,1,0,3
874,185,2,0,0
874,206,3,0,1
874,23,4,0,3
874,64,5,0,4
874,25,6,0,0
874,103,7,0,3
874,120,8,0,0
874,61,9,0,1
874,405,10,0,0
874,225,11,0,0
874,81,12,0,1
874,330,13,0,0
874,104,14,0,4
874,141,15,0,1
874,537,16,0,2
874,257,17,0,2
874,548,18,0,3
874,85,19,0,0
874,285,20,0,0
875,569,1,4,4
875,88,2,4,3
875,503,3,4,3
875,79,4,4,4
875,393,5,4,3
875,249,6,4,4
875,149,7,4,4
875,561,8,4,1
875,257,9,4,2
875,361,10,4,1
875,334,11,4,4
875,6,12,4,1
875,185,13,4,0
875,164,14,4,4
875,548,15,4,3
875,103,16,4,3
875,529,17,4,4
875,104,18,4,4
875,47,19,4,2
875,338,20,4,3
876,346,1,0,1
876,257,2,0,2
876,150,3,0,0
876,517,4,0,2
876,302,5,0,2
876,41,6,0,1
876,353,7,0,3
876,440,8,0,0
876,284,9,0,4
876,345,10,0,0
876,295,11,0,0
876,225,12,0,0
876,206,13,0,1
876,80,14,0,0
876,103,15,0,3
876,12,16,0,2
876,110,17,0,0
876,322,18,0,2
876,548,19,0,3
876,185,20,0,0
877,141,1,1,1
877,284,2,1,4
877,7,3,1,2
877,77,4,1,2
877,353,5,1,3
877,104,6,1,4
877,486,7,1,1
877,289,8,1,4
877,548,9,1,3
877,503,10,1,3
877,359,11,1,4
877,242,12,1,2
877,206,13,1,1
877,537,14,1,2
877,221,15,1,1
877,466,16,1,1
877,439,17,1,4
877,576,18,1,1
877,582,19,1,2
877,225,20,1,0
878,229,1,3,4
878,141,2,3,1
878,433,3,3,3
878,158,4,3,3
878,483,5,3,3
878,257,6,3,2
878,213,7,3,3
878,361,8,3,1
878,206,9,3,1
878,185,10,3,0
878,569,11,3,4
878,393,12,3,3
878,338,13,3,3
878,170,14,3,0
878,453,15,3,3
878,298,16,3,3
878,242,17,3,2
878,25,18,3,0
878,231,19,3,1
878,548,20,3,3
879,569,1,1,4
879,160,2,1,0
879,456,3,1,1
879,361,4,1,1
879,185,5,1,0
879,104,6,1,4
879,208,7,1,3
879,301,8,1,1
879,482,9,1,2
879,548,10,1,3
879,257,11,1,2
879,110,12,1,0
879,207,13,1,2
879,75,14,1,0
879,192,15,1,2
879,69,16,1,4
879,72,17,1,2
879,400,18,1,0
879,206,19,1,1
879,582,20,1,2
880,104,1,0,4
880,34,2,0,4
880,480,3,0,0
880,67,4,0,2
880,141,5,0,1
880,270,6,0,0
880,257,7,0,2
880,352,8,0,2
880,7,9,0,2
880,505,10,0,0
880,235,11,0,0
880,160,12,0,0
880,585,13,0,0
880,150,14,0,0
880,185,15,0,0
880,25,16,0,0
880,548,17,0,3
880,569,18,0,4
880,72,19,0,2
880,355,20,0,0
881,295,1,2,0
881,104,2,2,4
881,47,3,2,2
881,582,4,2,2
881,82,5,2,2
881,170,6,2,0
881,205,7,2,0
881,548,8,2,3
881,435,9,2,0
881,413,10,2,3
881,185,11,2,0
881,392,12,2,2
881,235,13,2,0
881,327,14,2,2
881,537,15,2,2
881,257,16,2,2
881,431,17,2,1
881,501,18,2,1
881,158,19,2,3
881,69,20,2,4
882,576,1,1,1
882,103,2,1,3
882,36,3,1,1
882,466,4,1,1
882,104,5,1,4
882,295,6,1,0
882,223,7,1,3
882,150,8,1,0
882,101,9,1,1
882,501,10,1,1
882,164,11,1,4
882,231,12,1,1
882,141,13,1,1
882,206,14,1,1
882,548,15,1,3
882,257,16,1,2
882,442,17,1,2
882,361,18,1,1
882,81,19,1,1
882,468,20,1,3
883,511,1,1,1
883,548,2,1,3
883,141,3,1,1
883,116,4,1,1
883,433,5,1,3
883,361,6,1,1
883,150,7,1,0
883,256,8,1,1
883,413,9,1,3
883,257,10,1,2
883,576,11,1,1
883,501,12,1,1
883,103,13,1,3
883,478,14,1,3
883,466,15,1,1
883,582,16,1,2
883,377,17,1,2
883,453,18,1,3
883,164,19,1,4
883,34,20,1,4
884,103,1,3,3
884,100,2,3,0
884,398,3,3,3
884,393,4,3,3
884,501,5,3,1
884,185,6,3,0
884,503,7,3,3
884,141,8,3,1
884,548,9,3,3
884,537,10,3,2
884,433,11,3,3
884,164,12,3,4
884,466,13,3,1
884,275,14,3,0
884,150,15,3,0
884,199,16,3,4
884,418,17,3,3
884,338,18,3,3
884,257,19,3,2
884,327,20,3,2
885,295,1,3,0
885,158,2,3,3
885,338,3,3,3
885,104,4,3,4
885,164,5,3,4
885,543,6,3,3
885,264,7,3,4
885,248,8,3,3
885,10,9,3,0
885,598,10,3,3
885,206,11,3,1
885,51,12,3,1
885,185,13,3,0
885,297,14,3,2
885,557,15,3,2
885,393,16,3,3
885,103,17,3,3
885,548,18,3,3
885,451,19,3,1
885,257,20,3,2
886,173,1,3,3
886,174,2,3,4
886,243,3,3,3
886,177,4,3,2
886,559,5,3,4
886,503,6,3,3
886,398,7,3,3
886,104,8,3,4
886,25,9,3,0
886,103,10,3,3
886,225,11,3,0
886,548,12,3,3
886,568,13,3,3
886,418,14,3,3
886,561,15,3,1
886,295,16,3,0
886,257,17,3,2
886,416,18,3,1
886,141,19,3,1
886,498,20,3,3
887,25,1,4,0
887,359,2,4,4
887,61,3,4,1
887,164,4,4,4
887,257,5,4,2
887,149,6,4,4
887,401,7,4,1
887,569,8,4,4
887,444,9,4,4
887,597,10,4,2
887,141,11,4,1
887,503,12,4,3
887,187,13,4,2
887,51,14,4,1
887,206,15,4,1
887,273,16,4,3
887,454,17,4,4
887,548,18,4,3
887,22,19,4,2
887,372,20,4,2
888,445,1,1,0
888,166,2,1,1
888,548,3,1,3
888,286,4,1,1
888,206,5,1,1
888,242,6,1,2
888,231,7,1,1
888,80,8,1,0
888,257,9,1,2
888,301,10,1,1
888,207,11,1,2
888,141,12,1,1
888,104,13,1,4
888,169,14,1,4
888,196,15,1,1
888,81,16,1,1
888,466,17,1,1
888,185,18,1,0
888,361,19,1,1
888,124,20,1,4
889,185,1,4,0
889,14,2,4,4
889,514,3,4,4
889,242,4,4,2
889,590,5,4,0
889,104,6,4,4
889,149,7,4,4
889,164,8,4,4
889,569,9,4,4
889,359,10,4,4
889,235,11,4,0
889,169,12,4,4
889,159,13,4,4
889,199,14,4,4
889,548,15,4,3
889,384,16,4,4
889,141,17,4,1
889,102,18,4,2
889,206,19,4,1
889,361,20,4,1
890,103,1,1,3
890,36,2,1,1
890,548,3,1,3
890,283,4,1,3
890,104,5,1,4
890,576,6,1,1
890,141,7,1,1
890,257,8,1,2
890,206,9,1,1
890,101,10,1,1
890,264,11,1,4
890,533,12,1,3
890,468,13,1,3
890,433,14,1,3
890,361,15,1,1
890,185,16,1,0
890,380,17,1,0
890,170,18,1,0
890,225,19,1,0
890,327,20,1,2
891,178,1,0,3
891,197,2,0,2
891,466,3,0,1
891,235,4,0,0
891,569,5,0,4
891,483,6,0,3
891,537,7,0,2
891,164,8,0,4
891,501,9,0,1
891,355,10,0,0
891,580,11,0,0
891,257,12,0,2
891,225,13,0,0
891,361,14,0,1
891,548,15,0,3
891,230,16,0,0
891,185,17,0,0
891,25,18,0,0
891,503,19,0,3
891,8,20,0,3
892,149,1,4,4
892,284,2,4,4
892,537,3,4,2
892,494,4,4,4
892,206,5,4,1
892,491,6,4,1
892,242,7,4,2
892,219,8,4,4
892,191,9,4,1
892,103,10,4,3
892,569,11,4,4
892,104,12,4,4
892,548,13,4,3
892,185,14,4,0
892,164,15,4,4
892,541,16,4,1
892,257,17,4,2
892,25,18,4,0
892,264,19,4,4
892,229,20,4,4
893,543,1,4,3
893,216,2,4,1
893,206,3,4,1
893,444,4,4,4
893,14,5,4,4
893,534,6,4,4
893,104,7,4,4
893,569,8,4,4
893,169,9,4,4
893,170,10,4,0
893,599,11,4,4
893,257,12,4,2
893,359,13,4,4
893,334,14,4,4
893,355,15,4,0
893,185,16,4,0
893,589,17,4,4
893,242,18,4,2
893,495,19,4,0
893,548,20,4,3
894,284,1,4,4
894,133,2,4,3
894,25,3,4,0
894,141,4,4,1
894,430,5,4,0
894,149,6,4,4
894,534,7,4,4
894,569,8,4,4
894,104,9,4,4
894,33,10,4,3
894,338,11,4,3
894,206,12,4,1
894,29,13,4,4
894,99,14,4,4
894,444,15,4,4
894,547,16,4,2
894,219,17,4,4
894,223,18,4,3
894,361,19,4,1
894,465,20,4,0
895,597,1,2,2
895,152,2,2,2
895,57,3,2,2
895,347,4,2,2
895,170,5,2,0
895,257,6,2,2
895,87,7,2,2
895,541,8,2,1
895,432,9,2,2
895,242,10,2,2
895,104,11,2,4
895,537,12,2,2
895,289,13,2,4
895,47,14,2,2
895,235,15,2,0
895,466,16,2,1
895,185,17,2,0
895,591,18,2,1
895,229,19,2,4
895,306,20,2,1
896,166,1,4,1
896,164,2,4,4
896,185,3,4,0
896,257,4,4,2
896,475,5,4,0
896,104,6,4,4
896,548,7,4,3
896,355,8,4,0
896,372,9,4,2
896,327,10,4,2
896,25,11,4,0
896,229,12,4,4
896,338,13,4,3
896,295,14,4,0
896,569,15,4,4
896,103,16,4,3
896,177,17,4,2
896,225,18,4,0
896,393,19,4,3
896,169,20,4,4
897,257,1,1,2
897,206,2,1,1
897,548,3,1,3
897,441,4,1,1
897,466,5,1,1
897,141,6,1,1
897,100,7,1,0
897,417,8,1,2
897,371,9,1,1
897,242,10,1,2
897,51,11,1,1
897,529,12,1,4
897,301,13,1,1
897,225,14,1,0
897,104,15,1,4
897,72,16,1,2
897,103,17,1,3
897,185,18,1,0
897,361,19,1,1
897,71,20,1,1
898,569,1,2,4
898,582,2,2,2
898,206,3,2,1
898,103,4,2,3
898,242,5,2,2
898,215,6,2,0
898,393,7,2,3
898,115,8,2,0
898,122,9,2,2
898,561,10,2,1
898,257,11,2,2
898,327,12,2,2
898,82,13,2,2
898,537,14,2,2
898,160,15,2,0
898,462,16,2,2
898,284,17,2,4
898,101,18,2,1
898,164,19,2,4
898,307,20,2,2
899,260,1,0,0
899,235,2,0,0
899,206,3,0,1
899,101,4,0,1
899,185,5,0,0
899,150,6,0,0
899,330,7,0,0
899,416,8,0,1
899,239,9,0,4
899,257,10,0,2
899,104,11,0,4
899,597,12,0,2
899,103,13,0,3
899,225,14,0,0
899,141,15,0,1
899,149,16,0,4
899,25,17,0,0
899,477,18,0,2
899,548,19,0,3
899,520,20,0,0
900,225,1,4,0
900,164,2,4,4
900,477,3,4,2
900,594,4,4,4
900,159,5,4,4
900,257,6,4,2
900,345,7,4,0
900,393,8,4,3
900,149,9,4,4
900,548,10,4,3
900,103,11,4,3
900,413,12,4,3
900,206,13,4,1
900,284,14,4,4
900,185,15,4,0
900,466,16,4,1
900,537,17,4,2
900,463,18,4,3
900,428,19,4,3
900,104,20,4,4
901,206,1,1,1
901,184,2,1,4
901,361,3,1,1
901,330,4,1,0
901,81,5,1,1
901,205,6,1,0
901,178,7,1,3
901,569,8,1,4
901,183,9,1,3
901,401,10,1,1
901,141,11,1,1
901,416,12,1,1
901,393,13,1,3
901,327,14,1,2
901,79,15,1,4
901,576,16,1,1
901,185,17,1,0
901,422,18,1,2
901,104,19,1,4
901,466,20,1,1
902,359,1,3,4
902,597,2,3,2
902,67,3,3,2
902,78,4,3,3
902,104,5,3,4
902,206,6,3,1
902,283,7,3,3
902,361,8,3,1
902,285,9,3,0
902,164,10,3,4
902,242,11,3,2
902,48,12,3,3
902,503,13,3,3
902,128,14,3,3
902,338,15,3,3
902,393,16,3,3
902,548,17,3,3
902,413,18,3,3
902,103,19,3,3
902,542,20,3,2
903,206,1,3,1
903,185,2,3,0
903,382,3,3,2
903,519,4,3,4
903,503,5,3,3
903,150,6,3,0
903,104,7,3,4
903,23,8,3,3
903,548,9,3,3
903,257,10,3,2
903,398,11,3,3
903,103,12,3,3
903,393,13,3,3
903,361,14,3,1
903,242,15,3,2
903,2,16,3,2
903,295,17,3,0
903,178,18,3,3
903,403,19,3,3
903,106,20,3,1
904,361,1,4,1
904,444,2,4,4
904,229,3,4,4
904,185,4,4,0
904,359,5,4,4
904,548,6,4,3
904,454,7,4,4
904,284,8,4,4
904,7,9,4,2
904,101,10,4,1
904,554,11,4,4
904,503,12,4,3
904,479,13,4,4
904,164,14,4,4
904,104,15,4,4
904,99,16,4,4
904,569,17,4,4
904,206,18,4,1
904,384,19,4,4
904,103,20,4,3
905,480,1,0,0
905,355,2,0,0
905,597,3,0,2
905,330,4,0,0
905,361,5,0,1
905,206,6,0,1
905,2,7,0,2
905,164,8,0,4
905,185,9,0,0
905,345,10,0,0
905,325,11,0,0
905,305,12,0,0
905,103,13,0,3
905,79,14,0,4
905,338,15,0,3
905,537,16,0,2
905,284,17,0,4
905,25,18,0,0
905,170,19,0,0
905,60,20,0,0
906,61,1,4,1
906,329,2,4,4
906,85,3,4,0
906,174,4,4,4
906,104,5,4,4
906,501,6,4,1
906,164,7,4,4
906,338,8,4,3
906,54,9,4,4
906,582,10,4,2
906,185,11,4,0
906,376,12,4,1
906,206,13,4,1
906,355,14,4,0
906,225,15,4,0
906,569,16,4,4
906,229,17,4,4
906,149,18,4,4
906,559,19,4,4
906,339,20,4,4
907,206,1,2,1
907,257,2,2,2
907,576,3,2,1
907,25,4,2,0
907,400,5,2,0
907,99,6,2,4
907,435,7,2,0
907,185,8,2,0
907,51,9,2,1
907,524,10,2,4
907,242,11,2,2
907,141,12,2,1
907,47,13,2,2
907,569,14,2,4
907,537,15,2,2
907,72,16,2,2
907,198,17,2,3
907,327,18,2,2
907,229,19,2,4
907,101,20,2,1
908,242,1,2,2
908,170,2,2,0
908,302,3,2,2
908,257,4,2,2
908,361,5,2,1
908,103,6,2,3
908,149,7,2,4
908,193,8,2,3
908,548,9,2,3
908,379,10,2,4
908,557,11,2,2
908,169,12,2,4
908,177,13,2,2
908,104,14,2,4
908,597,15,2,2
908,117,16,2,2
908,497,17,2,2
908,206,18,2,1
908,141,19,2,1
908,337,20,2,2
909,231,1,1,1
909,160,2,1,0
909,141,3,1,1
909,47,4,1,2
909,338,5,1,3
909,548,6,1,3
909,426,7,1,1
909,225,8,1,0
909,543,9,1,3
909,257,10,1,2
909,163,11,1,3
909,401,12,1,1
909,569,13,1,4
909,171,14,1,1
909,149,15,1,4
909,196,16,1,1
909,104,17,1,4
909,242,18,1,2
909,597,19,1,2
909,206,20,1,1
910,242,1,2,2
910,582,2,2,2
910,47,3,2,2
910,104,4,2,4
910,257,5,2,2
910,228,6,2,3
910,42,7,2,2
910,139,8,2,4
910,492,9,2,2
910,576,10,2,1
910,61,11,2,1
910,207,12,2,2
910,422,13,2,2
910,505,14,2,0
910,206,15,2,1
910,557,16,2,2
910,537,17,2,2
910,548,18,2,3
910,569,19,2,4
910,327,20,2,2
911,78,1,2,3
911,582,2,2,2
911,275,3,2,0
911,57,4,2,2
911,235,5,2,0
911,104,6,2,4
911,392,7,2,2
911,327,8,2,2
911,257,9,2,2
911,487,10,2,2
911,317,11,2,2
911,548,12,2,3
911,242,13,2,2
911,592,14,2,2
911,488,15,2,3
911,22,16,2,2
911,277,17,2,2
911,185,18,2,0
911,27,19,2,2
911,206,20,2,1
912,361,1,1,1
912,257,2,1,2
912,47,3,1,2
912,225,4,1,0
912,416,5,1,1
912,177,6,1,2
912,103,7,1,3
912,576,8,1,1
912,591,9,1,1
912,393,10,1,3
912,597,11,1,2
912,61,12,1,1
912,206,13,1,1
912,185,14,1,0
912,325,15,1,0
912,104,16,1,4
912,72,17,1,2
912,141,18,1,1
912,465,19,1,0
912,235,20,1,0
913,149,1,2,4
913,295,2,2,0
913,597,3,2,2
913,225,4,2,0
913,25,5,2,0
913,537,6,2,2
913,242,7,2,2
913,548,8,2,3
913,104,9,2,4
913,532,10,2,2
913,52,11,2,2
913,32,12,2,2
913,569,13,2,4
913,177,14,2,2
913,2,15,2,2
913,257,16,2,2
913,582,17,2,2
913,141,18,2,1
913,501,19,2,1
913,359,20,2,4
914,257,1,0,2
914,265,2,0,0
914,362,3,0,2
914,225,4,0,0
914,60,5,0,0
914,103,6,0,3
914,366,7,0,1
914,229,8,0,4
914,185,9,0,0
914,242,10,0,2
914,414,11,0,4
914,548,12,0,3
914,460,13,0,0
914,557,14,0,2
914,206,15,0,1
914,537,16,0,2
914,116,17,0,1
914,110,18,0,0
914,417,19,0,2
914,565,20,0,0
915,185,1,3,0
915,149,2,3,4
915,569,3,3,4
915,466,4,3,1
915,164,5,3,4
915,257,6,3,2
915,548,7,3,3
915,93,8,3,3
915,414,9,3,4
915,231,10,3,1
915,206,11,3,1
915,258,12,3,3
915,537,13,3,2
915,482,14,3,2
915,103,15,3,3
915,10,16,3,0
915,169,17,3,4
915,104,18,3,4
915,436,19,3,1
915,34,20,3,4
916,152,1,2,2
916,537,2,2,2
916,557,3,2,2
916,548,4,2,3
916,104,5,2,4
916,86,6,2,1
916,62,7,2,2
916,206,8,2,1
916,503,9,2,3
916,327,10,2,2
916,377,11,2,2
916,225,12,2,0
916,497,13,2,2
916,597,14,2,2
916,517,15,2,2
916,392,16,2,2
916,284,17,2,4
916,164,18,2,4
916,501,19,2,1
916,252,20,2,2
917,514,1,4,4
917,206,2,4,1
917,104,3,4,4
917,229,4,4,4
917,177,5,4,2
917,277,6,4,2
917,384,7,4,4
917,439,8,4,4
917,302,9,4,2
917,329,10,4,4
917,36,11,4,1
917,569,12,4,4
917,103,13,4,3
917,361,14,4,1
917,327,15,4,2
917,257,16,4,2
917,548,17,4,3
917,185,18,4,0
917,225,19,4,0
917,141,20,4,1
918,185,1,3,0
918,78,2,3,3
918,93,3,3,3
918,177,4,3,2
918,3,5,3,3
918,338,6,3,3
918,362,7,3,2
918,158,8,3,3
918,305,9,3,0
918,257,10,3,2
918,104,11,3,4
918,435,12,3,0
918,548,13,3,3
918,25,14,3,0
918,243,15,3,3
918,353,16,3,3
918,543,17,3,3
918,465,18,3,0
918,393,19,3,3
918,537,20,3,2
919,305,1,0,0
919,535,2,0,0
919,170,3,0,0
919,377,4,0,2
919,141,5,0,1
919,204,6,0,4
919,80,7,0,0
919,185,8,0,0
919,274,9,0,4
919,473,10,0,3
919,61,11,0,1
919,327,12,0,2
919,25,13,0,0
919,257,14,0,2
919,355,15,0,0
919,338,16,0,3
919,548,17,0,3
919,295,18,0,0
919,285,19,0,0
919,235,20,0,0
920,85,1,0,0
920,104,2,0,4
920,283,3,0,3
920,103,4,0,3
920,55,5,0,0
920,185,6,0,0
920,569,7,0,4
920,466,8,0,1
920,520,9,0,0
920,205,10,0,0
920,224,11,0,4
920,47,12,0,2
920,242,13,0,2
920,206,14,0,1
920,164,15,0,4
920,510,16,0,0
920,256,17,0,1
920,96,18,0,1
920,257,19,0,2
920,160,20,0,0
921,141,1,1,1
921,470,2,1,0
921,229,3,1,4
921,196,4,1,1
921,466,5,1,1
921,401,6,1,1
921,107,7,1,2
921,597,8,1,2
921,576,9,1,1
921,413,10,1,3
921,170,11,1,0
921,548,12,1,3
921,361,13,1,1
921,224,14,1,4
921,206,15,1,1
921,99,16,1,4
921,286,17,1,1
921,116,18,1,1
921,11,19,1,1
921,85,20,1,0
922,196,1,2,1
922,12,2,2,2
922,569,3,2,4
922,99,4,2,4
922,444,5,2,4
922,497,6,2,2
922,557,7,2,2
922,466,8,2,1
922,537,9,2,2
922,227,10,2,2
922,257,11,2,2
922,103,12,2,3
922,327,13,2,2
922,355,14,2,0
922,222,15,2,2
922,72,16,2,2
922,152,17,2,2
922,206,18,2,1
922,361,19,2,1
922,548,20,2,3
923,158,1,4,3
923,104,2,4,4
923,185,3,4,0
923,242,4,4,2
923,164,5,4,4
923,169,6,4,4
923,199,7,4,4
923,384,8,4,4
923,369,9,4,4
923,269,10,4,4
923,569,11,4,4
923,302,12,4,2
923,14,13,4,4
923,134,14,4,4
923,284,15,4,4
923,103,16,4,3
923,548,17,4,3
923,305,18,4,0
923,444,19,4,4
923,597,20,4,2
924,339,1,4,4
924,393,2,4,3
924,548,3,4,3
924,257,4,4,2
924,170,5,4,0
924,597,6,4,2
924,557,7,4,2
924,468,8,4,3
924,229,9,4,4
924,400,10,4,0
924,45,11,4,0
924,97,12,4,2
924,185,13,4,0
924,359,14,4,4
924,164,15,4,4
924,569,16,4,4
924,104,17,4,4
924,418,18,4,3
924,25,19,4,0
924,543,20,4,3
925,147,1,2,2
925,466,2,2,1
925,426,3,2,1
925,206,4,2,1
925,377,5,2,2
925,529,6,2,4
925,468,7,2,3
925,6,8,2,1
925,103,9,2,3
925,153,10,2,3
925,597,11,2,2
925,164,12,2,4
925,572,13,2,2
925,361,14,2,1
925,242,15,2,2
925,257,16,2,2
925,185,17,2,0
925,284,18,2,4
925,22,19,2,2
925,57,20,2,2
926,509,1,4,4
926,99,2,4,4
926,170,3,4,0
926,284,4,4,4
926,34,5,4,4
926,537,6,4,2
926,497,7,4,2
926,257,8,4,2
926,569,9,4,4
926,582,10,4,2
926,423,11,4,3
926,243,12,4,3
926,72,13,4,2
926,104,14,4,4
926,124,15,4,4
926,164,16,4,4
926,68,17,4,3
926,206,18,4,1
926,548,19,4,3
926,185,20,4,0
927,166,1,1,1
927,165,2,1,0
927,569,3,1,4
927,185,4,1,0
927,416,5,1,1
927,104,6,1,4
927,302,7,1,2
927,141,8,1,1
927,196,9,1,1
927,257,10,1,2
927,101,11,1,1
927,548,12,1,3
927,229,13,1,4
927,597,14,1,2
927,285,15,1,0
927,355,16,1,0
927,81,17,1,1
927,72,18,1,2
927,242,19,1,2
927,206,20,1,1
928,441,1,1,1
928,103,2,1,3
928,141,3,1,1
928,149,4,1,4
928,361,5,1,1
928,221,6,1,1
928,47,7,1,2
928,537,8,1,2
928,185,9,1,0
928,355,10,1,0
928,548,11,1,3
928,529,12,1,4
928,580,13,1,0
928,231,14,1,1
928,214,15,1,4
928,257,16,1,2
928,206,17,1,1
928,104,18,1,4
928,591,19,1,1
928,465,20,1,0
929,185,1,3,0
929,174,2,3,4
929,169,3,3,4
929,393,4,3,3
929,477,5,3,2
929,160,6,3,0
929,318,7,3,3
929,547,8,3,2
929,225,9,3,0
929,413,10,3,3
929,503,11,3,3
929,338,12,3,3
929,257,13,3,2
929,213,14,3,3
929,15,15,3,0
929,548,16,3,3
929,242,17,3,2
929,316,18,3,1
929,163,19,3,3
929,483,20,3,3
930,301,1,1,1
930,597,2,1,2
930,242,3,1,2
930,141,4,1,1
930,206,5,1,1
930,164,6,1,4
930,104,7,1,4
930,492,8,1,2
930,81,9,1,1
930,537,10,1,2
930,501,11,1,1
930,503,12,1,3
930,411,13,1,1
930,103,14,1,3
930,569,15,1,4
930,548,16,1,3
930,227,17,1,2
930,361,18,1,1
930,71,19,1,1
930,324,20,1,4
931,405,1,2,0
931,537,2,2,2
931,416,3,2,1
931,100,4,2,0
931,206,5,2,1
931,123,6,2,3
931,47,7,2,2
931,146,8,2,1
931,444,9,2,4
931,27,10,2,2
931,583,11,2,3
931,548,12,2,3
931,301,13,2,1
931,231,14,2,1
931,569,15,2,4
931,433,16,2,3
931,597,17,2,2
931,185,18,2,0
931,257,19,2,2
931,377,20,2,2
932,235,1,0,0
932,111,2,0,1
932,349,3,0,4
932,99,4,0,4
932,284,5,0,4
932,213,6,0,3
932,355,7,0,0
932,215,8,0,0
932,531,9,0,1
932,548,10,0,3
932,170,11,0,0
932,104,12,0,4
932,185,13,0,0
932,110,14,0,0
932,225,15,0,0
932,505,16,0,0
932,206,17,0,1
932,257,18,0,2
932,169,19,0,4
932,25,20,0,0
933,103,1,0,3
933,405,2,0,0
933,355,3,0,0
933,219,4,0,4
933,149,5,0,4
933,100,6,0,0
933,185,7,0,0
933,104,8,0,4
933,164,9,0,4
933,597,10,0,2
933,591,11,0,1
933,510,12,0,0
933,80,13,0,0
933,393,14,0,3
933,220,15,0,0
933,361,16,0,1
933,25,17,0,0
933,520,18,0,0
933,589,19,0,4
933,170,20,0,0
934,586,1,2,1
934,252,2,2,2
934,548,3,2,3
934,448,4,2,3
934,47,5,2,2
934,74,6,2,4
934,537,7,2,2
934,149,8,2,4
934,58,9,2,3
934,331,10,2,1
934,160,11,2,0
934,103,12,2,3
934,206,13,2,1
934,242,14,2,2
934,287,15,2,2
934,257,16,2,2
934,338,17,2,3
934,392,18,2,2
934,417,19,2,2
934,597,20,2,2
935,7,1,3,2
935,183,2,3,3
935,141,3,3,1
935,28,4,3,3
935,468,5,3,3
935,571,6,3,1
935,103,7,3,3
935,153,8,3,3
935,301,9,3,1
935,433,10,3,3
935,169,11,3,4
935,242,12,3,2
935,503,13,3,3
935,361,14,3,1
935,185,15,3,0
935,408,16,3,3
935,163,17,3,3
935,257,18,3,2
935,393,19,3,3
935,548,20,3,3
936,391,1,1,1
936,478,2,1,3
936,295,3,1,0
936,468,4,1,3
936,548,5,1,3
936,582,6,1,2
936,376,7,1,1
936,482,8,1,2
936,104,9,1,4
936,576,10,1,1
936,257,11,1,2
936,501,12,1,1
936,41,13,1,1
936,346,14,1,1
936,311,15,1,1
936,206,16,1,1
936,170,17,1,0
936,557,18,1,2
936,164,19,1,4
936,393,20,1,3
937,265,1,4,0
937,569,2,4,4
937,4,3,4,4
937,104,4,4,4
937,103,5,4,3
937,548,6,4,3
937,74,7,4,4
937,141,8,4,1
937,413,9,4,3
937,284,10,4,4
937,582,11,4,2
937,61,12,4,1
937,206,13,4,1
937,170,14,4,0
937,164,15,4,4
937,559,16,4,4
937,185,17,4,0
937,370,18,4,0
937,393,19,4,3
937,359,20,4,4
938,225,1,2,0
938,257,2,2,2
938,185,3,2,0
938,345,4,2,0
938,569,5,2,4
938,367,6,2,2
938,416,7,2,1
938,152,8,2,2
938,582,9,2,2
938,317,10,2,2
938,242,11,2,2
938,132,12,2,2
938,327,13,2,2
938,25,14,2,0
938,103,15,2,3
938,104,16,2,4
938,548,17,2,3
938,437,18,2,2
938,218,19,2,3
938,537,20,2,2
939,25,1,0,0
939,465,2,0,0
939,569,3,0,4
939,224,4,0,4
939,225,5,0,0
939,503,6,0,3
939,440,7,0,0
939,581,8,0,1
939,548,9,0,3
939,275,10,0,0
939,537,11,0,2
939,185,12,0,0
939,150,13,0,0
939,229,14,0,4
939,412,15,0,2
939,338,16,0,3
939,295,17,0,0
939,81,18,0,1
939,305,19,0,0
939,205,20,0,0
940,338,1,4,3
940,141,2,4,1
940,359,3,4,4
940,302,4,4,2
940,104,5,4,4
940,206,6,4,1
940,227,7,4,2
940,229,8,4,4
940,444,9,4,4
940,285,10,4,0
940,57,11,4,2
940,576,12,4,1
940,274,13,4,4
940,47,14,4,2
940,235,15,4,0
940,569,16,4,4
940,264,17,4,4
940,355,18,4,0
940,149,19,4,4
940,457,20,4,2
941,141,1,0,1
941,213,2,0,3
941,95,3,0,0
941,206,4,0,1
941,57,5,0,2
941,284,6,0,4
941,475,7,0,0
941,25,8,0,0
941,175,9,0,0
941,11,10,0,1
941,185,11,0,0
941,225,12,0,0
941,301,13,0,1
941,408,14,0,3
941,264,15,0,4
941,548,16,0,3
941,281,17,0,1
941,466,18,0,1
941,104,19,0,4
941,22,20,0,2
942,509,1,2,4
942,582,2,2,2
942,257,3,2,2
942,212,4,2,2
942,206,5,2,1
942,169,6,2,4
942,52,7,2,2
942,185,8,2,0
942,284,9,2,4
942,401,10,2,1
942,392,11,2,2
942,242,12,2,2
942,99,13,2,4
942,279,14,2,4
942,104,15,2,4
942,130,16,2,0
942,597,17,2,2
942,164,18,2,4
942,537,19,2,2
942,168,20,2,3
943,235,1,0,0
943,60,2,0,0
943,185,3,0,0
943,164,4,0,4
943,361,5,0,1
943,450,6,0,0
943,225,7,0,0
943,229,8,0,4
943,513,9,0,3
943,25,10,0,0
943,230,11,0,0
943,57,12,0,2
943,548,13,0,3
943,104,14,0,4
943,400,15,0,0
943,580,16,0,0
943,359,17,0,4
943,295,18,0,0
943,460,19,0,0
943,36,20,0,1
944,576,1,2,1
944,338,2,2,3
944,164,3,2,4
944,439,4,2,4
944,185,5,2,0
944,413,6,2,3
944,327,7,2,2
944,141,8,2,1
944,377,9,2,2
944,548,10,2,3
944,225,11,2,0
944,346,12,2,1
944,257,13,2,2
944,206,14,2,1
944,242,15,2,2
944,160,16,2,0
944,537,17,2,2
944,302,18,2,2
944,158,19,2,3
944,416,20,2,1
945,377,1,2,2
945,257,2,2,2
945,22,3,2,2
945,327,4,2,2
945,104,5,2,4
945,292,6,2,2
945,548,7,2,3
945,597,8,2,2
945,307,9,2,2
945,206,10,2,1
945,557,11,2,2
945,572,12,2,2
945,185,13,2,0
945,582,14,2,2
945,242,15,2,2
945,537,16,2,2
945,170,17,2,0
945,362,18,2,2
945,164,19,2,4
945,569,20,2,4
946,8,1,2,3
946,359,2,2,4
946,327,3,2,2
946,107,4,2,2
946,72,5,2,2
946,597,6,2,2
946,227,7,2,2
946,103,8,2,3
946,164,9,2,4
946,231,10,2,1
946,242,11,2,2
946,206,12,2,1
946,420,13,2,0
946,160,14,2,0
946,537,15,2,2
946,307,16,2,2
946,362,17,2,2
946,548,18,2,3
946,257,19,2,2
946,162,20,2,2
947,72,1,2,2
947,185,2,2,0
947,503,3,2,3
947,141,4,2,1
947,257,5,2,2
947,478,6,2,3
947,537,7,2,2
947,227,8,2,2
947,295,9,2,0
947,377,10,2,2
947,177,11,2,2
947,361,12,2,1
947,103,13,2,3
947,62,14,2,2
947,354,15,2,4
947,493,16,2,3
947,597,17,2,2
947,93,18,2,3
947,206,19,2,1
947,557,20,2,2
948,257,1,1,2
948,231,2,1,1
948,597,3,1,2
948,225,4,1,0
948,90,5,1,0
948,596,6,1,1
948,501,7,1,1
948,561,8,1,1
948,548,9,1,3
948,266,10,1,1
948,361,11,1,1
948,537,12,1,2
948,170,13,1,0
948,164,14,1,4
948,141,15,1,1
948,466,16,1,1
948,206,17,1,1
948,185,18,1,0
948,104,19,1,4
948,81,20,1,1
949,284,1,0,4
949,301,2,0,1
949,104,3,0,4
949,361,4,0,1
949,355,5,0,0
949,108,6,0,3
949,219,7,0,4
949,25,8,0,0
949,80,9,0,0
949,27,10,0,2
949,141,11,0,1
949,576,12,0,1
949,295,13,0,0
949,305,14,0,0
949,185,15,0,0
949,257,16,0,2
949,228,17,0,3
949,569,18,0,4
949,225,19,0,0
949,359,20,0,4
950,103,1,2,3
950,313,2,2,3
950,104,3,2,4
950,548,4,2,3
950,327,5,2,2
950,47,6,2,2
950,537,7,2,2
950,37,8,2,2
950,367,9,2,2
950,185,10,2,0
950,206,11,2,1
950,468,12,2,3
950,543,13,2,3
950,362,14,2,2
950,116,15,2,1
950,335,16,2,0
950,257,17,2,2
950,78,18,2,3
950,597,19,2,2
950,242,20,2,2
951,537,1,2,2
951,582,2,2,2
951,222,3,2,2
951,206,4,2,1
951,159,5,2,4
951,576,6,2,1
951,257,7,2,2
951,242,8,2,2
951,548,9,2,3
951,104,10,2,4
951,141,11,2,1
951,256,12,2,1
951,7,13,2,2
951,36,14,2,1
951,377,15,2,2
951,235,16,2,0
951,194,17,2,4
951,33,18,2,3
951,477,19,2,2
951,47,20,2,2
952,400,1,0,0
952,199,2,0,4
952,355,3,0,0
952,211,4,0,1
952,169,5,0,4
952,206,6,0,1
952,490,7,0,0
952,193,8,0,3
952,305,9,0,0
952,130,10,0,0
952,257,11,0,2
952,285,12,0,0
952,25,13,0,0
952,235,14,0,0
952,85,15,0,0
952,185,16,0,0
952,104,17,0,4
952,316,18,0,1
952,141,19,0,1
952,41,20,0,1
953,22,1,2,2
953,548,2,2,3
953,537,3,2,2
953,47,4,2,2
953,377,5,2,2
953,170,6,2,0
953,104,7,2,4
953,257,8,2,2
953,103,9,2,3
953,81,10,2,1
953,569,11,2,4
953,576,12,2,1
953,206,13,2,1
953,158,14,2,3
953,355,15,2,0
953,177,16,2,2
953,273,17,2,3
953,267,18,2,2
953,415,19,2,0
953,141,20,2,1
954,178,1,3,3
954,331,2,3,1
954,103,3,3,3
954,160,4,3,0
954,185,5,3,0
954,209,6,3,4
954,466,7,3,1
954,257,8,3,2
954,353,9,3,3
954,393,10,3,3
954,104,11,3,4
954,206,12,3,1
954,548,13,3,3
954,164,14,3,4
954,359,15,3,4
954,520,16,3,0
954,7,17,3,2
954,120,18,3,0
954,20,19,3,0
954,78,20,3,3
955,199,1,3,4
955,298,2,3,3
955,393,3,3,3
955,47,4,3,2
955,116,5,3,1
955,471,6,3,1
955,185,7,3,0
955,576,8,3,1
955,548,9,3,3
955,361,10,3,1
955,453,11,3,3
955,25,12,3,0
955,519,13,3,4
955,353,14,3,3
955,392,15,3,2
955,368,16,3,3
955,561,17,3,1
955,556,18,3,1
955,158,19,3,3
955,141,20,3,1
956,433,1,1,3
956,182,2,1,2
956,257,3,1,2
956,72,4,1,2
956,466,5,1,1
956,81,6,1,1
956,284,7,1,4
956,548,8,1,3
956,393,9,1,3
956,576,10,1,1
956,42,11,1,2
956,267,12,1,2
956,361,13,1,1
956,435,14,1,0
956,458,15,1,3
956,159,16,1,4
956,164,17,1,4
956,206,18,1,1
956,104,19,1,4
956,141,20,1,1
957,435,1,2,0
957,597,2,2,2
957,242,3,2,2
957,548,4,2,3
957,170,5,2,0
957,362,6,2,2
957,329,7,2,4
957,327,8,2,2
957,576,9,2,1
957,257,10,2,2
957,206,11,2,1
957,569,12,2,4
957,25,13,2,0
957,377,14,2,2
957,301,15,2,1
957,112,16,2,2
957,542,17,2,2
957,338,18,2,3
957,104,19,2,4
957,523,20,2,3
958,257,1,2,2
958,582,2,2,2
958,242,3,2,2
958,196,4,2,1
958,392,5,2,2
958,361,6,2,1
958,57,7,2,2
958,185,8,2,0
958,170,9,2,0
958,418,10,2,3
958,206,11,2,1
958,483,12,2,3
958,497,13,2,2
958,537,14,2,2
958,103,15,2,3
958,225,16,2,0
958,362,17,2,2
958,548,18,2,3
958,104,19,2,4
958,273,20,2,3
959,355,1,2,0
959,275,2,2,0
959,537,3,2,2
959,242,4,2,2
959,257,5,2,2
959,57,6,2,2
959,164,7,2,4
959,103,8,2,3
959,117,9,2,2
959,353,10,2,3
959,206,11,2,1
959,587,12,2,2
959,548,13,2,3
959,17,14,2,2
959,225,15,2,0
959,160,16,2,0
959,269,17,2,4
959,72,18,2,2
959,393,19,2,3
959,582,20,2,2
960,164,1,1,4
960,548,2,1,3
960,313,3,1,3
960,501,4,1,1
960,206,5,1,1
960,188,6,1,3
960,229,7,1,4
960,103,8,1,3
960,179,9,1,4
960,104,10,1,4
960,36,11,1,1
960,506,12,1,1
960,338,13,1,3
960,537,14,1,2
960,336,15,1,1
960,141,16,1,1
960,169,17,1,4
960,466,18,1,1
960,116,19,1,1
960,421,20,1,1
961,25,1,3,0
961,361,2,3,1
961,511,3,3,1
961,338,4,3,3
961,22,5,3,2
961,413,6,3,3
961,393,7,3,3
961,206,8,3,1
961,103,9,3,3
961,242,10,3,2
961,408,11,3,3
961,330,12,3,0
961,366,13,3,1
961,503,14,3,3
961,548,15,3,3
961,478,16,3,3
961,353,17,3,3
961,381,18,3,1
961,377,19,3,2
961,138,20,3,3
962,117,1,0,2
962,591,2,0,1
962,185,3,0,0
962,25,4,0,0
962,243,5,0,3
962,264,6,0,4
962,85,7,0,0
962,371,8,0,1
962,124,9,0,4
962,548,10,0,3
962,490,11,0,0
962,160,12,0,0
962,158,13,0,3
962,361,14,0,1
962,225,15,0,0
962,242,16,0,2
962,295,17,0,0
962,594,18,0,4
962,35,19,0,0
962,206,20,0,1
963,206,1,2,1
963,338,2,2,3
963,164,3,2,4
963,47,4,2,2
963,104,5,2,4
963,582,6,2,2
963,361,7,2,1
963,307,8,2,2
963,477,9,2,2
963,257,10,2,2
963,185,11,2,0
963,169,12,2,4
963,327,13,2,2
963,507,14,2,2
963,548,15,2,3
963,345,16,2,0
963,229,17,2,4
963,130,18,2,0
963,152,19,2,2
963,537,20,2,2
964,338,1,2,3
964,204,2,2,4
964,110,3,2,0
964,429,4,2,4
964,450,5,2,0
964,206,6,2,1
964,537,7,2,2
964,466,8,2,1
964,385,9,2,0
964,141,10,2,1
964,557,11,2,2
964,242,12,2,2
964,25,13,2,0
964,582,14,2,2
964,185,15,2,0
964,257,16,2,2
964,339,17,2,4
964,501,18,2,1
964,304,19,2,4
964,597,20,2,2
965,242,1,3,2
965,206,2,3,1
965,164,3,3,4
965,359,4,3,4
965,78,5,3,3
965,503,6,3,3
965,558,7,3,3
965,453,8,3,3
965,338,9,3,3
965,548,10,3,3
965,468,11,3,3
965,400,12,3,0
965,189,13,3,4
965,518,14,3,3
965,243,15,3,3
965,275,16,3,0
965,24,17,3,4
965,528,18,3,3
965,104,19,3,4
965,327,20,3,2
966,170,1,0,0
966,485,2,0,0
966,317,3,0,2
966,338,4,0,3
966,185,5,0,0
966,37,6,0,2
966,257,7,0,2
966,229,8,0,4
966,220,9,0,0
966,183,10,0,3
966,104,11,0,4
966,225,12,0,0
966,80,13,0,0
966,116,14,0,1
966,330,15,0,0
966,354,16,0,4
966,535,17,0,0
966,361,18,0,1
966,534,19,0,4
966,110,20,0,0
967,548,1,4,3
967,25,2,4,0
967,103,3,4,3
967,149,4,4,4
967,464,5,4,4
967,225,6,4,0
967,569,7,4,4
967,24,8,4,4
967,164,9,4,4
967,294,10,4,4
967,343,11,4,3
967,331,12,4,1
967,439,13,4,4
967,61,14,4,1
967,104,15,4,4
967,413,16,4,3
967,429,17,4,4
967,169,18,4,4
967,284,19,4,4
967,99,20,4,4
968,362,1,1,2
968,557,2,1,2
968,196,3,1,1
968,468,4,1,3
968,524,5,1,4
968,330,6,1,0
968,265,7,1,0
968,361,8,1,1
968,101,9,1,1
968,581,10,1,1
968,104,11,1,4
968,284,12,1,4
968,576,13,1,1
968,141,14,1,1
968,501,15,1,1
968,231,16,1,1
968,103,17,1,3
968,528,18,1,3
968,206,19,1,1
968,185,20,1,0
969,569,1,4,4
969,274,2,4,4
969,103,3,4,3
969,112,4,4,2
969,597,5,4,2
969,311,6,4,1
969,257,7,4,2
969,36,8,4,1
969,104,9,4,4
969,79,10,4,4
969,329,11,4,4
969,149,12,4,4
969,548,13,4,3
969,185,14,4,0
969,170,15,4,0
969,327,16,4,2
969,99,17,4,4
969,206,18,4,1
969,164,19,4,4
969,25,20,4,0
970,537,1,0,2
970,480,2,0,0
970,257,3,0,2
970,45,4,0,0
970,305,5,0,0
970,467,6,0,2
970,295,7,0,0
970,500,8,0,0
970,141,9,0,1
970,225,10,0,0
970,576,11,0,1
970,413,12,0,3
970,74,13,0,4
970,355,14,0,0
970,80,15,0,0
970,206,16,0,1
970,511,17,0,1
970,185,18,0,0
970,327,19,0,2
970,205,20,0,0
971,327,1,2,2
971,257,2,2,2
971,307,3,2,2
971,2,4,2,2
971,393,5,2,3
971,22,6,2,2
971,433,7,2,3
971,267,8,2,2
971,537,9,2,2
971,242,10,2,2
971,177,11,2,2
971,317,12,2,2
971,119,13,2,4
971,284,14,2,4
971,503,15,2,3
971,301,16,2,1
971,394,17,2,4
971,17,18,2,2
971,141,19,2,1
971,72,20,2,2
972,104,1,3,4
972,458,2,3,3
972,170,3,3,0
972,569,4,3,4
972,78,5,3,3
972,222,6,3,2
972,61,7,3,1
972,169,8,3,4
972,103,9,3,3
972,366,10,3,1
972,393,11,3,3
972,164,12,3,4
972,555,13,3,0
972,338,14,3,3
972,548,15,3,3
972,12,16,3,2
972,206,17,3,1
972,47,18,3,2
972,413,19,3,3
972,537,20,3,2
973,537,1,2,2
973,61,2,2,1
973,107,3,2,2
973,503,4,2,3
973,444,5,2,4
973,206,6,2,1
973,466,7,2,1
973,149,8,2,4
973,544,9,2,4
973,267,10,2,2
973,257,11,2,2
973,373,12,2,3
973,242,13,2,2
973,166,14,2,1
973,392,15,2,2
973,597,16,2,2
973,274,17,2,4
973,124,18,2,4
973,501,19,2,1
973,359,20,2,4
974,99,1,4,4
974,329,2,4,4
974,413,3,4,3
974,264,4,4,4
974,47,5,4,2
974,134,6,4,4
974,284,7,4,4
974,185,8,4,0
974,597,9,4,2
974,149,10,4,4
974,170,11,4,0
974,299,12,4,4
974,257,13,4,2
974,503,14,4,3
974,104,15,4,4
974,548,16,4,3
974,79,17,4,4
974,334,18,4,4
974,537,19,4,2
974,569,20,4,4
975,303,1,3,3
975,371,2,3,1
975,353,3,3,3
975,211,4,3,1
975,257,5,3,2
975,332,6,3,2
975,158,7,3,3
975,225,8,3,0
975,597,9,3,2
975,416,10,3,1
975,103,11,3,3
975,305,12,3,0
975,501,13,3,1
975,548,14,3,3
975,543,15,3,3
975,47,16,3,2
975,393,17,3,3
975,468,18,3,3
975,338,19,3,3
975,227,20,3,2
976,164,1,2,4
976,522,2,2,2
976,185,3,2,0
976,103,4,2,3
976,257,5,2,2
976,242,6,2,2
976,416,7,2,1
976,47,8,2,2
976,372,9,2,2
976,338,10,2,3
976,444,11,2,4
976,361,12,2,1
976,548,13,2,3
976,127,14,2,2
976,128,15,2,3
976,170,16,2,0
976,537,17,2,2
976,61,18,2,1
976,331,19,2,1
976,594,20,2,4
977,164,1,2,4
977,89,2,2,4
977,242,3,2,2
977,47,4,2,2
977,551,5,2,1
977,251,6,2,1
977,228,7,2,3
977,377,8,2,2
977,206,9,2,1
977,57,10,2,2
977,257,11,2,2
977,25,12,2,0
977,104,13,2,4
977,225,14,2,0
977,597,15,2,2
977,505,16,2,0
977,72,17,2,2
977,362,18,2,2
977,537,19,2,2
977,69,20,2,4
978,104,1,1,4
978,501,2,1,1
978,185,3,1,0
978,81,4,1,1
978,103,5,1,3
978,206,6,1,1
978,581,7,1,1
978,101,8,1,1
978,43,9,1,3
978,283,10,1,3
978,141,11,1,1
978,116,12,1,1
978,597,13,1,2
978,117,14,1,2
978,170,15,1,0
978,576,16,1,1
978,464,17,1,4
978,342,18,1,2
978,231,19,1,1
978,301,20,1,1
979,466,1,1,1
979,149,2,1,4
979,6,3,1,1
979,295,4,1,0
979,590,5,1,0
979,284,6,1,4
979,141,7,1,1
979,355,8,1,0
979,242,9,1,2
979,257,10,1,2
979,416,11,1,1
979,576,12,1,1
979,103,13,1,3
979,206,14,1,1
979,100,15,1,0
979,170,16,1,0
979,104,17,1,4
979,96,18,1,1
979,17,19,1,2
979,548,20,1,3
980,582,1,3,2
980,164,2,3,4
980,257,3,3,2
980,6,4,3,1
980,413,5,3,3
980,329,6,3,4
980,124,7,3,4
980,49,8,3,4
980,338,9,3,3
980,593,10,3,3
980,549,11,3,4
980,104,12,3,4
980,548,13,3,3
980,362,14,3,2
980,456,15,3,1
980,355,16,3,0
980,393,17,3,3
980,356,18,3,1
980,231,19,3,1
980,158,20,3,3
981,103,1,1,3
981,136,2,1,1
981,537,3,1,2
981,462,4,1,2
981,25,5,1,0
981,206,6,1,1
981,116,7,1,1
981,441,8,1,1
981,466,9,1,1
981,576,10,1,1
981,295,11,1,0
981,141,12,1,1
981,225,13,1,0
981,104,14,1,4
981,541,15,1,1
981,384,16,1,4
981,594,17,1,4
981,257,18,1,2
981,268,19,1,3
981,401,20,1,1
982,149,1,4,4
982,169,2,4,4
982,519,3,4,4
982,206,4,4,1
982,164,5,4,4
982,522,6,4,2
982,597,7,4,2
982,569,8,4,4
982,359,9,4,4
982,501,10,4,1
982,205,11,4,0
982,103,12,4,3
982,431,13,4,1
982,99,14,4,4
982,193,15,4,3
982,235,16,4,0
982,124,17,4,4
982,364,18,4,4
982,141,19,4,1
982,104,20,4,4
983,164,1,0,4
983,242,2,0,2
983,185,3,0,0
983,257,4,0,2
983,367,5,0,2
983,25,6,0,0
983,160,7,0,0
983,466,8,0,1
983,103,9,0,3
983,520,10,0,0
983,355,11,0,0
983,345,12,0,0
983,548,13,0,3
983,206,14,0,1
983,104,15,0,4
983,569,16,0,4
983,170,17,0,0
983,537,18,0,2
983,353,19,0,3
983,273,20,0,3
984,465,1,0,0
984,231,2,0,1
984,185,3,0,0
984,327,4,0,2
984,275,5,0,0
984,103,6,0,3
984,548,7,0,3
984,225,8,0,0
984,257,9,0,2
984,170,10,0,0
984,149,11,0,4
984,393,12,0,3
984,355,13,0,0
984,493,14,0,3
984,164,15,0,4
984,444,16,0,4
984,41,17,0,1
984,365,18,0,0
984,130,19,0,0
984,206,20,0,1
985,137,1,2,2
985,164,2,2,4
985,537,3,2,2
985,296,4,2,1
985,104,5,2,4
985,103,6,2,3
985,185,7,2,0
985,25,8,2,0
985,22,9,2,2
985,330,10,2,0
985,290,11,2,0
985,152,12,2,2
985,67,13,2,2
985,8,14,2,3
985,466,15,2,1
985,257,16,2,2
985,222,17,2,2
985,327,18,2,2
985,548,19,2,3
985,101,20,2,1
986,403,1,3,3
986,160,2,3,0
986,257,3,3,2
986,537,4,3,2
986,543,5,3,3
986,597,6,3,2
986,185,7,3,0
986,488,8,3,3
986,344,9,3,4
986,223,10,3,3
986,103,11,3,3
986,101,12,3,1
986,66,13,3,1
986,112,14,3,2
986,170,15,3,0
986,353,16,3,3
986,283,17,3,3
986,328,18,3,3
986,398,19,3,3
986,355,20,3,0
987,405,1,3,0
987,298,2,3,3
987,158,3,3,3
987,25,4,3,0
987,206,5,3,1
987,573,6,3,3
987,229,7,3,4
987,537,8,3,2
987,353,9,3,3
987,185,10,3,0
987,466,11,3,1
987,413,12,3,3
987,393,13,3,3
987,104,14,3,4
987,103,15,3,3
987,30,16,3,0
987,548,17,3,3
987,257,18,3,2
987,503,19,3,3
987,321,20,3,1
988,513,1,4,3
988,185,2,4,0
988,79,3,4,4
988,141,4,4,1
988,206,5,4,1
988,489,6,4,4
988,414,7,4,4
988,361,8,4,1
988,64,9,4,4
988,548,10,4,3
988,427,11,4,2
988,229,12,4,4
988,572,13,4,2
988,85,14,4,0
988,315,15,4,0
988,355,16,4,0
988,25,17,4,0
988,257,18,4,2
988,138,19,4,3
988,104,20,4,4
989,222,1,3,2
989,393,2,3,3
989,298,3,3,3
989,248,4,3,3
989,164,5,3,4
989,548,6,3,3
989,537,7,3,2
989,483,8,3,3
989,503,9,3,3
989,392,10,3,2
989,528,11,3,3
989,588,12,3,3
989,318,13,3,3
989,193,14,3,3
989,592,15,3,2
989,398,16,3,3
989,3,17,3,3
989,359,18,3,4
989,444,19,3,4
989,206,20,3,1
990,104,1,2,4
990,497,2,2,2
990,257,3,2,2
990,47,4,2,2
990,320,5,2,0
990,185,6,2,0
990,548,7,2,3
990,352,8,2,2
990,107,9,2,2
990,103,10,2,3
990,437,11,2,2
990,440,12,2,0
990,501,13,2,1
990,112,14,2,2
990,537,15,2,2
990,242,16,2,2
990,169,17,2,4
990,342,18,2,2
990,206,19,2,1
990,377,20,2,2
991,30,1,1,0
991,464,2,1,4
991,235,3,1,0
991,61,4,1,1
991,257,5,1,2
991,101,6,1,1
991,141,7,1,1
991,185,8,1,0
991,170,9,1,0
991,501,10,1,1
991,548,11,1,3
991,51,12,1,1
991,206,13,1,1
991,588,14,1,3
991,193,15,1,3
991,546,16,1,1
991,274,17,1,4
991,460,18,1,0
991,361,19,1,1
991,286,20,1,1
992,336,1,1,1
992,296,2,1,1
992,295,3,1,0
992,537,4,1,2
992,196,5,1,1
992,104,6,1,4
992,231,7,1,1
992,177,8,1,2
992,594,9,1,4
992,263,10,1,3
992,141,11,1,1
992,361,12,1,1
992,192,13,1,2
992,25,14,1,0
992,511,15,1,1
992,466,16,1,1
992,221,17,1,1
992,72,18,1,2
992,557,19,1,2
992,206,20,1,1
993,331,1,1,1
993,206,2,1,1
993,103,3,1,3
993,117,4,1,2
993,599,5,1,4
993,476,6,1,1
993,393,7,1,3
993,101,8,1,1
993,150,9,1,0
993,524,10,1,4
993,104,11,1,4
993,576,12,1,1
993,256,13,1,1
993,597,14,1,2
993,242,15,1,2
993,503,16,1,3
993,466,17,1,1
993,185,18,1,0
993,408,19,1,3
993,99,20,1,4
994,401,1,1,1
994,536,2,1,1
994,581,3,1,1
994,359,4,1,4
994,548,5,1,3
994,141,6,1,1
994,426,7,1,1
994,466,8,1,1
994,361,9,1,1
994,589,10,1,4
994,25,11,1,0
994,371,12,1,1
994,305,13,1,0
994,257,14,1,2
994,537,15,1,2
994,329,16,1,4
994,206,17,1,1
994,103,18,1,3
994,186,19,1,1
994,185,20,1,0
995,580,1,3,0
995,413,2,3,3
995,338,3,3,3
995,478,4,3,3
995,548,5,3,3
995,361,6,3,1
995,101,7,3,1
995,170,8,3,0
995,218,9,3,3
995,163,10,3,3
995,158,11,3,3
995,104,12,3,4
995,206,13,3,1
995,393,14,3,3
995,4,15,3,4
995,48,16,3,3
995,481,17,3,1
995,483,18,3,3
995,537,19,3,2
995,103,20,3,3
996,158,1,4,3
996,361,2,4,1
996,225,3,4,0
996,359,4,4,4
996,274,5,4,4
996,434,6,4,4
996,264,7,4,4
996,466,8,4,1
996,454,9,4,4
996,516,10,4,1
996,229,11,4,4
996,104,12,4,4
996,164,13,4,4
996,529,14,4,4
996,206,15,4,1
996,80,16,4,0
996,8,17,4,3
996,185,18,4,0
996,569,19,4,4
996,548,20,4,3
997,366,1,1,1
997,466,2,1,1
997,406,3,1,1
997,576,4,1,1
997,150,5,1,0
997,441,6,1,1
997,206,7,1,1
997,141,8,1,1
997,485,9,1,0
997,136,10,1,1
997,569,11,1,4
997,468,12,1,3
997,591,13,1,1
997,185,14,1,0
997,235,15,1,0
997,103,16,1,3
997,61,17,1,1
997,104,18,1,4
997,46,19,1,1
997,511,20,1,1
998,141,1,3,1
998,548,2,3,3
998,23,3,3,3
998,338,4,3,3
998,305,5,3,0
998,483,6,3,3
998,242,7,3,2
998,430,8,3,0
998,149,9,3,4
998,158,10,3,3
998,103,11,3,3
998,537,12,3,2
998,597,13,3,2
998,104,14,3,4
998,393,15,3,3
998,170,16,3,0
998,185,17,3,0
998,488,18,3,3
998,206,19,3,1
998,100,20,3,0
999,301,1,3,1
999,548,2,3,3
999,558,3,3,3
999,206,4,3,1
999,453,5,3,3
999,361,6,3,1
999,103,7,3,3
999,185,8,3,0
999,589,9,3,4
999,576,10,3,1
999,141,11,3,1
999,221,12,3,1
999,25,13,3,0
999,377,14,3,2
999,501,15,3,1
999,273,16,3,3
999,284,17,3,4
999,355,18,3,0
999,104,19,3,4
999,257,20,3,2
