user_id,item_id,interaction_order,user_community,item_community
0,253,1,3,3
0,93,2,3,3
0,115,3,3,0
0,42,4,3,2
0,588,5,3,3
0,83,6,3,3
0,559,7,3,4
0,69,8,3,4
0,202,9,3,2
0,598,10,3,3
0,528,11,3,3
0,100,12,3,0
0,372,13,3,2
0,464,14,3,4
0,163,15,3,3
0,474,16,3,4
0,478,17,3,3
0,233,18,3,3
0,503,19,3,3
0,4,20,3,4
1,498,1,3,3
1,193,2,3,3
1,31,3,3,1
1,448,4,3,3
1,191,5,3,1
1,493,6,3,3
1,481,7,3,1
1,437,8,3,2
1,536,9,3,1
1,277,10,3,2
1,528,11,3,3
1,586,12,3,1
1,249,13,3,4
1,213,14,3,3
1,294,15,3,4
1,87,16,3,2
1,254,17,3,4
1,58,18,3,3
1,473,19,3,3
1,403,20,3,3
2,324,1,4,4
2,56,2,4,1
2,106,3,4,1
2,72,4,4,2
2,279,5,4,4
2,444,6,4,4
2,239,7,4,4
2,492,8,4,2
2,452,9,4,2
2,154,10,4,4
2,125,11,4,0
2,450,12,4,0
2,494,13,4,4
2,52,14,4,2
2,221,15,4,1
2,451,16,4,1
2,132,17,4,2
2,237,18,4,2
2,304,19,4,4
2,105,20,4,0
3,39,1,1,4
3,126,2,1,1
3,496,3,1,1
3,16,4,1,1
3,454,5,1,4
3,337,6,1,2
3,231,7,1,1
3,156,8,1,1
3,312,9,1,2
3,291,10,1,1
3,29,11,1,4
3,336,12,1,1
3,1,13,1,1
3,361,14,1,1
3,426,15,1,1
3,406,16,1,1
3,251,17,1,1
3,188,18,1,3
3,161,19,1,1
3,330,20,1,0
4,81,1,2,1
4,122,2,2,2
4,532,3,2,2
4,106,4,2,1
4,123,5,2,3
4,217,6,2,2
4,64,7,2,4
4,59,8,2,4
4,192,9,2,2
4,68,10,2,3
4,372,11,2,2
4,73,12,2,3
4,516,13,2,1
4,557,14,2,2
4,158,15,2,3
4,214,16,2,4
4,127,17,2,2
4,252,18,2,2
4,367,19,2,2
4,32,20,2,2
5,258,1,3,3
5,341,2,3,1
5,519,3,3,4
5,559,4,3,4
5,77,5,3,2
5,245,6,3,0
5,228,7,3,3
5,116,8,3,1
5,379,9,3,4
5,234,10,3,4
5,353,11,3,3
5,198,12,3,3
5,271,13,3,1
5,193,14,3,3
5,583,15,3,3
5,238,16,3,3
5,215,17,3,0
5,351,18,3,1
5,63,19,3,3
5,556,20,3,1
6,446,1,1,1
6,22,2,1,2
6,357,3,1,2
6,407,4,1,2
6,336,5,1,1
6,566,6,1,1
6,401,7,1,1
6,1,8,1,1
6,16,9,1,1
6,553,10,1,3
6,271,11,1,1
6,296,12,1,1
6,452,13,1,2
6,346,14,1,1
6,154,15,1,4
6,511,16,1,1
6,556,17,1,1
6,496,18,1,1
6,31,19,1,1
6,235,20,1,0
7,475,1,0,0
7,250,2,0,0
7,254,3,0,4
7,70,4,0,0
7,288,5,0,3
7,220,6,0,0
7,170,7,0,0
7,355,8,0,0
7,224,9,0,4
7,578,10,0,3
7,111,11,0,1
7,337,12,0,2
7,512,13,0,2
7,501,14,0,1
7,485,15,0,0
7,525,16,0,0
7,577,17,0,2
7,60,18,0,0
7,363,19,0,3
7,588,20,0,3
8,522,1,2,2
8,575,2,2,0
8,485,3,2,0
8,380,4,2,0
8,47,5,2,2
8,181,6,2,1
8,57,7,2,2
8,112,8,2,2
8,567,9,2,2
8,321,10,2,1
8,23,11,2,3
8,207,12,2,2
8,540,13,2,0
8,596,14,2,1
8,422,15,2,2
8,22,16,2,2
8,584,17,2,4
8,242,18,2,2
8,257,19,2,2
8,391,20,2,1
9,496,1,0,1
9,289,2,0,4
9,577,3,0,2
9,170,4,0,0
9,75,5,0,0
9,581,6,0,1
9,55,7,0,0
9,585,8,0,0
9,580,9,0,0
9,185,10,0,0
9,421,11,0,1
9,565,12,0,0
9,112,13,0,2
9,325,14,0,0
9,475,15,0,0
9,538,16,0,3
9,505,17,0,0
9,520,18,0,0
9,269,19,0,4
9,424,20,0,4
10,115,1,0,0
10,375,2,0,0
10,140,3,0,0
10,480,4,0,0
10,560,5,0,0
10,340,6,0,0
10,585,7,0,0
10,90,8,0,0
10,36,9,0,1
10,370,10,0,0
10,309,11,0,4
10,568,12,0,3
10,50,13,0,0
10,130,14,0,0
10,517,15,0,2
10,320,16,0,0
10,545,17,0,0
10,29,18,0,4
10,120,19,0,0
10,207,20,0,2
11,356,1,2,1
11,64,2,2,4
11,304,3,2,4
11,287,4,2,2
11,137,5,2,2
11,597,6,2,2
11,40,7,2,0
11,297,8,2,2
11,102,9,2,2
11,292,10,2,2
11,262,11,2,2
11,112,12,2,2
11,282,13,2,2
11,382,14,2,2
11,562,15,2,2
11,588,16,2,3
11,252,17,2,2
11,312,18,2,2
11,30,19,2,0
11,432,20,2,2
12,118,1,3,3
12,303,2,3,3
12,573,3,3,3
12,577,4,3,2
12,255,5,3,0
12,128,6,3,3
12,376,7,3,1
12,537,8,3,2
12,178,9,3,3
12,67,10,3,2
12,276,11,3,1
12,223,12,3,3
12,488,13,3,3
12,93,14,3,3
12,318,15,3,3
12,163,16,3,3
12,78,17,3,3
12,443,18,3,3
12,403,19,3,3
12,448,20,3,3
13,182,1,4,2
13,493,2,4,3
13,43,3,4,3
13,79,4,4,4
13,223,5,4,3
13,269,6,4,4
13,280,7,4,0
13,469,8,4,4
13,489,9,4,4
13,189,10,4,4
13,164,11,4,4
13,144,12,4,4
13,449,13,4,4
13,424,14,4,4
13,289,15,4,4
13,106,16,4,1
13,451,17,4,1
13,235,18,4,0
13,264,19,4,4
13,217,20,4,2
14,475,1,0,0
14,533,2,0,3
14,340,3,0,0
14,65,4,0,0
14,187,5,0,2
14,135,6,0,0
14,522,7,0,2
14,295,8,0,0
14,500,9,0,0
14,595,10,0,0
14,562,11,0,2
14,285,12,0,0
14,363,13,0,3
14,240,14,0,0
14,160,15,0,0
14,244,16,0,4
14,507,17,0,2
14,9,18,0,4
14,330,19,0,0
14,47,20,0,2
15,501,1,4,1
15,24,2,4,4
15,166,3,4,1
15,84,4,4,4
15,129,5,4,4
15,314,6,4,4
15,579,7,4,4
15,141,8,4,1
15,159,9,4,4
15,124,10,4,4
15,489,11,4,4
15,597,12,4,2
15,344,13,4,4
15,464,14,4,4
15,228,15,4,3
15,465,16,4,0
15,407,17,4,2
15,152,18,4,2
15,4,19,4,4
15,259,20,4,4
16,544,1,2,4
16,553,2,2,3
16,477,3,2,2
16,111,4,2,1
16,147,5,2,2
16,437,6,2,2
16,452,7,2,2
16,164,8,2,4
16,152,9,2,2
16,159,10,2,4
16,277,11,2,2
16,134,12,2,4
16,482,13,2,2
16,241,14,2,1
16,57,15,2,2
16,120,16,2,0
16,172,17,2,2
16,281,18,2,1
16,81,19,2,1
16,567,20,2,2
17,526,1,1,1
17,467,2,1,2
17,316,3,1,1
17,236,4,1,1
17,264,5,1,4
17,446,6,1,1
17,76,7,1,1
17,546,8,1,1
17,471,9,1,1
17,71,10,1,1
17,349,11,1,4
17,456,12,1,1
17,302,13,1,2
17,141,14,1,1
17,436,15,1,1
17,449,16,1,4
17,171,17,1,1
17,491,18,1,1
17,301,19,1,1
17,561,20,1,1
18,471,1,0,1
18,363,2,0,3
18,229,3,0,4
18,530,4,0,0
18,200,5,0,0
18,32,6,0,2
18,295,7,0,0
18,425,8,0,0
18,336,9,0,1
18,180,10,0,0
18,245,11,0,0
18,130,12,0,0
18,14,13,0,4
18,586,14,0,1
18,525,15,0,0
18,460,16,0,0
18,170,17,0,0
18,55,18,0,0
18,395,19,0,0
18,496,20,0,1
19,137,1,1,2
19,121,2,1,1
19,446,3,1,1
19,575,4,1,0
19,286,5,1,1
19,381,6,1,1
19,346,7,1,1
19,552,8,1,2
19,486,9,1,1
19,146,10,1,1
19,209,11,1,4
19,84,12,1,4
19,16,13,1,1
19,269,14,1,4
19,531,15,1,1
19,582,16,1,2
19,318,17,1,3
19,426,18,1,1
19,541,19,1,1
19,383,20,1,3
20,314,1,4,4
20,280,2,4,0
20,184,3,4,4
20,269,4,4,4
20,129,5,4,4
20,47,6,4,2
20,199,7,4,4
20,514,8,4,4
20,157,9,4,2
20,412,10,4,2
20,414,11,4,4
20,209,12,4,4
20,459,13,4,4
20,102,14,4,2
20,429,15,4,4
20,149,16,4,4
20,479,17,4,4
20,505,18,4,0
20,546,19,4,1
20,93,20,4,3
21,41,1,0,1
21,264,2,0,4
21,555,3,0,0
21,360,4,0,0
21,441,5,0,1
21,132,6,0,2
21,295,7,0,0
21,325,8,0,0
21,50,9,0,0
21,288,10,0,3
21,496,11,0,1
21,299,12,0,4
21,309,13,0,4
21,445,14,0,0
21,455,15,0,0
21,551,16,0,1
21,370,17,0,0
21,282,18,0,2
21,140,19,0,0
21,315,20,0,0
22,598,1,2,3
22,300,2,2,0
22,509,3,2,4
22,157,4,2,2
22,542,5,2,2
22,133,6,2,3
22,100,7,2,0
22,452,8,2,2
22,456,9,2,1
22,92,10,2,2
22,150,11,2,0
22,376,12,2,1
22,247,13,2,2
22,384,14,2,4
22,196,15,2,1
22,564,16,2,4
22,172,17,2,2
22,342,18,2,2
22,349,19,2,4
22,137,20,2,2
23,455,1,0,0
23,191,2,0,1
23,302,3,0,2
23,327,4,0,2
23,380,5,0,0
23,189,6,0,4
23,510,7,0,0
23,135,8,0,0
23,200,9,0,0
23,478,10,0,3
23,244,11,0,4
23,75,12,0,0
23,335,13,0,0
23,266,14,0,1
23,330,15,0,0
23,197,16,0,2
23,11,17,0,1
23,112,18,0,2
23,449,19,0,4
23,160,20,0,0
24,536,1,2,1
24,7,2,2,2
24,107,3,2,2
24,572,4,2,2
24,359,5,2,4
24,122,6,2,2
24,482,7,2,2
24,134,8,2,4
24,297,9,2,2
24,396,10,2,1
24,180,11,2,0
24,287,12,2,2
24,329,13,2,4
24,542,14,2,2
24,90,15,2,0
24,216,16,2,1
24,212,17,2,2
24,434,18,2,4
24,27,19,2,2
24,42,20,2,2
25,106,1,2,1
25,494,2,2,4
25,7,3,2,2
25,542,4,2,2
25,47,5,2,2
25,457,6,2,2
25,582,7,2,2
25,121,8,2,1
25,272,9,2,2
25,133,10,2,3
25,509,11,2,4
25,555,12,2,0
25,11,13,2,1
25,25,14,2,0
25,554,15,2,4
25,571,16,2,1
25,365,17,2,0
25,330,18,2,0
25,557,19,2,2
25,247,20,2,2
26,440,1,3,0
26,511,2,3,1
26,565,3,3,0
26,439,4,3,4
26,593,5,3,3
26,228,6,3,3
26,556,7,3,1
26,416,8,3,1
26,516,9,3,1
26,154,10,3,4
26,222,11,3,2
26,145,12,3,0
26,90,13,3,0
26,132,14,3,2
26,582,15,3,2
26,371,16,3,1
26,104,17,3,4
26,278,18,3,3
26,188,19,3,3
26,128,20,3,3
27,412,1,2,2
27,391,2,2,1
27,84,3,2,4
27,65,4,2,0
27,223,5,2,3
27,390,6,2,0
27,367,7,2,2
27,247,8,2,2
27,312,9,2,2
27,531,10,2,1
27,264,11,2,4
27,172,12,2,2
27,92,13,2,2
27,27,14,2,2
27,18,15,2,3
27,7,16,2,2
27,69,17,2,4
27,292,18,2,2
27,167,19,2,2
27,83,20,2,3
28,272,1,3,2
28,379,2,3,4
28,268,3,3,3
28,25,4,3,0
28,328,5,3,3
28,505,6,3,0
28,9,7,3,4
28,558,8,3,3
28,202,9,3,2
28,593,10,3,3
28,587,11,3,2
28,588,12,3,3
28,88,13,3,3
28,473,14,3,3
28,171,15,3,1
28,193,16,3,3
28,288,17,3,3
28,361,18,3,1
28,458,19,3,3
28,13,20,3,3
29,516,1,1,1
29,166,2,1,1
29,156,3,1,1
29,111,4,1,1
29,235,5,1,0
29,108,6,1,3
29,212,7,1,2
29,430,8,1,0
29,406,9,1,1
29,181,10,1,1
29,208,11,1,3
29,233,12,1,3
29,404,13,1,4
29,586,14,1,1
29,317,15,1,2
29,301,16,1,1
29,17,17,1,2
29,268,18,1,3
29,120,19,1,0
29,512,20,1,2
30,157,1,1,2
30,163,2,1,3
30,106,3,1,1
30,204,4,1,4
30,427,5,1,2
30,366,6,1,1
30,319,7,1,4
30,96,8,1,1
30,22,9,1,2
30,311,10,1,1
30,64,11,1,4
30,561,12,1,1
30,426,13,1,1
30,7,14,1,2
30,77,15,1,2
30,556,16,1,1
30,596,17,1,1
30,363,18,1,3
30,143,19,1,3
30,483,20,1,3
31,318,1,2,3
31,537,2,2,2
31,507,3,2,2
31,458,4,2,3
31,462,5,2,2
31,460,6,2,0
31,557,7,2,2
31,483,8,2,3
31,594,9,2,4
31,260,10,2,0
31,56,11,2,1
31,302,12,2,2
31,185,13,2,0
31,57,14,2,2
31,187,15,2,2
31,463,16,2,3
31,392,17,2,2
31,453,18,2,3
31,19,19,2,4
31,597,20,2,2
32,210,1,0,0
32,90,2,0,0
32,493,3,0,3
32,154,4,0,4
32,355,5,0,0
32,153,6,0,3
32,100,7,0,0
32,156,8,0,1
32,490,9,0,0
32,255,10,0,0
32,246,11,0,1
32,339,12,0,4
32,250,13,0,0
32,501,14,0,1
32,300,15,0,0
32,85,16,0,0
32,315,17,0,0
32,195,18,0,0
32,470,19,0,0
32,580,20,0,0
33,522,1,0,2
33,188,2,0,3
33,556,3,0,1
33,265,4,0,0
33,272,5,0,2
33,552,6,0,2
33,430,7,0,0
33,93,8,0,3
33,351,9,0,1
33,51,10,0,1
33,67,11,0,2
33,60,12,0,0
33,270,13,0,0
33,599,14,0,4
33,249,15,0,4
33,289,16,0,4
33,113,17,0,3
33,211,18,0,1
33,538,19,0,3
33,567,20,0,2
34,118,1,3,3
34,228,2,3,3
34,376,3,3,1
34,158,4,3,3
34,320,5,3,0
34,233,6,3,3
34,153,7,3,3
34,313,8,3,3
34,546,9,3,1
34,353,10,3,3
34,476,11,3,1
34,463,12,3,3
34,579,13,3,4
34,208,14,3,3
34,232,15,3,2
34,178,16,3,3
34,221,17,3,1
34,37,18,3,2
34,222,19,3,2
34,323,20,3,3
35,21,1,1,1
35,451,2,1,1
35,56,3,1,1
35,121,4,1,1
35,366,5,1,1
35,388,6,1,3
35,202,7,1,2
35,332,8,1,2
35,111,9,1,1
35,582,10,1,2
35,521,11,1,1
35,531,12,1,1
35,119,13,1,4
35,516,14,1,1
35,175,15,1,0
35,421,16,1,1
35,505,17,1,0
35,251,18,1,1
35,129,19,1,4
35,457,20,1,2
36,170,1,0,0
36,358,2,0,3
36,281,3,0,1
36,230,4,0,0
36,290,5,0,0
36,257,6,0,2
36,194,7,0,4
36,538,8,0,3
36,40,9,0,0
36,457,10,0,2
36,210,11,0,0
36,311,12,0,1
36,595,13,0,0
36,19,14,0,4
36,107,15,0,2
36,550,16,0,0
36,296,17,0,1
36,104,18,0,4
36,260,19,0,0
36,45,20,0,0
37,436,1,1,1
37,13,2,1,3
37,101,3,1,1
37,328,4,1,3
37,511,5,1,1
37,221,6,1,1
37,41,7,1,1
37,501,8,1,1
37,141,9,1,1
37,341,10,1,1
37,39,11,1,4
37,256,12,1,1
37,413,13,1,3
37,52,14,1,2
37,33,15,1,3
37,521,16,1,1
37,433,17,1,3
37,171,18,1,1
37,516,19,1,1
37,473,20,1,3
38,251,1,1,1
38,361,2,1,1
38,276,3,1,1
38,150,4,1,0
38,27,5,1,2
38,218,6,1,3
38,522,7,1,2
38,141,8,1,1
38,196,9,1,1
38,182,10,1,2
38,89,11,1,4
38,507,12,1,2
38,80,13,1,0
38,219,14,1,4
38,5,15,1,0
38,311,16,1,1
38,156,17,1,1
38,416,18,1,1
38,90,19,1,0
38,456,20,1,1
39,535,1,3,0
39,148,2,3,3
39,475,3,3,0
39,143,4,3,3
39,293,5,3,3
39,558,6,3,3
39,63,7,3,3
39,317,8,3,2
39,73,9,3,3
39,333,10,3,3
39,198,11,3,3
39,250,12,3,0
39,178,13,3,3
39,452,14,3,2
39,584,15,3,4
39,408,16,3,3
39,40,17,3,0
39,118,18,3,3
39,323,19,3,3
39,483,20,3,3
40,374,1,0,4
40,473,2,0,3
40,573,3,0,3
40,95,4,0,0
40,322,5,0,2
40,350,6,0,0
40,29,7,0,4
40,341,8,0,1
40,430,9,0,0
40,397,10,0,2
40,452,11,0,2
40,260,12,0,0
40,384,13,0,4
40,394,14,0,4
40,241,15,0,1
40,288,16,0,3
40,597,17,0,2
40,351,18,0,1
40,349,19,0,4
40,120,20,0,0
41,230,1,0,0
41,355,2,0,0
41,310,3,0,0
41,462,4,0,2
41,85,5,0,0
41,62,6,0,2
41,223,7,0,3
41,30,8,0,0
41,301,9,0,1
41,202,10,0,2
41,220,11,0,0
41,140,12,0,0
41,433,13,0,3
41,115,14,0,0
41,201,15,0,1
41,565,16,0,0
41,489,17,0,4
41,266,18,0,1
41,354,19,0,4
41,517,20,0,2
42,33,1,3,3
42,338,2,3,3
42,319,3,3,4
42,98,4,3,3
42,58,5,3,3
42,570,6,3,0
42,139,7,3,4
42,223,8,3,3
42,563,9,3,3
42,72,10,3,2
42,88,11,3,3
42,328,12,3,3
42,278,13,3,3
42,128,14,3,3
42,136,15,3,1
42,503,16,3,3
42,498,17,3,3
42,385,18,3,0
42,252,19,3,2
42,167,20,3,2
43,570,1,1,0
43,191,2,1,1
43,171,3,1,1
43,303,4,1,3
43,6,5,1,1
43,416,6,1,1
43,203,7,1,3
43,581,8,1,1
43,225,9,1,0
43,226,10,1,1
43,149,11,1,4
43,299,12,1,4
43,15,13,1,0
43,326,14,1,1
43,261,15,1,1
43,176,16,1,1
43,306,17,1,1
43,103,18,1,3
43,386,19,1,1
43,316,20,1,1
44,334,1,3,4
44,99,2,3,4
44,15,3,3,0
44,46,4,3,1
44,200,5,3,0
44,373,6,3,3
44,117,7,3,2
44,271,8,3,1
44,73,9,3,3
44,450,10,3,0
44,268,11,3,3
44,502,12,3,2
44,9,13,3,4
44,515,14,3,0
44,418,15,3,3
44,496,16,3,1
44,556,17,3,1
44,598,18,3,3
44,3,19,3,3
44,328,20,3,3
45,118,1,3,3
45,368,2,3,3
45,558,3,3,3
45,492,4,3,2
45,343,5,3,3
45,296,6,3,1
45,139,7,3,4
45,517,8,3,2
45,576,9,3,1
45,138,10,3,3
45,542,11,3,2
45,533,12,3,3
45,527,13,3,2
45,87,14,3,2
45,493,15,3,3
45,399,16,3,4
45,211,17,3,1
45,163,18,3,3
45,463,19,3,3
45,297,20,3,2
46,344,1,3,4
46,518,2,3,3
46,398,3,3,3
46,447,4,3,2
46,528,5,3,3
46,478,6,3,3
46,125,7,3,0
46,118,8,3,3
46,508,9,3,3
46,174,10,3,4
46,596,11,3,1
46,456,12,3,1
46,493,13,3,3
46,237,14,3,2
46,429,15,3,4
46,488,16,3,3
46,438,17,3,3
46,253,18,3,3
46,556,19,3,1
46,272,20,3,2
47,445,1,0,0
47,170,2,0,0
47,282,3,0,2
47,348,4,0,3
47,267,5,0,2
47,305,6,0,0
47,510,7,0,0
47,442,8,0,2
47,238,9,0,3
47,300,10,0,0
47,204,11,0,4
47,142,12,0,2
47,401,13,0,1
47,225,14,0,0
47,490,15,0,0
47,151,16,0,1
47,568,17,0,3
47,349,18,0,4
47,480,19,0,0
47,90,20,0,0
48,305,1,0,0
48,82,2,0,2
48,149,3,0,4
48,594,4,0,4
48,535,5,0,0
48,385,6,0,0
48,136,7,0,1
48,280,8,0,0
48,245,9,0,0
48,147,10,0,2
48,515,11,0,0
48,300,12,0,0
48,445,13,0,0
48,333,14,0,3
48,582,15,0,2
48,100,16,0,0
48,135,17,0,0
48,212,18,0,2
48,484,19,0,4
48,5,20,0,0
49,345,1,0,0
49,520,2,0,0
49,528,3,0,3
49,135,4,0,0
49,110,5,0,0
49,123,6,0,3
49,215,7,0,0
49,434,8,0,4
49,404,9,0,4
49,500,10,0,0
49,469,11,0,4
49,418,12,0,3
49,47,13,0,2
49,19,14,0,4
49,505,15,0,0
49,477,16,0,2
49,297,17,0,2
49,104,18,0,4
49,458,19,0,3
49,55,20,0,0
50,444,1,4,4
50,415,2,4,0
50,211,3,4,1
50,453,4,4,3
50,214,5,4,4
50,231,6,4,1
50,81,7,4,1
50,594,8,4,4
50,413,9,4,3
50,129,10,4,4
50,502,11,4,2
50,324,12,4,4
50,389,13,4,4
50,70,14,4,0
50,561,15,4,1
50,45,16,4,0
50,384,17,4,4
50,156,18,4,1
50,63,19,4,3
50,309,20,4,4
51,169,1,4,4
51,18,2,4,3
51,574,3,4,4
51,174,4,4,4
51,554,5,4,4
51,359,6,4,4
51,99,7,4,4
51,279,8,4,4
51,408,9,4,3
51,33,10,4,3
51,589,11,4,4
51,133,12,4,3
51,444,13,4,4
51,335,14,4,0
51,110,15,4,0
51,524,16,4,4
51,24,17,4,4
51,28,18,4,3
51,416,19,4,1
51,261,20,4,1
52,227,1,0,2
52,395,2,0,0
52,562,3,0,2
52,460,4,0,0
52,225,5,0,0
52,259,6,0,4
52,191,7,0,1
52,125,8,0,0
52,145,9,0,0
52,488,10,0,3
52,447,11,0,2
52,351,12,0,1
52,37,13,0,2
52,454,14,0,4
52,261,15,0,1
52,315,16,0,0
52,247,17,0,2
52,274,18,0,4
52,139,19,0,4
52,258,20,0,3
53,328,1,3,3
53,588,2,3,3
53,130,3,3,0
53,318,4,3,3
53,14,5,3,4
53,88,6,3,3
53,76,7,3,1
53,198,8,3,3
53,64,9,3,4
53,564,10,3,4
53,0,11,3,0
53,329,12,3,4
53,241,13,3,1
53,164,14,3,4
53,133,15,3,3
53,98,16,3,3
53,56,17,3,1
53,370,18,3,0
53,71,19,3,1
53,366,20,3,1
54,21,1,2,1
54,92,2,2,2
54,36,3,2,1
54,403,4,2,3
54,97,5,2,2
54,422,6,2,2
54,410,7,2,0
54,404,8,2,4
54,512,9,2,2
54,417,10,2,2
54,4,11,2,4
54,272,12,2,2
54,352,13,2,2
54,89,14,2,4
54,425,15,2,0
54,218,16,2,3
54,599,17,2,4
54,147,18,2,2
54,353,19,2,3
54,320,20,2,0
55,477,1,2,2
55,148,2,2,3
55,194,3,2,4
55,202,4,2,2
55,153,5,2,3
55,311,6,2,1
55,60,7,2,0
55,93,8,2,3
55,192,9,2,2
55,326,10,2,1
55,92,11,2,2
55,574,12,2,4
55,7,13,2,2
55,478,14,2,3
55,88,15,2,3
55,466,16,2,1
55,355,17,2,0
55,525,18,2,0
55,547,19,2,2
55,582,20,2,2
56,39,1,1,4
56,36,2,1,1
56,144,3,1,4
56,328,4,1,3
56,391,5,1,1
56,367,6,1,2
56,492,7,1,2
56,474,8,1,4
56,586,9,1,1
56,166,10,1,1
56,282,11,1,2
56,59,12,1,4
56,499,13,1,4
56,126,14,1,1
56,363,15,1,3
56,186,16,1,1
56,96,17,1,1
56,336,18,1,1
56,366,19,1,1
56,58,20,1,3
57,196,1,3,1
57,54,2,3,4
57,591,3,3,1
57,568,4,3,3
57,516,5,3,1
57,141,6,3,1
57,160,7,3,0
57,38,8,3,3
57,284,9,3,4
57,84,10,3,4
57,343,11,3,3
57,445,12,3,0
57,236,13,3,1
57,138,14,3,3
57,188,15,3,3
57,362,16,3,2
57,153,17,3,3
57,473,18,3,3
57,227,19,3,2
57,423,20,3,3
58,298,1,3,3
58,58,2,3,3
58,246,3,3,1
58,579,4,3,4
58,147,5,3,2
58,370,6,3,0
58,9,7,3,4
58,268,8,3,3
58,163,9,3,3
58,388,10,3,3
58,128,11,3,3
58,529,12,3,4
58,368,13,3,3
58,469,14,3,4
58,265,15,3,0
58,108,16,3,3
58,358,17,3,3
58,223,18,3,3
58,91,19,3,1
58,438,20,3,3
59,510,1,2,0
59,549,2,2,4
59,189,3,2,4
59,576,4,2,1
59,382,5,2,2
59,552,6,2,2
59,327,7,2,2
59,102,8,2,2
59,577,9,2,2
59,233,10,2,3
59,278,11,2,3
59,272,12,2,2
59,117,13,2,2
59,457,14,2,2
59,154,15,2,4
59,122,16,2,2
59,27,17,2,2
59,524,18,2,4
59,572,19,2,2
59,50,20,2,0
60,161,1,1,1
60,456,2,1,1
60,162,3,1,2
60,431,4,1,1
60,412,5,1,2
60,76,6,1,1
60,541,7,1,1
60,566,8,1,1
60,33,9,1,3
60,325,10,1,0
60,96,11,1,1
60,113,12,1,3
60,26,13,1,1
60,506,14,1,1
60,271,15,1,1
60,256,16,1,1
60,58,17,1,3
60,116,18,1,1
60,199,19,1,4
60,198,20,1,3
61,428,1,2,3
61,46,2,2,1
61,198,3,2,3
61,73,4,2,3
61,360,5,2,0
61,212,6,2,2
61,414,7,2,4
61,33,8,2,3
61,112,9,2,2
61,187,10,2,2
61,57,11,2,2
61,358,12,2,3
61,42,13,2,2
61,0,14,2,0
61,367,15,2,2
61,85,16,2,0
61,588,17,2,3
61,110,18,2,0
61,549,19,2,4
61,577,20,2,2
62,92,1,2,2
62,86,2,2,1
62,389,3,2,4
62,16,4,2,1
62,387,5,2,2
62,232,6,2,2
62,550,7,2,0
62,419,8,2,4
62,2,9,2,2
62,117,10,2,2
62,558,11,2,3
62,332,12,2,2
62,457,13,2,2
62,517,14,2,2
62,250,15,2,0
62,57,16,2,2
62,557,17,2,2
62,172,18,2,2
62,552,19,2,2
62,436,20,2,1
63,290,1,4,0
63,389,2,4,4
63,539,3,4,4
63,59,4,4,4
63,407,5,4,2
63,118,6,4,3
63,311,7,4,1
63,456,8,4,1
63,418,9,4,3
63,339,10,4,4
63,214,11,4,4
63,84,12,4,4
63,171,13,4,1
63,194,14,4,4
63,264,15,4,4
63,573,16,4,3
63,484,17,4,4
63,79,18,4,4
63,68,19,4,3
63,99,20,4,4
64,481,1,1,1
64,286,2,1,1
64,456,3,1,1
64,421,4,1,1
64,384,5,1,4
64,356,6,1,1
64,576,7,1,1
64,571,8,1,1
64,46,9,1,1
64,26,10,1,1
64,416,11,1,1
64,426,12,1,1
64,112,13,1,2
64,185,14,1,0
64,202,15,1,2
64,61,16,1,1
64,83,17,1,3
64,41,18,1,1
64,338,19,1,3
64,136,20,1,1
65,260,1,1,0
65,16,2,1,1
65,211,3,1,1
65,297,4,1,2
65,346,5,1,1
65,599,6,1,4
65,36,7,1,1
65,291,8,1,1
65,359,9,1,4
65,453,10,1,3
65,286,11,1,1
65,46,12,1,1
65,191,13,1,1
65,431,14,1,1
65,27,15,1,2
65,565,16,1,0
65,579,17,1,4
65,294,18,1,4
65,15,19,1,0
65,152,20,1,2
66,506,1,0,1
66,220,2,0,0
66,175,3,0,0
66,15,4,0,0
66,424,5,0,4
66,145,6,0,0
66,529,7,0,4
66,491,8,0,1
66,565,9,0,0
66,164,10,0,4
66,243,11,0,3
66,314,12,0,4
66,508,13,0,3
66,133,14,0,3
66,310,15,0,0
66,361,16,0,1
66,210,17,0,0
66,203,18,0,3
66,480,19,0,0
66,303,20,0,3
67,214,1,4,4
67,22,2,4,2
67,359,3,4,4
67,191,4,4,1
67,407,5,4,2
67,298,6,4,3
67,351,7,4,1
67,189,8,4,4
67,400,9,4,0
67,81,10,4,1
67,198,11,4,3
67,417,12,4,2
67,514,13,4,4
67,209,14,4,4
67,289,15,4,4
67,389,16,4,4
67,199,17,4,4
67,337,18,4,2
67,264,19,4,4
67,535,20,4,0
68,151,1,4,1
68,444,2,4,4
68,84,3,4,4
68,415,4,4,0
68,42,5,4,2
68,527,6,4,2
68,489,7,4,4
68,389,8,4,4
68,556,9,4,1
68,66,10,4,1
68,544,11,4,4
68,314,12,4,4
68,309,13,4,4
68,44,14,4,4
68,304,15,4,4
68,161,16,4,1
68,501,17,4,1
68,18,18,4,3
68,419,19,4,4
68,584,20,4,4
69,219,1,4,4
69,4,2,4,4
69,94,3,4,4
69,24,4,4,4
69,554,5,4,4
69,334,6,4,4
69,339,7,4,4
69,338,8,4,3
69,198,9,4,3
69,591,10,4,1
69,149,11,4,4
69,45,12,4,0
69,528,13,4,3
69,52,14,4,2
69,359,15,4,4
69,159,16,4,4
69,114,17,4,4
69,494,18,4,4
69,318,19,4,3
69,194,20,4,4
70,260,1,0,0
70,545,2,0,0
70,580,3,0,0
70,262,4,0,2
70,370,5,0,0
70,267,6,0,2
70,270,7,0,0
70,3,8,0,3
70,475,9,0,0
70,185,10,0,0
70,171,11,0,1
70,180,12,0,0
70,472,13,0,2
70,259,14,0,4
70,558,15,0,3
70,245,16,0,0
70,450,17,0,0
70,335,18,0,0
70,330,19,0,0
70,495,20,0,0
71,575,1,3,0
71,408,2,3,3
71,454,3,3,4
71,340,4,3,0
71,0,5,3,0
71,235,6,3,0
71,489,7,3,4
71,423,8,3,3
71,513,9,3,3
71,593,10,3,3
71,248,11,3,3
71,583,12,3,3
71,167,13,3,2
71,486,14,3,1
71,388,15,3,3
71,431,16,3,1
71,298,17,3,3
71,552,18,3,2
71,430,19,3,0
71,343,20,3,3
72,503,1,3,3
72,138,2,3,3
72,423,3,3,3
72,68,4,3,3
72,598,5,3,3
72,355,6,3,0
72,478,7,3,3
72,135,8,3,0
72,198,9,3,3
72,533,10,3,3
72,98,11,3,3
72,183,12,3,3
72,288,13,3,3
72,93,14,3,3
72,28,15,3,3
72,9,16,3,4
72,532,17,3,2
72,291,18,3,1
72,283,19,3,3
72,327,20,3,2
73,456,1,1,1
73,516,2,1,1
73,289,3,1,4
73,501,4,1,1
73,425,5,1,0
73,43,6,1,3
73,583,7,1,3
73,266,8,1,1
73,153,9,1,3
73,183,10,1,3
73,491,11,1,1
73,446,12,1,1
73,475,13,1,0
73,241,14,1,1
73,83,15,1,3
73,111,16,1,1
73,459,17,1,4
73,486,18,1,1
73,231,19,1,1
73,192,20,1,2
74,119,1,4,4
74,534,2,4,4
74,149,3,4,4
74,264,4,4,4
74,529,5,4,4
74,394,6,4,4
74,135,7,4,0
74,79,8,4,4
74,219,9,4,4
74,417,10,4,2
74,562,11,4,2
74,86,12,4,1
74,173,13,4,3
74,301,14,4,1
74,362,15,4,2
74,3,16,4,3
74,197,17,4,2
74,369,18,4,4
74,571,19,4,1
74,133,20,4,3
75,493,1,3,3
75,18,2,3,3
75,210,3,3,0
75,353,4,3,3
75,178,5,3,3
75,166,6,3,1
75,148,7,3,3
75,515,8,3,0
75,106,9,3,1
75,126,10,3,1
75,321,11,3,1
75,249,12,3,4
75,489,13,3,4
75,129,14,3,4
75,233,15,3,3
75,31,16,3,1
75,358,17,3,3
75,38,18,3,3
75,453,19,3,3
75,483,20,3,3
76,345,1,3,0
76,255,2,3,0
76,103,3,3,3
76,193,4,3,3
76,178,5,3,3
76,168,6,3,3
76,127,7,3,2
76,343,8,3,3
76,216,9,3,1
76,253,10,3,3
76,143,11,3,3
76,78,12,3,3
76,528,13,3,3
76,33,14,3,3
76,443,15,3,3
76,208,16,3,3
76,367,17,3,2
76,293,18,3,3
76,474,19,3,4
76,228,20,3,3
77,530,1,4,0
77,199,2,4,4
77,455,3,4,0
77,147,4,4,2
77,403,5,4,3
77,410,6,4,0
77,440,7,4,0
77,439,8,4,4
77,561,9,4,1
77,92,10,4,2
77,499,11,4,4
77,259,12,4,4
77,481,13,4,1
77,595,14,4,0
77,520,15,4,0
77,264,16,4,4
77,512,17,4,2
77,37,18,4,2
77,454,19,4,4
77,344,20,4,4
78,264,1,1,4
78,430,2,1,0
78,584,3,1,4
78,186,4,1,1
78,100,5,1,0
78,343,6,1,3
78,150,7,1,0
78,53,8,1,3
78,476,9,1,1
78,526,10,1,1
78,513,11,1,3
78,434,12,1,4
78,112,13,1,2
78,151,14,1,1
78,543,15,1,3
78,51,16,1,1
78,120,17,1,0
78,306,18,1,1
78,126,19,1,1
78,346,20,1,1
79,491,1,2,1
79,475,2,2,0
79,473,3,2,3
79,454,4,2,4
79,407,5,2,2
79,577,6,2,2
79,422,7,2,2
79,502,8,2,2
79,563,9,2,3
79,47,10,2,2
79,557,11,2,2
79,35,12,2,0
79,52,13,2,2
79,397,14,2,2
79,202,15,2,2
79,294,16,2,4
79,51,17,2,1
79,377,18,2,2
79,148,19,2,3
79,307,20,2,2
80,106,1,1,1
80,399,2,1,4
80,94,3,1,4
80,36,4,1,1
80,466,5,1,1
80,123,6,1,3
80,391,7,1,1
80,248,8,1,3
80,163,9,1,3
80,337,10,1,2
80,186,11,1,1
80,81,12,1,1
80,388,13,1,3
80,336,14,1,1
80,11,15,1,1
80,478,16,1,3
80,376,17,1,1
80,341,18,1,1
80,561,19,1,1
80,8,20,1,3
81,285,1,1,0
81,364,2,1,4
81,281,3,1,1
81,575,4,1,0
81,263,5,1,3
81,411,6,1,1
81,374,7,1,4
81,386,8,1,1
81,23,9,1,3
81,326,10,1,1
81,173,11,1,3
81,247,12,1,2
81,161,13,1,1
81,371,14,1,1
81,196,15,1,1
81,561,16,1,1
81,476,17,1,1
81,169,18,1,4
81,409,19,1,4
81,391,20,1,1
82,194,1,3,4
82,206,2,3,1
82,251,3,3,1
82,223,4,3,3
82,18,5,3,3
82,338,6,3,3
82,569,7,3,4
82,373,8,3,3
82,13,9,3,3
82,599,10,3,4
82,572,11,3,2
82,280,12,3,0
82,123,13,3,3
82,1,14,3,1
82,405,15,3,0
82,430,16,3,0
82,154,17,3,4
82,68,18,3,3
82,73,19,3,3
82,248,20,3,3
83,373,1,3,3
83,115,2,3,0
83,554,3,3,4
83,493,4,3,3
83,80,5,3,0
83,284,6,3,4
83,423,7,3,3
83,307,8,3,2
83,86,9,3,1
83,187,10,3,2
83,240,11,3,0
83,518,12,3,3
83,401,13,3,1
83,488,14,3,3
83,528,15,3,3
83,318,16,3,3
83,224,17,3,4
83,328,18,3,3
83,313,19,3,3
83,486,20,3,1
84,56,1,3,1
84,352,2,3,2
84,114,3,3,4
84,54,4,3,4
84,22,5,3,2
84,528,6,3,3
84,546,7,3,1
84,158,8,3,3
84,525,9,3,0
84,112,10,3,2
84,389,11,3,4
84,126,12,3,1
84,318,13,3,3
84,83,14,3,3
84,107,15,3,2
84,43,16,3,3
84,298,17,3,3
84,205,18,3,0
84,306,19,3,1
84,364,20,3,4
85,88,1,3,3
85,83,2,3,3
85,118,3,3,3
85,94,4,3,4
85,258,5,3,3
85,298,6,3,3
85,208,7,3,3
85,264,8,3,4
85,122,9,3,2
85,296,10,3,1
85,86,11,3,1
85,358,12,3,3
85,573,13,3,3
85,33,14,3,3
85,391,15,3,1
85,313,16,3,3
85,163,17,3,3
85,418,18,3,3
85,53,19,3,3
85,46,20,3,1
86,213,1,2,3
86,102,2,2,2
86,157,3,2,2
86,328,4,2,3
86,26,5,2,1
86,511,6,2,1
86,203,7,2,3
86,144,8,2,4
86,338,9,2,3
86,57,10,2,2
86,367,11,2,2
86,107,12,2,2
86,110,13,2,0
86,272,14,2,2
86,97,15,2,2
86,322,16,2,2
86,92,17,2,2
86,429,18,2,4
86,557,19,2,2
86,297,20,2,2
87,541,1,1,1
87,491,2,1,1
87,326,3,1,1
87,306,4,1,1
87,158,5,1,3
87,211,6,1,1
87,451,7,1,1
87,506,8,1,1
87,554,9,1,4
87,144,10,1,4
87,383,11,1,3
87,220,12,1,0
87,265,13,1,0
87,226,14,1,1
87,74,15,1,4
87,236,16,1,1
87,186,17,1,1
87,81,18,1,1
87,287,19,1,2
87,156,20,1,1
88,389,1,0,4
88,243,2,0,3
88,168,3,0,3
88,220,4,0,0
88,185,5,0,0
88,164,6,0,4
88,107,7,0,2
88,92,8,0,2
88,436,9,0,1
88,472,10,0,2
88,104,11,0,4
88,387,12,0,2
88,545,13,0,0
88,250,14,0,0
88,415,15,0,0
88,70,16,0,0
88,15,17,0,0
88,270,18,0,0
88,235,19,0,0
88,344,20,0,4
89,311,1,2,1
89,395,2,2,0
89,177,3,2,2
89,57,4,2,2
89,300,5,2,0
89,437,6,2,2
89,192,7,2,2
89,548,8,2,3
89,497,9,2,2
89,427,10,2,2
89,354,11,2,4
89,193,12,2,3
89,372,13,2,2
89,461,14,2,1
89,412,15,2,2
89,542,16,2,2
89,544,17,2,4
89,462,18,2,2
89,182,19,2,2
89,336,20,2,1
90,478,1,1,3
90,376,2,1,1
90,20,3,1,0
90,413,4,1,3
90,306,5,1,1
90,476,6,1,1
90,545,7,1,0
90,11,8,1,1
90,284,9,1,4
90,512,10,1,2
90,437,11,1,2
90,152,12,1,2
90,17,13,1,2
90,229,14,1,4
90,305,15,1,0
90,425,16,1,0
90,256,17,1,1
90,301,18,1,1
90,233,19,1,3
90,316,20,1,1
91,276,1,1,1
91,576,2,1,1
91,366,3,1,1
91,596,4,1,1
91,423,5,1,3
91,148,6,1,3
91,124,7,1,4
91,472,8,1,2
91,236,9,1,1
91,591,10,1,1
91,313,11,1,3
91,391,12,1,1
91,516,13,1,1
91,11,14,1,1
91,176,15,1,1
91,332,16,1,2
91,321,17,1,1
91,241,18,1,1
91,382,19,1,2
91,167,20,1,2
92,450,1,0,0
92,367,2,0,2
92,70,3,0,0
92,35,4,0,0
92,330,5,0,0
92,530,6,0,0
92,121,7,0,1
92,419,8,0,4
92,113,9,0,3
92,166,10,0,1
92,310,11,0,0
92,213,12,0,3
92,62,13,0,2
92,482,14,0,2
92,446,15,0,1
92,105,16,0,0
92,268,17,0,3
92,60,18,0,0
92,500,19,0,0
92,120,20,0,0
93,520,1,0,0
93,469,2,0,4
93,320,3,0,0
93,10,4,0,0
93,115,5,0,0
93,156,6,0,1
93,305,7,0,0
93,463,8,0,3
93,430,9,0,0
93,439,10,0,4
93,19,11,0,4
93,495,12,0,0
93,511,13,0,1
93,230,14,0,0
93,585,15,0,0
93,480,16,0,0
93,285,17,0,0
93,40,18,0,0
93,392,19,0,2
93,101,20,0,1
94,286,1,1,1
94,483,2,1,3
94,368,3,1,3
94,516,4,1,1
94,598,5,1,3
94,25,6,1,0
94,488,7,1,3
94,172,8,1,2
94,76,9,1,1
94,212,10,1,2
94,513,11,1,3
94,420,12,1,0
94,252,13,1,2
94,536,14,1,1
94,4,15,1,4
94,476,16,1,1
94,241,17,1,1
94,306,18,1,1
94,453,19,1,3
94,126,20,1,1
95,205,1,0,0
95,490,2,0,0
95,370,3,0,0
95,375,4,0,0
95,563,5,0,3
95,411,6,0,1
95,281,7,0,1
95,265,8,0,0
95,210,9,0,0
95,478,10,0,3
95,319,11,0,4
95,155,12,0,0
95,310,13,0,0
95,75,14,0,0
95,0,15,0,0
95,330,16,0,0
95,427,17,0,2
95,597,18,0,2
95,352,19,0,2
95,5,20,0,0
96,341,1,1,1
96,140,2,1,0
96,526,3,1,1
96,569,4,1,4
96,74,5,1,4
96,551,6,1,1
96,11,7,1,1
96,61,8,1,1
96,311,9,1,1
96,41,10,1,1
96,14,11,1,4
96,40,12,1,0
96,486,13,1,1
96,76,14,1,1
96,503,15,1,3
96,306,16,1,1
96,563,17,1,3
96,459,18,1,4
96,437,19,1,2
96,284,20,1,4
97,102,1,4,2
97,539,2,4,4
97,118,3,4,3
97,285,4,4,0
97,434,5,4,4
97,16,6,4,1
97,508,7,4,3
97,284,8,4,4
97,71,9,4,1
97,99,10,4,4
97,72,11,4,2
97,308,12,4,3
97,314,13,4,4
97,89,14,4,4
97,170,15,4,0
97,354,16,4,4
97,193,17,4,3
97,135,18,4,0
97,447,19,4,2
97,259,20,4,4
98,7,1,0,2
98,163,2,0,3
98,446,3,0,1
98,525,4,0,0
98,30,5,0,0
98,550,6,0,0
98,221,7,0,1
98,478,8,0,3
98,465,9,0,0
98,225,10,0,0
98,320,11,0,0
98,445,12,0,0
98,10,13,0,0
98,93,14,0,3
98,153,15,0,3
98,0,16,0,0
98,355,17,0,0
98,280,18,0,0
98,96,19,0,1
98,90,20,0,0
99,11,1,1,1
99,541,2,1,1
99,331,3,1,1
99,228,4,1,3
99,141,5,1,1
99,505,6,1,0
99,498,7,1,3
99,345,8,1,0
99,546,9,1,1
99,66,10,1,1
99,496,11,1,1
99,222,12,1,2
99,292,13,1,2
99,526,14,1,1
99,181,15,1,1
99,274,16,1,4
99,176,17,1,1
99,24,18,1,4
99,188,19,1,3
99,340,20,1,0
100,23,1,2,3
100,387,2,2,2
100,322,3,2,2
100,91,4,2,1
100,167,5,2,2
100,163,6,2,3
100,395,7,2,0
100,144,8,2,4
100,517,9,2,2
100,473,10,2,3
100,582,11,2,2
100,542,12,2,2
100,497,13,2,2
100,392,14,2,2
100,98,15,2,3
100,382,16,2,2
100,142,17,2,2
100,275,18,2,0
100,595,19,2,0
100,297,20,2,2
101,309,1,0,4
101,460,2,0,0
101,77,3,0,2
101,67,4,0,2
101,180,5,0,0
101,456,6,0,1
101,72,7,0,2
101,245,8,0,0
101,10,9,0,0
101,525,10,0,0
101,271,11,0,1
101,257,12,0,2
101,453,13,0,3
101,191,14,0,1
101,275,15,0,0
101,352,16,0,2
101,178,17,0,3
101,237,18,0,2
101,111,19,0,1
101,370,20,0,0
102,17,1,2,2
102,164,2,2,4
102,462,3,2,2
102,28,4,2,3
102,288,5,2,3
102,190,6,2,0
102,587,7,2,2
102,212,8,2,2
102,152,9,2,2
102,399,10,2,4
102,170,11,2,0
102,519,12,2,4
102,392,13,2,2
102,302,14,2,2
102,593,15,2,3
102,296,16,2,1
102,435,17,2,0
102,219,18,2,4
102,84,19,2,4
102,53,20,2,3
103,493,1,3,3
103,588,2,3,3
103,183,3,3,3
103,509,4,3,4
103,397,5,3,2
103,333,6,3,3
103,48,7,3,3
103,23,8,3,3
103,293,9,3,3
103,526,10,3,1
103,218,11,3,3
103,98,12,3,3
103,114,13,3,4
103,407,14,3,2
103,403,15,3,3
103,345,16,3,0
103,473,17,3,3
103,453,18,3,3
103,508,19,3,3
103,45,20,3,0
104,405,1,1,0
104,583,2,1,3
104,391,3,1,1
104,553,4,1,3
104,237,5,1,2
104,131,6,1,1
104,280,7,1,0
104,81,8,1,1
104,193,9,1,3
104,591,10,1,1
104,63,11,1,3
104,171,12,1,1
104,181,13,1,1
104,419,14,1,4
104,513,15,1,3
104,191,16,1,1
104,329,17,1,4
104,517,18,1,2
104,373,19,1,3
104,198,20,1,3
105,595,1,0,0
105,105,2,0,0
105,267,3,0,2
105,550,4,0,0
105,413,5,0,3
105,277,6,0,2
105,505,7,0,0
105,163,8,0,3
105,131,9,0,1
105,161,10,0,1
105,203,11,0,3
105,30,12,0,0
105,195,13,0,0
105,0,14,0,0
105,22,15,0,2
105,185,16,0,0
105,120,17,0,0
105,128,18,0,3
105,283,19,0,3
105,388,20,0,3
106,219,1,4,4
106,567,2,4,2
106,204,3,4,4
106,456,4,4,1
106,67,5,4,2
106,29,6,4,4
106,169,7,4,4
106,487,8,4,2
106,21,9,4,1
106,599,10,4,4
106,94,11,4,4
106,79,12,4,4
106,47,13,4,2
106,396,14,4,1
106,85,15,4,0
106,443,16,4,3
106,164,17,4,4
106,184,18,4,4
106,245,19,4,0
106,524,20,4,4
107,100,1,3,0
107,117,2,3,2
107,80,3,3,0
107,257,4,3,2
107,148,5,3,3
107,476,6,3,1
107,208,7,3,3
107,368,8,3,3
107,353,9,3,3
107,340,10,3,0
107,207,11,3,2
107,178,12,3,3
107,267,13,3,2
107,541,14,3,1
107,314,15,3,4
107,52,16,3,2
107,587,17,3,2
107,223,18,3,3
107,465,19,3,0
107,205,20,3,0
108,172,1,2,2
108,126,2,2,1
108,29,3,2,4
108,370,4,2,0
108,67,5,2,2
108,135,6,2,0
108,266,7,2,1
108,447,8,2,2
108,549,9,2,4
108,22,10,2,2
108,206,11,2,1
108,408,12,2,3
108,189,13,2,4
108,522,14,2,2
108,77,15,2,2
108,42,16,2,2
108,467,17,2,2
108,545,18,2,0
108,382,19,2,2
108,142,20,2,2
109,48,1,1,3
109,44,2,1,4
109,237,3,1,2
109,597,4,1,2
109,266,5,1,1
109,392,6,1,2
109,1,7,1,1
109,395,8,1,0
109,549,9,1,4
109,386,10,1,1
109,127,11,1,2
109,261,12,1,1
109,257,13,1,2
109,426,14,1,1
109,165,15,1,0
109,351,16,1,1
109,2,17,1,2
109,185,18,1,0
109,341,19,1,1
109,162,20,1,2
110,323,1,0,3
110,26,2,0,1
110,304,3,0,4
110,9,4,0,4
110,355,5,0,0
110,563,6,0,3
110,140,7,0,0
110,260,8,0,0
110,276,9,0,1
110,255,10,0,0
110,125,11,0,0
110,435,12,0,0
110,345,13,0,0
110,407,14,0,2
110,436,15,0,1
110,300,16,0,0
110,330,17,0,0
110,310,18,0,0
110,488,19,0,3
110,245,20,0,0
111,238,1,3,3
111,496,2,3,1
111,438,3,3,3
111,181,4,3,1
111,164,5,3,4
111,393,6,3,3
111,408,7,3,3
111,443,8,3,3
111,7,9,3,2
111,198,10,3,3
111,488,11,3,3
111,465,12,3,0
111,121,13,3,1
111,93,14,3,3
111,73,15,3,3
111,258,16,3,3
111,528,17,3,3
111,43,18,3,3
111,254,19,3,4
111,83,20,3,3
112,312,1,4,2
112,234,2,4,4
112,381,3,4,1
112,419,4,4,4
112,176,5,4,1
112,260,6,4,0
112,362,7,4,2
112,265,8,4,0
112,219,9,4,4
112,508,10,4,3
112,204,11,4,4
112,409,12,4,4
112,134,13,4,4
112,516,14,4,1
112,359,15,4,4
112,89,16,4,4
112,147,17,4,2
112,144,18,4,4
112,334,19,4,4
112,351,20,4,1
113,425,1,0,0
113,130,2,0,0
113,194,3,0,4
113,564,4,0,4
113,525,5,0,0
113,488,6,0,3
113,171,7,0,1
113,278,8,0,3
113,71,9,0,1
113,448,10,0,3
113,298,11,0,3
113,106,12,0,1
113,230,13,0,0
113,532,14,0,2
113,342,15,0,2
113,475,16,0,0
113,526,17,0,1
113,70,18,0,0
113,409,19,0,4
113,400,20,0,0
114,454,1,0,4
114,111,2,0,1
114,411,3,0,1
114,377,4,0,2
114,378,5,0,3
114,170,6,0,0
114,150,7,0,0
114,434,8,0,4
114,30,9,0,0
114,469,10,0,4
114,318,11,0,3
114,480,12,0,0
114,217,13,0,2
114,376,14,0,1
114,90,15,0,0
114,515,16,0,0
114,590,17,0,0
114,392,18,0,2
114,355,19,0,0
114,471,20,0,1
115,43,1,3,3
115,124,2,3,4
115,548,3,3,3
115,278,4,3,3
115,146,5,3,1
115,191,6,3,1
115,376,7,3,1
115,523,8,3,3
115,488,9,3,3
115,373,10,3,3
115,292,11,3,2
115,223,12,3,3
115,190,13,3,0
115,348,14,3,3
115,248,15,3,3
115,5,16,3,0
115,133,17,3,3
115,18,18,3,3
115,142,19,3,2
115,547,20,3,2
116,420,1,0,0
116,435,2,0,0
116,281,3,0,1
116,390,4,0,0
116,396,5,0,1
116,174,6,0,4
116,303,7,0,3
116,25,8,0,0
116,263,9,0,3
116,318,10,0,3
116,368,11,0,3
116,464,12,0,4
116,140,13,0,0
116,99,14,0,4
116,240,15,0,0
116,121,16,0,1
116,460,17,0,0
116,130,18,0,0
116,117,19,0,2
116,210,20,0,0
117,136,1,1,1
117,497,2,1,2
117,118,3,1,3
117,456,4,1,1
117,90,5,1,0
117,4,6,1,4
117,15,7,1,0
117,189,8,1,4
117,26,9,1,1
117,113,10,1,3
117,144,11,1,4
117,314,12,1,4
117,95,13,1,0
117,238,14,1,3
117,536,15,1,1
117,531,16,1,1
117,368,17,1,3
117,146,18,1,1
117,511,19,1,1
117,598,20,1,3
118,270,1,0,0
118,590,2,0,0
118,373,3,0,3
118,205,4,0,0
118,100,5,0,0
118,302,6,0,2
118,306,7,0,1
118,85,8,0,0
118,180,9,0,0
118,552,10,0,2
118,430,11,0,0
118,214,12,0,4
118,300,13,0,0
118,291,14,0,1
118,175,15,0,0
118,165,16,0,0
118,209,17,0,4
118,133,18,0,3
118,89,19,0,4
118,95,20,0,0
119,598,1,3,3
119,453,2,3,3
119,338,3,3,3
119,497,4,3,2
119,68,5,3,3
119,13,6,3,3
119,503,7,3,3
119,270,8,3,0
119,173,9,3,3
119,413,10,3,3
119,306,11,3,1
119,368,12,3,3
119,518,13,3,3
119,103,14,3,3
119,177,15,3,2
119,386,16,3,1
119,495,17,3,0
119,562,18,3,2
119,333,19,3,3
119,98,20,3,3
120,506,1,1,1
120,23,2,1,3
120,550,3,1,0
120,286,4,1,1
120,131,5,1,1
120,290,6,1,0
120,105,7,1,0
120,32,8,1,2
120,300,9,1,0
120,586,10,1,1
120,191,11,1,1
120,371,12,1,1
120,536,13,1,1
120,179,14,1,4
120,336,15,1,1
120,524,16,1,4
120,501,17,1,1
120,556,18,1,1
120,197,19,1,2
120,136,20,1,1
121,440,1,4,0
121,449,2,4,4
121,4,3,4,4
121,115,4,4,0
121,219,5,4,4
121,389,6,4,4
121,199,7,4,4
121,231,8,4,1
121,29,9,4,4
121,429,10,4,4
121,3,11,4,3
121,74,12,4,4
121,394,13,4,4
121,249,14,4,4
121,375,15,4,0
121,318,16,4,3
121,503,17,4,3
121,304,18,4,4
121,409,19,4,4
121,104,20,4,4
122,547,1,4,2
122,271,2,4,1
122,269,3,4,4
122,44,4,4,4
122,12,5,4,2
122,32,6,4,2
122,179,7,4,4
122,104,8,4,4
122,225,9,4,0
122,103,10,4,3
122,275,11,4,0
122,579,12,4,4
122,326,13,4,1
122,244,14,4,4
122,559,15,4,4
122,23,16,4,3
122,453,17,4,3
122,154,18,4,4
122,148,19,4,3
122,207,20,4,2
123,84,1,4,4
123,35,2,4,0
123,549,3,4,4
123,428,4,4,3
123,184,5,4,4
123,157,6,4,2
123,289,7,4,4
123,121,8,4,1
123,264,9,4,4
123,176,10,4,1
123,62,11,4,2
123,64,12,4,4
123,244,13,4,4
123,494,14,4,4
123,376,15,4,1
123,392,16,4,2
123,277,17,4,2
123,110,18,4,0
123,306,19,4,1
123,339,20,4,4
124,431,1,1,1
124,228,2,1,3
124,525,3,1,0
124,550,4,1,0
124,119,5,1,4
124,453,6,1,3
124,346,7,1,1
124,196,8,1,1
124,438,9,1,3
124,516,10,1,1
124,574,11,1,4
124,29,12,1,4
124,591,13,1,1
124,495,14,1,0
124,106,15,1,1
124,226,16,1,1
124,293,17,1,3
124,181,18,1,1
124,573,19,1,3
124,521,20,1,1
125,209,1,4,4
125,435,2,4,0
125,202,3,4,2
125,369,4,4,4
125,333,5,4,3
125,208,6,4,3
125,24,7,4,4
125,150,8,4,0
125,599,9,4,4
125,384,10,4,4
125,551,11,4,1
125,55,12,4,0
125,177,13,4,2
125,379,14,4,4
125,255,15,4,0
125,110,16,4,0
125,239,17,4,4
125,169,18,4,4
125,244,19,4,4
125,8,20,4,3
126,148,1,3,3
126,550,2,3,0
126,399,3,3,4
126,349,4,3,4
126,459,5,3,4
126,498,6,3,3
126,418,7,3,3
126,97,8,3,2
126,521,9,3,1
126,123,10,3,3
126,25,11,3,0
126,465,12,3,0
126,433,13,3,3
126,42,14,3,2
126,167,15,3,2
126,448,16,3,3
126,178,17,3,3
126,445,18,3,0
126,203,19,3,3
126,214,20,3,4
127,257,1,4,2
127,154,2,4,4
127,470,3,4,0
127,409,4,4,4
127,129,5,4,4
127,419,6,4,4
127,144,7,4,4
127,599,8,4,4
127,468,9,4,3
127,498,10,4,3
127,359,11,4,4
127,19,12,4,4
127,88,13,4,3
127,434,14,4,4
127,52,15,4,2
127,112,16,4,2
127,132,17,4,2
127,189,18,4,4
127,114,19,4,4
127,390,20,4,0
128,576,1,1,1
128,436,2,1,1
128,331,3,1,1
128,96,4,1,1
128,136,5,1,1
128,86,6,1,1
128,231,7,1,1
128,112,8,1,2
128,197,9,1,2
128,491,10,1,1
128,292,11,1,2
128,471,12,1,1
128,464,13,1,4
128,160,14,1,0
128,18,15,1,3
128,281,16,1,1
128,230,17,1,0
128,87,18,1,2
128,2,19,1,2
128,211,20,1,1
129,75,1,0,0
129,104,2,0,4
129,160,3,0,0
129,495,4,0,0
129,344,5,0,4
129,265,6,0,0
129,485,7,0,0
129,490,8,0,0
129,105,9,0,0
129,565,10,0,0
129,442,11,0,2
129,92,12,0,2
129,210,13,0,0
129,320,14,0,0
129,575,15,0,0
129,317,16,0,2
129,558,17,0,3
129,386,18,0,1
129,447,19,0,2
129,2,20,0,2
130,546,1,0,1
130,409,2,0,4
130,125,3,0,0
130,219,4,0,4
130,0,5,0,0
130,75,6,0,0
130,210,7,0,0
130,527,8,0,2
130,85,9,0,0
130,140,10,0,0
130,193,11,0,3
130,396,12,0,1
130,598,13,0,3
130,343,14,0,3
130,446,15,0,1
130,186,16,0,1
130,245,17,0,0
130,15,18,0,0
130,270,19,0,0
130,530,20,0,0
131,281,1,2,1
131,168,2,2,3
131,587,3,2,2
131,472,4,2,2
131,116,5,2,1
131,354,6,2,4
131,257,7,2,2
131,66,8,2,1
131,548,9,2,3
131,322,10,2,2
131,183,11,2,3
131,342,12,2,2
131,106,13,2,1
131,197,14,2,2
131,118,15,2,3
131,149,16,2,4
131,266,17,2,1
131,403,18,2,3
131,61,19,2,1
131,87,20,2,2
132,210,1,2,0
132,199,2,2,4
132,106,3,2,1
132,182,4,2,2
132,330,5,2,0
132,359,6,2,4
132,37,7,2,2
132,402,8,2,2
132,59,9,2,4
132,272,10,2,2
132,557,11,2,2
132,217,12,2,2
132,89,13,2,4
132,582,14,2,2
132,397,15,2,2
132,358,16,2,3
132,372,17,2,2
132,527,18,2,2
132,173,19,2,3
132,172,20,2,2
133,367,1,2,2
133,548,2,2,3
133,292,3,2,2
133,231,4,2,1
133,282,5,2,2
133,452,6,2,2
133,474,7,2,4
133,430,8,2,0
133,380,9,2,0
133,344,10,2,4
133,247,11,2,2
133,341,12,2,1
133,418,13,2,3
133,256,14,2,1
133,570,15,2,0
133,351,16,2,1
133,6,17,2,1
133,194,18,2,4
133,177,19,2,2
133,342,20,2,2
134,384,1,1,4
134,501,2,1,1
134,266,3,1,1
134,66,4,1,1
134,364,5,1,4
134,367,6,1,2
134,461,7,1,1
134,35,8,1,0
134,106,9,1,1
134,401,10,1,1
134,428,11,1,3
134,251,12,1,1
134,263,13,1,3
134,186,14,1,1
134,6,15,1,1
134,181,16,1,1
134,158,17,1,3
134,41,18,1,1
134,441,19,1,1
134,362,20,1,2
135,530,1,4,0
135,216,2,4,1
135,122,3,4,2
135,318,4,4,3
135,535,5,4,0
135,251,6,4,1
135,548,7,4,3
135,9,8,4,4
135,479,9,4,4
135,174,10,4,4
135,419,11,4,4
135,79,12,4,4
135,504,13,4,4
135,126,14,4,1
135,449,15,4,4
135,109,16,4,4
135,268,17,4,3
135,354,18,4,4
135,154,19,4,4
135,394,20,4,4
136,251,1,1,1
136,57,2,1,2
136,535,3,1,0
136,326,4,1,1
136,511,5,1,1
136,73,6,1,3
136,321,7,1,1
136,174,8,1,4
136,41,9,1,1
136,449,10,1,4
136,493,11,1,3
136,62,12,1,2
136,350,13,1,0
136,116,14,1,1
136,8,15,1,3
136,512,16,1,2
136,461,17,1,1
136,540,18,1,0
136,103,19,1,3
136,31,20,1,1
137,193,1,3,3
137,408,2,3,3
137,38,3,3,3
137,63,4,3,3
137,58,5,3,3
137,532,6,3,2
137,41,7,3,1
137,118,8,3,3
137,390,9,3,0
137,528,10,3,3
137,60,11,3,0
137,178,12,3,3
137,480,13,3,0
137,412,14,3,2
137,543,15,3,3
137,533,16,3,3
137,496,17,3,1
137,165,18,3,0
137,598,19,3,3
137,458,20,3,3
138,580,1,4,0
138,559,2,4,4
138,581,3,4,1
138,366,4,4,1
138,109,5,4,4
138,452,6,4,2
138,33,7,4,3
138,573,8,4,3
138,23,9,4,3
138,296,10,4,1
138,456,11,4,1
138,86,12,4,1
138,52,13,4,2
138,249,14,4,4
138,447,15,4,2
138,49,16,4,4
138,229,17,4,4
138,144,18,4,4
138,547,19,4,2
138,283,20,4,3
139,519,1,0,4
139,526,2,0,1
139,433,3,0,3
139,462,4,0,2
139,490,5,0,0
139,310,6,0,0
139,441,7,0,1
139,79,8,0,4
139,329,9,0,4
139,543,10,0,3
139,375,11,0,0
139,276,12,0,1
139,488,13,0,3
139,414,14,0,4
139,67,15,0,2
139,485,16,0,0
139,51,17,0,1
139,278,18,0,3
139,595,19,0,0
139,145,20,0,0
140,431,1,0,1
140,148,2,0,3
140,401,3,0,1
140,315,4,0,0
140,180,5,0,0
140,175,6,0,0
140,405,7,0,0
140,245,8,0,0
140,505,9,0,0
140,210,10,0,0
140,416,11,0,1
140,410,12,0,0
140,120,13,0,0
140,475,14,0,0
140,429,15,0,4
140,104,16,0,4
140,219,17,0,4
140,313,18,0,3
140,44,19,0,4
140,95,20,0,0
141,348,1,3,3
141,428,2,3,3
141,151,3,3,1
141,361,4,3,1
141,152,5,3,2
141,333,6,3,3
141,18,7,3,3
141,441,8,3,1
141,308,9,3,3
141,388,10,3,3
141,518,11,3,3
141,403,12,3,3
141,496,13,3,1
141,198,14,3,3
141,26,15,3,1
141,471,16,3,1
141,598,17,3,3
141,78,18,3,3
141,13,19,3,3
141,493,20,3,3
142,506,1,3,1
142,51,2,3,1
142,508,3,3,3
142,83,4,3,3
142,17,5,3,2
142,504,6,3,4
142,25,7,3,0
142,69,8,3,4
142,579,9,3,4
142,318,10,3,3
142,576,11,3,1
142,37,12,3,2
142,499,13,3,4
142,353,14,3,3
142,478,15,3,3
142,311,16,3,1
142,94,17,3,4
142,467,18,3,2
142,157,19,3,2
142,295,20,3,0
143,595,1,4,0
143,279,2,4,4
143,522,3,4,2
143,467,4,4,2
143,182,5,4,2
143,5,6,4,0
143,29,7,4,4
143,490,8,4,0
143,149,9,4,4
143,176,10,4,1
143,102,11,4,2
143,186,12,4,1
143,144,13,4,4
143,527,14,4,2
143,492,15,4,2
143,449,16,4,4
143,332,17,4,2
143,338,18,4,3
143,479,19,4,4
143,160,20,4,0
144,272,1,1,2
144,371,2,1,1
144,26,3,1,1
144,479,4,1,4
144,297,5,1,2
144,231,6,1,1
144,401,7,1,1
144,416,8,1,1
144,186,9,1,1
144,274,10,1,4
144,92,11,1,2
144,45,12,1,0
144,384,13,1,4
144,185,14,1,0
144,171,15,1,1
144,326,16,1,1
144,257,17,1,2
144,7,18,1,2
144,462,19,1,2
144,144,20,1,4
145,226,1,1,1
145,26,2,1,1
145,94,3,1,4
145,491,4,1,1
145,570,5,1,0
145,289,6,1,4
145,342,7,1,2
145,64,8,1,4
145,272,9,1,2
145,341,10,1,1
145,201,11,1,1
145,71,12,1,1
145,400,13,1,0
145,489,14,1,4
145,544,15,1,4
145,411,16,1,1
145,516,17,1,1
145,347,18,1,2
145,219,19,1,4
145,576,20,1,1
146,91,1,2,1
146,272,2,2,2
146,568,3,2,3
146,597,4,2,2
146,221,5,2,1
146,74,6,2,4
146,536,7,2,1
146,587,8,2,2
146,526,9,2,1
146,447,10,2,2
146,522,11,2,2
146,103,12,2,3
146,502,13,2,2
146,527,14,2,2
146,70,15,2,0
146,553,16,2,3
146,93,17,2,3
146,12,18,2,2
146,79,19,2,4
146,493,20,2,3
147,199,1,0,4
147,290,2,0,0
147,325,3,0,0
147,258,4,0,3
147,380,5,0,0
147,80,6,0,0
147,135,7,0,0
147,300,8,0,0
147,15,9,0,0
147,172,10,0,2
147,530,11,0,0
147,552,12,0,2
147,340,13,0,0
147,82,14,0,2
147,91,15,0,1
147,240,16,0,0
147,520,17,0,0
147,21,18,0,1
147,484,19,0,4
147,509,20,0,4
148,369,1,1,4
148,83,2,1,3
148,39,3,1,4
148,436,4,1,1
148,208,5,1,3
148,38,6,1,3
148,56,7,1,1
148,117,8,1,2
148,506,9,1,1
148,363,10,1,3
148,49,11,1,4
148,582,12,1,2
148,331,13,1,1
148,321,14,1,1
148,480,15,1,0
148,294,16,1,4
148,144,17,1,4
148,224,18,1,4
148,381,19,1,1
148,69,20,1,4
149,230,1,0,0
149,245,2,0,0
149,39,3,0,4
149,170,4,0,0
149,320,5,0,0
149,456,6,0,1
149,516,7,0,1
149,435,8,0,0
149,410,9,0,0
149,32,10,0,2
149,0,11,0,0
149,205,12,0,0
149,190,13,0,0
149,384,14,0,4
149,78,15,0,3
149,145,16,0,0
149,217,17,0,2
149,2,18,0,2
149,69,19,0,4
149,156,20,0,1
150,58,1,3,3
150,3,2,3,3
150,362,3,3,2
150,204,4,3,4
150,253,5,3,3
150,215,6,3,0
150,26,7,3,1
150,534,8,3,4
150,338,9,3,3
150,558,10,3,3
150,271,11,3,1
150,413,12,3,3
150,392,13,3,2
150,439,14,3,4
150,343,15,3,3
150,483,16,3,3
150,169,17,3,4
150,196,18,3,1
150,551,19,3,1
150,433,20,3,3
151,372,1,0,2
151,156,2,0,1
151,302,3,0,2
151,335,4,0,0
151,110,5,0,0
151,290,6,0,0
151,365,7,0,0
151,80,8,0,0
151,25,9,0,0
151,248,10,0,3
151,435,11,0,0
151,298,12,0,3
151,88,13,0,3
151,503,14,0,3
151,593,15,0,3
151,430,16,0,0
151,275,17,0,0
151,471,18,0,1
151,87,19,0,2
151,115,20,0,0
152,135,1,2,0
152,292,2,2,2
152,67,3,2,2
152,252,4,2,2
152,262,5,2,2
152,491,6,2,1
152,338,7,2,3
152,260,8,2,0
152,293,9,2,3
152,272,10,2,2
152,267,11,2,2
152,129,12,2,4
152,45,13,2,0
152,306,14,2,1
152,87,15,2,2
152,544,16,2,4
152,417,17,2,2
152,187,18,2,2
152,211,19,2,1
152,117,20,2,2
153,270,1,0,0
153,530,2,0,0
153,501,3,0,1
153,499,4,0,4
153,81,5,0,1
153,145,6,0,0
153,31,7,0,1
153,225,8,0,0
153,44,9,0,4
153,550,10,0,0
153,65,11,0,0
153,256,12,0,1
153,20,13,0,0
153,421,14,0,1
153,480,15,0,0
153,546,16,0,1
153,288,17,0,3
153,213,18,0,3
153,121,19,0,1
153,390,20,0,0
154,594,1,1,4
154,502,2,1,2
154,336,3,1,1
154,581,4,1,1
154,544,5,1,4
154,431,6,1,1
154,301,7,1,1
154,556,8,1,1
154,78,9,1,3
154,121,10,1,1
154,481,11,1,1
154,578,12,1,3
154,166,13,1,1
154,386,14,1,1
154,476,15,1,1
154,96,16,1,1
154,534,17,1,4
154,201,18,1,1
154,311,19,1,1
154,299,20,1,4
155,66,1,2,1
155,227,2,2,2
155,447,3,2,2
155,357,4,2,2
155,318,5,2,3
155,242,6,2,2
155,305,7,2,0
155,423,8,2,3
155,302,9,2,2
155,292,10,2,2
155,137,11,2,2
155,507,12,2,2
155,347,13,2,2
155,574,14,2,4
155,518,15,2,3
155,282,16,2,2
155,262,17,2,2
155,110,18,2,0
155,149,19,2,4
155,360,20,2,0
156,76,1,1,1
156,566,2,1,1
156,299,3,1,4
156,551,4,1,1
156,282,5,1,2
156,521,6,1,1
156,462,7,1,2
156,331,8,1,1
156,208,9,1,3
156,196,10,1,1
156,163,11,1,3
156,296,12,1,1
156,311,13,1,1
156,122,14,1,2
156,215,15,1,0
156,304,16,1,4
156,259,17,1,4
156,382,18,1,2
156,412,19,1,2
156,456,20,1,1
157,375,1,2,0
157,103,2,2,3
157,452,3,2,2
157,361,4,2,1
157,522,5,2,2
157,97,6,2,2
157,586,7,2,1
157,333,8,2,3
157,192,9,2,2
157,487,10,2,2
157,80,11,2,0
157,165,12,2,0
157,455,13,2,0
157,121,14,2,1
157,476,15,2,1
157,395,16,2,0
157,92,17,2,2
157,527,18,2,2
157,82,19,2,2
157,77,20,2,2
158,65,1,1,0
158,94,2,1,4
158,12,3,1,2
158,264,4,1,4
158,236,5,1,1
158,401,6,1,1
158,204,7,1,4
158,320,8,1,0
158,280,9,1,0
158,246,10,1,1
158,469,11,1,4
158,316,12,1,1
158,269,13,1,4
158,67,14,1,2
158,81,15,1,1
158,526,16,1,1
158,121,17,1,1
158,566,18,1,1
158,414,19,1,4
158,46,20,1,1
159,434,1,4,4
159,178,2,4,3
159,457,3,4,2
159,92,4,4,2
159,449,5,4,4
159,171,6,4,1
159,134,7,4,4
159,400,8,4,0
159,334,9,4,4
159,410,10,4,0
159,281,11,4,1
159,159,12,4,4
159,307,13,4,2
159,294,14,4,4
159,444,15,4,4
159,414,16,4,4
159,284,17,4,4
159,519,18,4,4
159,164,19,4,4
159,429,20,4,4
160,395,1,2,0
160,532,2,2,2
160,521,3,2,1
160,152,4,2,2
160,584,5,2,4
160,265,6,2,0
160,7,7,2,2
160,12,8,2,2
160,441,9,2,1
160,207,10,2,2
160,278,11,2,3
160,507,12,2,2
160,594,13,2,4
160,97,14,2,2
160,454,15,2,4
160,147,16,2,2
160,398,17,2,3
160,157,18,2,2
160,282,19,2,2
160,509,20,2,4
161,166,1,4,1
161,269,2,4,4
161,599,3,4,4
161,16,4,4,1
161,309,5,4,4
161,127,6,4,2
161,472,7,4,2
161,132,8,4,2
161,582,9,4,2
161,439,10,4,4
161,452,11,4,2
161,205,12,4,0
161,282,13,4,2
161,89,14,4,4
161,182,15,4,2
161,27,16,4,2
161,109,17,4,4
161,50,18,4,0
161,391,19,4,1
161,183,20,4,3
162,21,1,1,1
162,71,2,1,1
162,511,3,1,1
162,336,4,1,1
162,516,5,1,1
162,227,6,1,2
162,136,7,1,1
162,96,8,1,1
162,431,9,1,1
162,143,10,1,3
162,46,11,1,1
162,155,12,1,0
162,86,13,1,1
162,566,14,1,1
162,211,15,1,1
162,506,16,1,1
162,503,17,1,3
162,525,18,1,0
162,166,19,1,1
162,271,20,1,1
163,416,1,3,1
163,454,2,3,4
163,209,3,3,4
163,580,4,3,0
163,153,5,3,3
163,576,6,3,1
163,308,7,3,3
163,582,8,3,2
163,288,9,3,3
163,3,10,3,3
163,154,11,3,4
163,361,12,3,1
163,483,13,3,3
163,107,14,3,2
163,518,15,3,3
163,266,16,3,1
163,599,17,3,4
163,493,18,3,3
163,261,19,3,1
163,449,20,3,4
164,306,1,3,1
164,511,2,3,1
164,546,3,3,1
164,8,4,3,3
164,2,5,3,2
164,248,6,3,3
164,148,7,3,3
164,163,8,3,3
164,485,9,3,0
164,428,10,3,3
164,133,11,3,3
164,257,12,3,2
164,65,13,3,0
164,6,14,3,1
164,591,15,3,1
164,160,16,3,0
164,153,17,3,3
164,75,18,3,0
164,385,19,3,0
164,68,20,3,3
165,42,1,1,2
165,202,2,1,2
165,592,3,1,2
165,231,4,1,1
165,396,5,1,1
165,59,6,1,4
165,401,7,1,1
165,476,8,1,1
165,15,9,1,0
165,359,10,1,4
165,13,11,1,3
165,549,12,1,4
165,491,13,1,1
165,122,14,1,2
165,421,15,1,1
165,226,16,1,1
165,311,17,1,1
165,315,18,1,0
165,376,19,1,1
165,186,20,1,1
166,36,1,1,1
166,494,2,1,4
166,274,3,1,4
166,261,4,1,1
166,21,5,1,1
166,356,6,1,1
166,271,7,1,1
166,334,8,1,4
166,132,9,1,2
166,409,10,1,4
166,211,11,1,1
166,81,12,1,1
166,191,13,1,1
166,536,14,1,1
166,285,15,1,0
166,396,16,1,1
166,531,17,1,1
166,306,18,1,1
166,565,19,1,0
166,535,20,1,0
167,375,1,4,0
167,514,2,4,4
167,100,3,4,0
167,251,4,4,1
167,319,5,4,4
167,364,6,4,4
167,254,7,4,4
167,94,8,4,4
167,187,9,4,2
167,19,10,4,4
167,269,11,4,4
167,236,12,4,1
167,444,13,4,4
167,229,14,4,4
167,504,15,4,4
167,379,16,4,4
167,79,17,4,4
167,376,18,4,1
167,297,19,4,2
167,228,20,4,3
168,531,1,1,1
168,358,2,1,3
168,48,3,1,3
168,216,4,1,1
168,415,5,1,0
168,56,6,1,1
168,478,7,1,3
168,10,8,1,0
168,546,9,1,1
168,247,10,1,2
168,261,11,1,1
168,5,12,1,0
168,272,13,1,2
168,198,14,1,3
168,466,15,1,1
168,36,16,1,1
168,161,17,1,1
168,315,18,1,0
168,366,19,1,1
168,58,20,1,3
169,301,1,0,1
169,235,2,0,0
169,585,3,0,0
169,430,4,0,0
169,278,5,0,3
169,506,6,0,1
169,224,7,0,4
169,230,8,0,0
169,190,9,0,0
169,328,10,0,3
169,454,11,0,4
169,270,12,0,0
169,349,13,0,4
169,227,14,0,2
169,211,15,0,1
169,309,16,0,4
169,432,17,0,2
169,370,18,0,0
169,35,19,0,0
169,392,20,0,2
170,254,1,4,4
170,115,2,4,0
170,334,3,4,4
170,101,4,4,1
170,64,5,4,4
170,570,6,4,0
170,582,7,4,2
170,301,8,4,1
170,204,9,4,4
170,114,10,4,4
170,294,11,4,4
170,74,12,4,4
170,380,13,4,0
170,474,14,4,4
170,344,15,4,4
170,316,16,4,1
170,394,17,4,4
170,562,18,4,2
170,172,19,4,2
170,20,20,4,0
171,361,1,1,1
171,590,2,1,0
171,202,3,1,2
171,131,4,1,1
171,425,5,1,0
171,596,6,1,1
171,201,7,1,1
171,381,8,1,1
171,244,9,1,4
171,432,10,1,2
171,121,11,1,1
171,46,12,1,1
171,536,13,1,1
171,421,14,1,1
171,32,15,1,2
171,221,16,1,1
171,82,17,1,2
171,250,18,1,0
171,593,19,1,3
171,571,20,1,1
172,407,1,3,2
172,338,2,3,3
172,263,3,3,3
172,198,4,3,3
172,238,5,3,3
172,38,6,3,3
172,210,7,3,0
172,481,8,3,1
172,388,9,3,3
172,392,10,3,2
172,340,11,3,0
172,136,12,3,1
172,158,13,3,3
172,563,14,3,3
172,65,15,3,0
172,408,16,3,3
172,16,17,3,1
172,255,18,3,0
172,300,19,3,0
172,573,20,3,3
173,209,1,3,4
173,451,2,3,1
173,362,3,3,2
173,443,4,3,3
173,418,5,3,3
173,190,6,3,0
173,485,7,3,0
173,448,8,3,3
173,287,9,3,2
173,168,10,3,3
173,393,11,3,3
173,593,12,3,3
173,399,13,3,4
173,449,14,3,4
173,475,15,3,0
173,317,16,3,2
173,532,17,3,2
173,357,18,3,2
173,490,19,3,0
173,223,20,3,3
174,72,1,3,2
174,378,2,3,3
174,428,3,3,3
174,163,4,3,3
174,543,5,3,3
174,433,6,3,3
174,275,7,3,0
174,580,8,3,0
174,338,9,3,3
174,297,10,3,2
174,41,11,3,1
174,229,12,3,4
174,423,13,3,3
174,463,14,3,3
174,387,15,3,2
174,328,16,3,3
174,358,17,3,3
174,424,18,3,4
174,426,19,3,1
174,533,20,3,3
175,33,1,3,3
175,472,2,3,2
175,218,3,3,3
175,118,4,3,3
175,358,5,3,3
175,190,6,3,0
175,578,7,3,3
175,148,8,3,3
175,337,9,3,2
175,3,10,3,3
175,493,11,3,3
175,164,12,3,4
175,582,13,3,2
175,571,14,3,1
175,459,15,3,4
175,463,16,3,3
175,340,17,3,0
175,378,18,3,3
175,423,19,3,3
175,17,20,3,2
176,43,1,0,3
176,430,2,0,0
176,287,3,0,2
176,2,4,0,2
176,586,5,0,1
176,200,6,0,0
176,330,7,0,0
176,533,8,0,3
176,15,9,0,0
176,0,10,0,0
176,228,11,0,3
176,315,12,0,0
176,145,13,0,0
176,590,14,0,0
176,271,15,0,1
176,580,16,0,0
176,30,17,0,0
176,65,18,0,0
176,585,19,0,0
176,485,20,0,0
177,75,1,4,0
177,62,2,4,2
177,578,3,4,3
177,589,4,4,4
177,139,5,4,4
177,229,6,4,4
177,533,7,4,3
177,444,8,4,4
177,306,9,4,1
177,84,10,4,4
177,514,11,4,4
177,396,12,4,1
177,51,13,4,1
177,119,14,4,4
177,556,15,4,1
177,134,16,4,4
177,259,17,4,4
177,222,18,4,2
177,195,19,4,0
177,175,20,4,0
178,485,1,0,0
178,124,2,0,4
178,453,3,0,3
178,379,4,0,4
178,316,5,0,1
178,161,6,0,1
178,475,7,0,0
178,398,8,0,3
178,476,9,0,1
178,595,10,0,0
178,572,11,0,2
178,275,12,0,0
178,445,13,0,0
178,180,14,0,0
178,130,15,0,0
178,107,16,0,2
178,135,17,0,0
178,68,18,0,3
178,502,19,0,2
178,424,20,0,4
179,239,1,2,4
179,229,2,2,4
179,342,3,2,2
179,162,4,2,2
179,537,5,2,2
179,351,6,2,1
179,37,7,2,2
179,384,8,2,4
179,87,9,2,2
179,341,10,2,1
179,318,11,2,3
179,391,12,2,1
179,574,13,2,4
179,152,14,2,2
179,407,15,2,2
179,413,16,2,3
179,27,17,2,2
179,137,18,2,2
179,483,19,2,3
179,202,20,2,2
180,488,1,3,3
180,335,2,3,0
180,82,3,3,2
180,406,4,3,1
180,253,5,3,3
180,438,6,3,3
180,427,7,3,2
180,441,8,3,1
180,345,9,3,0
180,203,10,3,3
180,599,11,3,4
180,186,12,3,1
180,58,13,3,3
180,428,14,3,3
180,93,15,3,3
180,458,16,3,3
180,511,17,3,1
180,360,18,3,0
180,434,19,3,4
180,139,20,3,4
181,261,1,1,1
181,301,2,1,1
181,195,3,1,0
181,2,4,1,2
181,40,5,1,0
181,156,6,1,1
181,155,7,1,0
181,326,8,1,1
181,583,9,1,3
181,321,10,1,1
181,441,11,1,1
181,413,12,1,3
181,116,13,1,1
181,389,14,1,4
181,241,15,1,1
181,213,16,1,3
181,552,17,1,2
181,215,18,1,0
181,68,19,1,3
181,11,20,1,1
182,23,1,1,3
182,307,2,1,2
182,488,3,1,3
182,428,4,1,3
182,206,5,1,1
182,588,6,1,3
182,2,7,1,2
182,103,8,1,3
182,41,9,1,1
182,224,10,1,4
182,165,11,1,0
182,373,12,1,3
182,241,13,1,1
182,363,14,1,3
182,361,15,1,1
182,326,16,1,1
182,116,17,1,1
182,414,18,1,4
182,395,19,1,0
182,471,20,1,1
183,508,1,3,3
183,278,2,3,3
183,321,3,3,1
183,473,4,3,3
183,513,5,3,3
183,118,6,3,3
183,468,7,3,3
183,375,8,3,0
183,528,9,3,3
183,173,10,3,3
183,223,11,3,3
183,360,12,3,0
183,288,13,3,3
183,423,14,3,3
183,342,15,3,2
183,363,16,3,3
183,593,17,3,3
183,308,18,3,3
183,218,19,3,3
183,493,20,3,3
184,214,1,4,4
184,431,2,4,1
184,559,3,4,4
184,394,4,4,4
184,52,5,4,2
184,516,6,4,1
184,444,7,4,4
184,551,8,4,1
184,340,9,4,0
184,79,10,4,4
184,70,11,4,0
184,479,12,4,4
184,235,13,4,0
184,549,14,4,4
184,94,15,4,4
184,368,16,4,3
184,426,17,4,1
184,14,18,4,4
184,454,19,4,4
184,144,20,4,4
185,187,1,3,2
185,275,2,3,0
185,28,3,3,3
185,242,4,3,2
185,318,5,3,3
185,473,6,3,3
185,371,7,3,1
185,237,8,3,2
185,272,9,3,2
185,396,10,3,1
185,287,11,3,2
185,522,12,3,2
185,103,13,3,3
185,168,14,3,3
185,233,15,3,3
185,76,16,3,1
185,196,17,3,1
185,583,18,3,3
185,43,19,3,3
185,528,20,3,3
186,157,1,0,2
186,326,2,0,1
186,78,3,0,3
186,230,4,0,0
186,20,5,0,0
186,170,6,0,0
186,31,7,0,1
186,94,8,0,4
186,345,9,0,0
186,425,10,0,0
186,320,11,0,0
186,525,12,0,0
186,540,13,0,0
186,285,14,0,0
186,292,15,0,2
186,187,16,0,2
186,570,17,0,0
186,203,18,0,3
186,76,19,0,1
186,291,20,0,1
187,322,1,2,2
187,227,2,2,2
187,470,3,2,0
187,328,4,2,3
187,329,5,2,4
187,72,6,2,2
187,573,7,2,3
187,47,8,2,2
187,555,9,2,0
187,492,10,2,2
187,255,11,2,0
187,210,12,2,0
187,473,13,2,3
187,37,14,2,2
187,547,15,2,2
187,503,16,2,3
187,178,17,2,3
187,567,18,2,2
187,87,19,2,2
187,213,20,2,3
188,458,1,2,3
188,7,2,2,2
188,152,3,2,2
188,118,4,2,3
188,308,5,2,3
188,122,6,2,2
188,357,7,2,2
188,127,8,2,2
188,345,9,2,0
188,502,10,2,2
188,527,11,2,2
188,277,12,2,2
188,62,13,2,2
188,325,14,2,0
188,576,15,2,1
188,352,16,2,2
188,192,17,2,2
188,57,18,2,2
188,442,19,2,2
188,394,20,2,4
189,492,1,2,2
189,6,2,2,1
189,133,3,2,3
189,52,4,2,2
189,427,5,2,2
189,92,6,2,2
189,260,7,2,0
189,187,8,2,2
189,527,9,2,2
189,392,10,2,2
189,28,11,2,3
189,80,12,2,0
189,251,13,2,1
189,292,14,2,2
189,214,15,2,4
189,282,16,2,2
189,143,17,2,3
189,222,18,2,2
189,549,19,2,4
189,385,20,2,0
190,488,1,3,3
190,358,2,3,3
190,549,3,3,4
190,545,4,3,0
190,213,5,3,3
190,158,6,3,3
190,254,7,3,4
190,302,8,3,2
190,288,9,3,3
190,164,10,3,4
190,277,11,3,2
190,176,12,3,1
190,462,13,3,2
190,473,14,3,3
190,313,15,3,3
190,233,16,3,3
190,107,17,3,2
190,330,18,3,0
190,468,19,3,3
190,12,20,3,2
191,509,1,4,4
191,350,2,4,0
191,219,3,4,4
191,328,4,4,3
191,363,5,4,3
191,419,6,4,4
191,114,7,4,4
191,301,8,4,1
191,308,9,4,3
191,374,10,4,4
191,267,11,4,2
191,404,12,4,4
191,439,13,4,4
191,442,14,4,2
191,319,15,4,4
191,429,16,4,4
191,523,17,4,3
191,35,18,4,0
191,12,19,4,2
191,579,20,4,4
192,76,1,0,1
192,31,2,0,1
192,200,3,0,0
192,566,4,0,1
192,178,5,0,3
192,3,6,0,3
192,492,7,0,2
192,230,8,0,0
192,318,9,0,3
192,131,10,0,1
192,388,11,0,3
192,585,12,0,0
192,330,13,0,0
192,304,14,0,4
192,530,15,0,0
192,160,16,0,0
192,575,17,0,0
192,401,18,0,1
192,65,19,0,0
192,182,20,0,2
193,508,1,3,3
193,220,2,3,0
193,227,3,3,2
193,333,4,3,3
193,569,5,3,4
193,11,6,3,1
193,155,7,3,0
193,390,8,3,0
193,97,9,3,2
193,588,10,3,3
193,380,11,3,0
193,5,12,3,0
193,542,13,3,2
193,474,14,3,4
193,88,15,3,3
193,543,16,3,3
193,586,17,3,1
193,45,18,3,0
193,17,19,3,2
193,215,20,3,0
194,536,1,1,1
194,343,2,1,3
194,485,3,1,0
194,445,4,1,0
194,359,5,1,4
194,248,6,1,3
194,401,7,1,1
194,537,8,1,2
194,436,9,1,1
194,176,10,1,1
194,505,11,1,0
194,461,12,1,1
194,598,13,1,3
194,192,14,1,2
194,38,15,1,3
194,241,16,1,1
194,411,17,1,1
194,306,18,1,1
194,466,19,1,1
194,591,20,1,1
195,342,1,0,2
195,132,2,0,2
195,190,3,0,0
195,17,4,0,2
195,420,5,0,0
195,315,6,0,0
195,37,7,0,2
195,230,8,0,0
195,195,9,0,0
195,23,10,0,3
195,569,11,0,4
195,0,12,0,0
195,223,13,0,3
195,490,14,0,0
195,421,15,0,1
195,69,16,0,4
195,297,17,0,2
195,415,18,0,0
195,548,19,0,3
195,150,20,0,0
196,582,1,0,2
196,595,2,0,0
196,560,3,0,0
196,315,4,0,0
196,297,5,0,2
196,577,6,0,2
196,158,7,0,3
196,280,8,0,0
196,500,9,0,0
196,545,10,0,0
196,220,11,0,0
196,103,12,0,3
196,400,13,0,0
196,379,14,0,4
196,240,15,0,0
196,597,16,0,2
196,13,17,0,3
196,510,18,0,0
196,270,19,0,0
196,305,20,0,0
197,399,1,2,4
197,261,2,2,1
197,257,3,2,2
197,117,4,2,2
197,497,5,2,2
197,255,6,2,0
197,27,7,2,2
197,323,8,2,3
197,306,9,2,1
197,385,10,2,0
197,223,11,2,3
197,332,12,2,2
197,517,13,2,2
197,467,14,2,2
197,462,15,2,2
197,262,16,2,2
197,277,17,2,2
197,107,18,2,2
197,163,19,2,3
197,142,20,2,2
198,545,1,0,0
198,236,2,0,1
198,160,3,0,0
198,274,4,0,4
198,470,5,0,0
198,493,6,0,3
198,508,7,0,3
198,513,8,0,3
198,324,9,0,4
198,485,10,0,0
198,489,11,0,4
198,55,12,0,0
198,349,13,0,4
198,441,14,0,1
198,171,15,0,1
198,385,16,0,0
198,304,17,0,4
198,263,18,0,3
198,540,19,0,0
198,250,20,0,0
199,586,1,1,1
199,133,2,1,3
199,51,3,1,1
199,523,4,1,3
199,121,5,1,1
199,31,6,1,1
199,423,7,1,3
199,120,8,1,0
199,506,9,1,1
199,301,10,1,1
199,416,11,1,1
199,176,12,1,1
199,256,13,1,1
199,55,14,1,0
199,571,15,1,1
199,226,16,1,1
199,414,17,1,4
199,456,18,1,1
199,410,19,1,0
199,578,20,1,3
200,150,1,1,0
200,331,2,1,1
200,290,3,1,0
200,566,4,1,1
200,386,5,1,1
200,202,6,1,2
200,467,7,1,2
200,132,8,1,2
200,481,9,1,1
200,395,10,1,0
200,191,11,1,1
200,116,12,1,1
200,411,13,1,1
200,79,14,1,4
200,421,15,1,1
200,17,16,1,2
200,272,17,1,2
200,352,18,1,2
200,211,19,1,1
200,582,20,1,2
201,128,1,1,3
201,431,2,1,1
201,361,3,1,1
201,303,4,1,3
201,327,5,1,2
201,347,6,1,2
201,290,7,1,0
201,526,8,1,1
201,359,9,1,4
201,171,10,1,1
201,161,11,1,1
201,63,12,1,3
201,201,13,1,1
201,503,14,1,3
201,156,15,1,1
201,41,16,1,1
201,421,17,1,1
201,166,18,1,1
201,196,19,1,1
201,444,20,1,4
202,198,1,3,3
202,73,2,3,3
202,18,3,3,3
202,568,4,3,3
202,325,5,3,0
202,157,6,3,2
202,353,7,3,3
202,388,8,3,3
202,216,9,3,1
202,417,10,3,2
202,36,11,3,1
202,467,12,3,2
202,583,13,3,3
202,163,14,3,3
202,26,15,3,1
202,110,16,3,0
202,10,17,3,0
202,20,18,3,0
202,50,19,3,0
202,425,20,3,0
203,111,1,1,1
203,30,2,1,0
203,591,3,1,1
203,373,4,1,3
203,575,5,1,0
203,540,6,1,0
203,571,7,1,1
203,523,8,1,3
203,396,9,1,1
203,84,10,1,4
203,305,11,1,0
203,587,12,1,2
203,531,13,1,1
203,215,14,1,0
203,246,15,1,1
203,216,16,1,1
203,181,17,1,1
203,371,18,1,1
203,496,19,1,1
203,566,20,1,1
204,372,1,1,2
204,150,2,1,0
204,396,3,1,1
204,101,4,1,1
204,128,5,1,3
204,171,6,1,1
204,411,7,1,1
204,41,8,1,1
204,100,9,1,0
204,216,10,1,1
204,371,11,1,1
204,541,12,1,1
204,182,13,1,2
204,357,14,1,2
204,176,15,1,1
204,136,16,1,1
204,334,17,1,4
204,307,18,1,2
204,247,19,1,2
204,559,20,1,4
205,540,1,0,0
205,466,2,0,1
205,95,3,0,0
205,314,4,0,4
205,265,5,0,0
205,305,6,0,0
205,7,7,0,2
205,502,8,0,2
205,539,9,0,4
205,90,10,0,0
205,238,11,0,3
205,425,12,0,0
205,575,13,0,0
205,380,14,0,0
205,508,15,0,3
205,50,16,0,0
205,25,17,0,0
205,536,18,0,1
205,487,19,0,2
205,414,20,0,4
206,570,1,0,0
206,325,2,0,0
206,503,3,0,3
206,285,4,0,0
206,335,5,0,0
206,215,6,0,0
206,138,7,0,3
206,15,8,0,0
206,537,9,0,2
206,351,10,0,1
206,465,11,0,0
206,488,12,0,3
206,0,13,0,0
206,144,14,0,4
206,579,15,0,4
206,405,16,0,0
206,80,17,0,0
206,165,18,0,0
206,430,19,0,0
206,420,20,0,0
207,503,1,4,3
207,103,2,4,3
207,329,3,4,4
207,125,4,4,0
207,192,5,4,2
207,559,6,4,4
207,247,7,4,2
207,50,8,4,0
207,519,9,4,4
207,274,10,4,4
207,295,11,4,0
207,415,12,4,0
207,354,13,4,4
207,339,14,4,4
207,219,15,4,4
207,587,16,4,2
207,259,17,4,4
207,429,18,4,4
207,1,19,4,1
207,504,20,4,4
208,247,1,2,2
208,5,2,2,0
208,320,3,2,0
208,587,4,2,2
208,559,5,2,4
208,102,6,2,2
208,145,7,2,0
208,254,8,2,4
208,77,9,2,2
208,137,10,2,2
208,368,11,2,3
208,292,12,2,2
208,75,13,2,0
208,491,14,2,1
208,347,15,2,2
208,46,16,2,1
208,269,17,2,4
208,592,18,2,2
208,127,19,2,2
208,591,20,2,1
209,107,1,2,2
209,226,2,2,1
209,423,3,2,3
209,343,4,2,3
209,419,5,2,4
209,349,6,2,4
209,177,7,2,2
209,76,8,2,1
209,200,9,2,0
209,567,10,2,2
209,437,11,2,2
209,448,12,2,3
209,503,13,2,3
209,562,14,2,2
209,16,15,2,1
209,435,16,2,0
209,362,17,2,2
209,156,18,2,1
209,237,19,2,2
209,360,20,2,0
210,496,1,1,1
210,531,2,1,1
210,56,3,1,1
210,193,4,1,3
210,344,5,1,4
210,155,6,1,0
210,123,7,1,3
210,311,8,1,1
210,306,9,1,1
210,26,10,1,1
210,461,11,1,1
210,152,12,1,2
210,373,13,1,3
210,201,14,1,1
210,361,15,1,1
210,583,16,1,3
210,170,17,1,0
210,331,18,1,1
210,169,19,1,4
210,350,20,1,0
211,236,1,4,1
211,454,2,4,4
211,20,3,4,0
211,154,4,4,4
211,239,5,4,4
211,45,6,4,0
211,249,7,4,4
211,224,8,4,4
211,306,9,4,1
211,536,10,4,1
211,414,11,4,4
211,355,12,4,0
211,375,13,4,0
211,324,14,4,4
211,374,15,4,4
211,484,16,4,4
211,579,17,4,4
211,344,18,4,4
211,235,19,4,0
211,558,20,4,3
212,511,1,4,1
212,356,2,4,1
212,344,3,4,4
212,258,4,4,3
212,39,5,4,4
212,143,6,4,3
212,470,7,4,0
212,197,8,4,2
212,249,9,4,4
212,488,10,4,3
212,180,11,4,0
212,383,12,4,3
212,401,13,4,1
212,364,14,4,4
212,187,15,4,2
212,239,16,4,4
212,584,17,4,4
212,201,18,4,1
212,223,19,4,3
212,577,20,4,2
213,100,1,0,0
213,500,2,0,0
213,234,3,0,4
213,310,4,0,0
213,30,5,0,0
213,35,6,0,0
213,437,7,0,2
213,400,8,0,0
213,555,9,0,0
213,565,10,0,0
213,235,11,0,0
213,595,12,0,0
213,81,13,0,1
213,91,14,0,1
213,65,15,0,0
213,43,16,0,3
213,217,17,0,2
213,574,18,0,4
213,222,19,0,2
213,535,20,0,0
214,63,1,3,3
214,356,2,3,1
214,555,3,3,0
214,160,4,3,0
214,548,5,3,3
214,209,6,3,4
214,584,7,3,4
214,193,8,3,3
214,283,9,3,3
214,448,10,3,3
214,293,11,3,3
214,93,12,3,3
214,253,13,3,3
214,236,14,3,1
214,100,15,3,0
214,303,16,3,3
214,241,17,3,1
214,223,18,3,3
214,438,19,3,3
214,436,20,3,1
215,421,1,1,1
215,184,2,1,4
215,521,3,1,1
215,71,4,1,1
215,236,5,1,1
215,536,6,1,1
215,327,7,1,2
215,415,8,1,0
215,182,9,1,2
215,400,10,1,0
215,221,11,1,1
215,131,12,1,1
215,189,13,1,4
215,121,14,1,1
215,551,15,1,1
215,277,16,1,2
215,256,17,1,1
215,581,18,1,1
215,17,19,1,2
215,451,20,1,1
216,339,1,1,4
216,541,2,1,1
216,306,3,1,1
216,376,4,1,1
216,211,5,1,1
216,529,6,1,4
216,66,7,1,1
216,498,8,1,3
216,119,9,1,4
216,97,10,1,2
216,496,11,1,1
216,30,12,1,0
216,411,13,1,1
216,240,14,1,0
216,126,15,1,1
216,440,16,1,0
216,401,17,1,1
216,13,18,1,3
216,484,19,1,4
216,84,20,1,4
217,102,1,0,2
217,186,2,0,1
217,200,3,0,0
217,433,4,0,3
217,345,5,0,0
217,588,6,0,3
217,453,7,0,3
217,245,8,0,0
217,242,9,0,2
217,500,10,0,0
217,253,11,0,3
217,339,12,0,4
217,380,13,0,0
217,122,14,0,2
217,64,15,0,4
217,252,16,0,2
217,230,17,0,0
217,296,18,0,1
217,328,19,0,3
217,70,20,0,0
218,495,1,4,0
218,529,2,4,4
218,354,3,4,4
218,478,4,4,3
218,497,5,4,2
218,429,6,4,4
218,589,7,4,4
218,454,8,4,4
218,114,9,4,4
218,177,10,4,2
218,300,11,4,0
218,409,12,4,4
218,559,13,4,4
218,500,14,4,0
218,54,15,4,4
218,566,16,4,1
218,303,17,4,3
218,383,18,4,3
218,102,19,4,2
218,412,20,4,2
219,479,1,4,4
219,66,2,4,1
219,470,3,4,0
219,564,4,4,4
219,253,5,4,3
219,529,6,4,4
219,388,7,4,3
219,355,8,4,0
219,184,9,4,4
219,473,10,4,3
219,14,11,4,4
219,249,12,4,4
219,519,13,4,4
219,194,14,4,4
219,409,15,4,4
219,260,16,4,0
219,4,17,4,4
219,15,18,4,0
219,459,19,4,4
219,104,20,4,4
220,327,1,1,2
220,312,2,1,2
220,481,3,1,1
220,268,4,1,3
220,301,5,1,1
220,269,6,1,4
220,104,7,1,4
220,391,8,1,1
220,249,9,1,4
220,167,10,1,2
220,476,11,1,1
220,11,12,1,1
220,486,13,1,1
220,496,14,1,1
220,15,15,1,0
220,233,16,1,3
220,138,17,1,3
220,169,18,1,4
220,506,19,1,1
220,216,20,1,1
221,342,1,4,2
221,334,2,4,4
221,237,3,4,2
221,359,4,4,4
221,96,5,4,1
221,549,6,4,4
221,169,7,4,4
221,576,8,4,1
221,467,9,4,2
221,98,10,4,3
221,11,11,4,1
221,409,12,4,4
221,300,13,4,0
221,318,14,4,3
221,144,15,4,4
221,516,16,4,1
221,4,17,4,4
221,174,18,4,4
221,316,19,4,1
221,569,20,4,4
222,385,1,0,0
222,117,2,0,2
222,205,3,0,0
222,158,4,0,3
222,446,5,0,1
222,21,6,0,1
222,584,7,0,4
222,137,8,0,2
222,301,9,0,1
222,448,10,0,3
222,187,11,0,2
222,4,12,0,4
222,415,13,0,0
222,558,14,0,3
222,442,15,0,2
222,109,16,0,4
222,330,17,0,0
222,65,18,0,0
222,153,19,0,3
222,568,20,0,3
223,538,1,3,3
223,482,2,3,2
223,218,3,3,3
223,156,4,3,1
223,566,5,3,1
223,148,6,3,3
223,248,7,3,3
223,377,8,3,2
223,350,9,3,0
223,13,10,3,3
223,477,11,3,2
223,570,12,3,0
223,417,13,3,2
223,93,14,3,3
223,314,15,3,4
223,273,16,3,3
223,373,17,3,3
223,221,18,3,1
223,240,19,3,0
223,520,20,3,0
224,439,1,4,4
224,247,2,4,2
224,396,3,4,1
224,252,4,4,2
224,322,5,4,2
224,43,6,4,3
224,30,7,4,0
224,94,8,4,4
224,464,9,4,4
224,98,10,4,3
224,256,11,4,1
224,134,12,4,4
224,179,13,4,4
224,386,14,4,1
224,156,15,4,1
224,389,16,4,4
224,398,17,4,3
224,448,18,4,3
224,594,19,4,4
224,46,20,4,1
225,8,1,3,3
225,29,2,3,4
225,192,3,3,2
225,305,4,3,0
225,171,5,3,1
225,3,6,3,3
225,323,7,3,3
225,247,8,3,2
225,156,9,3,1
225,34,10,3,4
225,193,11,3,3
225,593,12,3,3
225,235,13,3,0
225,64,14,3,4
225,310,15,3,0
225,182,16,3,2
225,518,17,3,3
225,288,18,3,3
225,383,19,3,3
225,543,20,3,3
226,437,1,2,2
226,592,2,2,2
226,162,3,2,2
226,108,4,2,3
226,553,5,2,3
226,393,6,2,3
226,40,7,2,0
226,273,8,2,3
226,337,9,2,2
226,532,10,2,2
226,595,11,2,0
226,357,12,2,2
226,112,13,2,2
226,45,14,2,0
226,294,15,2,4
226,255,16,2,0
226,209,17,2,4
226,77,18,2,2
226,167,19,2,2
226,412,20,2,2
227,287,1,3,2
227,68,2,3,3
227,495,3,3,0
227,196,4,3,1
227,7,5,3,2
227,89,6,3,4
227,21,7,3,1
227,206,8,3,1
227,303,9,3,3
227,98,10,3,3
227,293,11,3,3
227,23,12,3,3
227,329,13,3,4
227,166,14,3,1
227,215,15,3,0
227,18,16,3,3
227,253,17,3,3
227,78,18,3,3
227,475,19,3,0
227,126,20,3,1
228,288,1,3,3
228,164,2,3,4
228,323,3,3,3
228,296,4,3,1
228,75,5,3,0
228,458,6,3,3
228,555,7,3,0
228,471,8,3,1
228,215,9,3,0
228,450,10,3,0
228,318,11,3,3
228,437,12,3,2
228,383,13,3,3
228,593,14,3,3
228,201,15,3,1
228,133,16,3,3
228,5,17,3,0
228,218,18,3,3
228,228,19,3,3
228,303,20,3,3
229,411,1,1,1
229,398,2,1,3
229,161,3,1,1
229,99,4,1,4
229,61,5,1,1
229,338,6,1,3
229,579,7,1,4
229,496,8,1,1
229,141,9,1,1
229,247,10,1,2
229,356,11,1,1
229,81,12,1,1
229,238,13,1,3
229,472,14,1,2
229,46,15,1,1
229,251,16,1,1
229,591,17,1,1
229,235,18,1,0
229,478,19,1,3
229,116,20,1,1
230,128,1,3,3
230,447,2,3,2
230,369,3,3,4
230,531,4,3,1
230,82,5,3,2
230,336,6,3,1
230,168,7,3,3
230,77,8,3,2
230,470,9,3,0
230,436,10,3,1
230,245,11,3,0
230,492,12,3,2
230,198,13,3,3
230,287,14,3,2
230,395,15,3,0
230,360,16,3,0
230,138,17,3,3
230,513,18,3,3
230,107,19,3,2
230,355,20,3,0
231,234,1,4,4
231,434,2,4,4
231,384,3,4,4
231,444,4,4,4
231,240,5,4,0
231,54,6,4,4
231,539,7,4,4
231,389,8,4,4
231,525,9,4,0
231,108,10,4,3
231,341,11,4,1
231,529,12,4,4
231,334,13,4,4
231,39,14,4,4
231,230,15,4,0
231,570,16,4,0
231,104,17,4,4
231,439,18,4,4
231,574,19,4,4
231,49,20,4,4
232,283,1,2,3
232,528,2,2,3
232,465,3,2,0
232,110,4,2,0
232,329,5,2,4
232,40,6,2,0
232,512,7,2,2
232,573,8,2,3
232,152,9,2,2
232,232,10,2,2
232,123,11,2,3
232,357,12,2,2
232,127,13,2,2
232,388,14,2,3
232,53,15,2,3
232,327,16,2,2
232,9,17,2,4
232,524,18,2,4
232,12,19,2,2
232,242,20,2,2
233,112,1,1,2
233,466,2,1,1
233,470,3,1,0
233,451,4,1,1
233,271,5,1,1
233,206,6,1,1
233,71,7,1,1
233,243,8,1,3
233,567,9,1,2
233,541,10,1,1
233,358,11,1,3
233,146,12,1,1
233,105,13,1,0
233,191,14,1,1
233,181,15,1,1
233,490,16,1,0
233,21,17,1,1
233,142,18,1,2
233,423,19,1,3
233,236,20,1,1
234,168,1,0,3
234,10,2,0,0
234,260,3,0,0
234,280,4,0,0
234,447,5,0,2
234,485,6,0,0
234,576,7,0,1
234,205,8,0,0
234,210,9,0,0
234,263,10,0,3
234,130,11,0,0
234,84,12,0,4
234,575,13,0,0
234,69,14,0,4
234,81,15,0,1
234,226,16,0,1
234,448,17,0,3
234,560,18,0,0
234,3,19,0,3
234,365,20,0,0
235,403,1,3,3
235,284,2,3,4
235,33,3,3,3
235,225,4,3,0
235,371,5,3,1
235,303,6,3,3
235,497,7,3,2
235,221,8,3,1
235,223,9,3,3
235,423,10,3,3
235,519,11,3,4
235,233,12,3,3
235,548,13,3,3
235,320,14,3,0
235,192,15,3,2
235,2,16,3,2
235,100,17,3,0
235,390,18,3,0
235,147,19,3,2
235,334,20,3,4
236,5,1,1,0
236,231,2,1,1
236,256,3,1,1
236,18,4,1,3
236,16,5,1,1
236,385,6,1,0
236,107,7,1,2
236,448,8,1,3
236,218,9,1,3
236,560,10,1,0
236,292,11,1,2
236,586,12,1,1
236,501,13,1,1
236,167,14,1,2
236,523,15,1,3
236,583,16,1,3
236,528,17,1,3
236,84,18,1,4
236,146,19,1,1
236,277,20,1,2
237,48,1,3,3
237,540,2,3,0
237,203,3,3,3
237,433,4,3,3
237,13,5,3,3
237,550,6,3,0
237,427,7,3,2
237,183,8,3,3
237,496,9,3,1
237,173,10,3,3
237,238,11,3,3
237,596,12,3,1
237,457,13,3,2
237,292,14,3,2
237,314,15,3,4
237,533,16,3,3
237,278,17,3,3
237,337,18,3,2
237,489,19,3,4
237,545,20,3,0
238,285,1,0,0
238,380,2,0,0
238,550,3,0,0
238,215,4,0,0
238,391,5,0,1
238,356,6,0,1
238,19,7,0,4
238,595,8,0,0
238,513,9,0,3
238,207,10,0,2
238,115,11,0,0
238,129,12,0,4
238,500,13,0,0
238,360,14,0,0
238,470,15,0,0
238,405,16,0,0
238,471,17,0,1
238,400,18,0,0
238,191,19,0,1
238,555,20,0,0
239,254,1,4,4
239,121,2,4,1
239,189,3,4,4
239,313,4,4,3
239,493,5,4,3
239,429,6,4,4
239,269,7,4,4
239,359,8,4,4
239,278,9,4,3
239,79,10,4,4
239,439,11,4,4
239,334,12,4,4
239,438,13,4,3
239,134,14,4,4
239,324,15,4,4
239,583,16,4,3
239,398,17,4,3
239,234,18,4,4
239,316,19,4,1
239,289,20,4,4
240,168,1,1,3
240,251,2,1,1
240,136,3,1,1
240,405,4,1,0
240,351,5,1,1
240,440,6,1,0
240,366,7,1,1
240,189,8,1,4
240,56,9,1,1
240,29,10,1,4
240,296,11,1,1
240,575,12,1,0
240,416,13,1,1
240,389,14,1,4
240,153,15,1,3
240,566,16,1,1
240,261,17,1,1
240,15,18,1,0
240,86,19,1,1
240,375,20,1,0
241,598,1,3,3
241,368,2,3,3
241,103,3,3,3
241,294,4,3,4
241,74,5,3,4
241,96,6,3,1
241,98,7,3,3
241,64,8,3,4
241,182,9,3,2
241,138,10,3,3
241,348,11,3,3
241,244,12,3,4
241,238,13,3,3
241,408,14,3,3
241,542,15,3,2
241,14,16,3,4
241,407,17,3,2
241,195,18,3,0
241,293,19,3,3
241,519,20,3,4
242,145,1,0,0
242,338,2,0,3
242,227,3,0,2
242,16,4,0,1
242,445,5,0,0
242,86,6,0,1
242,96,7,0,1
242,290,8,0,0
242,375,9,0,0
242,175,10,0,0
242,505,11,0,0
242,267,12,0,2
242,299,13,0,4
242,565,14,0,0
242,575,15,0,0
242,310,16,0,0
242,155,17,0,0
242,210,18,0,0
242,75,19,0,0
242,249,20,0,4
243,498,1,2,3
243,545,2,2,0
243,39,3,2,4
243,177,4,2,2
243,374,5,2,4
243,233,6,2,3
243,224,7,2,4
243,152,8,2,2
243,296,9,2,1
243,409,10,2,4
243,17,11,2,2
243,357,12,2,2
243,472,13,2,2
243,577,14,2,2
243,142,15,2,2
243,69,16,2,4
243,217,17,2,2
243,182,18,2,2
243,282,19,2,2
243,475,20,2,0
244,28,1,3,3
244,553,2,3,3
244,569,3,3,4
244,544,4,3,4
244,428,5,3,3
244,90,6,3,0
244,510,7,3,0
244,286,8,3,1
244,282,9,3,2
244,373,10,3,3
244,595,11,3,0
244,523,12,3,3
244,38,13,3,3
244,453,14,3,3
244,555,15,3,0
244,108,16,3,3
244,512,17,3,2
244,360,18,3,0
244,188,19,3,3
244,513,20,3,3
245,203,1,1,3
245,531,2,1,1
245,471,3,1,1
245,341,4,1,1
245,391,5,1,1
245,278,6,1,3
245,6,7,1,1
245,221,8,1,1
245,385,9,1,0
245,564,10,1,4
245,101,11,1,1
245,146,12,1,1
245,151,13,1,1
245,136,14,1,1
245,556,15,1,1
245,560,16,1,0
245,506,17,1,1
245,56,18,1,1
245,336,19,1,1
245,205,20,1,0
246,498,1,4,3
246,348,2,4,3
246,502,3,4,2
246,500,4,4,0
246,33,5,4,3
246,466,6,4,1
246,120,7,4,0
246,394,8,4,4
246,419,9,4,4
246,14,10,4,4
246,436,11,4,1
246,209,12,4,4
246,329,13,4,4
246,239,14,4,4
246,304,15,4,4
246,379,16,4,4
246,4,17,4,4
246,188,18,4,3
246,253,19,4,3
246,346,20,4,1
247,461,1,1,1
247,556,2,1,1
247,277,3,1,2
247,458,4,1,3
247,343,5,1,3
247,130,6,1,0
247,581,7,1,1
247,308,8,1,3
247,104,9,1,4
247,531,10,1,1
247,50,11,1,0
247,489,12,1,4
247,102,13,1,2
247,294,14,1,4
247,417,15,1,2
247,286,16,1,1
247,598,17,1,3
247,421,18,1,1
247,201,19,1,1
247,251,20,1,1
248,395,1,0,0
248,293,2,0,3
248,205,3,0,0
248,398,4,0,3
248,575,5,0,0
248,277,6,0,2
248,315,7,0,0
248,400,8,0,0
248,335,9,0,0
248,515,10,0,0
248,365,11,0,0
248,425,12,0,0
248,146,13,0,1
248,440,14,0,0
248,240,15,0,0
248,213,16,0,3
248,75,17,0,0
248,420,18,0,0
248,470,19,0,0
248,386,20,0,1
249,427,1,3,2
249,565,2,3,0
249,453,3,3,3
249,311,4,3,1
249,150,5,3,0
249,316,6,3,1
249,333,7,3,3
249,208,8,3,3
249,338,9,3,3
249,325,10,3,0
249,463,11,3,3
249,107,12,3,2
249,169,13,3,4
249,352,14,3,2
249,168,15,3,3
249,423,16,3,3
249,178,17,3,3
249,273,18,3,3
249,148,19,3,3
249,568,20,3,3
250,135,1,3,0
250,58,2,3,3
250,121,3,3,1
250,49,4,3,4
250,12,5,3,2
250,152,6,3,2
250,432,7,3,2
250,453,8,3,3
250,328,9,3,3
250,383,10,3,3
250,373,11,3,3
250,579,12,3,4
250,214,13,3,4
250,599,14,3,4
250,448,15,3,3
250,218,16,3,3
250,403,17,3,3
250,333,18,3,3
250,585,19,3,0
250,193,20,3,3
251,375,1,3,0
251,559,2,3,4
251,378,3,3,3
251,43,4,3,3
251,128,5,3,3
251,383,6,3,3
251,262,7,3,2
251,348,8,3,3
251,354,9,3,4
251,586,10,3,1
251,150,11,3,0
251,531,12,3,1
251,484,13,3,4
251,105,14,3,0
251,112,15,3,2
251,433,16,3,3
251,217,17,3,2
251,343,18,3,3
251,414,19,3,4
251,123,20,3,3
252,514,1,4,4
252,404,2,4,4
252,69,3,4,4
252,573,4,4,3
252,297,5,4,2
252,424,6,4,4
252,419,7,4,4
252,89,8,4,4
252,265,9,4,0
252,315,10,4,0
252,165,11,4,0
252,142,12,4,2
252,592,13,4,2
252,214,14,4,4
252,314,15,4,4
252,359,16,4,4
252,552,17,4,2
252,550,18,4,0
252,54,19,4,4
252,578,20,4,3
253,427,1,2,2
253,409,2,2,4
253,487,3,2,2
253,45,4,2,0
253,251,5,2,1
253,87,6,2,2
253,72,7,2,2
253,32,8,2,2
253,43,9,2,3
253,499,10,2,4
253,392,11,2,2
253,37,12,2,2
253,491,13,2,1
253,147,14,2,2
253,332,15,2,2
253,379,16,2,4
253,333,17,2,3
253,431,18,2,1
253,134,19,2,4
253,375,20,2,0
254,30,1,0,0
254,565,2,0,0
254,235,3,0,0
254,261,4,0,1
254,109,5,0,4
254,303,6,0,3
254,219,7,0,4
254,206,8,0,1
254,379,9,0,4
254,588,10,0,3
254,413,11,0,3
254,140,12,0,0
254,115,13,0,0
254,315,14,0,0
254,435,15,0,0
254,316,16,0,1
254,415,17,0,0
254,45,18,0,0
254,5,19,0,0
254,324,20,0,4
255,300,1,2,0
255,537,2,2,2
255,342,3,2,2
255,517,4,2,2
255,87,5,2,2
255,434,6,2,4
255,297,7,2,2
255,472,8,2,2
255,14,9,2,4
255,485,10,2,0
255,192,11,2,2
255,397,12,2,2
255,177,13,2,2
255,387,14,2,2
255,367,15,2,2
255,60,16,2,0
255,257,17,2,2
255,569,18,2,4
255,138,19,2,3
255,581,20,2,1
256,420,1,1,0
256,216,2,1,1
256,157,3,1,2
256,65,4,1,0
256,354,5,1,4
256,521,6,1,1
256,501,7,1,1
256,444,8,1,4
256,320,9,1,0
256,553,10,1,3
256,596,11,1,1
256,242,12,1,2
256,241,13,1,1
256,456,14,1,1
256,579,15,1,4
256,556,16,1,1
256,16,17,1,1
256,340,18,1,0
256,166,19,1,1
256,46,20,1,1
257,168,1,3,3
257,254,2,3,4
257,587,3,3,2
257,93,4,3,3
257,77,5,3,2
257,488,6,3,3
257,34,7,3,4
257,243,8,3,3
257,368,9,3,3
257,68,10,3,3
257,38,11,3,3
257,453,12,3,3
257,229,13,3,4
257,278,14,3,3
257,183,15,3,3
257,473,16,3,3
257,442,17,3,2
257,554,18,3,4
257,133,19,3,3
257,329,20,3,4
258,353,1,1,3
258,306,2,1,1
258,563,3,1,3
258,596,4,1,1
258,481,5,1,1
258,14,6,1,4
258,178,7,1,3
258,346,8,1,1
258,226,9,1,1
258,372,10,1,2
258,396,11,1,1
258,230,12,1,0
258,143,13,1,3
258,46,14,1,1
258,106,15,1,1
258,107,16,1,2
258,362,17,1,2
258,363,18,1,3
258,150,19,1,0
258,221,20,1,1
259,390,1,0,0
259,150,2,0,0
259,440,3,0,0
259,445,4,0,0
259,431,5,0,1
259,325,6,0,0
259,529,7,0,4
259,175,8,0,0
259,465,9,0,0
259,270,10,0,0
259,45,11,0,0
259,261,12,0,1
259,317,13,0,2
259,50,14,0,0
259,415,15,0,0
259,21,16,0,1
259,223,17,0,3
259,314,18,0,4
259,145,19,0,0
259,449,20,0,4
260,173,1,4,3
260,414,2,4,4
260,243,3,4,3
260,143,4,4,3
260,129,5,4,4
260,271,6,4,1
260,29,7,4,4
260,134,8,4,4
260,196,9,4,1
260,542,10,4,2
260,21,11,4,1
260,114,12,4,4
260,439,13,4,4
260,34,14,4,4
260,74,15,4,4
260,521,16,4,1
260,10,17,4,0
260,466,18,4,1
260,364,19,4,4
260,28,20,4,3
261,510,1,3,0
261,509,2,3,4
261,477,3,3,2
261,5,4,3,0
261,28,5,3,3
261,298,6,3,3
261,273,7,3,3
261,268,8,3,3
261,308,9,3,3
261,578,10,3,3
261,283,11,3,3
261,427,12,3,2
261,134,13,3,4
261,358,14,3,3
261,426,15,3,1
261,111,16,3,1
261,546,17,3,1
261,128,18,3,3
261,103,19,3,3
261,232,20,3,2
262,99,1,2,4
262,105,2,2,0
262,472,3,2,2
262,393,4,2,3
262,122,5,2,2
262,497,6,2,2
262,215,7,2,0
262,34,8,2,4
262,27,9,2,2
262,300,10,2,0
262,555,11,2,0
262,214,12,2,4
262,0,13,2,0
262,149,14,2,4
262,517,15,2,2
262,36,16,2,1
262,492,17,2,2
262,92,18,2,2
262,253,19,2,3
262,554,20,2,4
263,515,1,0,0
263,135,2,0,0
263,551,3,0,1
263,359,4,0,4
263,415,5,0,0
263,533,6,0,3
263,495,7,0,0
263,537,8,0,2
263,426,9,0,1
263,476,10,0,1
263,300,11,0,0
263,471,12,0,1
263,425,13,0,0
263,64,14,0,4
263,380,15,0,0
263,120,16,0,0
263,190,17,0,0
263,327,18,0,2
263,325,19,0,0
263,392,20,0,2
264,185,1,0,0
264,170,2,0,0
264,20,3,0,0
264,121,4,0,1
264,299,5,0,4
264,45,6,0,0
264,525,7,0,0
264,305,8,0,0
264,475,9,0,0
264,136,10,0,1
264,460,11,0,0
264,174,12,0,4
264,470,13,0,0
264,422,14,0,2
264,540,15,0,0
264,407,16,0,2
264,343,17,0,3
264,162,18,0,2
264,397,19,0,2
264,490,20,0,0
265,9,1,4,4
265,276,2,4,1
265,203,3,4,3
265,64,4,4,4
265,270,5,4,0
265,6,6,4,1
265,373,7,4,3
265,86,8,4,1
265,504,9,4,4
265,434,10,4,4
265,57,11,4,2
265,385,12,4,0
265,67,13,4,2
265,319,14,4,4
265,426,15,4,1
265,109,16,4,4
265,202,17,4,2
265,591,18,4,1
265,586,19,4,1
265,224,20,4,4
266,98,1,2,3
266,287,2,2,2
266,83,3,2,3
266,207,4,2,2
266,175,5,2,0
266,267,6,2,2
266,192,7,2,2
266,432,8,2,2
266,185,9,2,0
266,22,10,2,2
266,587,11,2,2
266,237,12,2,2
266,93,13,2,3
266,122,14,2,2
266,427,15,2,2
266,212,16,2,2
266,182,17,2,2
266,223,18,2,3
266,107,19,2,2
266,222,20,2,2
267,79,1,4,4
267,98,2,4,3
267,199,3,4,4
267,129,4,4,4
267,599,5,4,4
267,451,6,4,1
267,529,7,4,4
267,565,8,4,0
267,394,9,4,4
267,555,10,4,0
267,390,11,4,0
267,314,12,4,4
267,67,13,4,2
267,346,14,4,1
267,539,15,4,4
267,374,16,4,4
267,9,17,4,4
267,322,18,4,2
267,435,19,4,0
267,299,20,4,4
268,102,1,2,2
268,42,2,2,2
268,237,3,2,2
268,487,4,2,2
268,530,5,2,0
268,187,6,2,2
268,543,7,2,3
268,232,8,2,2
268,554,9,2,4
268,480,10,2,0
268,132,11,2,2
268,314,12,2,4
268,342,13,2,2
268,576,14,2,1
268,333,15,2,3
268,582,16,2,2
268,442,17,2,2
268,447,18,2,2
268,62,19,2,2
268,290,20,2,0
269,223,1,2,3
269,139,2,2,4
269,562,3,2,2
269,582,4,2,2
269,216,5,2,1
269,517,6,2,2
269,171,7,2,1
269,567,8,2,2
269,462,9,2,2
269,396,10,2,1
269,177,11,2,2
269,521,12,2,1
269,391,13,2,1
269,584,14,2,4
269,483,15,2,3
269,380,16,2,0
269,82,17,2,2
269,22,18,2,2
269,196,19,2,1
269,508,20,2,3
270,507,1,2,2
270,311,2,2,1
270,495,3,2,0
270,333,4,2,3
270,192,5,2,2
270,570,6,2,0
270,27,7,2,2
270,73,8,2,3
270,290,9,2,0
270,217,10,2,2
270,527,11,2,2
270,229,12,2,4
270,408,13,2,3
270,7,14,2,2
270,63,15,2,3
270,181,16,2,1
270,126,17,2,1
270,4,18,2,4
270,442,19,2,2
270,82,20,2,2
271,536,1,1,1
271,191,2,1,1
271,336,3,1,1
271,531,4,1,1
271,86,5,1,1
271,301,6,1,1
271,496,7,1,1
271,161,8,1,1
271,64,9,1,4
271,446,10,1,1
271,52,11,1,2
271,112,12,1,2
271,391,13,1,1
271,542,14,1,2
271,225,15,1,0
271,411,16,1,1
271,571,17,1,1
271,322,18,1,2
271,131,19,1,1
271,439,20,1,4
272,391,1,4,1
272,215,2,4,0
272,378,3,4,3
272,254,4,4,4
272,5,5,4,0
272,409,6,4,4
272,284,7,4,4
272,485,8,4,0
272,59,9,4,4
272,308,10,4,3
272,154,11,4,4
272,421,12,4,1
272,184,13,4,4
272,341,14,4,1
272,554,15,4,4
272,462,16,4,2
272,72,17,4,2
272,0,18,4,0
272,124,19,4,4
272,294,20,4,4
273,317,1,2,2
273,179,2,2,4
273,232,3,2,2
273,187,4,2,2
273,472,5,2,2
273,202,6,2,2
273,22,7,2,2
273,457,8,2,2
273,165,9,2,0
273,149,10,2,4
273,142,11,2,2
273,27,12,2,2
273,492,13,2,2
273,241,14,2,1
273,468,15,2,3
273,201,16,2,1
273,2,17,2,2
273,217,18,2,2
273,216,19,2,1
273,107,20,2,2
274,418,1,3,3
274,511,2,3,1
274,174,3,3,4
274,180,4,3,0
274,590,5,3,0
274,447,6,3,2
274,213,7,3,3
274,146,8,3,1
274,28,9,3,3
274,282,10,3,2
274,579,11,3,4
274,133,12,3,3
274,473,13,3,3
274,254,14,3,4
274,363,15,3,3
274,283,16,3,3
274,39,17,3,4
274,113,18,3,3
274,503,19,3,3
274,80,20,3,0
275,590,1,0,0
275,291,2,0,1
275,329,3,0,4
275,35,4,0,0
275,73,5,0,3
275,442,6,0,2
275,506,7,0,1
275,420,8,0,0
275,365,9,0,0
275,78,10,0,3
275,207,11,0,2
275,399,12,0,4
275,361,13,0,1
275,343,14,0,3
275,349,15,0,4
275,304,16,0,4
275,254,17,0,4
275,15,18,0,0
275,145,19,0,0
275,520,20,0,0
276,131,1,2,1
276,507,2,2,2
276,232,3,2,2
276,222,4,2,2
276,2,5,2,2
276,347,6,2,2
276,532,7,2,2
276,112,8,2,2
276,558,9,2,3
276,142,10,2,2
276,557,11,2,2
276,186,12,2,1
276,116,13,2,1
276,362,14,2,2
276,11,15,2,1
276,585,16,2,0
276,332,17,2,2
276,4,18,2,4
276,462,19,2,2
276,429,20,2,4
277,131,1,1,1
277,66,2,1,1
277,406,3,1,1
277,395,4,1,0
277,291,5,1,1
277,475,6,1,0
277,407,7,1,2
277,116,8,1,1
277,404,9,1,4
277,324,10,1,4
277,435,11,1,0
277,141,12,1,1
277,298,13,1,3
277,146,14,1,1
277,11,15,1,1
277,426,16,1,1
277,493,17,1,3
277,261,18,1,1
277,591,19,1,1
277,46,20,1,1
278,351,1,3,1
278,483,2,3,3
278,468,3,3,3
278,86,4,3,1
278,341,5,3,1
278,409,6,3,4
278,116,7,3,1
278,560,8,3,0
278,33,9,3,3
278,540,10,3,0
278,126,11,3,1
278,263,12,3,3
278,120,13,3,0
278,557,14,3,2
278,303,15,3,3
278,388,16,3,3
278,361,17,3,1
278,346,18,3,1
278,92,19,3,2
278,238,20,3,3
279,103,1,3,3
279,376,2,3,1
279,367,3,3,2
279,178,4,3,3
279,297,5,3,2
279,158,6,3,3
279,551,7,3,1
279,253,8,3,3
279,113,9,3,3
279,369,10,3,4
279,138,11,3,3
279,3,12,3,3
279,189,13,3,4
279,255,14,3,0
279,67,15,3,2
279,471,16,3,1
279,598,17,3,3
279,548,18,3,3
279,169,19,3,4
279,292,20,3,2
280,119,1,2,4
280,467,2,2,2
280,152,3,2,2
280,237,4,2,2
280,397,5,2,2
280,104,6,2,4
280,375,7,2,0
280,150,8,2,0
280,222,9,2,2
280,343,10,2,3
280,317,11,2,2
280,9,12,2,4
280,281,13,2,1
280,460,14,2,0
280,230,15,2,0
280,501,16,2,1
280,422,17,2,2
280,517,18,2,2
280,142,19,2,2
280,583,20,2,3
281,42,1,3,2
281,463,2,3,3
281,78,3,3,3
281,522,4,3,2
281,270,5,3,0
281,596,6,3,1
281,465,7,3,0
281,570,8,3,0
281,219,9,3,4
281,207,10,3,2
281,453,11,3,3
281,397,12,3,2
281,153,13,3,3
281,540,14,3,0
281,32,15,3,2
281,369,16,3,4
281,103,17,3,3
281,263,18,3,3
281,418,19,3,3
281,382,20,3,2
282,430,1,0,0
282,10,2,0,0
282,570,3,0,0
282,543,4,0,3
282,390,5,0,0
282,575,6,0,0
282,205,7,0,0
282,536,8,0,1
282,260,9,0,0
282,415,10,0,0
282,65,11,0,0
282,93,12,0,3
282,449,13,0,4
282,208,14,0,3
282,355,15,0,0
282,35,16,0,0
282,38,17,0,3
282,411,18,0,1
282,287,19,0,2
282,305,20,0,0
283,194,1,1,4
283,115,2,1,0
283,257,3,1,2
283,556,4,1,1
283,376,5,1,1
283,236,6,1,1
283,486,7,1,1
283,104,8,1,4
283,461,9,1,1
283,201,10,1,1
283,506,11,1,1
283,561,12,1,1
283,311,13,1,1
283,43,14,1,3
283,481,15,1,1
283,341,16,1,1
283,551,17,1,1
283,498,18,1,3
283,127,19,1,2
283,18,20,1,3
284,259,1,4,4
284,524,2,4,4
284,539,3,4,4
284,137,4,4,2
284,484,5,4,4
284,84,6,4,4
284,365,7,4,0
284,258,8,4,3
284,39,9,4,4
284,584,10,4,4
284,482,11,4,2
284,71,12,4,1
284,284,13,4,4
284,439,14,4,4
284,369,15,4,4
284,274,16,4,4
284,474,17,4,4
284,43,18,4,3
284,344,19,4,4
284,456,20,4,1
285,44,1,4,4
285,409,2,4,4
285,264,3,4,4
285,347,4,4,2
285,179,5,4,4
285,419,6,4,4
285,536,7,4,1
285,582,8,4,2
285,39,9,4,4
285,544,10,4,4
285,381,11,4,1
285,99,12,4,4
285,299,13,4,4
285,594,14,4,4
285,143,15,4,3
285,186,16,4,1
285,382,17,4,2
285,514,18,4,4
285,329,19,4,4
285,364,20,4,4
286,419,1,4,4
286,109,2,4,4
286,455,3,4,0
286,202,4,4,2
286,176,5,4,1
286,161,6,4,1
286,62,7,4,2
286,274,8,4,4
286,178,9,4,3
286,421,10,4,1
286,119,11,4,4
286,19,12,4,4
286,287,13,4,2
286,478,14,4,3
286,467,15,4,2
286,134,16,4,4
286,374,17,4,4
286,595,18,4,0
286,79,19,4,4
286,86,20,4,1
287,592,1,2,2
287,507,2,2,2
287,362,3,2,2
287,523,4,2,3
287,307,5,2,2
287,457,6,2,2
287,42,7,2,2
287,67,8,2,2
287,466,9,2,1
287,524,10,2,4
287,287,11,2,2
287,282,12,2,2
287,337,13,2,2
287,134,14,2,4
287,85,15,2,0
287,527,16,2,2
287,244,17,2,4
287,497,18,2,2
287,402,19,2,2
287,108,20,2,3
288,491,1,1,1
288,459,2,1,4
288,591,3,1,1
288,16,4,1,1
288,216,5,1,1
288,311,6,1,1
288,366,7,1,1
288,466,8,1,1
288,536,9,1,1
288,431,10,1,1
288,305,11,1,0
288,598,12,1,3
288,426,13,1,1
288,154,14,1,4
288,226,15,1,1
288,276,16,1,1
288,233,17,1,3
288,473,18,1,3
288,21,19,1,1
288,564,20,1,4
289,252,1,1,2
289,256,2,1,1
289,20,3,1,0
289,201,4,1,1
289,476,5,1,1
289,128,6,1,3
289,531,7,1,1
289,480,8,1,0
289,493,9,1,3
289,181,10,1,1
289,446,11,1,1
289,176,12,1,1
289,411,13,1,1
289,111,14,1,1
289,381,15,1,1
289,351,16,1,1
289,89,17,1,4
289,540,18,1,0
289,149,19,1,4
289,286,20,1,1
290,314,1,4,4
290,174,2,4,4
290,351,3,4,1
290,562,4,4,2
290,582,5,4,2
290,357,6,4,2
290,234,7,4,4
290,521,8,4,1
290,489,9,4,4
290,37,10,4,2
290,149,11,4,4
290,89,12,4,4
290,335,13,4,0
290,176,14,4,1
290,184,15,4,4
290,564,16,4,4
290,330,17,4,0
290,109,18,4,4
290,61,19,4,1
290,138,20,4,3
291,413,1,2,3
291,434,2,2,4
291,72,3,2,2
291,47,4,2,2
291,257,5,2,2
291,109,6,2,4
291,411,7,2,1
291,168,8,2,3
291,25,9,2,0
291,187,10,2,2
291,260,11,2,0
291,456,12,2,1
291,427,13,2,2
291,207,14,2,2
291,381,15,2,1
291,316,16,2,1
291,367,17,2,2
291,465,18,2,0
291,389,19,2,4
291,197,20,2,2
292,160,1,0,0
292,404,2,0,4
292,415,3,0,0
292,434,4,0,4
292,490,5,0,0
292,19,6,0,4
292,583,7,0,3
292,163,8,0,3
292,30,9,0,0
292,536,10,0,1
292,124,11,0,4
292,234,12,0,4
292,295,13,0,0
292,271,14,0,1
292,455,15,0,0
292,87,16,0,2
292,325,17,0,0
292,410,18,0,0
292,377,19,0,2
292,180,20,0,0
293,242,1,2,2
293,147,2,2,2
293,187,3,2,2
293,145,4,2,0
293,179,5,2,4
293,137,6,2,2
293,577,7,2,2
293,12,8,2,2
293,277,9,2,2
293,97,10,2,2
293,286,11,2,1
293,36,12,2,1
293,509,13,2,4
293,457,14,2,2
293,62,15,2,2
293,227,16,2,2
293,410,17,2,0
293,312,18,2,2
293,522,19,2,2
293,174,20,2,4
294,370,1,2,0
294,471,2,2,1
294,472,3,2,2
294,537,4,2,2
294,73,5,2,3
294,434,6,2,4
294,216,7,2,1
294,222,8,2,2
294,232,9,2,2
294,154,10,2,4
294,430,11,2,0
294,316,12,2,1
294,108,13,2,3
294,0,14,2,0
294,552,15,2,2
294,302,16,2,2
294,334,17,2,4
294,392,18,2,2
294,177,19,2,2
294,482,20,2,2
295,562,1,2,2
295,242,2,2,2
295,553,3,2,3
295,78,4,2,3
295,362,5,2,2
295,332,6,2,2
295,577,7,2,2
295,307,8,2,2
295,567,9,2,2
295,592,10,2,2
295,582,11,2,2
295,412,12,2,2
295,217,13,2,2
295,453,14,2,3
295,322,15,2,2
295,112,16,2,2
295,522,17,2,2
295,295,18,2,0
295,331,19,2,1
295,131,20,2,1
296,497,1,3,2
296,528,2,3,3
296,108,3,3,3
296,337,4,3,2
296,581,5,3,1
296,508,6,3,3
296,458,7,3,3
296,156,8,3,1
296,445,9,3,0
296,209,10,3,4
296,71,11,3,1
296,598,12,3,3
296,365,13,3,0
296,133,14,3,3
296,326,15,3,1
296,428,16,3,3
296,482,17,3,2
296,545,18,3,0
296,538,19,3,3
296,24,20,3,4
297,12,1,2,2
297,317,2,2,2
297,562,3,2,2
297,272,4,2,2
297,145,5,2,0
297,547,6,2,2
297,157,7,2,2
297,578,8,2,3
297,296,9,2,1
297,412,10,2,2
297,311,11,2,1
297,517,12,2,2
297,460,13,2,0
297,429,14,2,4
297,561,15,2,1
297,257,16,2,2
297,597,17,2,2
297,82,18,2,2
297,496,19,2,1
297,227,20,2,2
298,208,1,4,3
298,539,2,4,4
298,134,3,4,4
298,346,4,4,1
298,562,5,4,2
298,251,6,4,1
298,219,7,4,4
298,233,8,4,3
298,259,9,4,4
298,524,10,4,4
298,444,11,4,4
298,249,12,4,4
298,154,13,4,4
298,49,14,4,4
298,80,15,4,0
298,190,16,4,0
298,169,17,4,4
298,129,18,4,4
298,252,19,4,2
298,139,20,4,4
299,599,1,4,4
299,26,2,4,1
299,515,3,4,0
299,332,4,4,2
299,259,5,4,4
299,369,6,4,4
299,224,7,4,4
299,57,8,4,2
299,31,9,4,1
299,489,10,4,4
299,400,11,4,0
299,407,12,4,2
299,94,13,4,4
299,143,14,4,3
299,479,15,4,4
299,439,16,4,4
299,354,17,4,4
299,104,18,4,4
299,404,19,4,4
299,520,20,4,0
300,213,1,3,3
300,330,2,3,0
300,406,3,3,1
300,468,4,3,3
300,543,5,3,3
300,133,6,3,3
300,47,7,3,2
300,540,8,3,0
300,108,9,3,3
300,288,10,3,3
300,143,11,3,3
300,473,12,3,3
300,558,13,3,3
300,518,14,3,3
300,573,15,3,3
300,584,16,3,4
300,169,17,3,4
300,188,18,3,3
300,103,19,3,3
300,51,20,3,1
301,21,1,3,1
301,120,2,3,0
301,497,3,3,2
301,113,4,3,3
301,43,5,3,3
301,432,6,3,2
301,5,7,3,0
301,473,8,3,3
301,483,9,3,3
301,530,10,3,0
301,158,11,3,3
301,353,12,3,3
301,526,13,3,1
301,150,14,3,0
301,543,15,3,3
301,558,16,3,3
301,425,17,3,0
301,437,18,3,2
301,450,19,3,0
301,111,20,3,1
302,108,1,4,3
302,397,2,4,2
302,355,3,4,0
302,73,4,4,3
302,305,5,4,0
302,59,6,4,4
302,133,7,4,3
302,401,8,4,1
302,389,9,4,4
302,442,10,4,2
302,213,11,4,3
302,104,12,4,4
302,71,13,4,1
302,70,14,4,0
302,367,15,4,2
302,10,16,4,0
302,244,17,4,4
302,99,18,4,4
302,394,19,4,4
302,301,20,4,1
303,404,1,4,4
303,34,2,4,4
303,289,3,4,4
303,495,4,4,0
303,449,5,4,4
303,444,6,4,4
303,302,7,4,2
303,430,8,4,0
303,59,9,4,4
303,264,10,4,4
303,38,11,4,3
303,83,12,4,3
303,355,13,4,0
303,46,14,4,1
303,149,15,4,4
303,597,16,4,2
303,454,17,4,4
303,48,18,4,3
303,176,19,4,1
303,475,20,4,0
304,410,1,4,0
304,162,2,4,2
304,83,3,4,3
304,123,4,4,3
304,112,5,4,2
304,216,6,4,1
304,213,7,4,3
304,337,8,4,2
304,29,9,4,4
304,294,10,4,4
304,575,11,4,0
304,326,12,4,1
304,38,13,4,3
304,40,14,4,0
304,173,15,4,3
304,139,16,4,4
304,528,17,4,3
304,284,18,4,4
304,192,19,4,2
304,30,20,4,0
305,525,1,4,0
305,575,2,4,0
305,441,3,4,1
305,510,4,4,0
305,243,5,4,3
305,509,6,4,4
305,594,7,4,4
305,526,8,4,1
305,331,9,4,1
305,156,10,4,1
305,217,11,4,2
305,465,12,4,0
305,347,13,4,2
305,294,14,4,4
305,7,15,4,2
305,439,16,4,4
305,137,17,4,2
305,385,18,4,0
305,99,19,4,4
305,300,20,4,0
306,196,1,1,1
306,366,2,1,1
306,130,3,1,0
306,516,4,1,1
306,286,5,1,1
306,248,6,1,3
306,364,7,1,4
306,26,8,1,1
306,146,9,1,1
306,496,10,1,1
306,89,11,1,4
306,204,12,1,4
306,576,13,1,1
306,573,14,1,3
306,415,15,1,0
306,62,16,1,2
306,107,17,1,2
306,246,18,1,1
306,21,19,1,1
306,304,20,1,4
307,180,1,4,0
307,103,2,4,3
307,529,3,4,4
307,260,4,4,0
307,104,5,4,4
307,379,6,4,4
307,495,7,4,0
307,576,8,4,1
307,480,9,4,0
307,184,10,4,4
307,354,11,4,4
307,539,12,4,4
307,39,13,4,4
307,554,14,4,4
307,276,15,4,1
307,64,16,4,4
307,78,17,4,3
307,377,18,4,2
307,489,19,4,4
307,120,20,4,0
308,405,1,4,0
308,114,2,4,4
308,524,3,4,4
308,422,4,4,2
308,369,5,4,4
308,99,6,4,4
308,257,7,4,2
308,409,8,4,4
308,429,9,4,4
308,473,10,4,3
308,504,11,4,4
308,45,12,4,0
308,249,13,4,4
308,94,14,4,4
308,89,15,4,4
308,309,16,4,4
308,104,17,4,4
308,224,18,4,4
308,587,19,4,2
308,344,20,4,4
309,20,1,0,0
309,141,2,0,1
309,323,3,0,3
309,167,4,0,2
309,509,5,0,4
309,44,6,0,4
309,452,7,0,2
309,30,8,0,0
309,307,9,0,2
309,78,10,0,3
309,15,11,0,0
309,200,12,0,0
309,500,13,0,0
309,431,14,0,1
309,95,15,0,0
309,191,16,0,1
309,163,17,0,3
309,160,18,0,0
309,507,19,0,2
309,530,20,0,0
310,30,1,0,0
310,204,2,0,4
310,453,3,0,3
310,48,4,0,3
310,22,5,0,2
310,538,6,0,3
310,489,7,0,4
310,173,8,0,3
310,513,9,0,3
310,239,10,0,4
310,214,11,0,4
310,523,12,0,3
310,390,13,0,0
310,254,14,0,4
310,14,15,0,4
310,2,16,0,2
310,90,17,0,0
310,295,18,0,0
310,440,19,0,0
310,259,20,0,4
311,532,1,2,2
311,102,2,2,2
311,162,3,2,2
311,320,4,2,0
311,367,5,2,2
311,17,6,2,2
311,312,7,2,2
311,282,8,2,2
311,182,9,2,2
311,62,10,2,2
311,592,11,2,2
311,2,12,2,2
311,9,13,2,4
311,417,14,2,2
311,16,15,2,1
311,217,16,2,2
311,237,17,2,2
311,292,18,2,2
311,181,19,2,1
311,516,20,2,1
312,538,1,2,3
312,433,2,2,3
312,512,3,2,2
312,62,4,2,2
312,45,5,2,0
312,362,6,2,2
312,473,7,2,3
312,484,8,2,4
312,475,9,2,0
312,36,10,2,1
312,505,11,2,0
312,298,12,2,3
312,9,13,2,4
312,462,14,2,2
312,257,15,2,2
312,347,16,2,2
312,29,17,2,4
312,145,18,2,0
312,437,19,2,2
312,97,20,2,2
313,356,1,3,1
313,193,2,3,3
313,123,3,3,3
313,483,4,3,3
313,273,5,3,3
313,264,6,3,4
313,508,7,3,3
313,203,8,3,3
313,93,9,3,3
313,258,10,3,3
313,596,11,3,1
313,113,12,3,3
313,439,13,3,4
313,577,14,3,2
313,541,15,3,1
313,432,16,3,2
313,499,17,3,4
313,327,18,3,2
313,41,19,3,1
313,265,20,3,0
314,142,1,2,2
314,508,2,2,3
314,227,3,2,2
314,55,4,2,0
314,52,5,2,2
314,427,6,2,2
314,163,7,2,3
314,596,8,2,1
314,2,9,2,2
314,540,10,2,0
314,250,11,2,0
314,61,12,2,1
314,77,13,2,2
314,47,14,2,2
314,402,15,2,2
314,113,16,2,3
314,382,17,2,2
314,236,18,2,1
314,286,19,2,1
314,157,20,2,2
315,244,1,4,4
315,354,2,4,4
315,365,3,4,0
315,307,4,4,2
315,464,5,4,4
315,407,6,4,2
315,548,7,4,3
315,84,8,4,4
315,125,9,4,0
315,309,10,4,4
315,193,11,4,3
315,584,12,4,4
315,426,13,4,1
315,46,14,4,1
315,588,15,4,3
315,293,16,4,3
315,437,17,4,2
315,404,18,4,4
315,138,19,4,3
315,181,20,4,1
316,250,1,0,0
316,85,2,0,0
316,180,3,0,0
316,462,4,0,2
316,595,5,0,0
316,273,6,0,3
316,400,7,0,0
316,231,8,0,1
316,200,9,0,0
316,264,10,0,4
316,431,11,0,1
316,2,12,0,2
316,129,13,0,4
316,392,14,0,2
316,391,15,0,1
316,532,16,0,2
316,284,17,0,4
316,420,18,0,0
316,381,19,0,1
316,465,20,0,0
317,256,1,1,1
317,486,2,1,1
317,71,3,1,1
317,156,4,1,1
317,468,5,1,3
317,506,6,1,1
317,122,7,1,2
317,438,8,1,3
317,46,9,1,1
317,311,10,1,1
317,276,11,1,1
317,491,12,1,1
317,183,13,1,3
317,301,14,1,1
317,446,15,1,1
317,119,16,1,4
317,121,17,1,1
317,391,18,1,1
317,233,19,1,3
317,317,20,1,2
318,32,1,4,2
318,71,2,4,1
318,254,3,4,4
318,109,4,4,4
318,579,5,4,4
318,494,6,4,4
318,429,7,4,4
318,217,8,4,2
318,227,9,4,2
318,502,10,4,2
318,415,11,4,0
318,174,12,4,4
318,596,13,4,1
318,349,14,4,4
318,273,15,4,3
318,485,16,4,0
318,29,17,4,4
318,514,18,4,4
318,420,19,4,0
318,545,20,4,0
319,41,1,3,1
319,8,2,3,3
319,576,3,3,1
319,258,4,3,3
319,226,5,3,1
319,453,6,3,3
319,348,7,3,3
319,15,8,3,0
319,389,9,3,4
319,561,10,3,1
319,179,11,3,4
319,353,12,3,3
319,136,13,3,1
319,133,14,3,3
319,283,15,3,3
319,204,16,3,4
319,42,17,3,2
319,88,18,3,3
319,208,19,3,3
319,303,20,3,3
320,365,1,0,0
320,111,2,0,1
320,99,3,0,4
320,292,4,0,2
320,462,5,0,2
320,173,6,0,3
320,203,7,0,3
320,192,8,0,2
320,390,9,0,0
320,443,10,0,3
320,245,11,0,0
320,404,12,0,4
320,457,13,0,2
320,105,14,0,0
320,400,15,0,0
320,429,16,0,4
320,440,17,0,0
320,420,18,0,0
320,375,19,0,0
320,403,20,0,3
321,126,1,1,1
321,416,2,1,1
321,381,3,1,1
321,195,4,1,0
321,553,5,1,3
321,347,6,1,2
321,315,7,1,0
321,391,8,1,1
321,160,9,1,0
321,550,10,1,0
321,516,11,1,1
321,9,12,1,4
321,53,13,1,3
321,471,14,1,1
321,146,15,1,1
321,171,16,1,1
321,264,17,1,4
321,281,18,1,1
321,76,19,1,1
321,108,20,1,3
322,535,1,3,0
322,221,2,3,1
322,219,3,3,4
322,370,4,3,0
322,130,5,3,0
322,571,6,3,1
322,211,7,3,1
322,365,8,3,0
322,133,9,3,3
322,192,10,3,2
322,328,11,3,3
322,103,12,3,3
322,143,13,3,3
322,470,14,3,0
322,318,15,3,3
322,23,16,3,3
322,598,17,3,3
322,503,18,3,3
322,348,19,3,3
322,483,20,3,3
323,173,1,4,3
323,254,2,4,4
323,169,3,4,4
323,19,4,4,4
323,274,5,4,4
323,99,6,4,4
323,8,7,4,3
323,64,8,4,4
323,479,9,4,4
323,61,10,4,1
323,293,11,4,3
323,571,12,4,1
323,154,13,4,4
323,359,14,4,4
323,239,15,4,4
323,189,16,4,4
323,229,17,4,4
323,587,18,4,2
323,93,19,4,3
323,205,20,4,0
324,235,1,3,0
324,382,2,3,2
324,599,3,3,4
324,429,4,3,4
324,114,5,3,4
324,538,6,3,3
324,433,7,3,3
324,500,8,3,0
324,533,9,3,3
324,451,10,3,1
324,444,11,3,4
324,418,12,3,3
324,438,13,3,3
324,209,14,3,4
324,215,15,3,0
324,358,16,3,3
324,473,17,3,3
324,83,18,3,3
324,386,19,3,1
324,448,20,3,3
325,453,1,1,3
325,65,2,1,0
325,564,3,1,4
325,396,4,1,1
325,431,5,1,1
325,311,6,1,1
325,506,7,1,1
325,459,8,1,4
325,464,9,1,4
325,198,10,1,3
325,176,11,1,1
325,124,12,1,4
325,106,13,1,1
325,451,14,1,1
325,292,15,1,2
325,595,16,1,0
325,76,17,1,1
325,136,18,1,1
325,151,19,1,1
325,146,20,1,1
326,87,1,2,2
326,242,2,2,2
326,594,3,2,4
326,552,4,2,2
326,45,5,2,0
326,562,6,2,2
326,513,7,2,3
326,492,8,2,2
326,370,9,2,0
326,36,10,2,1
326,152,11,2,2
326,217,12,2,2
326,400,13,2,0
326,104,14,2,4
326,482,15,2,2
326,142,16,2,2
326,311,17,2,1
326,153,18,2,3
326,112,19,2,2
326,212,20,2,2
327,346,1,1,1
327,192,2,1,2
327,191,3,1,1
327,269,4,1,4
327,432,5,1,2
327,11,6,1,1
327,91,7,1,1
327,302,8,1,2
327,166,9,1,1
327,306,10,1,1
327,393,11,1,3
327,206,12,1,1
327,521,13,1,1
327,318,14,1,3
327,366,15,1,1
327,116,16,1,1
327,286,17,1,1
327,541,18,1,1
327,375,19,1,0
327,461,20,1,1
328,69,1,3,4
328,101,2,3,1
328,443,3,3,3
328,233,4,3,3
328,545,5,3,0
328,334,6,3,4
328,52,7,3,2
328,195,8,3,0
328,578,9,3,3
328,94,10,3,4
328,423,11,3,3
328,262,12,3,2
328,214,13,3,4
328,389,14,3,4
328,477,15,3,2
328,305,16,3,0
328,553,17,3,3
328,263,18,3,3
328,218,19,3,3
328,420,20,3,0
329,232,1,2,2
329,518,2,2,3
329,360,3,2,0
329,43,4,2,3
329,253,5,2,3
329,92,6,2,2
329,233,7,2,3
329,365,8,2,0
329,393,9,2,3
329,368,10,2,3
329,300,11,2,0
329,250,12,2,0
329,87,13,2,2
329,297,14,2,2
329,460,15,2,0
329,69,16,2,4
329,377,17,2,2
329,176,18,2,1
329,235,19,2,0
329,142,20,2,2
330,179,1,0,4
330,119,2,0,4
330,234,3,0,4
330,309,4,0,4
330,480,5,0,0
330,490,6,0,0
330,597,7,0,2
330,429,8,0,4
330,567,9,0,2
330,105,10,0,0
330,205,11,0,0
330,49,12,0,4
330,495,13,0,0
330,397,14,0,2
330,287,15,0,2
330,520,16,0,0
330,521,17,0,1
330,195,18,0,0
330,450,19,0,0
330,310,20,0,0
331,314,1,0,4
331,165,2,0,0
331,428,3,0,3
331,422,4,0,2
331,12,5,0,2
331,430,6,0,0
331,60,7,0,0
331,375,8,0,0
331,595,9,0,0
331,20,10,0,0
331,537,11,0,2
331,490,12,0,0
331,101,13,0,1
331,587,14,0,2
331,40,15,0,0
331,366,16,0,1
331,47,17,0,2
331,505,18,0,0
331,279,19,0,4
331,70,20,0,0
332,103,1,0,3
332,390,2,0,0
332,152,3,0,2
332,450,4,0,0
332,50,5,0,0
332,320,6,0,0
332,229,7,0,4
332,86,8,0,1
332,233,9,0,3
332,80,10,0,0
332,454,11,0,4
332,69,12,0,4
332,510,13,0,0
332,377,14,0,2
332,5,15,0,0
332,375,16,0,0
332,373,17,0,3
332,149,18,0,4
332,87,19,0,2
332,557,20,0,2
333,366,1,4,1
333,206,2,4,1
333,434,3,4,4
333,9,4,4,4
333,154,5,4,4
333,542,6,4,2
333,426,7,4,1
333,104,8,4,4
333,409,9,4,4
333,309,10,4,4
333,39,11,4,4
333,134,12,4,4
333,550,13,4,0
333,306,14,4,1
333,555,15,4,0
333,300,16,4,0
333,44,17,4,4
333,592,18,4,2
333,414,19,4,4
333,525,20,4,0
334,275,1,3,0
334,122,2,3,2
334,433,3,3,3
334,423,4,3,3
334,28,5,3,3
334,62,6,3,2
334,103,7,3,3
334,32,8,3,2
334,456,9,3,1
334,14,10,3,4
334,86,11,3,1
334,458,12,3,3
334,3,13,3,3
334,250,14,3,0
334,188,15,3,3
334,76,16,3,1
334,282,17,3,2
334,303,18,3,3
334,52,19,3,2
334,543,20,3,3
335,416,1,1,1
335,392,2,1,2
335,527,3,1,2
335,166,4,1,1
335,573,5,1,3
335,86,6,1,1
335,599,7,1,4
335,23,8,1,3
335,461,9,1,1
335,429,10,1,4
335,121,11,1,1
335,131,12,1,1
335,327,13,1,2
335,202,14,1,2
335,271,15,1,1
335,376,16,1,1
335,91,17,1,1
335,457,18,1,2
335,270,19,1,0
335,563,20,1,3
336,280,1,0,0
336,160,2,0,0
336,413,3,0,3
336,505,4,0,0
336,247,5,0,2
336,383,6,0,3
336,292,7,0,2
336,133,8,0,3
336,276,9,0,1
336,515,10,0,0
336,335,11,0,0
336,85,12,0,0
336,50,13,0,0
336,107,14,0,2
336,237,15,0,2
336,351,16,0,1
336,319,17,0,4
336,215,18,0,0
336,180,19,0,0
336,60,20,0,0
337,277,1,2,2
337,102,2,2,2
337,128,3,2,3
337,127,4,2,2
337,325,5,2,0
337,554,6,2,4
337,142,7,2,2
337,257,8,2,2
337,141,9,2,1
337,552,10,2,2
337,539,11,2,4
337,597,12,2,2
337,372,13,2,2
337,562,14,2,2
337,31,15,2,1
337,592,16,2,2
337,111,17,2,1
337,302,18,2,2
337,537,19,2,2
337,318,20,2,3
338,390,1,1,0
338,56,2,1,1
338,351,3,1,1
338,193,4,1,3
338,228,5,1,3
338,451,6,1,1
338,355,7,1,0
338,133,8,1,3
338,226,9,1,1
338,401,10,1,1
338,213,11,1,3
338,31,12,1,1
338,338,13,1,3
338,111,14,1,1
338,224,15,1,4
338,457,16,1,2
338,450,17,1,0
338,42,18,1,2
338,311,19,1,1
338,475,20,1,0
339,381,1,0,1
339,140,2,0,0
339,584,3,0,4
339,105,4,0,0
339,428,5,0,3
339,0,6,0,0
339,15,7,0,0
339,66,8,0,1
339,155,9,0,0
339,390,10,0,0
339,289,11,0,4
339,510,12,0,0
339,268,13,0,3
339,175,14,0,0
339,532,15,0,2
339,56,16,0,1
339,597,17,0,2
339,5,18,0,0
339,177,19,0,2
339,300,20,0,0
340,69,1,3,4
340,241,2,3,1
340,317,3,3,2
340,423,4,3,3
340,484,5,3,4
340,506,6,3,1
340,137,7,3,2
340,212,8,3,2
340,79,9,3,4
340,269,10,3,4
340,48,11,3,3
340,478,12,3,3
340,525,13,3,0
340,468,14,3,3
340,414,15,3,4
340,75,16,3,0
340,168,17,3,3
340,502,18,3,2
340,148,19,3,3
340,173,20,3,3
341,48,1,3,3
341,108,2,3,3
341,386,3,3,1
341,552,4,3,2
341,263,5,3,3
341,0,6,3,0
341,273,7,3,3
341,393,8,3,3
341,493,9,3,3
341,131,10,3,1
341,293,11,3,3
341,442,12,3,2
341,138,13,3,3
341,154,14,3,4
341,486,15,3,1
341,128,16,3,3
341,351,17,3,1
341,146,18,3,1
341,528,19,3,3
341,234,20,3,4
342,281,1,0,1
342,195,2,0,0
342,399,3,0,4
342,60,4,0,0
342,96,5,0,1
342,427,6,0,2
342,143,7,0,3
342,5,8,0,0
342,90,9,0,0
342,570,10,0,0
342,107,11,0,2
342,225,12,0,0
342,240,13,0,0
342,306,14,0,1
342,562,15,0,2
342,335,16,0,0
342,330,17,0,0
342,120,18,0,0
342,185,19,0,0
342,392,20,0,2
343,181,1,4,1
343,320,2,4,0
343,226,3,4,1
343,378,4,4,3
343,304,5,4,4
343,564,6,4,4
343,211,7,4,1
343,253,8,4,3
343,204,9,4,4
343,49,10,4,4
343,594,11,4,4
343,449,12,4,4
343,118,13,4,3
343,364,14,4,4
343,210,15,4,0
343,563,16,4,3
343,162,17,4,2
343,246,18,4,1
343,279,19,4,4
343,154,20,4,4
344,382,1,2,2
344,552,2,2,2
344,93,3,2,3
344,442,4,2,2
344,388,5,2,3
344,282,6,2,2
344,547,7,2,2
344,383,8,2,3
344,573,9,2,3
344,378,10,2,3
344,219,11,2,4
344,252,12,2,2
344,469,13,2,4
344,447,14,2,2
344,36,15,2,1
344,302,16,2,2
344,235,17,2,0
344,522,18,2,2
344,462,19,2,2
344,197,20,2,2
345,315,1,0,0
345,470,2,0,0
345,350,3,0,0
345,57,4,0,2
345,5,5,0,0
345,163,6,0,3
345,200,7,0,0
345,284,8,0,4
345,465,9,0,0
345,460,10,0,0
345,570,11,0,0
345,168,12,0,3
345,432,13,0,2
345,440,14,0,0
345,262,15,0,2
345,399,16,0,4
345,563,17,0,3
345,590,18,0,0
345,435,19,0,0
345,310,20,0,0
346,398,1,3,3
346,195,2,3,0
346,438,3,3,3
346,63,4,3,3
346,133,5,3,3
346,421,6,3,1
346,267,7,3,2
346,283,8,3,3
346,161,9,3,1
346,568,10,3,3
346,119,11,3,4
346,534,12,3,4
346,80,13,3,0
346,164,14,3,4
346,334,15,3,4
346,457,16,3,2
346,41,17,3,1
346,418,18,3,3
346,573,19,3,3
346,249,20,3,4
347,451,1,2,1
347,87,2,2,2
347,174,3,2,4
347,560,4,2,0
347,72,5,2,2
347,432,6,2,2
347,323,7,2,3
347,322,8,2,2
347,177,9,2,2
347,483,10,2,3
347,277,11,2,2
347,345,12,2,0
347,307,13,2,2
347,447,14,2,2
347,181,15,2,1
347,415,16,2,0
347,417,17,2,2
347,462,18,2,2
347,402,19,2,2
347,384,20,2,4
348,15,1,2,0
348,177,2,2,2
348,389,3,2,4
348,238,4,2,3
348,439,5,2,4
348,522,6,2,2
348,583,7,2,3
348,146,8,2,1
348,561,9,2,1
348,74,10,2,4
348,187,11,2,2
348,467,12,2,2
348,57,13,2,2
348,565,14,2,0
348,262,15,2,2
348,597,16,2,2
348,516,17,2,1
348,397,18,2,2
348,59,19,2,4
348,139,20,2,4
349,88,1,1,3
349,344,2,1,4
349,556,3,1,1
349,64,4,1,4
349,274,5,1,4
349,228,6,1,3
349,77,7,1,2
349,140,8,1,0
349,256,9,1,1
349,242,10,1,2
349,177,11,1,2
349,478,12,1,3
349,546,13,1,1
349,490,14,1,0
349,81,15,1,1
349,361,16,1,1
349,431,17,1,1
349,195,18,1,0
349,337,19,1,2
349,76,20,1,1
350,559,1,1,4
350,61,2,1,1
350,89,3,1,4
350,116,4,1,1
350,381,5,1,1
350,301,6,1,1
350,161,7,1,1
350,296,8,1,1
350,383,9,1,3
350,201,10,1,1
350,378,11,1,3
350,524,12,1,4
350,88,13,1,3
350,359,14,1,4
350,29,15,1,4
350,335,16,1,0
350,391,17,1,1
350,426,18,1,1
350,1,19,1,1
350,466,20,1,1
351,308,1,2,3
351,502,2,2,2
351,29,3,2,4
351,96,4,2,1
351,176,5,2,1
351,93,6,2,3
351,81,7,2,1
351,162,8,2,2
351,115,9,2,0
351,223,10,2,3
351,317,11,2,2
351,393,12,2,3
351,507,13,2,2
351,77,14,2,2
351,38,15,2,3
351,560,16,2,0
351,522,17,2,2
351,167,18,2,2
351,385,19,2,0
351,446,20,2,1
352,159,1,4,4
352,104,2,4,4
352,369,3,4,4
352,529,4,4,4
352,47,5,4,2
352,339,6,4,4
352,92,7,4,2
352,97,8,4,2
352,88,9,4,3
352,24,10,4,4
352,584,11,4,4
352,427,12,4,2
352,559,13,4,4
352,144,14,4,4
352,340,15,4,0
352,409,16,4,4
352,379,17,4,4
352,472,18,4,2
352,149,19,4,4
352,539,20,4,4
353,167,1,2,2
353,72,2,2,2
353,210,3,2,0
353,145,4,2,0
353,472,5,2,2
353,536,6,2,1
353,192,7,2,2
353,374,8,2,4
353,497,9,2,2
353,353,10,2,3
353,424,11,2,4
353,351,12,2,1
353,509,13,2,4
353,572,14,2,2
353,142,15,2,2
353,473,16,2,3
353,435,17,2,0
353,87,18,2,2
353,162,19,2,2
353,272,20,2,2
354,343,1,3,3
354,333,2,3,3
354,595,3,3,0
354,331,4,3,1
354,445,5,3,0
354,165,6,3,0
354,170,7,3,0
354,358,8,3,3
354,503,9,3,3
354,303,10,3,3
354,380,11,3,0
354,283,12,3,3
354,381,13,3,1
354,46,14,3,1
354,554,15,3,4
354,37,16,3,2
354,123,17,3,3
354,108,18,3,3
354,569,19,3,4
354,58,20,3,3
355,75,1,0,0
355,580,2,0,0
355,32,3,0,2
355,220,4,0,0
355,320,5,0,0
355,438,6,0,3
355,505,7,0,0
355,35,8,0,0
355,180,9,0,0
355,243,10,0,3
355,350,11,0,0
355,292,12,0,2
355,120,13,0,0
355,143,14,0,3
355,89,15,0,4
355,367,16,0,2
355,475,17,0,0
355,460,18,0,0
355,549,19,0,4
355,157,20,0,2
356,226,1,1,1
356,416,2,1,1
356,364,3,1,4
356,531,4,1,1
356,284,5,1,4
356,231,6,1,1
356,503,7,1,3
356,546,8,1,1
356,20,9,1,0
356,481,10,1,1
356,211,11,1,1
356,376,12,1,1
356,254,13,1,4
356,233,14,1,3
356,236,15,1,1
356,421,16,1,1
356,113,17,1,3
356,471,18,1,1
356,326,19,1,1
356,131,20,1,1
357,69,1,4,4
357,64,2,4,4
357,106,3,4,1
357,284,4,4,4
357,534,5,4,4
357,209,6,4,4
357,211,7,4,1
357,364,8,4,4
357,269,9,4,4
357,414,10,4,4
357,72,11,4,2
357,220,12,4,0
357,4,13,4,4
357,157,14,4,2
357,40,15,4,0
357,123,16,4,3
357,234,17,4,4
357,266,18,4,1
357,139,19,4,4
357,147,20,4,2
358,168,1,3,3
358,15,2,3,0
358,183,3,3,3
358,498,4,3,3
358,587,5,3,2
358,229,6,3,4
358,339,7,3,4
358,354,8,3,4
358,89,9,3,4
358,2,10,3,2
358,564,11,3,4
358,331,12,3,1
358,374,13,3,4
358,88,14,3,3
358,210,15,3,0
358,146,16,3,1
358,367,17,3,2
358,241,18,3,1
358,43,19,3,3
358,577,20,3,2
359,34,1,1,4
359,168,2,1,3
359,295,3,1,0
359,291,4,1,1
359,432,5,1,2
359,413,6,1,3
359,210,7,1,0
359,468,8,1,3
359,516,9,1,1
359,213,10,1,3
359,375,11,1,0
359,256,12,1,1
359,233,13,1,3
359,456,14,1,1
359,436,15,1,1
359,596,16,1,1
359,261,17,1,1
359,321,18,1,1
359,496,19,1,1
359,77,20,1,2
360,64,1,4,4
360,502,2,4,2
360,59,3,4,4
360,111,4,4,1
360,480,5,4,0
360,569,6,4,4
360,339,7,4,4
360,326,8,4,1
360,249,9,4,4
360,32,10,4,2
360,373,11,4,3
360,560,12,4,0
360,559,13,4,4
360,384,14,4,4
360,119,15,4,4
360,76,16,4,1
360,231,17,4,1
360,39,18,4,4
360,378,19,4,3
360,324,20,4,4
361,14,1,4,4
361,20,2,4,0
361,243,3,4,3
361,264,4,4,4
361,249,5,4,4
361,450,6,4,0
361,466,7,4,1
361,16,8,4,1
361,443,9,4,3
361,497,10,4,2
361,579,11,4,4
361,489,12,4,4
361,239,13,4,4
361,149,14,4,4
361,91,15,4,1
361,307,16,4,2
361,124,17,4,4
361,395,18,4,0
361,545,19,4,0
361,533,20,4,3
362,521,1,1,1
362,245,2,1,0
362,6,3,1,1
362,161,4,1,1
362,276,5,1,1
362,451,6,1,1
362,111,7,1,1
362,356,8,1,1
362,46,9,1,1
362,109,10,1,4
362,110,11,1,0
362,211,12,1,1
362,56,13,1,1
362,586,14,1,1
362,501,15,1,1
362,224,16,1,4
362,97,17,1,2
362,168,18,1,3
362,556,19,1,1
362,300,20,1,0
363,441,1,4,1
363,498,2,4,3
363,234,3,4,4
363,109,4,4,4
363,394,5,4,4
363,399,6,4,4
363,329,7,4,4
363,214,8,4,4
363,129,9,4,4
363,404,10,4,4
363,334,11,4,4
363,562,12,4,2
363,114,13,4,4
363,274,14,4,4
363,383,15,4,3
363,368,16,4,3
363,331,17,4,1
363,349,18,4,4
363,400,19,4,0
363,310,20,4,0
364,148,1,3,3
364,243,2,3,3
364,9,3,3,4
364,418,4,3,3
364,98,5,3,3
364,260,6,3,0
364,538,7,3,3
364,118,8,3,3
364,83,9,3,3
364,8,10,3,3
364,278,11,3,3
364,307,12,3,2
364,135,13,3,0
364,458,14,3,3
364,379,15,3,4
364,423,16,3,3
364,28,17,3,3
364,203,18,3,3
364,217,19,3,2
364,256,20,3,1
365,599,1,1,4
365,153,2,1,3
365,116,3,1,1
365,136,4,1,1
365,541,5,1,1
365,143,6,1,3
365,307,7,1,2
365,583,8,1,3
365,394,9,1,4
365,396,10,1,1
365,597,11,1,2
365,313,12,1,3
365,460,13,1,0
365,186,14,1,1
365,6,15,1,1
365,1,16,1,1
365,341,17,1,1
365,391,18,1,1
365,580,19,1,0
365,261,20,1,1
366,176,1,1,1
366,191,2,1,1
366,306,3,1,1
366,273,4,1,3
366,156,5,1,1
366,116,6,1,1
366,192,7,1,2
366,271,8,1,1
366,544,9,1,4
366,105,10,1,0
366,466,11,1,1
366,24,12,1,4
366,456,13,1,1
366,12,14,1,2
366,353,15,1,3
366,590,16,1,0
366,199,17,1,4
366,39,18,1,4
366,151,19,1,1
366,396,20,1,1
367,532,1,1,2
367,368,2,1,3
367,146,3,1,1
367,126,4,1,1
367,496,5,1,1
367,507,6,1,2
367,333,7,1,3
367,581,8,1,1
367,13,9,1,3
367,251,10,1,1
367,439,11,1,4
367,469,12,1,4
367,55,13,1,0
367,226,14,1,1
367,481,15,1,1
367,433,16,1,3
367,101,17,1,1
367,180,18,1,0
367,441,19,1,1
367,51,20,1,1
368,476,1,3,1
368,508,2,3,3
368,133,3,3,3
368,234,4,3,4
368,270,5,3,0
368,463,6,3,3
368,395,7,3,0
368,148,8,3,3
368,298,9,3,3
368,83,10,3,3
368,522,11,3,2
368,63,12,3,3
368,548,13,3,3
368,258,14,3,3
368,597,15,3,2
368,14,16,3,4
368,366,17,3,1
368,518,18,3,3
368,156,19,3,1
368,38,20,3,3
369,593,1,1,3
369,141,2,1,1
369,441,3,1,1
369,206,4,1,1
369,321,5,1,1
369,231,6,1,1
369,146,7,1,1
369,271,8,1,1
369,237,9,1,2
369,583,10,1,3
369,261,11,1,1
369,473,12,1,3
369,163,13,1,3
369,316,14,1,1
369,289,15,1,4
369,581,16,1,1
369,576,17,1,1
369,527,18,1,2
369,106,19,1,1
369,179,20,1,4
370,479,1,4,4
370,159,2,4,4
370,38,3,4,3
370,407,4,4,2
370,321,5,4,1
370,379,6,4,4
370,177,7,4,2
370,350,8,4,0
370,342,9,4,2
370,76,10,4,1
370,569,11,4,4
370,34,12,4,4
370,249,13,4,4
370,531,14,4,1
370,339,15,4,4
370,289,16,4,4
370,123,17,4,3
370,223,18,4,3
370,81,19,4,1
370,299,20,4,4
371,493,1,0,3
371,155,2,0,0
371,235,3,0,0
371,88,4,0,3
371,425,5,0,0
371,312,6,0,2
371,465,7,0,0
371,157,8,0,2
371,370,9,0,0
371,522,10,0,2
371,259,11,0,4
371,55,12,0,0
371,209,13,0,4
371,207,14,0,2
371,569,15,0,4
371,255,16,0,0
371,111,17,0,1
371,96,18,0,1
371,240,19,0,0
371,595,20,0,0
372,324,1,3,4
372,363,2,3,3
372,158,3,3,3
372,358,4,3,3
372,133,5,3,3
372,120,6,3,0
372,249,7,3,4
372,122,8,3,2
372,306,9,3,1
372,44,10,3,4
372,502,11,3,2
372,366,12,3,1
372,510,13,3,0
372,442,14,3,2
372,60,15,3,0
372,203,16,3,3
372,63,17,3,3
372,344,18,3,4
372,62,19,3,2
372,472,20,3,2
373,401,1,1,1
373,166,2,1,1
373,36,3,1,1
373,231,4,1,1
373,581,5,1,1
373,596,6,1,1
373,226,7,1,1
373,511,8,1,1
373,252,9,1,2
373,442,10,1,2
373,71,11,1,1
373,556,12,1,1
373,86,13,1,1
373,12,14,1,2
373,428,15,1,3
373,471,16,1,1
373,476,17,1,1
373,316,18,1,1
373,91,19,1,1
373,41,20,1,1
374,7,1,3,2
374,253,2,3,3
374,194,3,3,4
374,206,4,3,1
374,32,5,3,2
374,582,6,3,2
374,133,7,3,3
374,373,8,3,3
374,236,9,3,1
374,311,10,3,1
374,385,11,3,0
374,25,12,3,0
374,494,13,3,4
374,74,14,3,4
374,394,15,3,4
374,119,16,3,4
374,393,17,3,3
374,280,18,3,0
374,371,19,3,1
374,478,20,3,3
375,84,1,0,4
375,155,2,0,0
375,27,3,0,2
375,595,4,0,0
375,273,5,0,3
375,59,6,0,4
375,535,7,0,0
375,182,8,0,2
375,77,9,0,2
375,430,10,0,0
375,565,11,0,0
375,330,12,0,0
375,367,13,0,2
375,450,14,0,0
375,511,15,0,1
375,435,16,0,0
375,3,17,0,3
375,97,18,0,2
375,128,19,0,3
375,470,20,0,0
376,124,1,3,4
376,468,2,3,3
376,248,3,3,3
376,348,4,3,3
376,73,5,3,3
376,427,6,3,2
376,573,7,3,3
376,289,8,3,4
376,112,9,3,2
376,525,10,3,0
376,555,11,3,0
376,558,12,3,3
376,366,13,3,1
376,556,14,3,1
376,183,15,3,3
376,364,16,3,4
376,118,17,3,3
376,330,18,3,0
376,333,19,3,3
376,375,20,3,0
377,182,1,0,2
377,35,2,0,0
377,145,3,0,0
377,65,4,0,0
377,463,5,0,3
377,55,6,0,0
377,113,7,0,3
377,0,8,0,0
377,520,9,0,0
377,289,10,0,4
377,193,11,0,3
377,198,12,0,3
377,188,13,0,3
377,311,14,0,1
377,207,15,0,2
377,95,16,0,0
377,411,17,0,1
377,130,18,0,0
377,73,19,0,3
377,235,20,0,0
378,306,1,1,1
378,221,2,1,1
378,275,3,1,0
378,314,4,1,4
378,541,5,1,1
378,11,6,1,1
378,141,7,1,1
378,454,8,1,4
378,484,9,1,4
378,566,10,1,1
378,369,11,1,4
378,408,12,1,3
378,401,13,1,1
378,260,14,1,0
378,500,15,1,0
378,595,16,1,0
378,508,17,1,3
378,447,18,1,2
378,251,19,1,1
378,380,20,1,0
379,211,1,4,1
379,115,2,4,0
379,255,3,4,0
379,56,4,4,1
379,364,5,4,4
379,189,6,4,4
379,519,7,4,4
379,202,8,4,2
379,173,9,4,3
379,164,10,4,4
379,312,11,4,2
379,253,12,4,3
379,398,13,4,3
379,564,14,4,4
379,227,15,4,2
379,274,16,4,4
379,238,17,4,3
379,394,18,4,4
379,571,19,4,1
379,374,20,4,4
380,380,1,0,0
380,263,2,0,3
380,381,3,0,1
380,190,4,0,0
380,515,5,0,0
380,375,6,0,0
380,102,7,0,2
380,461,8,0,1
380,148,9,0,3
380,335,10,0,0
380,12,11,0,2
380,155,12,0,0
380,28,13,0,3
380,89,14,0,4
380,362,15,0,2
380,332,16,0,2
380,355,17,0,0
380,68,18,0,3
380,235,19,0,0
380,140,20,0,0
381,55,1,0,0
381,503,2,0,3
381,545,3,0,0
381,138,4,0,3
381,222,5,0,2
381,302,6,0,2
381,395,7,0,0
381,305,8,0,0
381,506,9,0,1
381,596,10,0,1
381,180,11,0,0
381,483,12,0,3
381,245,13,0,0
381,25,14,0,0
381,405,15,0,0
381,255,16,0,0
381,472,17,0,2
381,205,18,0,0
381,441,19,0,1
381,5,20,0,0
382,74,1,2,4
382,263,2,2,3
382,189,3,2,4
382,517,4,2,2
382,215,5,2,0
382,81,6,2,1
382,546,7,2,1
382,547,8,2,2
382,255,9,2,0
382,304,10,2,4
382,267,11,2,2
382,112,12,2,2
382,498,13,2,3
382,537,14,2,2
382,497,15,2,2
382,367,16,2,2
382,93,17,2,3
382,272,18,2,2
382,342,19,2,2
382,312,20,2,2
383,93,1,3,3
383,533,2,3,3
383,207,3,3,2
383,248,4,3,3
383,388,5,3,3
383,269,6,3,4
383,418,7,3,3
383,233,8,3,3
383,200,9,3,0
383,552,10,3,2
383,535,11,3,0
383,234,12,3,4
383,453,13,3,3
383,305,14,3,0
383,335,15,3,0
383,288,16,3,3
383,563,17,3,3
383,33,18,3,3
383,103,19,3,3
383,413,20,3,3
384,330,1,0,0
384,422,2,0,2
384,195,3,0,0
384,248,4,0,3
384,456,5,0,1
384,508,6,0,3
384,285,7,0,0
384,307,8,0,2
384,351,9,0,1
384,460,10,0,0
384,349,11,0,4
384,256,12,0,1
384,596,13,0,1
384,535,14,0,0
384,415,15,0,0
384,400,16,0,0
384,238,17,0,3
384,510,18,0,0
384,205,19,0,0
384,194,20,0,4
385,14,1,4,4
385,136,2,4,1
385,525,3,4,0
385,559,4,4,4
385,491,5,4,1
385,480,6,4,0
385,124,7,4,4
385,290,8,4,0
385,178,9,4,3
385,259,10,4,4
385,94,11,4,4
385,419,12,4,4
385,254,13,4,4
385,574,14,4,4
385,504,15,4,4
385,234,16,4,4
385,103,17,4,3
385,493,18,4,3
385,137,19,4,2
385,451,20,4,1
386,228,1,2,3
386,279,2,2,4
386,347,3,2,2
386,502,4,2,2
386,164,5,2,4
386,435,6,2,0
386,132,7,2,2
386,499,8,2,4
386,587,9,2,2
386,522,10,2,2
386,272,11,2,2
386,334,12,2,4
386,407,13,2,2
386,427,14,2,2
386,147,15,2,2
386,22,16,2,2
386,217,17,2,2
386,0,18,2,0
386,148,19,2,3
386,145,20,2,0
387,414,1,4,4
387,144,2,4,4
387,223,3,4,3
387,548,4,4,3
387,508,5,4,3
387,234,6,4,4
387,287,7,4,2
387,413,8,4,3
387,229,9,4,4
387,314,10,4,4
387,187,11,4,2
387,349,12,4,4
387,331,13,4,1
387,334,14,4,4
387,149,15,4,4
387,439,16,4,4
387,453,17,4,3
387,184,18,4,4
387,421,19,4,1
387,428,20,4,3
388,432,1,4,2
388,229,2,4,4
388,226,3,4,1
388,570,4,4,0
388,263,5,4,3
388,239,6,4,4
388,74,7,4,4
388,576,8,4,1
388,92,9,4,2
388,454,10,4,4
388,453,11,4,3
388,499,12,4,4
388,447,13,4,2
388,414,14,4,4
388,359,15,4,4
388,34,16,4,4
388,388,17,4,3
388,64,18,4,4
388,124,19,4,4
388,310,20,4,0
389,55,1,3,0
389,297,2,3,2
389,199,3,3,4
389,226,4,3,1
389,318,5,3,3
389,476,6,3,1
389,554,7,3,4
389,50,8,3,0
389,298,9,3,3
389,18,10,3,3
389,228,11,3,3
389,344,12,3,4
389,157,13,3,2
389,4,14,3,4
389,560,15,3,0
389,423,16,3,3
389,145,17,3,0
389,543,18,3,3
389,113,19,3,3
389,393,20,3,3
390,410,1,0,0
390,36,2,0,1
390,350,3,0,0
390,384,4,0,4
390,540,5,0,0
390,563,6,0,3
390,518,7,0,3
390,515,8,0,0
390,163,9,0,3
390,173,10,0,3
390,198,11,0,3
390,168,12,0,3
390,285,13,0,0
390,431,14,0,1
390,507,15,0,2
390,574,16,0,4
390,240,17,0,0
390,326,18,0,1
390,340,19,0,0
390,13,20,0,3
391,445,1,0,0
391,330,2,0,0
391,30,3,0,0
391,545,4,0,0
391,388,5,0,3
391,467,6,0,2
391,420,7,0,0
391,510,8,0,0
391,507,9,0,2
391,442,10,0,2
391,374,11,0,4
391,220,12,0,0
391,298,13,0,3
391,567,14,0,2
391,480,15,0,0
391,60,16,0,0
391,163,17,0,3
391,547,18,0,2
391,240,19,0,0
391,266,20,0,1
392,47,1,0,2
392,501,2,0,1
392,341,3,0,1
392,113,4,0,3
392,551,5,0,1
392,540,6,0,0
392,190,7,0,0
392,490,8,0,0
392,465,9,0,0
392,195,10,0,0
392,430,11,0,0
392,260,12,0,0
392,290,13,0,0
392,475,14,0,0
392,35,15,0,0
392,275,16,0,0
392,441,17,0,1
392,92,18,0,2
392,535,19,0,0
392,500,20,0,0
393,464,1,1,4
393,441,2,1,1
393,51,3,1,1
393,195,4,1,0
393,161,5,1,1
393,7,6,1,2
393,216,7,1,1
393,253,8,1,3
393,191,9,1,1
393,526,10,1,1
393,256,11,1,1
393,583,12,1,3
393,194,13,1,4
393,551,14,1,1
393,396,15,1,1
393,311,16,1,1
393,511,17,1,1
393,571,18,1,1
393,476,19,1,1
393,126,20,1,1
394,196,1,1,1
394,269,2,1,4
394,46,3,1,1
394,1,4,1,1
394,8,5,1,3
394,246,6,1,1
394,366,7,1,1
394,121,8,1,1
394,425,9,1,0
394,377,10,1,2
394,419,11,1,4
394,274,12,1,4
394,350,13,1,0
394,544,14,1,4
394,505,15,1,0
394,141,16,1,1
394,324,17,1,4
394,442,18,1,2
394,247,19,1,2
394,570,20,1,0
395,219,1,4,4
395,94,2,4,4
395,447,3,4,2
395,319,4,4,4
395,576,5,4,1
395,57,6,4,2
395,270,7,4,0
395,224,8,4,4
395,359,9,4,4
395,334,10,4,4
395,419,11,4,4
395,524,12,4,4
395,249,13,4,4
395,337,14,4,2
395,109,15,4,4
395,530,16,4,0
395,60,17,4,0
395,83,18,4,3
395,255,19,4,0
395,204,20,4,4
396,187,1,0,2
396,115,2,0,0
396,430,3,0,0
396,516,4,0,1
396,73,5,0,3
396,370,6,0,0
396,316,7,0,1
396,579,8,0,4
396,380,9,0,0
396,200,10,0,0
396,412,11,0,2
396,371,12,0,1
396,37,13,0,2
396,256,14,0,1
396,139,15,0,4
396,275,16,0,0
396,345,17,0,0
396,105,18,0,0
396,20,19,0,0
396,45,20,0,0
397,559,1,0,4
397,525,2,0,0
397,155,3,0,0
397,75,4,0,0
397,90,5,0,0
397,95,6,0,0
397,577,7,0,2
397,85,8,0,0
397,465,9,0,0
397,209,10,0,4
397,382,11,0,2
397,580,12,0,0
397,553,13,0,3
397,55,14,0,0
397,342,15,0,2
397,542,16,0,2
397,343,17,0,3
397,450,18,0,0
397,550,19,0,0
397,271,20,0,1
398,556,1,1,1
398,528,2,1,3
398,31,3,1,1
398,188,4,1,3
398,244,5,1,4
398,131,6,1,1
398,116,7,1,1
398,407,8,1,2
398,75,9,1,0
398,427,10,1,2
398,78,11,1,3
398,393,12,1,3
398,536,13,1,1
398,251,14,1,1
398,200,15,1,0
398,441,16,1,1
398,266,17,1,1
398,538,18,1,3
398,166,19,1,1
398,321,20,1,1
399,203,1,3,3
399,243,2,3,3
399,125,3,3,0
399,74,4,3,4
399,27,5,3,2
399,265,6,3,0
399,565,7,3,0
399,413,8,3,3
399,339,9,3,4
399,483,10,3,3
399,419,11,3,4
399,527,12,3,2
399,88,13,3,3
399,128,14,3,3
399,65,15,3,0
399,553,16,3,3
399,223,17,3,3
399,418,18,3,3
399,238,19,3,3
399,463,20,3,3
400,120,1,0,0
400,397,2,0,2
400,157,3,0,2
400,18,4,0,3
400,84,5,0,4
400,399,6,0,4
400,219,7,0,4
400,393,8,0,3
400,460,9,0,0
400,180,10,0,0
400,365,11,0,0
400,342,12,0,2
400,195,13,0,0
400,560,14,0,0
400,10,15,0,0
400,130,16,0,0
400,240,17,0,0
400,150,18,0,0
400,77,19,0,2
400,160,20,0,0
401,423,1,3,3
401,40,2,3,0
401,459,3,3,4
401,599,4,3,4
401,463,5,3,3
401,283,6,3,3
401,147,7,3,2
401,530,8,3,0
401,56,9,3,1
401,293,10,3,3
401,403,11,3,3
401,384,12,3,4
401,62,13,3,2
401,168,14,3,3
401,188,15,3,3
401,558,16,3,3
401,373,17,3,3
401,546,18,3,1
401,535,19,3,0
401,536,20,3,1
402,92,1,2,2
402,187,2,2,2
402,481,3,2,1
402,547,4,2,2
402,127,5,2,2
402,567,6,2,2
402,367,7,2,2
402,349,8,2,4
402,131,9,2,1
402,57,10,2,2
402,591,11,2,1
402,216,12,2,1
402,572,13,2,2
402,116,14,2,1
402,169,15,2,4
402,530,16,2,0
402,577,17,2,2
402,372,18,2,2
402,377,19,2,2
402,181,20,2,1
403,486,1,0,1
403,556,2,0,1
403,310,3,0,0
403,85,4,0,0
403,403,5,0,3
403,598,6,0,3
403,86,7,0,1
403,469,8,0,4
403,18,9,0,3
403,193,10,0,3
403,436,11,0,1
403,586,12,0,1
403,253,13,0,3
403,180,14,0,0
403,399,15,0,4
403,367,16,0,2
403,315,17,0,0
403,502,18,0,2
403,590,19,0,0
403,160,20,0,0
404,318,1,3,3
404,464,2,3,4
404,166,3,3,1
404,393,4,3,3
404,335,5,3,0
404,445,6,3,0
404,548,7,3,3
404,118,8,3,3
404,522,9,3,2
404,438,10,3,3
404,270,11,3,0
404,313,12,3,3
404,387,13,3,2
404,433,14,3,3
404,509,15,3,4
404,556,16,3,1
404,83,17,3,3
404,138,18,3,3
404,588,19,3,3
404,533,20,3,3
405,589,1,4,4
405,334,2,4,4
405,449,3,4,4
405,529,4,4,4
405,331,5,4,1
405,280,6,4,0
405,388,7,4,3
405,128,8,4,3
405,99,9,4,4
405,28,10,4,3
405,504,11,4,4
405,314,12,4,4
405,444,13,4,4
405,592,14,4,2
405,385,15,4,0
405,429,16,4,4
405,458,17,4,3
405,190,18,4,0
405,489,19,4,4
405,112,20,4,2
406,67,1,1,2
406,473,2,1,3
406,48,3,1,3
406,130,4,1,0
406,276,5,1,1
406,596,6,1,1
406,198,7,1,3
406,386,8,1,1
406,209,9,1,4
406,322,10,1,2
406,66,11,1,1
406,31,12,1,1
406,283,13,1,3
406,116,14,1,1
406,496,15,1,1
406,289,16,1,4
406,8,17,1,3
406,151,18,1,1
406,306,19,1,1
406,570,20,1,0
407,584,1,4,4
407,278,2,4,3
407,354,3,4,4
407,16,4,4,1
407,10,5,4,0
407,459,6,4,4
407,350,7,4,0
407,51,8,4,1
407,499,9,4,4
407,468,10,4,3
407,524,11,4,4
407,436,12,4,1
407,420,13,4,0
407,123,14,4,3
407,549,15,4,4
407,135,16,4,0
407,327,17,4,2
407,394,18,4,4
407,109,19,4,4
407,119,20,4,4
408,318,1,3,3
408,403,2,3,3
408,83,3,3,3
408,300,4,3,0
408,98,5,3,3
408,433,6,3,3
408,303,7,3,3
408,130,8,3,0
408,473,9,3,3
408,444,10,3,4
408,368,11,3,3
408,370,12,3,0
408,295,13,3,0
408,68,14,3,3
408,445,15,3,0
408,208,16,3,3
408,164,17,3,4
408,569,18,3,4
408,135,19,3,0
408,448,20,3,3
409,135,1,1,0
409,321,2,1,1
409,226,3,1,1
409,272,4,1,2
409,179,5,1,4
409,19,6,1,4
409,425,7,1,0
409,531,8,1,1
409,191,9,1,1
409,165,10,1,0
409,121,11,1,1
409,114,12,1,4
409,296,13,1,1
409,481,14,1,1
409,498,15,1,3
409,252,16,1,2
409,51,17,1,1
409,166,18,1,1
409,46,19,1,1
409,336,20,1,1
410,298,1,1,3
410,2,2,1,2
410,361,3,1,1
410,491,4,1,1
410,310,5,1,0
410,466,6,1,1
410,334,7,1,4
410,438,8,1,3
410,506,9,1,1
410,531,10,1,1
410,247,11,1,2
410,363,12,1,3
410,406,13,1,1
410,169,14,1,4
410,34,15,1,4
410,41,16,1,1
410,457,17,1,2
410,71,18,1,1
410,289,19,1,4
410,389,20,1,4
411,536,1,3,1
411,350,2,3,0
411,523,3,3,3
411,537,4,3,2
411,27,5,3,2
411,139,6,3,4
411,213,7,3,3
411,58,8,3,3
411,228,9,3,3
411,264,10,3,4
411,317,11,3,2
411,356,12,3,1
411,458,13,3,3
411,545,14,3,0
411,508,15,3,3
411,254,16,3,4
411,338,17,3,3
411,197,18,3,2
411,238,19,3,3
411,288,20,3,3
412,185,1,0,0
412,365,2,0,0
412,520,3,0,0
412,165,4,0,0
412,178,5,0,3
412,126,6,0,1
412,411,7,0,1
412,325,8,0,0
412,141,9,0,1
412,90,10,0,0
412,263,11,0,3
412,368,12,0,3
412,284,13,0,4
412,0,14,0,0
412,75,15,0,0
412,145,16,0,0
412,560,17,0,0
412,511,18,0,1
412,350,19,0,0
412,330,20,0,0
413,386,1,2,1
413,492,2,2,2
413,37,3,2,2
413,597,4,2,2
413,507,5,2,2
413,361,6,2,1
413,54,7,2,4
413,23,8,2,3
413,337,9,2,2
413,524,10,2,4
413,102,11,2,2
413,511,12,2,1
413,223,13,2,3
413,214,14,2,4
413,242,15,2,2
413,67,16,2,2
413,208,17,2,3
413,274,18,2,4
413,498,19,2,3
413,248,20,2,3
414,283,1,4,3
414,64,2,4,4
414,314,3,4,4
414,469,4,4,4
414,274,5,4,4
414,128,6,4,3
414,499,7,4,4
414,404,8,4,4
414,16,9,4,1
414,542,10,4,2
414,249,11,4,4
414,119,12,4,4
414,229,13,4,4
414,144,14,4,4
414,463,15,4,3
414,284,16,4,4
414,486,17,4,1
414,58,18,4,3
414,179,19,4,4
414,34,20,4,4
415,464,1,4,4
415,439,2,4,4
415,578,3,4,3
415,274,4,4,4
415,259,5,4,4
415,34,6,4,4
415,194,7,4,4
415,222,8,4,2
415,445,9,4,0
415,103,10,4,3
415,141,11,4,1
415,479,12,4,4
415,586,13,4,1
415,428,14,4,3
415,170,15,4,0
415,80,16,4,0
415,323,17,4,3
415,526,18,4,1
415,436,19,4,1
415,212,20,4,2
416,181,1,3,1
416,191,2,3,1
416,517,3,3,2
416,183,4,3,3
416,103,5,3,3
416,207,6,3,2
416,62,7,3,2
416,546,8,3,1
416,208,9,3,3
416,284,10,3,4
416,463,11,3,3
416,508,12,3,3
416,524,13,3,4
416,483,14,3,3
416,348,15,3,3
416,68,16,3,3
416,108,17,3,3
416,296,18,3,1
416,513,19,3,3
416,88,20,3,3
417,154,1,4,4
417,454,2,4,4
417,424,3,4,4
417,480,4,4,0
417,403,5,4,3
417,129,6,4,4
417,284,7,4,4
417,522,8,4,2
417,531,9,4,1
417,234,10,4,4
417,509,11,4,4
417,397,12,4,2
417,489,13,4,4
417,494,14,4,4
417,107,15,4,2
417,354,16,4,4
417,5,17,4,0
417,34,18,4,4
417,279,19,4,4
417,244,20,4,4
418,385,1,0,0
418,585,2,0,0
418,175,3,0,0
418,300,4,0,0
418,325,5,0,0
418,520,6,0,0
418,105,7,0,0
418,340,8,0,0
418,10,9,0,0
418,485,10,0,0
418,495,11,0,0
418,490,12,0,0
418,526,13,0,1
418,67,14,0,2
418,270,15,0,0
418,29,16,0,4
418,480,17,0,0
418,374,18,0,4
418,531,19,0,1
418,103,20,0,3
419,446,1,1,1
419,476,2,1,1
419,276,3,1,1
419,233,4,1,3
419,496,5,1,1
419,381,6,1,1
419,316,7,1,1
419,379,8,1,4
419,141,9,1,1
419,364,10,1,4
419,573,11,1,3
419,191,12,1,1
419,426,13,1,1
419,256,14,1,1
419,343,15,1,3
419,131,16,1,1
419,14,17,1,4
419,126,18,1,1
419,391,19,1,1
419,110,20,1,0
420,269,1,0,4
420,565,2,0,0
420,35,3,0,0
420,63,4,0,3
420,215,5,0,0
420,504,6,0,4
420,245,7,0,0
420,452,8,0,2
420,105,9,0,0
420,470,10,0,0
420,337,11,0,2
420,300,12,0,0
420,250,13,0,0
420,339,14,0,4
420,110,15,0,0
420,475,16,0,0
420,149,17,0,4
420,32,18,0,2
420,26,19,0,1
420,335,20,0,0
421,304,1,2,4
421,65,2,2,0
421,401,3,2,1
421,536,4,2,1
421,444,5,2,4
421,219,6,2,4
421,390,7,2,0
421,32,8,2,2
421,149,9,2,4
421,134,10,2,4
421,240,11,2,0
421,117,12,2,2
421,482,13,2,2
421,337,14,2,2
421,275,15,2,0
421,25,16,2,0
421,228,17,2,3
421,402,18,2,2
421,507,19,2,2
421,161,20,2,1
422,451,1,1,1
422,161,2,1,1
422,356,3,1,1
422,516,4,1,1
422,58,5,1,3
422,386,6,1,1
422,467,7,1,2
422,142,8,1,2
422,450,9,1,0
422,56,10,1,1
422,90,11,1,0
422,374,12,1,4
422,371,13,1,1
422,353,14,1,3
422,221,15,1,1
422,405,16,1,0
422,561,17,1,1
422,130,18,1,0
422,187,19,1,2
422,401,20,1,1
423,485,1,3,0
423,303,2,3,3
423,363,3,3,3
423,23,4,3,3
423,177,5,3,2
423,463,6,3,3
423,170,7,3,0
423,531,8,3,1
423,405,9,3,0
423,548,10,3,3
423,575,11,3,0
423,348,12,3,3
423,156,13,3,1
423,535,14,3,0
423,480,15,3,0
423,393,16,3,3
423,373,17,3,3
423,53,18,3,3
423,439,19,3,4
423,578,20,3,3
424,102,1,4,2
424,529,2,4,4
424,564,3,4,4
424,62,4,4,2
424,40,5,4,0
424,184,6,4,4
424,450,7,4,0
424,12,8,4,2
424,219,9,4,4
424,293,10,4,3
424,66,11,4,1
424,110,12,4,0
424,16,13,4,1
424,103,14,4,3
424,408,15,4,3
424,191,16,4,1
424,519,17,4,4
424,373,18,4,3
424,157,19,4,2
424,477,20,4,2
425,540,1,4,0
425,359,2,4,4
425,149,3,4,4
425,308,4,4,3
425,55,5,4,0
425,384,6,4,4
425,502,7,4,2
425,486,8,4,1
425,120,9,4,0
425,74,10,4,4
425,134,11,4,4
425,174,12,4,4
425,119,13,4,4
425,239,14,4,4
425,114,15,4,4
425,589,16,4,4
425,435,17,4,0
425,65,18,4,0
425,48,19,4,3
425,404,20,4,4
426,539,1,0,4
426,98,2,0,3
426,370,3,0,0
426,310,4,0,0
426,409,5,0,4
426,0,6,0,0
426,326,7,0,1
426,339,8,0,4
426,159,9,0,4
426,345,10,0,0
426,125,11,0,0
426,585,12,0,0
426,254,13,0,4
426,121,14,0,1
426,8,15,0,3
426,505,16,0,0
426,60,17,0,0
426,575,18,0,0
426,138,19,0,3
426,343,20,0,3
427,212,1,2,2
427,530,2,2,0
427,409,3,2,4
427,178,4,2,3
427,340,5,2,0
427,520,6,2,0
427,177,7,2,2
427,164,8,2,4
427,525,9,2,0
427,564,10,2,4
427,442,11,2,2
427,572,12,2,2
427,402,13,2,2
427,287,14,2,2
427,537,15,2,2
427,197,16,2,2
427,32,17,2,2
427,22,18,2,2
427,196,19,2,1
427,484,20,2,4
428,144,1,2,4
428,232,2,2,2
428,492,3,2,2
428,477,4,2,2
428,430,5,2,0
428,98,6,2,3
428,448,7,2,3
428,334,8,2,4
428,556,9,2,1
428,175,10,2,0
428,158,11,2,3
428,537,12,2,2
428,215,13,2,0
428,412,14,2,2
428,146,15,2,1
428,161,16,2,1
428,567,17,2,2
428,577,18,2,2
428,87,19,2,2
428,102,20,2,2
429,398,1,3,3
429,420,2,3,0
429,159,3,3,4
429,22,4,3,2
429,309,5,3,4
429,207,6,3,2
429,288,7,3,3
429,188,8,3,3
429,483,9,3,3
429,564,10,3,4
429,474,11,3,4
429,209,12,3,4
429,473,13,3,3
429,558,14,3,3
429,303,15,3,3
429,132,16,3,2
429,543,17,3,3
429,228,18,3,3
429,573,19,3,3
429,368,20,3,3
430,133,1,1,3
430,535,2,1,0
430,191,3,1,1
430,76,4,1,1
430,491,5,1,1
430,403,6,1,3
430,319,7,1,4
430,392,8,1,2
430,314,9,1,4
430,34,10,1,4
430,31,11,1,1
430,26,12,1,1
430,336,13,1,1
430,106,14,1,1
430,480,15,1,0
430,527,16,1,2
430,281,17,1,1
430,466,18,1,1
430,66,19,1,1
430,241,20,1,1
431,536,1,1,1
431,356,2,1,1
431,556,3,1,1
431,431,4,1,1
431,65,5,1,0
431,211,6,1,1
431,249,7,1,4
431,93,8,1,3
431,573,9,1,3
431,181,10,1,1
431,476,11,1,1
431,411,12,1,1
431,51,13,1,1
431,196,14,1,1
431,178,15,1,3
431,361,16,1,1
431,106,17,1,1
431,247,18,1,2
431,402,19,1,2
431,596,20,1,1
432,21,1,2,1
432,559,2,2,4
432,332,3,2,2
432,352,4,2,2
432,567,5,2,2
432,403,6,2,3
432,137,7,2,2
432,305,8,2,0
432,127,9,2,2
432,221,10,2,1
432,478,11,2,3
432,465,12,2,0
432,312,13,2,2
432,57,14,2,2
432,482,15,2,2
432,63,16,2,3
432,572,17,2,2
432,263,18,2,3
432,172,19,2,2
432,324,20,2,4
433,571,1,4,1
433,29,2,4,4
433,368,3,4,3
433,219,4,4,4
433,542,5,4,2
433,278,6,4,3
433,2,7,4,2
433,434,8,4,4
433,594,9,4,4
433,37,10,4,2
433,339,11,4,4
433,349,12,4,4
433,551,13,4,1
433,315,14,4,0
433,305,15,4,0
433,494,16,4,4
433,451,17,4,1
433,165,18,4,0
433,150,19,4,0
433,185,20,4,0
434,409,1,3,4
434,130,2,3,0
434,307,3,3,2
434,89,4,3,4
434,129,5,3,4
434,367,6,3,2
434,168,7,3,3
434,338,8,3,3
434,18,9,3,3
434,413,10,3,3
434,333,11,3,3
434,17,12,3,2
434,399,13,3,4
434,254,14,3,4
434,22,15,3,2
434,21,16,3,1
434,243,17,3,3
434,143,18,3,3
434,313,19,3,3
434,209,20,3,4
435,451,1,0,1
435,314,2,0,4
435,507,3,0,2
435,0,4,0,0
435,374,5,0,4
435,80,6,0,0
435,230,7,0,0
435,85,8,0,0
435,245,9,0,0
435,437,10,0,2
435,528,11,0,3
435,20,12,0,0
435,194,13,0,4
435,205,14,0,0
435,270,15,0,0
435,380,16,0,0
435,551,17,0,1
435,430,18,0,0
435,257,19,0,2
435,145,20,0,0
436,479,1,3,4
436,587,2,3,2
436,18,3,3,3
436,246,4,3,1
436,108,5,3,3
436,38,6,3,3
436,439,7,3,4
436,389,8,3,4
436,481,9,3,1
436,416,10,3,1
436,98,11,3,3
436,486,12,3,1
436,448,13,3,3
436,102,14,3,2
436,146,15,3,1
436,199,16,3,4
436,493,17,3,3
436,322,18,3,2
436,379,19,3,4
436,8,20,3,3
437,377,1,1,2
437,561,2,1,1
437,176,3,1,1
437,586,4,1,1
437,181,5,1,1
437,452,6,1,2
437,426,7,1,1
437,184,8,1,4
437,496,9,1,1
437,10,10,1,0
437,371,11,1,1
437,69,12,1,4
437,530,13,1,0
437,60,14,1,0
437,1,15,1,1
437,257,16,1,2
437,247,17,1,2
437,354,18,1,4
437,361,19,1,1
437,546,20,1,1
438,109,1,4,4
438,454,2,4,4
438,73,3,4,3
438,479,4,4,4
438,309,5,4,4
438,324,6,4,4
438,334,7,4,4
438,250,8,4,0
438,209,9,4,4
438,595,10,4,0
438,208,11,4,3
438,297,12,4,2
438,417,13,4,2
438,366,14,4,1
438,103,15,4,3
438,47,16,4,2
438,319,17,4,4
438,579,18,4,4
438,503,19,4,3
438,323,20,4,3
439,231,1,1,1
439,296,2,1,1
439,593,3,1,3
439,405,4,1,0
439,347,5,1,2
439,283,6,1,3
439,2,7,1,2
439,274,8,1,4
439,306,9,1,1
439,71,10,1,1
439,506,11,1,1
439,431,12,1,1
439,11,13,1,1
439,511,14,1,1
439,1,15,1,1
439,575,16,1,0
439,41,17,1,1
439,236,18,1,1
439,173,19,1,3
439,351,20,1,1
440,195,1,0,0
440,547,2,0,2
440,286,3,0,1
440,465,4,0,0
440,118,5,0,3
440,1,6,0,1
440,440,7,0,0
440,583,8,0,3
440,25,9,0,0
440,591,10,0,1
440,484,11,0,4
440,55,12,0,0
440,373,13,0,3
440,392,14,0,2
440,430,15,0,0
440,338,16,0,3
440,11,17,0,1
440,255,18,0,0
440,495,19,0,0
440,31,20,0,1
441,319,1,4,4
441,189,2,4,4
441,199,3,4,4
441,50,4,4,0
441,569,5,4,4
441,418,6,4,3
441,67,7,4,2
441,79,8,4,4
441,204,9,4,4
441,17,10,4,2
441,440,11,4,0
441,114,12,4,4
441,258,13,4,3
441,595,14,4,0
441,479,15,4,4
441,363,16,4,3
441,558,17,4,3
441,361,18,4,1
441,562,19,4,2
441,527,20,4,2
442,539,1,2,4
442,579,2,2,4
442,172,3,2,2
442,29,4,2,4
442,287,5,2,2
442,468,6,2,3
442,237,7,2,2
442,570,8,2,0
442,594,9,2,4
442,409,10,2,4
442,59,11,2,4
442,138,12,2,3
442,548,13,2,3
442,57,14,2,2
442,18,15,2,3
442,494,16,2,4
442,398,17,2,3
442,392,18,2,2
442,385,19,2,0
442,257,20,2,2
443,109,1,4,4
443,32,2,4,2
443,566,3,4,1
443,569,4,4,4
443,0,5,4,0
443,257,6,4,2
443,225,7,4,0
443,341,8,4,1
443,571,9,4,1
443,494,10,4,4
443,386,11,4,1
443,35,12,4,0
443,504,13,4,4
443,160,14,4,0
443,84,15,4,4
443,489,16,4,4
443,380,17,4,0
443,191,18,4,1
443,99,19,4,4
443,294,20,4,4
444,125,1,1,0
444,457,2,1,2
444,150,3,1,0
444,241,4,1,1
444,572,5,1,2
444,46,6,1,1
444,187,7,1,2
444,6,8,1,1
444,297,9,1,2
444,168,10,1,3
444,91,11,1,1
444,421,12,1,1
444,381,13,1,1
444,140,14,1,0
444,386,15,1,1
444,146,16,1,1
444,541,17,1,1
444,439,18,1,4
444,346,19,1,1
444,1,20,1,1
445,341,1,2,1
445,272,2,2,2
445,587,3,2,2
445,417,4,2,2
445,420,5,2,0
445,45,6,2,0
445,322,7,2,2
445,335,8,2,0
445,141,9,2,1
445,208,10,2,3
445,452,11,2,2
445,585,12,2,0
445,527,13,2,2
445,376,14,2,1
445,369,15,2,4
445,281,16,2,1
445,372,17,2,2
445,32,18,2,2
445,177,19,2,2
445,480,20,2,0
446,148,1,3,3
446,318,2,3,3
446,268,3,3,3
446,64,4,3,4
446,573,5,3,3
446,61,6,3,1
446,263,7,3,3
446,137,8,3,2
446,358,9,3,3
446,219,10,3,4
446,397,11,3,2
446,576,12,3,1
446,212,13,3,2
446,347,14,3,2
446,428,15,3,3
446,204,16,3,4
446,50,17,3,0
446,473,18,3,3
446,288,19,3,3
446,448,20,3,3
447,481,1,1,1
447,311,2,1,1
447,46,3,1,1
447,294,4,1,4
447,181,5,1,1
447,66,6,1,1
447,596,7,1,1
447,474,8,1,4
447,497,9,1,2
447,599,10,1,4
447,139,11,1,4
447,161,12,1,1
447,576,13,1,1
447,512,14,1,2
447,550,15,1,0
447,113,16,1,3
447,375,17,1,0
447,381,18,1,1
447,297,19,1,2
447,156,20,1,1
448,193,1,4,3
448,444,2,4,4
448,460,3,4,0
448,569,4,4,4
448,499,5,4,4
448,358,6,4,3
448,18,7,4,3
448,304,8,4,4
448,44,9,4,4
448,169,10,4,4
448,114,11,4,4
448,254,12,4,4
448,291,13,4,1
448,223,14,4,3
448,24,15,4,4
448,209,16,4,4
448,402,17,4,2
448,274,18,4,4
448,259,19,4,4
448,99,20,4,4
449,182,1,1,2
449,241,2,1,1
449,569,3,1,4
449,584,4,1,4
449,366,5,1,1
449,184,6,1,4
449,582,7,1,2
449,236,8,1,1
449,104,9,1,4
449,283,10,1,3
449,416,11,1,1
449,91,12,1,1
449,541,13,1,1
449,47,14,1,2
449,19,15,1,4
449,501,16,1,1
449,521,17,1,1
449,150,18,1,0
449,219,19,1,4
449,151,20,1,1
450,330,1,2,0
450,522,2,2,2
450,119,3,2,4
450,272,4,2,2
450,245,5,2,0
450,128,6,2,3
450,530,7,2,0
450,219,8,2,4
450,432,9,2,2
450,234,10,2,4
450,16,11,2,1
450,180,12,2,0
450,517,13,2,2
450,476,14,2,1
450,597,15,2,2
450,102,16,2,2
450,202,17,2,2
450,127,18,2,2
450,427,19,2,2
450,567,20,2,2
451,374,1,4,4
451,549,2,4,4
451,52,3,4,2
451,44,4,4,4
451,47,5,4,2
451,155,6,4,0
451,148,7,4,3
451,364,8,4,4
451,84,9,4,4
451,446,10,4,1
451,544,11,4,4
451,109,12,4,4
451,41,13,4,1
451,560,14,4,0
451,533,15,4,3
451,484,16,4,4
451,413,17,4,3
451,244,18,4,4
451,576,19,4,1
451,475,20,4,0
452,467,1,1,2
452,318,2,1,3
452,177,3,1,2
452,571,4,1,1
452,592,5,1,2
452,184,6,1,4
452,334,7,1,4
452,111,8,1,1
452,31,9,1,1
452,151,10,1,1
452,436,11,1,1
452,287,12,1,2
452,341,13,1,1
452,381,14,1,1
452,192,15,1,2
452,345,16,1,0
452,147,17,1,2
452,336,18,1,1
452,105,19,1,0
452,165,20,1,0
453,546,1,3,1
453,329,2,3,4
453,493,3,3,3
453,255,4,3,0
453,590,5,3,0
453,145,6,3,0
453,58,7,3,3
453,109,8,3,4
453,83,9,3,3
453,528,10,3,3
453,522,11,3,2
453,262,12,3,2
453,297,13,3,2
453,513,14,3,3
453,260,15,3,0
453,503,16,3,3
453,537,17,3,2
453,572,18,3,2
453,591,19,3,1
453,67,20,3,2
454,26,1,1,1
454,75,2,1,0
454,531,3,1,1
454,586,4,1,1
454,163,5,1,3
454,398,6,1,3
454,483,7,1,3
454,570,8,1,0
454,46,9,1,1
454,595,10,1,0
454,166,11,1,1
454,394,12,1,4
454,490,13,1,0
454,371,14,1,1
454,505,15,1,0
454,493,16,1,3
454,575,17,1,0
454,45,18,1,0
454,104,19,1,4
454,51,20,1,1
455,95,1,4,0
455,313,2,4,3
455,114,3,4,4
455,525,4,4,0
455,249,5,4,4
455,259,6,4,4
455,300,7,4,0
455,244,8,4,4
455,456,9,4,1
455,262,10,4,2
455,162,11,4,2
455,204,12,4,4
455,576,13,4,1
455,578,14,4,3
455,255,15,4,0
455,171,16,4,1
455,134,17,4,4
455,423,18,4,3
455,281,19,4,1
455,389,20,4,4
456,299,1,4,4
456,300,2,4,0
456,5,3,4,0
456,321,4,4,1
456,468,5,4,3
456,405,6,4,0
456,68,7,4,3
456,88,8,4,3
456,58,9,4,3
456,448,10,4,3
456,350,11,4,0
456,199,12,4,4
456,155,13,4,0
456,559,14,4,4
456,193,15,4,3
456,364,16,4,4
456,382,17,4,2
456,535,18,4,0
456,374,19,4,4
456,60,20,4,0
457,252,1,4,2
457,96,2,4,1
457,554,3,4,4
457,458,4,4,3
457,204,5,4,4
457,534,6,4,4
457,489,7,4,4
457,23,8,4,3
457,189,9,4,4
457,278,10,4,3
457,120,11,4,0
457,385,12,4,0
457,300,13,4,0
457,389,14,4,4
457,222,15,4,2
457,244,16,4,4
457,167,17,4,2
457,314,18,4,4
457,532,19,4,2
457,191,20,4,1
458,293,1,3,3
458,233,2,3,3
458,167,3,3,2
458,43,4,3,3
458,588,5,3,3
458,538,6,3,3
458,328,7,3,3
458,93,8,3,3
458,288,9,3,3
458,341,10,3,1
458,179,11,3,4
458,456,12,3,1
458,490,13,3,0
458,183,14,3,3
458,349,15,3,4
458,458,16,3,3
458,166,17,3,1
458,334,18,3,4
458,250,19,3,0
458,286,20,3,1
459,425,1,0,0
459,175,2,0,0
459,550,3,0,0
459,290,4,0,0
459,75,5,0,0
459,270,6,0,0
459,135,7,0,0
459,452,8,0,2
459,74,9,0,4
459,100,10,0,0
459,385,11,0,0
459,225,12,0,0
459,541,13,0,1
459,115,14,0,0
459,498,15,0,3
459,275,16,0,0
459,11,17,0,1
459,495,18,0,0
459,540,19,0,0
459,195,20,0,0
460,86,1,0,1
460,306,2,0,1
460,127,3,0,2
460,468,4,0,3
460,455,5,0,0
460,469,6,0,4
460,218,7,0,3
460,495,8,0,0
460,225,9,0,0
460,35,10,0,0
460,536,11,0,1
460,165,12,0,0
460,567,13,0,2
460,444,14,0,4
460,187,15,0,2
460,151,16,0,1
460,590,17,0,0
460,415,18,0,0
460,215,19,0,0
460,285,20,0,0
461,65,1,0,0
461,150,2,0,0
461,77,3,0,2
461,102,4,0,2
461,431,5,0,1
461,99,6,0,4
461,458,7,0,3
461,165,8,0,0
461,504,9,0,4
461,68,10,0,3
461,399,11,0,4
461,475,12,0,0
461,152,13,0,2
461,328,14,0,3
461,126,15,0,1
461,169,16,0,4
461,436,17,0,1
461,190,18,0,0
461,590,19,0,0
461,266,20,0,1
462,289,1,2,4
462,485,2,2,0
462,92,3,2,2
462,22,4,2,2
462,239,5,2,4
462,297,6,2,2
462,205,7,2,0
462,528,8,2,3
462,557,9,2,2
462,538,10,2,3
462,536,11,2,1
462,343,12,2,3
462,65,13,2,0
462,175,14,2,0
462,183,15,2,3
462,299,16,2,4
462,44,17,2,4
462,97,18,2,2
462,246,19,2,1
462,591,20,2,1
463,24,1,4,4
463,49,2,4,4
463,274,3,4,4
463,90,4,4,0
463,544,5,4,4
463,194,6,4,4
463,34,7,4,4
463,469,8,4,4
463,95,9,4,0
463,39,10,4,4
463,384,11,4,4
463,434,12,4,4
463,408,13,4,3
463,305,14,4,0
463,423,15,4,3
463,541,16,4,1
463,31,17,4,1
463,519,18,4,4
463,587,19,4,2
463,309,20,4,4
464,422,1,2,2
464,576,2,2,1
464,397,3,2,2
464,197,4,2,2
464,512,5,2,2
464,493,6,2,3
464,507,7,2,2
464,375,8,2,0
464,198,9,2,3
464,77,10,2,2
464,107,11,2,2
464,167,12,2,2
464,67,13,2,2
464,215,14,2,0
464,71,15,2,1
464,65,16,2,0
464,206,17,2,1
464,142,18,2,2
464,15,19,2,0
464,220,20,2,0
465,88,1,3,3
465,240,2,3,0
465,335,3,3,0
465,403,4,3,3
465,485,5,3,0
465,258,6,3,3
465,298,7,3,3
465,213,8,3,3
465,588,9,3,3
465,218,10,3,3
465,8,11,3,3
465,94,12,3,4
465,578,13,3,3
465,173,14,3,3
465,384,15,3,4
465,502,16,3,2
465,13,17,3,3
465,250,18,3,0
465,79,19,3,4
465,423,20,3,3
466,67,1,2,2
466,162,2,2,2
466,297,3,2,2
466,372,4,2,2
466,547,5,2,2
466,68,6,2,3
466,388,7,2,3
466,232,8,2,2
466,246,9,2,1
466,212,10,2,2
466,552,11,2,2
466,310,12,2,0
466,489,13,2,4
466,442,14,2,2
466,227,15,2,2
466,222,16,2,2
466,317,17,2,2
466,572,18,2,2
466,366,19,2,1
466,532,20,2,2
467,317,1,1,2
467,471,2,1,1
467,97,3,1,2
467,276,4,1,1
467,91,5,1,1
467,561,6,1,1
467,278,7,1,3
467,165,8,1,0
467,326,9,1,1
467,294,10,1,4
467,256,11,1,1
467,391,12,1,1
467,201,13,1,1
467,386,14,1,1
467,324,15,1,4
467,221,16,1,1
467,60,17,1,0
467,46,18,1,1
467,66,19,1,1
467,226,20,1,1
468,490,1,0,0
468,366,2,0,1
468,489,3,0,4
468,390,4,0,0
468,506,5,0,1
468,60,6,0,0
468,349,7,0,4
468,565,8,0,0
468,530,9,0,0
468,525,10,0,0
468,420,11,0,0
468,45,12,0,0
468,377,13,0,2
468,579,14,0,4
468,386,15,0,1
468,295,16,0,0
468,569,17,0,4
468,435,18,0,0
468,318,19,0,3
468,233,20,0,3
469,255,1,4,0
469,595,2,4,0
469,310,3,4,0
469,76,4,4,1
469,589,5,4,4
469,87,6,4,2
469,311,7,4,1
469,24,8,4,4
469,295,9,4,0
469,2,10,4,2
469,261,11,4,1
469,559,12,4,4
469,516,13,4,1
469,89,14,4,4
469,368,15,4,3
469,96,16,4,1
469,405,17,4,0
469,538,18,4,3
469,599,19,4,4
469,412,20,4,2
470,552,1,4,2
470,218,2,4,3
470,29,3,4,4
470,545,4,4,0
470,525,5,4,0
470,259,6,4,4
470,341,7,4,1
470,271,8,4,1
470,126,9,4,1
470,374,10,4,4
470,262,11,4,2
470,264,12,4,4
470,509,13,4,4
470,294,14,4,4
470,389,15,4,4
470,559,16,4,4
470,79,17,4,4
470,395,18,4,0
470,562,19,4,2
470,434,20,4,4
471,292,1,3,2
471,179,2,3,4
471,519,3,3,4
471,208,4,3,3
471,164,5,3,4
471,96,6,3,1
471,78,7,3,3
471,413,8,3,3
471,63,9,3,3
471,183,10,3,3
471,393,11,3,3
471,241,12,3,1
471,98,13,3,3
471,304,14,3,4
471,494,15,3,4
471,153,16,3,3
471,242,17,3,2
471,523,18,3,3
471,488,19,3,3
471,243,20,3,3
472,183,1,1,3
472,369,2,1,4
472,576,3,1,1
472,277,4,1,2
472,522,5,1,2
472,386,6,1,1
472,36,7,1,1
472,235,8,1,0
472,401,9,1,1
472,35,10,1,0
472,343,11,1,3
472,33,12,1,3
472,566,13,1,1
472,411,14,1,1
472,405,15,1,0
472,52,16,1,2
472,64,17,1,4
472,128,18,1,3
472,21,19,1,1
472,285,20,1,0
473,264,1,2,4
473,123,2,2,3
473,118,3,2,3
473,597,4,2,2
473,262,5,2,2
473,318,6,2,3
473,277,7,2,2
473,536,8,2,1
473,161,9,2,1
473,432,10,2,2
473,271,11,2,1
473,261,12,2,1
473,476,13,2,1
473,45,14,2,0
473,517,15,2,2
473,7,16,2,2
473,80,17,2,0
473,223,18,2,3
473,461,19,2,1
473,561,20,2,1
474,564,1,4,4
474,472,2,4,2
474,548,3,4,3
474,51,4,4,1
474,587,5,4,2
474,204,6,4,4
474,88,7,4,3
474,319,8,4,4
474,229,9,4,4
474,515,10,4,0
474,369,11,4,4
474,134,12,4,4
474,538,13,4,3
474,511,14,4,1
474,508,15,4,3
474,62,16,4,2
474,93,17,4,3
474,358,18,4,3
474,354,19,4,4
474,344,20,4,4
475,232,1,2,2
475,24,2,2,4
475,92,3,2,2
475,587,4,2,2
475,448,5,2,3
475,89,6,2,4
475,52,7,2,2
475,358,8,2,3
475,532,9,2,2
475,322,10,2,2
475,582,11,2,2
475,569,12,2,4
475,236,13,2,1
475,122,14,2,2
475,535,15,2,0
475,7,16,2,2
475,457,17,2,2
475,439,18,2,4
475,542,19,2,2
475,494,20,2,4
476,162,1,2,2
476,583,2,2,3
476,452,3,2,2
476,567,4,2,2
476,98,5,2,3
476,177,6,2,2
476,12,7,2,2
476,477,8,2,2
476,114,9,2,4
476,75,10,2,0
476,573,11,2,3
476,304,12,2,4
476,282,13,2,2
476,499,14,2,4
476,382,15,2,2
476,121,16,2,1
476,373,17,2,3
476,34,18,2,4
476,357,19,2,2
476,339,20,2,4
477,596,1,1,1
477,84,2,1,4
477,86,3,1,1
477,271,4,1,1
477,23,5,1,3
477,502,6,1,2
477,446,7,1,1
477,56,8,1,1
477,349,9,1,4
477,577,10,1,2
477,336,11,1,1
477,210,12,1,0
477,476,13,1,1
477,418,14,1,3
477,325,15,1,0
477,26,16,1,1
477,451,17,1,1
477,87,18,1,2
477,517,19,1,2
477,441,20,1,1
478,179,1,4,4
478,9,2,4,4
478,13,3,4,3
478,168,4,4,3
478,340,5,4,0
478,474,6,4,4
478,217,7,4,2
478,529,8,4,4
478,495,9,4,0
478,129,10,4,4
478,329,11,4,4
478,479,12,4,4
478,195,13,4,0
478,103,14,4,3
478,41,15,4,1
478,175,16,4,0
478,485,17,4,0
478,149,18,4,4
478,597,19,4,2
478,245,20,4,0
479,3,1,4,3
479,470,2,4,0
479,316,3,4,1
479,516,4,4,1
479,439,5,4,4
479,350,6,4,0
479,581,7,4,1
479,594,8,4,4
479,446,9,4,1
479,189,10,4,4
479,169,11,4,4
479,303,12,4,3
479,59,13,4,4
479,43,14,4,3
479,314,15,4,4
479,524,16,4,4
479,390,17,4,0
479,263,18,4,3
479,522,19,4,2
479,39,20,4,4
480,97,1,0,2
480,29,2,0,4
480,107,3,0,2
480,316,4,0,1
480,112,5,0,2
480,221,6,0,1
480,497,7,0,2
480,560,8,0,0
480,160,9,0,0
480,551,10,0,1
480,50,11,0,0
480,420,12,0,0
480,524,13,0,4
480,36,14,0,1
480,355,15,0,0
480,228,16,0,3
480,60,17,0,0
480,565,18,0,0
480,395,19,0,0
480,415,20,0,0
481,210,1,0,0
481,89,2,0,4
481,154,3,0,4
481,430,4,0,0
481,414,5,0,4
481,136,6,0,1
481,15,7,0,0
481,476,8,0,1
481,420,9,0,0
481,380,10,0,0
481,70,11,0,0
481,255,12,0,0
481,215,13,0,0
481,223,14,0,3
481,363,15,0,3
481,34,16,0,4
481,515,17,0,0
481,445,18,0,0
481,438,19,0,3
481,350,20,0,0
482,49,1,4,4
482,393,2,4,3
482,148,3,4,3
482,569,4,4,4
482,120,5,4,0
482,465,6,4,0
482,519,7,4,4
482,127,8,4,2
482,304,9,4,4
482,521,10,4,1
482,544,11,4,4
482,524,12,4,4
482,42,13,4,2
482,533,14,4,3
482,538,15,4,3
482,342,16,4,2
482,475,17,4,0
482,236,18,4,1
482,438,19,4,3
482,92,20,4,2
483,529,1,1,4
483,446,2,1,1
483,186,3,1,1
483,311,4,1,1
483,476,5,1,1
483,48,6,1,3
483,191,7,1,1
483,66,8,1,1
483,137,9,1,2
483,564,10,1,4
483,326,11,1,1
483,310,12,1,0
483,362,13,1,2
483,392,14,1,2
483,506,15,1,1
483,111,16,1,1
483,426,17,1,1
483,6,18,1,1
483,41,19,1,1
483,491,20,1,1
484,203,1,4,3
484,3,2,4,3
484,283,3,4,3
484,445,4,4,0
484,71,5,4,1
484,392,6,4,2
484,169,7,4,4
484,373,8,4,3
484,374,9,4,4
484,191,10,4,1
484,348,11,4,3
484,444,12,4,4
484,335,13,4,0
484,224,14,4,4
484,74,15,4,4
484,406,16,4,1
484,569,17,4,4
484,468,18,4,3
484,263,19,4,3
484,6,20,4,1
485,190,1,2,0
485,238,2,2,3
485,597,3,2,2
485,576,4,2,1
485,117,5,2,2
485,567,6,2,2
485,423,7,2,3
485,122,8,2,2
485,157,9,2,2
485,518,10,2,3
485,165,11,2,0
485,6,12,2,1
485,312,13,2,2
485,547,14,2,2
485,257,15,2,2
485,274,16,2,4
485,15,17,2,0
485,557,18,2,2
485,236,19,2,1
485,527,20,2,2
486,375,1,0,0
486,135,2,0,0
486,225,3,0,0
486,327,4,0,2
486,35,5,0,0
486,551,6,0,1
486,349,7,0,4
486,340,8,0,0
486,0,9,0,0
486,171,10,0,1
486,505,11,0,0
486,376,12,0,1
486,503,13,0,3
486,75,14,0,0
486,303,15,0,3
486,130,16,0,0
486,15,17,0,0
486,89,18,0,4
486,192,19,0,2
486,496,20,0,1
487,448,1,0,3
487,25,2,0,0
487,555,3,0,0
487,360,4,0,0
487,540,5,0,0
487,265,6,0,0
487,10,7,0,0
487,121,8,0,1
487,566,9,0,1
487,437,10,0,2
487,24,11,0,4
487,462,12,0,2
487,251,13,0,1
487,440,14,0,0
487,526,15,0,1
487,475,16,0,0
487,280,17,0,0
487,296,18,0,1
487,69,19,0,4
487,165,20,0,0
488,172,1,2,2
488,147,2,2,2
488,466,3,2,1
488,347,4,2,2
488,2,5,2,2
488,442,6,2,2
488,62,7,2,2
488,367,8,2,2
488,195,9,2,0
488,572,10,2,2
488,481,11,2,1
488,387,12,2,2
488,457,13,2,2
488,557,14,2,2
488,294,15,2,4
488,257,16,2,2
488,437,17,2,2
488,507,18,2,2
488,68,19,2,3
488,542,20,2,2
489,371,1,0,1
489,10,2,0,0
489,86,3,0,1
489,172,4,0,2
489,420,5,0,0
489,31,6,0,1
489,480,7,0,0
489,500,8,0,0
489,295,9,0,0
489,245,10,0,0
489,197,11,0,2
489,142,12,0,2
489,208,13,0,3
489,568,14,0,3
489,255,15,0,0
489,340,16,0,0
489,525,17,0,0
489,167,18,0,2
489,206,19,0,1
489,195,20,0,0
490,128,1,3,3
490,43,2,3,3
490,372,3,3,2
490,363,4,3,3
490,178,5,3,3
490,578,6,3,3
490,218,7,3,3
490,376,8,3,1
490,86,9,3,1
490,328,10,3,3
490,468,11,3,3
490,283,12,3,3
490,324,13,3,4
490,336,14,3,1
490,557,15,3,2
490,446,16,3,1
490,14,17,3,4
490,393,18,3,3
490,241,19,3,1
490,96,20,3,1
491,276,1,1,1
491,204,2,1,4
491,224,3,1,4
491,143,4,1,3
491,496,5,1,1
491,576,6,1,1
491,388,7,1,3
491,386,8,1,1
491,352,9,1,2
491,4,10,1,4
491,54,11,1,4
491,296,12,1,1
491,471,13,1,1
491,341,14,1,1
491,126,15,1,1
491,207,16,1,2
491,491,17,1,1
491,160,18,1,0
491,66,19,1,1
491,366,20,1,1
492,116,1,4,1
492,429,2,4,4
492,114,3,4,4
492,81,4,4,1
492,569,5,4,4
492,374,6,4,4
492,459,7,4,4
492,209,8,4,4
492,96,9,4,1
492,108,10,4,3
492,457,11,4,2
492,89,12,4,4
492,325,13,4,0
492,184,14,4,4
492,323,15,4,3
492,82,16,4,2
492,219,17,4,4
492,469,18,4,4
492,234,19,4,4
492,240,20,4,0
493,201,1,4,1
493,514,2,4,4
493,478,3,4,3
493,246,4,4,1
493,243,5,4,3
493,299,6,4,4
493,319,7,4,4
493,354,8,4,4
493,589,9,4,4
493,404,10,4,4
493,7,11,4,2
493,102,12,4,2
493,116,13,4,1
493,107,14,4,2
493,283,15,4,3
493,80,16,4,0
493,370,17,4,0
493,41,18,4,1
493,599,19,4,4
493,509,20,4,4
494,304,1,0,4
494,121,2,0,1
494,20,3,0,0
494,505,4,0,0
494,563,5,0,3
494,150,6,0,0
494,246,7,0,1
494,209,8,0,4
494,140,9,0,0
494,66,10,0,1
494,550,11,0,0
494,75,12,0,0
494,399,13,0,4
494,40,14,0,0
494,362,15,0,2
494,420,16,0,0
494,119,17,0,4
494,105,18,0,0
494,145,19,0,0
494,320,20,0,0
495,448,1,3,3
495,599,2,3,4
495,540,3,3,0
495,33,4,3,3
495,308,5,3,3
495,303,6,3,3
495,259,7,3,4
495,478,8,3,3
495,109,9,3,4
495,98,10,3,3
495,523,11,3,3
495,433,12,3,3
495,398,13,3,3
495,87,14,3,2
495,576,15,3,1
495,569,16,3,4
495,118,17,3,3
495,53,18,3,3
495,199,19,3,4
495,533,20,3,3
496,269,1,1,4
496,190,2,1,0
496,509,3,1,4
496,251,4,1,1
496,276,5,1,1
496,536,6,1,1
496,236,7,1,1
496,159,8,1,4
496,426,9,1,1
496,288,10,1,3
496,556,11,1,1
496,203,12,1,3
496,307,13,1,2
496,305,14,1,0
496,361,15,1,1
496,397,16,1,2
496,256,17,1,1
496,380,18,1,0
496,149,19,1,4
496,351,20,1,1
497,133,1,3,3
497,421,2,3,1
497,433,3,3,3
497,505,4,3,0
497,218,5,3,3
497,293,6,3,3
497,327,7,3,2
497,579,8,3,4
497,243,9,3,3
497,493,10,3,3
497,23,11,3,3
497,573,12,3,3
497,285,13,3,0
497,120,14,3,0
497,307,15,3,2
497,404,16,3,4
497,10,17,3,0
497,586,18,3,1
497,373,19,3,3
497,338,20,3,3
498,552,1,2,2
498,531,2,2,1
498,245,3,2,0
498,559,4,2,4
498,567,5,2,2
498,433,6,2,3
498,324,7,2,4
498,277,8,2,2
498,381,9,2,1
498,409,10,2,4
498,72,11,2,2
498,99,12,2,4
498,152,13,2,2
498,242,14,2,2
498,107,15,2,2
498,279,16,2,4
498,272,17,2,2
498,205,18,2,0
498,442,19,2,2
498,593,20,2,3
499,523,1,1,3
499,295,2,1,0
499,131,3,1,1
499,346,4,1,1
499,391,5,1,1
499,180,6,1,0
499,584,7,1,4
499,136,8,1,1
499,126,9,1,1
499,26,10,1,1
499,159,11,1,4
499,40,12,1,0
499,161,13,1,1
499,234,14,1,4
499,191,15,1,1
499,481,16,1,1
499,500,17,1,0
499,110,18,1,0
499,535,19,1,0
499,71,20,1,1
500,118,1,3,3
500,500,2,3,0
500,526,3,3,1
500,139,4,3,4
500,328,5,3,3
500,268,6,3,3
500,300,7,3,0
500,517,8,3,2
500,538,9,3,3
500,348,10,3,3
500,258,11,3,3
500,373,12,3,3
500,240,13,3,0
500,285,14,3,0
500,243,15,3,3
500,222,16,3,2
500,398,17,3,3
500,142,18,3,2
500,508,19,3,3
500,263,20,3,3
501,381,1,0,1
501,449,2,0,4
501,54,3,0,4
501,490,4,0,0
501,425,5,0,0
501,242,6,0,2
501,470,7,0,0
501,175,8,0,0
501,435,9,0,0
501,45,10,0,0
501,217,11,0,2
501,135,12,0,0
501,318,13,0,3
501,5,14,0,0
501,550,15,0,0
501,526,16,0,1
501,384,17,0,4
501,280,18,0,0
501,315,19,0,0
501,49,20,0,4
502,420,1,4,0
502,92,2,4,2
502,129,3,4,4
502,509,4,4,4
502,2,5,4,2
502,194,6,4,4
502,557,7,4,2
502,44,8,4,4
502,579,9,4,4
502,259,10,4,4
502,483,11,4,3
502,229,12,4,4
502,324,13,4,4
502,57,14,4,2
502,226,15,4,1
502,241,16,4,1
502,61,17,4,1
502,84,18,4,4
502,289,19,4,4
502,363,20,4,3
503,233,1,4,3
503,557,2,4,2
503,249,3,4,4
503,453,4,4,3
503,281,5,4,1
503,250,6,4,0
503,299,7,4,4
503,301,8,4,1
503,144,9,4,4
503,379,10,4,4
503,356,11,4,1
503,550,12,4,0
503,439,13,4,4
503,237,14,4,2
503,153,15,4,3
503,459,16,4,4
503,596,17,4,1
503,578,18,4,3
503,209,19,4,4
503,555,20,4,0
504,434,1,2,4
504,557,2,2,2
504,137,3,2,2
504,497,4,2,2
504,262,5,2,2
504,452,6,2,2
504,578,7,2,3
504,322,8,2,2
504,52,9,2,2
504,593,10,2,3
504,527,11,2,2
504,402,12,2,2
504,365,13,2,0
504,127,14,2,2
504,204,15,2,4
504,143,16,2,3
504,303,17,2,3
504,562,18,2,2
504,7,19,2,2
504,463,20,2,3
505,2,1,4,2
505,412,2,4,2
505,124,3,4,4
505,64,4,4,4
505,553,5,4,3
505,404,6,4,4
505,527,7,4,2
505,586,8,4,1
505,519,9,4,4
505,589,10,4,4
505,524,11,4,4
505,166,12,4,1
505,196,13,4,1
505,389,14,4,4
505,329,15,4,4
505,16,16,4,1
505,456,17,4,1
505,169,18,4,4
505,533,19,4,3
505,361,20,4,1
506,36,1,2,1
506,334,2,2,4
506,557,3,2,2
506,273,4,2,3
506,325,5,2,0
506,457,6,2,2
506,499,7,2,4
506,390,8,2,0
506,358,9,2,3
506,517,10,2,2
506,40,11,2,0
506,551,12,2,1
506,353,13,2,3
506,407,14,2,2
506,507,15,2,2
506,105,16,2,0
506,119,17,2,4
506,239,18,2,4
506,533,19,2,3
506,71,20,2,1
507,374,1,3,4
507,518,2,3,3
507,71,3,3,1
507,12,4,3,2
507,112,5,3,2
507,593,6,3,3
507,263,7,3,3
507,48,8,3,3
507,538,9,3,3
507,493,10,3,3
507,163,11,3,3
507,73,12,3,3
507,558,13,3,3
507,4,14,3,4
507,519,15,3,4
507,58,16,3,3
507,321,17,3,1
507,158,18,3,3
507,307,19,3,2
507,447,20,3,2
508,454,1,4,4
508,531,2,4,1
508,224,3,4,4
508,413,4,4,3
508,264,5,4,4
508,485,6,4,0
508,360,7,4,0
508,577,8,4,2
508,134,9,4,4
508,253,10,4,3
508,207,11,4,2
508,239,12,4,4
508,379,13,4,4
508,245,14,4,0
508,135,15,4,0
508,292,16,4,2
508,98,17,4,3
508,594,18,4,4
508,575,19,4,0
508,535,20,4,0
509,83,1,3,3
509,33,2,3,3
509,156,3,3,1
509,167,4,3,2
509,302,5,3,2
509,222,6,3,2
509,209,7,3,4
509,588,8,3,3
509,305,9,3,0
509,181,10,3,1
509,415,11,3,0
509,434,12,3,4
509,306,13,3,1
509,566,14,3,1
509,408,15,3,3
509,191,16,3,1
509,130,17,3,0
509,422,18,3,2
509,500,19,3,0
509,138,20,3,3
510,49,1,3,4
510,444,2,3,4
510,182,3,3,2
510,473,4,3,3
510,85,5,3,0
510,445,6,3,0
510,483,7,3,3
510,204,8,3,4
510,240,9,3,0
510,472,10,3,2
510,31,11,3,1
510,508,12,3,3
510,593,13,3,3
510,433,14,3,3
510,168,15,3,3
510,520,16,3,0
510,509,17,3,4
510,431,18,3,1
510,583,19,3,3
510,298,20,3,3
511,226,1,0,1
511,266,2,0,1
511,303,3,0,3
511,235,4,0,0
511,558,5,0,3
511,332,6,0,2
511,380,7,0,0
511,17,8,0,2
511,180,9,0,0
511,134,10,0,4
511,241,11,0,1
511,497,12,0,2
511,321,13,0,1
511,500,14,0,0
511,507,15,0,2
511,499,16,0,4
511,83,17,0,3
511,60,18,0,0
511,22,19,0,2
511,215,20,0,0
512,17,1,1,2
512,401,2,1,1
512,95,3,1,0
512,121,4,1,1
512,538,5,1,3
512,36,6,1,1
512,97,7,1,2
512,276,8,1,1
512,551,9,1,1
512,524,10,1,4
512,532,11,1,2
512,501,12,1,1
512,227,13,1,2
512,85,14,1,0
512,137,15,1,2
512,476,16,1,1
512,459,17,1,4
512,212,18,1,2
512,466,19,1,1
512,141,20,1,1
513,209,1,0,4
513,15,2,0,0
513,170,3,0,0
513,181,4,0,1
513,555,5,0,0
513,335,6,0,0
513,280,7,0,0
513,325,8,0,0
513,294,9,0,4
513,470,10,0,0
513,105,11,0,0
513,122,12,0,2
513,155,13,0,0
513,421,14,0,1
513,25,15,0,0
513,110,16,0,0
513,265,17,0,0
513,520,18,0,0
513,277,19,0,2
513,384,20,0,4
514,431,1,4,1
514,144,2,4,4
514,229,3,4,4
514,16,4,4,1
514,199,5,4,4
514,278,6,4,3
514,297,7,4,2
514,467,8,4,2
514,46,9,4,1
514,269,10,4,4
514,194,11,4,4
514,106,12,4,1
514,61,13,4,1
514,86,14,4,1
514,174,15,4,4
514,159,16,4,4
514,519,17,4,4
514,494,18,4,4
514,594,19,4,4
514,564,20,4,4
515,13,1,3,3
515,443,2,3,3
515,3,3,3,3
515,365,4,3,0
515,531,5,3,1
515,163,6,3,3
515,248,7,3,3
515,148,8,3,3
515,124,9,3,4
515,358,10,3,3
515,359,11,3,4
515,448,12,3,3
515,583,13,3,3
515,193,14,3,3
515,166,15,3,1
515,490,16,3,0
515,25,17,3,0
515,210,18,3,0
515,415,19,3,0
515,261,20,3,1
516,183,1,3,3
516,243,2,3,3
516,269,3,3,4
516,340,4,3,0
516,70,5,3,0
516,359,6,3,4
516,220,7,3,0
516,440,8,3,0
516,465,9,3,0
516,192,10,3,2
516,162,11,3,2
516,485,12,3,0
516,114,13,3,4
516,193,14,3,3
516,393,15,3,3
516,441,16,3,1
516,3,17,3,3
516,417,18,3,2
516,293,19,3,3
516,447,20,3,2
517,82,1,0,2
517,161,2,0,1
517,360,3,0,0
517,540,4,0,0
517,405,5,0,0
517,577,6,0,2
517,207,7,0,2
517,185,8,0,0
517,11,9,0,1
517,323,10,0,3
517,570,11,0,0
517,46,12,0,1
517,401,13,0,1
517,272,14,0,2
517,364,15,0,4
517,184,16,0,4
517,134,17,0,4
517,555,18,0,0
517,255,19,0,0
517,20,20,0,0
518,19,1,4,4
518,9,2,4,4
518,159,3,4,4
518,476,4,4,1
518,591,5,4,1
518,415,6,4,0
518,434,7,4,4
518,374,8,4,4
518,224,9,4,4
518,550,10,4,0
518,273,11,4,3
518,61,12,4,1
518,32,13,4,2
518,300,14,4,0
518,413,15,4,3
518,124,16,4,4
518,483,17,4,3
518,62,18,4,2
518,234,19,4,4
518,254,20,4,4
519,495,1,0,0
519,129,2,0,4
519,255,3,0,0
519,380,4,0,0
519,205,5,0,0
519,542,6,0,2
519,116,7,0,1
519,293,8,0,3
519,60,9,0,0
519,557,10,0,2
519,126,11,0,1
519,597,12,0,2
519,365,13,0,0
519,40,14,0,0
519,335,15,0,0
519,98,16,0,3
519,80,17,0,0
519,547,18,0,2
519,35,19,0,0
519,505,20,0,0
520,476,1,1,1
520,306,2,1,1
520,51,3,1,1
520,561,4,1,1
520,341,5,1,1
520,408,6,1,3
520,431,7,1,1
520,221,8,1,1
520,509,9,1,4
520,523,10,1,3
520,379,11,1,4
520,67,12,1,2
520,270,13,1,0
520,457,14,1,2
520,142,15,1,2
520,512,16,1,2
520,265,17,1,0
520,381,18,1,1
520,250,19,1,0
520,209,20,1,4
521,218,1,3,3
521,398,2,3,3
521,183,3,3,3
521,189,4,3,4
521,456,5,3,1
521,70,6,3,0
521,451,7,3,1
521,241,8,3,1
521,476,9,3,1
521,428,10,3,3
521,576,11,3,1
521,138,12,3,3
521,333,13,3,3
521,343,14,3,3
521,238,15,3,3
521,399,16,3,4
521,305,17,3,0
521,393,18,3,3
521,580,19,3,0
521,593,20,3,3
522,51,1,4,1
522,521,2,4,1
522,485,3,4,0
522,144,4,4,4
522,324,5,4,4
522,194,6,4,4
522,40,7,4,0
522,202,8,4,2
522,399,9,4,4
522,432,10,4,2
522,184,11,4,4
522,446,12,4,1
522,405,13,4,0
522,492,14,4,2
522,198,15,4,3
522,94,16,4,4
522,75,17,4,0
522,384,18,4,4
522,486,19,4,1
522,424,20,4,4
523,52,1,3,2
523,463,2,3,3
523,598,3,3,3
523,253,4,3,3
523,458,5,3,3
523,367,6,3,2
523,344,7,3,4
523,138,8,3,3
523,487,9,3,2
523,201,10,3,1
523,388,11,3,3
523,408,12,3,3
523,546,13,3,1
523,293,14,3,3
523,134,15,3,4
523,249,16,3,4
523,178,17,3,3
523,25,18,3,0
523,307,19,3,2
523,38,20,3,3
524,294,1,3,4
524,332,2,3,2
524,28,3,3,3
524,428,4,3,3
524,587,5,3,2
524,195,6,3,0
524,235,7,3,0
524,315,8,3,0
524,6,9,3,1
524,412,10,3,2
524,113,11,3,3
524,533,12,3,3
524,473,13,3,3
524,350,14,3,0
524,8,15,3,3
524,488,16,3,3
524,352,17,3,2
524,353,18,3,3
524,246,19,3,1
524,563,20,3,3
525,493,1,0,3
525,42,2,0,2
525,595,3,0,0
525,235,4,0,0
525,85,5,0,0
525,421,6,0,1
525,175,7,0,0
525,535,8,0,0
525,364,9,0,4
525,112,10,0,2
525,40,11,0,0
525,469,12,0,4
525,498,13,0,3
525,400,14,0,0
525,200,15,0,0
525,105,16,0,0
525,137,17,0,2
525,528,18,0,3
525,349,19,0,4
525,365,20,0,0
526,541,1,1,1
526,384,2,1,4
526,49,3,1,4
526,566,4,1,1
526,301,5,1,1
526,10,6,1,0
526,93,7,1,3
526,431,8,1,1
526,331,9,1,1
526,489,10,1,4
526,401,11,1,1
526,376,12,1,1
526,398,13,1,3
526,306,14,1,1
526,385,15,1,0
526,13,16,1,3
526,561,17,1,1
526,166,18,1,1
526,139,19,1,4
526,576,20,1,1
527,95,1,0,0
527,135,2,0,0
527,494,3,0,4
527,534,4,0,4
527,561,5,0,1
527,60,6,0,0
527,94,7,0,4
527,326,8,0,1
527,295,9,0,0
527,300,10,0,0
527,270,11,0,0
527,478,12,0,3
527,503,13,0,3
527,355,14,0,0
527,533,15,0,3
527,475,16,0,0
527,24,17,0,4
527,320,18,0,0
527,106,19,0,1
527,255,20,0,0
528,131,1,0,1
528,456,2,0,1
528,385,3,0,0
528,64,4,0,4
528,550,5,0,0
528,15,6,0,0
528,191,7,0,1
528,506,8,0,1
528,200,9,0,0
528,12,10,0,2
528,263,11,0,3
528,245,12,0,0
528,214,13,0,4
528,206,14,0,1
528,545,15,0,0
528,414,16,0,4
528,266,17,0,1
528,35,18,0,0
528,58,19,0,3
528,567,20,0,2
529,88,1,3,3
529,418,2,3,3
529,328,3,3,3
529,513,4,3,3
529,8,5,3,3
529,178,6,3,3
529,588,7,3,3
529,107,8,3,2
529,285,9,3,0
529,93,10,3,3
529,356,11,3,1
529,3,12,3,3
529,192,13,3,2
529,163,14,3,3
529,253,15,3,3
529,348,16,3,3
529,573,17,3,3
529,259,18,3,4
529,143,19,3,3
529,33,20,3,3
530,381,1,2,1
530,367,2,2,2
530,252,3,2,2
530,504,4,2,4
530,7,5,2,2
530,57,6,2,2
530,342,7,2,2
530,545,8,2,0
530,479,9,2,4
530,36,10,2,1
530,212,11,2,2
530,164,12,2,4
530,325,13,2,0
530,453,14,2,3
530,56,15,2,1
530,432,16,2,2
530,88,17,2,3
530,487,18,2,2
530,347,19,2,2
530,542,20,2,2
531,422,1,4,2
531,279,2,4,4
531,74,3,4,4
531,267,4,4,2
531,250,5,4,0
531,573,6,4,3
531,412,7,4,2
531,60,8,4,0
531,42,9,4,2
531,252,10,4,2
531,472,11,4,2
531,385,12,4,0
531,519,13,4,4
531,181,14,4,1
531,310,15,4,0
531,32,16,4,2
531,299,17,4,4
531,179,18,4,4
531,318,19,4,3
531,539,20,4,4
532,299,1,0,4
532,40,2,0,0
532,63,3,0,3
532,209,4,0,4
532,2,5,0,2
532,45,6,0,0
532,323,7,0,3
532,350,8,0,0
532,95,9,0,0
532,290,10,0,0
532,431,11,0,1
532,240,12,0,0
532,346,13,0,1
532,30,14,0,0
532,325,15,0,0
532,66,16,0,1
532,371,17,0,1
532,202,18,0,2
532,428,19,0,3
532,230,20,0,0
533,14,1,4,4
533,151,2,4,1
533,103,3,4,3
533,510,4,4,0
533,457,5,4,2
533,239,6,4,4
533,131,7,4,1
533,207,8,4,2
533,30,9,4,0
533,424,10,4,4
533,494,11,4,4
533,409,12,4,4
533,316,13,4,1
533,49,14,4,4
533,174,15,4,4
533,477,16,4,2
533,592,17,4,2
533,81,18,4,1
533,219,19,4,4
533,350,20,4,0
534,554,1,0,4
534,70,2,0,0
534,155,3,0,0
534,235,4,0,0
534,520,5,0,0
534,126,6,0,1
534,450,7,0,0
534,322,8,0,2
534,343,9,0,3
534,463,10,0,3
534,534,11,0,4
534,495,12,0,0
534,401,13,0,1
534,234,14,0,4
534,471,15,0,1
534,189,16,0,4
534,20,17,0,0
534,230,18,0,0
534,596,19,0,1
534,408,20,0,3
535,328,1,3,3
535,318,2,3,3
535,268,3,3,3
535,285,4,3,0
535,88,5,3,3
535,116,6,3,1
535,13,7,3,3
535,490,8,3,0
535,43,9,3,3
535,65,10,3,0
535,0,11,3,0
535,363,12,3,3
535,348,13,3,3
535,89,14,3,4
535,100,15,3,0
535,520,16,3,0
535,423,17,3,3
535,250,18,3,0
535,73,19,3,3
535,50,20,3,0
536,56,1,2,1
536,296,2,2,1
536,407,3,2,2
536,12,4,2,2
536,137,5,2,2
536,384,6,2,4
536,180,7,2,0
536,462,8,2,2
536,7,9,2,2
536,168,10,2,3
536,108,11,2,3
536,552,12,2,2
536,112,13,2,2
536,565,14,2,0
536,352,15,2,2
536,370,16,2,0
536,589,17,2,4
536,402,18,2,2
536,371,19,2,1
536,335,20,2,0
537,196,1,1,1
537,412,2,1,2
537,181,3,1,1
537,336,4,1,1
537,171,5,1,1
537,268,6,1,3
537,96,7,1,1
537,170,8,1,0
537,321,9,1,1
537,353,10,1,3
537,461,11,1,1
537,0,12,1,0
537,346,13,1,1
537,151,14,1,1
537,61,15,1,1
537,253,16,1,3
537,504,17,1,4
537,341,18,1,1
537,366,19,1,1
537,431,20,1,1
538,437,1,1,2
538,176,2,1,1
538,93,3,1,3
538,42,4,1,2
538,126,5,1,1
538,261,6,1,1
538,208,7,1,3
538,597,8,1,2
538,262,9,1,2
538,326,10,1,1
538,440,11,1,0
538,223,12,1,3
538,504,13,1,4
538,358,14,1,3
538,560,15,1,0
538,296,16,1,1
538,1,17,1,1
538,348,18,1,3
538,136,19,1,1
538,566,20,1,1
539,123,1,3,3
539,178,2,3,3
539,383,3,3,3
539,248,4,3,3
539,398,5,3,3
539,318,6,3,3
539,58,7,3,3
539,500,8,3,0
539,218,9,3,3
539,131,10,3,1
539,72,11,3,2
539,393,12,3,3
539,292,13,3,2
539,407,14,3,2
539,38,15,3,3
539,373,16,3,3
539,43,17,3,3
539,402,18,3,2
539,188,19,3,3
539,73,20,3,3
540,94,1,0,4
540,488,2,0,3
540,565,3,0,0
540,415,4,0,0
540,591,5,0,1
540,412,6,0,2
540,519,7,0,4
540,420,8,0,0
540,500,9,0,0
540,525,10,0,0
540,470,11,0,0
540,381,12,0,1
540,78,13,0,3
540,215,14,0,0
540,216,15,0,1
540,30,16,0,0
540,510,17,0,0
540,475,18,0,0
540,418,19,0,3
540,156,20,0,1
541,505,1,1,0
541,304,2,1,4
541,186,3,1,1
541,137,4,1,2
541,294,5,1,4
541,159,6,1,4
541,407,7,1,2
541,417,8,1,2
541,133,9,1,3
541,539,10,1,4
541,86,11,1,1
541,121,12,1,1
541,288,13,1,3
541,337,14,1,2
541,506,15,1,1
541,526,16,1,1
541,431,17,1,1
541,451,18,1,1
541,356,19,1,1
541,469,20,1,4
542,588,1,4,3
542,144,2,4,4
542,449,3,4,4
542,181,4,4,1
542,455,5,4,0
542,576,6,4,1
542,379,7,4,4
542,184,8,4,4
542,319,9,4,4
542,473,10,4,3
542,2,11,4,2
542,419,12,4,4
542,551,13,4,1
542,194,14,4,4
542,491,15,4,1
542,546,16,4,1
542,234,17,4,4
542,224,18,4,4
542,299,19,4,4
542,314,20,4,4
543,257,1,2,2
543,532,2,2,2
543,340,3,2,0
543,142,4,2,2
543,317,5,2,2
543,359,6,2,4
543,70,7,2,0
543,152,8,2,2
543,65,9,2,0
543,503,10,2,3
543,12,11,2,2
543,427,12,2,2
543,467,13,2,2
543,428,14,2,3
543,422,15,2,2
543,407,16,2,2
543,572,17,2,2
543,244,18,2,4
543,21,19,2,1
543,373,20,2,3
544,12,1,2,2
544,442,2,2,2
544,27,3,2,2
544,512,4,2,2
544,325,5,2,0
544,137,6,2,2
544,46,7,2,1
544,292,8,2,2
544,172,9,2,2
544,452,10,2,2
544,276,11,2,1
544,17,12,2,2
544,242,13,2,2
544,111,14,2,1
544,5,15,2,0
544,412,16,2,2
544,262,17,2,2
544,274,18,2,4
544,142,19,2,2
544,347,20,2,2
545,95,1,0,0
545,267,2,0,2
545,469,3,0,4
545,491,4,0,1
545,302,5,0,2
545,90,6,0,0
545,375,7,0,0
545,586,8,0,1
545,361,9,0,1
545,407,10,0,2
545,348,11,0,3
545,551,12,0,1
545,185,13,0,0
545,260,14,0,0
545,51,15,0,1
545,125,16,0,0
545,147,17,0,2
545,98,18,0,3
545,545,19,0,0
545,516,20,0,1
546,564,1,4,4
546,314,2,4,4
546,489,3,4,4
546,470,4,4,0
546,514,5,4,4
546,119,6,4,4
546,429,7,4,4
546,24,8,4,4
546,261,9,4,1
546,391,10,4,1
546,519,11,4,4
546,33,12,4,3
546,94,13,4,4
546,389,14,4,4
546,477,15,4,2
546,138,16,4,3
546,444,17,4,4
546,487,18,4,2
546,471,19,4,1
546,238,20,4,3
547,467,1,0,2
547,409,2,0,4
547,260,3,0,0
547,510,4,0,0
547,570,5,0,0
547,274,6,0,4
547,381,7,0,1
547,250,8,0,0
547,535,9,0,0
547,75,10,0,0
547,232,11,0,2
547,20,12,0,0
547,452,13,0,2
547,440,14,0,0
547,185,15,0,0
547,566,16,0,1
547,395,17,0,0
547,180,18,0,0
547,290,19,0,0
547,23,20,0,3
548,480,1,0,0
548,285,2,0,0
548,493,3,0,3
548,570,4,0,0
548,325,5,0,0
548,310,6,0,0
548,105,7,0,0
548,406,8,0,1
548,547,9,0,2
548,375,10,0,0
548,509,11,0,4
548,200,12,0,0
548,290,13,0,0
548,177,14,0,2
548,74,15,0,4
548,485,16,0,0
548,260,17,0,0
548,513,18,0,3
548,519,19,0,4
548,154,20,0,4
549,107,1,2,2
549,595,2,2,0
549,202,3,2,2
549,487,4,2,2
549,157,5,2,2
549,368,6,2,3
549,227,7,2,2
549,536,8,2,1
549,32,9,2,2
549,437,10,2,2
549,92,11,2,2
549,77,12,2,2
549,324,13,2,4
549,127,14,2,2
549,152,15,2,2
549,568,16,2,3
549,17,17,2,2
549,342,18,2,2
549,132,19,2,2
549,334,20,2,4
550,483,1,3,3
550,138,2,3,3
550,261,3,3,1
550,181,4,3,1
550,191,5,3,1
550,418,6,3,3
550,408,7,3,3
550,44,8,3,4
550,473,9,3,3
550,543,10,3,3
550,83,11,3,3
550,284,12,3,4
550,597,13,3,2
550,48,14,3,3
550,516,15,3,1
550,300,16,3,0
550,399,17,3,4
550,523,18,3,3
550,148,19,3,3
550,270,20,3,0
551,579,1,3,4
551,17,2,3,2
551,290,3,3,0
551,150,4,3,0
551,93,5,3,3
551,199,6,3,4
551,253,7,3,3
551,363,8,3,3
551,260,9,3,0
551,512,10,3,2
551,408,11,3,3
551,315,12,3,0
551,588,13,3,3
551,483,14,3,3
551,392,15,3,2
551,4,16,3,4
551,143,17,3,3
551,118,18,3,3
551,123,19,3,3
551,203,20,3,3
552,340,1,3,0
552,308,2,3,3
552,358,3,3,3
552,102,4,3,2
552,428,5,3,3
552,124,6,3,4
552,338,7,3,3
552,139,8,3,4
552,37,9,3,2
552,21,10,3,1
552,525,11,3,0
552,348,12,3,3
552,344,13,3,4
552,8,14,3,3
552,469,15,3,4
552,49,16,3,4
552,173,17,3,3
552,33,18,3,3
552,443,19,3,3
552,101,20,3,1
553,243,1,3,3
553,36,2,3,1
553,118,3,3,3
553,357,4,3,2
553,359,5,3,4
553,190,6,3,0
553,269,7,3,4
553,129,8,3,4
553,144,9,3,4
553,378,10,3,3
553,444,11,3,4
553,513,12,3,3
553,68,13,3,3
553,174,14,3,4
553,178,15,3,3
553,81,16,3,1
553,23,17,3,3
553,164,18,3,4
553,520,19,3,0
553,599,20,3,4
554,428,1,3,3
554,92,2,3,2
554,293,3,3,3
554,529,4,3,4
554,246,5,3,1
554,113,6,3,3
554,492,7,3,2
554,194,8,3,4
554,147,9,3,2
554,572,10,3,2
554,382,11,3,2
554,340,12,3,0
554,598,13,3,3
554,426,14,3,1
554,203,15,3,3
554,338,16,3,3
554,555,17,3,0
554,41,18,3,1
554,128,19,3,3
554,165,20,3,0
555,221,1,1,1
555,145,2,1,0
555,516,3,1,1
555,413,4,1,3
555,525,5,1,0
555,168,6,1,3
555,405,7,1,0
555,157,8,1,2
555,256,9,1,1
555,91,10,1,1
555,246,11,1,1
555,424,12,1,4
555,187,13,1,2
555,1,14,1,1
555,21,15,1,1
555,545,16,1,0
555,266,17,1,1
555,401,18,1,1
555,302,19,1,2
555,344,20,1,4
556,185,1,0,0
556,40,2,0,0
556,366,3,0,1
556,530,4,0,0
556,95,5,0,0
556,125,6,0,0
556,79,7,0,4
556,246,8,0,1
556,372,9,0,2
556,170,10,0,0
556,75,11,0,0
556,100,12,0,0
556,350,13,0,0
556,340,14,0,0
556,435,15,0,0
556,253,16,0,3
556,265,17,0,0
556,130,18,0,0
556,540,19,0,0
556,285,20,0,0
557,231,1,1,1
557,547,2,1,2
557,191,3,1,1
557,501,4,1,1
557,235,5,1,0
557,74,6,1,4
557,489,7,1,4
557,272,8,1,2
557,366,9,1,1
557,426,10,1,1
557,3,11,1,3
557,181,12,1,1
557,155,13,1,0
557,481,14,1,1
557,211,15,1,1
557,576,16,1,1
557,145,17,1,0
557,197,18,1,2
557,37,19,1,2
557,496,20,1,1
558,126,1,4,1
558,138,2,4,3
558,124,3,4,4
558,542,4,4,2
558,153,5,4,3
558,19,6,4,4
558,454,7,4,4
558,444,8,4,4
558,169,9,4,4
558,204,10,4,4
558,480,11,4,0
558,382,12,4,2
558,166,13,4,1
558,224,14,4,4
558,424,15,4,4
558,226,16,4,1
558,249,17,4,4
558,385,18,4,0
558,384,19,4,4
558,74,20,4,4
559,393,1,3,3
559,543,2,3,3
559,508,3,3,3
559,288,4,3,3
559,420,5,3,0
559,6,6,3,1
559,48,7,3,3
559,446,8,3,1
559,81,9,3,1
559,47,10,3,2
559,58,11,3,3
559,103,12,3,3
559,208,13,3,3
559,158,14,3,3
559,98,15,3,3
559,177,16,3,2
559,182,17,3,2
559,238,18,3,3
559,178,19,3,3
559,562,20,3,2
560,228,1,4,3
560,498,2,4,3
560,420,3,4,0
560,289,4,4,4
560,349,5,4,4
560,554,6,4,4
560,74,7,4,4
560,36,8,4,1
560,588,9,4,3
560,103,10,4,3
560,112,11,4,2
560,54,12,4,4
560,233,13,4,3
560,117,14,4,2
560,172,15,4,2
560,466,16,4,1
560,567,17,4,2
560,174,18,4,4
560,379,19,4,4
560,580,20,4,0
561,235,1,2,0
561,572,2,2,2
561,32,3,2,2
561,597,4,2,2
561,450,5,2,0
561,542,6,2,2
561,110,7,2,0
561,509,8,2,4
561,381,9,2,1
561,430,10,2,0
561,587,11,2,2
561,431,12,2,1
561,382,13,2,2
561,317,14,2,2
561,212,15,2,2
561,157,16,2,2
561,119,17,2,4
561,512,18,2,2
561,193,19,2,3
561,162,20,2,2
562,86,1,3,1
562,143,2,3,3
562,185,3,3,0
562,18,4,3,3
562,388,5,3,3
562,293,6,3,3
562,193,7,3,3
562,85,8,3,0
562,69,9,3,4
562,572,10,3,2
562,173,11,3,3
562,58,12,3,3
562,386,13,3,1
562,183,14,3,3
562,328,15,3,3
562,383,16,3,3
562,439,17,3,4
562,470,18,3,0
562,453,19,3,3
562,61,20,3,1
563,22,1,4,2
563,564,2,4,4
563,576,3,4,1
563,493,4,4,3
563,369,5,4,4
563,357,6,4,2
563,44,7,4,4
563,25,8,4,0
563,372,9,4,2
563,524,10,4,4
563,144,11,4,4
563,492,12,4,2
563,374,13,4,4
563,499,14,4,4
563,133,15,4,3
563,259,16,4,4
563,202,17,4,2
563,558,18,4,3
563,29,19,4,4
563,125,20,4,0
564,210,1,0,0
564,41,2,0,1
564,570,3,0,0
564,290,4,0,0
564,344,5,0,4
564,200,6,0,0
564,402,7,0,2
564,34,8,0,4
564,230,9,0,0
564,16,10,0,1
564,596,11,0,1
564,125,12,0,0
564,70,13,0,0
564,28,14,0,3
564,495,15,0,0
564,390,16,0,0
564,595,17,0,0
564,432,18,0,2
564,540,19,0,0
564,410,20,0,0
565,501,1,1,1
565,389,2,1,4
565,311,3,1,1
565,466,4,1,1
565,541,5,1,1
565,193,6,1,3
565,385,7,1,0
565,216,8,1,1
565,542,9,1,2
565,411,10,1,1
565,426,11,1,1
565,106,12,1,1
565,261,13,1,1
565,201,14,1,1
565,454,15,1,4
565,319,16,1,4
565,98,17,1,3
565,344,18,1,4
565,425,19,1,0
565,310,20,1,0
566,428,1,2,3
566,352,2,2,2
566,12,3,2,2
566,527,4,2,2
566,239,5,2,4
566,248,6,2,3
566,42,7,2,2
566,302,8,2,2
566,134,9,2,4
566,382,10,2,2
566,512,11,2,2
566,192,12,2,2
566,472,13,2,2
566,217,14,2,2
566,277,15,2,2
566,367,16,2,2
566,516,17,2,1
566,10,18,2,0
566,144,19,2,4
566,263,20,2,3
567,62,1,2,2
567,176,2,2,1
567,87,3,2,2
567,199,4,2,4
567,84,5,2,4
567,217,6,2,2
567,86,7,2,1
567,492,8,2,2
567,377,9,2,2
567,538,10,2,3
567,585,11,2,0
567,507,12,2,2
567,502,13,2,2
567,64,14,2,4
567,574,15,2,4
567,387,16,2,2
567,22,17,2,2
567,46,18,2,1
567,363,19,2,3
567,527,20,2,2
568,595,1,3,0
568,25,2,3,0
568,194,3,3,4
568,454,4,3,4
568,243,5,3,3
568,136,6,3,1
568,591,7,3,1
568,582,8,3,2
568,39,9,3,4
568,138,10,3,3
568,593,11,3,3
568,208,12,3,3
568,92,13,3,2
568,430,14,3,0
568,388,15,3,3
568,202,16,3,2
568,335,17,3,0
568,408,18,3,3
568,98,19,3,3
568,381,20,3,1
569,455,1,0,0
569,410,2,0,0
569,249,3,0,4
569,89,4,0,4
569,575,5,0,0
569,339,6,0,4
569,225,7,0,0
569,223,8,0,3
569,565,9,0,0
569,36,10,0,1
569,200,11,0,0
569,220,12,0,0
569,5,13,0,0
569,140,14,0,0
569,243,15,0,3
569,409,16,0,4
569,512,17,0,2
569,544,18,0,4
569,285,19,0,0
569,210,20,0,0
570,163,1,4,3
570,457,2,4,2
570,239,3,4,4
570,437,4,4,2
570,499,5,4,4
570,197,6,4,2
570,41,7,4,1
570,518,8,4,3
570,287,9,4,2
570,443,10,4,3
570,520,11,4,0
570,554,12,4,4
570,29,13,4,4
570,74,14,4,4
570,508,15,4,3
570,289,16,4,4
570,341,17,4,1
570,4,18,4,4
570,381,19,4,1
570,490,20,4,0
571,181,1,3,1
571,66,2,3,1
571,403,3,3,3
571,69,4,3,4
571,528,5,3,3
571,498,6,3,3
571,483,7,3,3
571,449,8,3,4
571,540,9,3,0
571,325,10,3,0
571,288,11,3,3
571,548,12,3,3
571,409,13,3,4
571,396,14,3,1
571,410,15,3,0
571,83,16,3,3
571,203,17,3,3
571,250,18,3,0
571,290,19,3,0
571,447,20,3,2
572,433,1,3,3
572,477,2,3,2
572,593,3,3,3
572,495,4,3,0
572,413,5,3,3
572,550,6,3,0
572,468,7,3,3
572,453,8,3,3
572,528,9,3,3
572,498,10,3,3
572,23,11,3,3
572,464,12,3,4
572,566,13,3,1
572,232,14,3,2
572,16,15,3,1
572,522,16,3,2
572,548,17,3,3
572,383,18,3,3
572,178,19,3,3
572,241,20,3,1
573,559,1,4,4
573,189,2,4,4
573,450,3,4,0
573,32,4,4,2
573,119,5,4,4
573,436,6,4,1
573,39,7,4,4
573,268,8,4,3
573,554,9,4,4
573,323,10,4,3
573,120,11,4,0
573,4,12,4,4
573,101,13,4,1
573,254,14,4,4
573,74,15,4,4
573,474,16,4,4
573,69,17,4,4
573,379,18,4,4
573,289,19,4,4
573,162,20,4,2
574,65,1,0,0
574,376,2,0,1
574,195,3,0,0
574,238,4,0,3
574,225,5,0,0
574,75,6,0,0
574,477,7,0,2
574,200,8,0,0
574,34,9,0,4
574,110,10,0,0
574,47,11,0,2
574,415,12,0,0
574,465,13,0,0
574,320,14,0,0
574,500,15,0,0
574,475,16,0,0
574,492,17,0,2
574,380,18,0,0
574,35,19,0,0
574,40,20,0,0
575,467,1,2,2
575,128,2,2,3
575,520,3,2,0
575,126,4,2,1
575,492,5,2,2
575,547,6,2,2
575,562,7,2,2
575,314,8,2,4
575,147,9,2,2
575,532,10,2,2
575,159,11,2,4
575,162,12,2,2
575,357,13,2,2
575,19,14,2,4
575,251,15,2,1
575,545,16,2,0
575,228,17,2,3
575,287,18,2,2
575,267,19,2,2
575,96,20,2,1
576,582,1,2,2
576,363,2,2,3
576,229,3,2,4
576,168,4,2,3
576,588,5,2,3
576,207,6,2,2
576,38,7,2,3
576,11,8,2,1
576,42,9,2,2
576,475,10,2,0
576,535,11,2,0
576,516,12,2,1
576,490,13,2,0
576,506,14,2,1
576,147,15,2,2
576,32,16,2,2
576,54,17,2,4
576,110,18,2,0
576,533,19,2,3
576,294,20,2,4
577,331,1,4,1
577,84,2,4,4
577,276,3,4,1
577,531,4,4,1
577,176,5,4,1
577,81,6,4,1
577,294,7,4,4
577,372,8,4,2
577,316,9,4,1
577,19,10,4,4
577,275,11,4,0
577,231,12,4,1
577,439,13,4,4
577,561,14,4,1
577,574,15,4,4
577,405,16,4,0
577,494,17,4,4
577,469,18,4,4
577,512,19,4,2
577,324,20,4,4
578,350,1,4,0
578,424,2,4,4
578,180,3,4,0
578,544,4,4,4
578,235,5,4,0
578,364,6,4,4
578,549,7,4,4
578,176,8,4,1
578,419,9,4,4
578,64,10,4,4
578,496,11,4,1
578,9,12,4,4
578,144,13,4,4
578,468,14,4,3
578,275,15,4,0
578,305,16,4,0
578,564,17,4,4
578,405,18,4,0
578,149,19,4,4
578,559,20,4,4
579,96,1,0,1
579,12,2,0,2
579,548,3,0,3
579,121,4,0,1
579,269,5,0,4
579,245,6,0,0
579,215,7,0,0
579,283,8,0,3
579,516,9,0,1
579,488,10,0,3
579,470,11,0,0
579,527,12,0,2
579,125,13,0,0
579,455,14,0,0
579,94,15,0,4
579,415,16,0,0
579,326,17,0,1
579,40,18,0,0
579,225,19,0,0
579,506,20,0,1
580,568,1,3,3
580,483,2,3,3
580,185,3,3,0
580,32,4,3,2
580,585,5,3,0
580,298,6,3,3
580,194,7,3,4
580,581,8,3,1
580,393,9,3,3
580,123,10,3,3
580,548,11,3,3
580,48,12,3,3
580,248,13,3,3
580,447,14,3,2
580,442,15,3,2
580,573,16,3,3
580,343,17,3,3
580,496,18,3,1
580,227,19,3,2
580,405,20,3,0
581,504,1,3,4
581,70,2,3,0
581,96,3,3,1
581,558,4,3,3
581,98,5,3,3
581,411,6,3,1
581,7,7,3,2
581,578,8,3,3
581,518,9,3,3
581,293,10,3,3
581,91,11,3,1
581,588,12,3,3
581,116,13,3,1
581,466,14,3,1
581,448,15,3,3
581,198,16,3,3
581,577,17,3,2
581,177,18,3,2
581,373,19,3,3
581,170,20,3,0
582,287,1,2,2
582,277,2,2,2
582,531,3,2,1
582,308,4,2,3
582,100,5,2,0
582,297,6,2,2
582,597,7,2,2
582,27,8,2,2
582,474,9,2,4
582,307,10,2,2
582,32,11,2,2
582,222,12,2,2
582,382,13,2,2
582,417,14,2,2
582,17,15,2,2
582,362,16,2,2
582,309,17,2,4
582,57,18,2,2
582,337,19,2,2
582,66,20,2,1
583,285,1,0,0
583,225,2,0,0
583,79,3,0,4
583,564,4,0,4
583,355,5,0,0
583,91,6,0,1
583,15,7,0,0
583,45,8,0,0
583,94,9,0,4
583,25,10,0,0
583,295,11,0,0
583,215,12,0,0
583,84,13,0,4
583,286,14,0,1
583,417,15,0,2
583,180,16,0,0
583,471,17,0,1
583,50,18,0,0
583,408,19,0,3
583,65,20,0,0
584,298,1,2,3
584,526,2,2,1
584,297,3,2,2
584,363,4,2,3
584,174,5,2,4
584,137,6,2,2
584,39,7,2,4
584,208,8,2,3
584,562,9,2,2
584,540,10,2,0
584,367,11,2,2
584,523,12,2,3
584,167,13,2,2
584,567,14,2,2
584,202,15,2,2
584,322,16,2,2
584,412,17,2,2
584,157,18,2,2
584,270,19,2,0
584,373,20,2,3
585,37,1,0,2
585,372,2,0,2
585,505,3,0,0
585,120,4,0,0
585,92,5,0,2
585,564,6,0,4
585,316,7,0,1
585,320,8,0,0
585,470,9,0,0
585,599,10,0,4
585,381,11,0,1
585,220,12,0,0
585,485,13,0,0
585,62,14,0,2
585,305,15,0,0
585,291,16,0,1
585,455,17,0,0
585,465,18,0,0
585,105,19,0,0
585,13,20,0,3
586,309,1,4,4
586,597,2,4,2
586,449,3,4,4
586,401,4,4,1
586,549,5,4,4
586,180,6,4,0
586,387,7,4,2
586,354,8,4,4
586,42,9,4,2
586,319,10,4,4
586,313,11,4,3
586,576,12,4,1
586,7,13,4,2
586,374,14,4,4
586,419,15,4,4
586,201,16,4,1
586,469,17,4,4
586,359,18,4,4
586,9,19,4,4
586,194,20,4,4
587,254,1,4,4
587,244,2,4,4
587,48,3,4,3
587,324,4,4,4
587,523,5,4,3
587,504,6,4,4
587,395,7,4,0
587,8,8,4,3
587,16,9,4,1
587,397,10,4,2
587,565,11,4,0
587,466,12,4,1
587,463,13,4,3
587,595,14,4,0
587,69,15,4,4
587,284,16,4,4
587,159,17,4,4
587,414,18,4,4
587,134,19,4,4
587,279,20,4,4
588,539,1,0,4
588,315,2,0,0
588,85,3,0,0
588,455,4,0,0
588,370,5,0,0
588,183,6,0,3
588,191,7,0,1
588,22,8,0,2
588,113,9,0,3
588,415,10,0,0
588,363,11,0,3
588,598,12,0,3
588,265,13,0,0
588,105,14,0,0
588,95,15,0,0
588,463,16,0,3
588,290,17,0,0
588,87,18,0,2
588,589,19,0,4
588,593,20,0,3
589,157,1,2,2
589,197,2,2,2
589,407,3,2,2
589,235,4,2,0
589,372,5,2,2
589,544,6,2,4
589,405,7,2,0
589,595,8,2,0
589,460,9,2,0
589,47,10,2,2
589,533,11,2,3
589,587,12,2,2
589,467,13,2,2
589,344,14,2,4
589,282,15,2,2
589,481,16,2,1
589,306,17,2,1
589,207,18,2,2
589,471,19,2,1
589,336,20,2,1
590,599,1,2,4
590,190,2,2,0
590,553,3,2,3
590,447,4,2,2
590,120,5,2,0
590,479,6,2,4
590,103,7,2,3
590,527,8,2,2
590,74,9,2,4
590,352,10,2,2
590,105,11,2,0
590,25,12,2,0
590,543,13,2,3
590,407,14,2,2
590,426,15,2,1
590,405,16,2,0
590,579,17,2,4
590,377,18,2,2
590,303,19,2,3
590,592,20,2,2
591,411,1,3,1
591,53,2,3,3
591,478,3,3,3
591,94,4,3,4
591,394,5,3,4
591,303,6,3,3
591,243,7,3,3
591,172,8,3,2
591,403,9,3,3
591,227,10,3,2
591,268,11,3,3
591,408,12,3,3
591,400,13,3,0
591,494,14,3,4
591,536,15,3,1
591,138,16,3,3
591,573,17,3,3
591,329,18,3,4
591,363,19,3,3
591,388,20,3,3
592,478,1,0,3
592,287,2,0,2
592,240,3,0,0
592,426,4,0,1
592,355,5,0,0
592,16,6,0,1
592,395,7,0,0
592,536,8,0,1
592,218,9,0,3
592,555,10,0,0
592,295,11,0,0
592,371,12,0,1
592,182,13,0,2
592,283,14,0,3
592,512,15,0,2
592,193,16,0,3
592,129,17,0,4
592,145,18,0,0
592,25,19,0,0
592,404,20,0,4
593,246,1,1,1
593,31,2,1,1
593,411,3,1,1
593,431,4,1,1
593,376,5,1,1
593,481,6,1,1
593,504,7,1,4
593,111,8,1,1
593,278,9,1,3
593,211,10,1,1
593,546,11,1,1
593,518,12,1,3
593,356,13,1,1
593,226,14,1,1
593,1,15,1,1
593,475,16,1,0
593,144,17,1,4
593,22,18,1,2
593,345,19,1,0
593,236,20,1,1
594,569,1,4,4
594,310,2,4,0
594,527,3,4,2
594,162,4,4,2
594,329,5,4,4
594,574,6,4,4
594,529,7,4,4
594,38,8,4,3
594,311,9,4,1
594,54,10,4,4
594,590,11,4,0
594,454,12,4,4
594,541,13,4,1
594,204,14,4,4
594,64,15,4,4
594,271,16,4,1
594,549,17,4,4
594,174,18,4,4
594,463,19,4,3
594,33,20,4,3
595,129,1,2,4
595,87,2,2,2
595,477,3,2,2
595,396,4,2,1
595,291,5,2,1
595,518,6,2,3
595,447,7,2,2
595,222,8,2,2
595,597,9,2,2
595,364,10,2,4
595,528,11,2,3
595,449,12,2,4
595,302,13,2,2
595,57,14,2,2
595,137,15,2,2
595,476,16,2,1
595,67,17,2,2
595,386,18,2,1
595,223,19,2,3
595,487,20,2,2
596,247,1,4,2
596,79,2,4,4
596,157,3,4,2
596,264,4,4,4
596,565,5,4,0
596,180,6,4,0
596,421,7,4,1
596,554,8,4,4
596,454,9,4,4
596,522,10,4,2
596,531,11,4,1
596,449,12,4,4
596,174,13,4,4
596,194,14,4,4
596,511,15,4,1
596,359,16,4,4
596,401,17,4,1
596,599,18,4,4
596,316,19,4,1
596,333,20,4,3
597,102,1,4,2
597,525,2,4,0
597,432,3,4,2
597,167,4,4,2
597,134,5,4,4
597,269,6,4,4
597,325,7,4,0
597,118,8,4,3
597,484,9,4,4
597,34,10,4,4
597,515,11,4,0
597,324,12,4,4
597,214,13,4,4
597,464,14,4,4
597,57,15,4,2
597,249,16,4,4
597,369,17,4,4
597,319,18,4,4
597,467,19,4,2
597,93,20,4,3
598,434,1,4,4
598,512,2,4,2
598,156,3,4,1
598,209,4,4,4
598,591,5,4,1
598,324,6,4,4
598,539,7,4,4
598,176,8,4,1
598,210,9,4,0
598,524,10,4,4
598,39,11,4,4
598,69,12,4,4
598,393,13,4,3
598,86,14,4,1
598,492,15,4,2
598,262,16,4,2
598,454,17,4,4
598,303,18,4,3
598,46,19,4,1
598,247,20,4,2
599,184,1,1,4
599,374,2,1,4
599,206,3,1,1
599,332,4,1,2
599,143,5,1,3
599,563,6,1,3
599,351,7,1,1
599,51,8,1,1
599,269,9,1,4
599,161,10,1,1
599,6,11,1,1
599,461,12,1,1
599,317,13,1,2
599,286,14,1,1
599,179,15,1,4
599,130,16,1,0
599,579,17,1,4
599,293,18,1,3
599,276,19,1,1
599,16,20,1,1
600,480,1,0,0
600,548,2,0,3
600,139,3,0,4
600,66,4,0,1
600,580,5,0,0
600,585,6,0,0
600,315,7,0,0
600,566,8,0,1
600,212,9,0,2
600,365,10,0,0
600,308,11,0,3
600,101,12,0,1
600,551,13,0,1
600,243,14,0,3
600,5,15,0,0
600,156,16,0,1
600,265,17,0,0
600,49,18,0,4
600,53,19,0,3
600,515,20,0,0
601,259,1,1,4
601,61,2,1,1
601,551,3,1,1
601,486,4,1,1
601,198,5,1,3
601,323,6,1,3
601,99,7,1,4
601,531,8,1,1
601,511,9,1,1
601,553,10,1,3
601,497,11,1,2
601,464,12,1,4
601,82,13,1,2
601,350,14,1,0
601,488,15,1,3
601,454,16,1,4
601,277,17,1,2
601,455,18,1,0
601,29,19,1,4
601,11,20,1,1
602,420,1,3,0
602,153,2,3,3
602,416,3,3,1
602,41,4,3,1
602,98,5,3,3
602,246,6,3,1
602,168,7,3,3
602,491,8,3,1
602,128,9,3,3
602,575,10,3,0
602,18,11,3,3
602,438,12,3,3
602,38,13,3,3
602,308,14,3,3
602,160,15,3,0
602,138,16,3,3
602,377,17,3,2
602,475,18,3,0
602,48,19,3,3
602,458,20,3,3
603,32,1,1,2
603,326,2,1,1
603,225,3,1,0
603,40,4,1,0
603,116,5,1,1
603,456,6,1,1
603,153,7,1,3
603,241,8,1,1
603,296,9,1,1
603,506,10,1,1
603,586,11,1,1
603,351,12,1,1
603,474,13,1,4
603,304,14,1,4
603,106,15,1,1
603,131,16,1,1
603,591,17,1,1
603,71,18,1,1
603,201,19,1,1
603,333,20,1,3
604,495,1,0,0
604,190,2,0,0
604,50,3,0,0
604,235,4,0,0
604,575,5,0,0
604,75,6,0,0
604,3,7,0,3
604,175,8,0,0
604,69,9,0,4
604,439,10,0,4
604,325,11,0,0
604,466,12,0,1
604,293,13,0,3
604,158,14,0,3
604,338,15,0,3
604,282,16,0,2
604,503,17,0,3
604,505,18,0,0
604,526,19,0,1
604,318,20,0,3
605,528,1,4,3
605,434,2,4,4
605,566,3,4,1
605,443,4,4,3
605,254,5,4,4
605,229,6,4,4
605,200,7,4,0
605,364,8,4,4
605,546,9,4,1
605,388,10,4,3
605,384,11,4,4
605,112,12,4,2
605,474,13,4,4
605,519,14,4,4
605,306,15,4,1
605,258,16,4,3
605,294,17,4,4
605,509,18,4,4
605,24,19,4,4
605,469,20,4,4
606,23,1,4,3
606,418,2,4,3
606,54,3,4,4
606,367,4,4,2
606,69,5,4,4
606,17,6,4,2
606,133,7,4,3
606,556,8,4,1
606,251,9,4,1
606,538,10,4,3
606,98,11,4,3
606,296,12,4,1
606,484,13,4,4
606,384,14,4,4
606,354,15,4,4
606,44,16,4,4
606,506,17,4,1
606,373,18,4,3
606,434,19,4,4
606,365,20,4,0
607,485,1,0,0
607,151,2,0,1
607,110,3,0,0
607,367,4,0,2
607,435,5,0,0
607,224,6,0,4
607,500,7,0,0
607,91,8,0,1
607,270,9,0,0
607,430,10,0,0
607,229,11,0,4
607,97,12,0,2
607,101,13,0,1
607,542,14,0,2
607,85,15,0,0
607,591,16,0,1
607,185,17,0,0
607,384,18,0,4
607,460,19,0,0
607,153,20,0,3
608,27,1,2,2
608,588,2,2,3
608,464,3,2,4
608,302,4,2,2
608,462,5,2,2
608,347,6,2,2
608,537,7,2,2
608,282,8,2,2
608,572,9,2,2
608,592,10,2,2
608,393,11,2,3
608,467,12,2,2
608,132,13,2,2
608,192,14,2,2
608,581,15,2,1
608,244,16,2,4
608,307,17,2,2
608,352,18,2,2
608,472,19,2,2
608,243,20,2,3
609,556,1,0,1
609,440,2,0,0
609,518,3,0,3
609,467,4,0,2
609,94,5,0,4
609,360,6,0,0
609,22,7,0,2
609,362,8,0,2
609,309,9,0,4
609,297,10,0,2
609,15,11,0,0
609,280,12,0,0
609,415,13,0,0
609,77,14,0,2
609,58,15,0,3
609,55,16,0,0
609,589,17,0,4
609,500,18,0,0
609,433,19,0,3
609,377,20,0,2
610,599,1,1,4
610,431,2,1,1
610,86,3,1,1
610,338,4,1,3
610,55,5,1,0
610,151,6,1,1
610,377,7,1,2
610,447,8,1,2
610,347,9,1,2
610,356,10,1,1
610,551,11,1,1
610,76,12,1,1
610,104,13,1,4
610,554,14,1,4
610,360,15,1,0
610,154,16,1,4
610,411,17,1,1
610,142,18,1,2
610,466,19,1,1
610,99,20,1,4
611,318,1,3,3
611,461,2,3,1
611,274,3,3,4
611,532,4,3,2
611,471,5,3,1
611,171,6,3,1
611,158,7,3,3
611,505,8,3,0
611,393,9,3,3
611,456,10,3,1
611,463,11,3,3
611,336,12,3,1
611,449,13,3,4
611,578,14,3,3
611,528,15,3,3
611,323,16,3,3
611,568,17,3,3
611,593,18,3,3
611,534,19,3,4
611,258,20,3,3
612,131,1,1,1
612,66,2,1,1
612,496,3,1,1
612,91,4,1,1
612,76,5,1,1
612,186,6,1,1
612,236,7,1,1
612,401,8,1,1
612,116,9,1,1
612,341,10,1,1
612,566,11,1,1
612,371,12,1,1
612,48,13,1,3
612,77,14,1,2
612,28,15,1,3
612,319,16,1,4
612,376,17,1,1
612,581,18,1,1
612,421,19,1,1
612,11,20,1,1
613,284,1,0,4
613,442,2,0,2
613,280,3,0,0
613,249,4,0,4
613,322,5,0,2
613,237,6,0,2
613,310,7,0,0
613,266,8,0,1
613,219,9,0,4
613,517,10,0,2
613,455,11,0,0
613,485,12,0,0
613,50,13,0,0
613,43,14,0,3
613,166,15,0,1
613,15,16,0,0
613,287,17,0,2
613,375,18,0,0
613,293,19,0,3
613,596,20,0,1
614,11,1,1,1
614,201,2,1,1
614,466,3,1,1
614,281,4,1,1
614,285,5,1,0
614,117,6,1,2
614,386,7,1,1
614,111,8,1,1
614,286,9,1,1
614,323,10,1,3
614,271,11,1,1
614,560,12,1,0
614,561,13,1,1
614,551,14,1,1
614,243,15,1,3
614,86,16,1,1
614,251,17,1,1
614,54,18,1,4
614,26,19,1,1
614,169,20,1,4
615,74,1,0,4
615,101,2,0,1
615,523,3,0,3
615,295,4,0,0
615,508,5,0,3
615,30,6,0,0
615,495,7,0,0
615,275,8,0,0
615,290,9,0,0
615,506,10,0,1
615,105,11,0,0
615,90,12,0,0
615,356,13,0,1
615,165,14,0,0
615,376,15,0,1
615,285,16,0,0
615,51,17,0,1
615,580,18,0,0
615,361,19,0,1
615,473,20,0,3
616,167,1,2,2
616,582,2,2,2
616,292,3,2,2
616,438,4,2,3
616,137,5,2,2
616,460,6,2,0
616,282,7,2,2
616,64,8,2,4
616,52,9,2,2
616,488,10,2,3
616,493,11,2,3
616,297,12,2,2
616,353,13,2,3
616,563,14,2,3
616,88,15,2,3
616,147,16,2,2
616,512,17,2,2
616,516,18,2,1
616,296,19,2,1
616,439,20,2,4
617,7,1,2,2
617,572,2,2,2
617,145,3,2,0
617,274,4,2,4
617,462,5,2,2
617,577,6,2,2
617,327,7,2,2
617,242,8,2,2
617,537,9,2,2
617,132,10,2,2
617,531,11,2,1
617,302,12,2,2
617,287,13,2,2
617,211,14,2,1
617,244,15,2,4
617,509,16,2,4
617,247,17,2,2
617,171,18,2,1
617,408,19,2,3
617,498,20,2,3
618,291,1,3,1
618,473,2,3,3
618,463,3,3,3
618,44,4,3,4
618,487,5,3,2
618,394,6,3,4
618,22,7,3,2
618,205,8,3,0
618,201,9,3,1
618,535,10,3,0
618,298,11,3,3
618,563,12,3,3
618,283,13,3,3
618,539,14,3,4
618,150,15,3,0
618,243,16,3,3
618,568,17,3,3
618,378,18,3,3
618,313,19,3,3
618,548,20,3,3
619,465,1,2,0
619,502,2,2,2
619,98,3,2,3
619,458,4,2,3
619,500,5,2,0
619,482,6,2,2
619,447,7,2,2
619,326,8,2,1
619,267,9,2,2
619,262,10,2,2
619,497,11,2,2
619,311,12,2,1
619,296,13,2,1
619,274,14,2,4
619,127,15,2,2
619,272,16,2,2
619,595,17,2,0
619,255,18,2,0
619,565,19,2,0
619,316,20,2,1
620,111,1,1,1
620,466,2,1,1
620,101,3,1,1
620,116,4,1,1
620,386,5,1,1
620,88,6,1,3
620,36,7,1,1
620,303,8,1,3
620,4,9,1,4
620,593,10,1,3
620,476,11,1,1
620,331,12,1,1
620,32,13,1,2
620,480,14,1,0
620,121,15,1,1
620,202,16,1,2
620,522,17,1,2
620,431,18,1,1
620,19,19,1,4
620,244,20,1,4
621,249,1,4,4
621,137,2,4,2
621,454,3,4,4
621,499,4,4,4
621,99,5,4,4
621,408,6,4,3
621,572,7,4,2
621,256,8,4,1
621,164,9,4,4
621,14,10,4,4
621,146,11,4,1
621,551,12,4,1
621,544,13,4,4
621,444,14,4,4
621,86,15,4,1
621,436,16,4,1
621,434,17,4,4
621,330,18,4,0
621,77,19,4,2
621,594,20,4,4
622,372,1,2,2
622,496,2,2,1
622,25,3,2,0
622,487,4,2,2
622,532,5,2,2
622,207,6,2,2
622,124,7,2,4
622,445,8,2,0
622,542,9,2,2
622,276,10,2,1
622,443,11,2,3
622,527,12,2,2
622,82,13,2,2
622,584,14,2,4
622,412,15,2,2
622,294,16,2,4
622,434,17,2,4
622,462,18,2,2
622,92,19,2,2
622,117,20,2,2
623,321,1,1,1
623,161,2,1,1
623,536,3,1,1
623,212,4,1,2
623,160,5,1,0
623,306,6,1,1
623,296,7,1,1
623,11,8,1,1
623,383,9,1,3
623,151,10,1,1
623,576,11,1,1
623,486,12,1,1
623,31,13,1,1
623,133,14,1,3
623,271,15,1,1
623,81,16,1,1
623,319,17,1,4
623,552,18,1,2
623,386,19,1,1
623,409,20,1,4
624,588,1,3,3
624,353,2,3,3
624,68,3,3,3
624,358,4,3,3
624,433,5,3,3
624,323,6,3,3
624,116,7,3,1
624,224,8,3,4
624,563,9,3,3
624,475,10,3,0
624,137,11,3,2
624,496,12,3,1
624,112,13,3,2
624,568,14,3,3
624,117,15,3,2
624,193,16,3,3
624,145,17,3,0
624,98,18,3,3
624,318,19,3,3
624,328,20,3,3
625,229,1,4,4
625,84,2,4,4
625,402,3,4,2
625,49,4,4,4
625,46,5,4,1
625,239,6,4,4
625,136,7,4,1
625,48,8,4,3
625,100,9,4,0
625,289,10,4,4
625,475,11,4,0
625,36,12,4,1
625,12,13,4,2
625,582,14,4,2
625,16,15,4,1
625,95,16,4,0
625,15,17,4,0
625,319,18,4,4
625,71,19,4,1
625,584,20,4,4
626,306,1,2,1
626,476,2,2,1
626,467,3,2,2
626,471,4,2,1
626,129,5,2,4
626,384,6,2,4
626,322,7,2,2
626,379,8,2,4
626,16,9,2,1
626,111,10,2,1
626,182,11,2,2
626,277,12,2,2
626,41,13,2,1
626,37,14,2,2
626,221,15,2,1
626,573,16,2,3
626,130,17,2,0
626,552,18,2,2
626,287,19,2,2
626,142,20,2,2
627,150,1,4,0
627,14,2,4,4
627,204,3,4,4
627,554,4,4,4
627,447,5,4,2
627,149,6,4,4
627,71,7,4,1
627,571,8,4,1
627,193,9,4,3
627,194,10,4,4
627,509,11,4,4
627,428,12,4,3
627,274,13,4,4
627,490,14,4,0
627,178,15,4,3
627,200,16,4,0
627,489,17,4,4
627,559,18,4,4
627,464,19,4,4
627,49,20,4,4
628,566,1,4,1
628,242,2,4,2
628,279,3,4,4
628,119,4,4,4
628,494,5,4,4
628,74,6,4,4
628,184,7,4,4
628,596,8,4,1
628,483,9,4,3
628,392,10,4,2
628,199,11,4,4
628,499,12,4,4
628,65,13,4,0
628,489,14,4,4
628,364,15,4,4
628,346,16,4,1
628,434,17,4,4
628,472,18,4,2
628,172,19,4,2
628,252,20,4,2
629,496,1,1,1
629,114,2,1,4
629,366,3,1,1
629,175,4,1,0
629,49,5,1,4
629,51,6,1,1
629,558,7,1,3
629,346,8,1,1
629,476,9,1,1
629,288,10,1,3
629,23,11,1,3
629,531,12,1,1
629,191,13,1,1
629,437,14,1,2
629,334,15,1,4
629,270,16,1,0
629,516,17,1,1
629,278,18,1,3
629,137,19,1,2
629,403,20,1,3
630,140,1,1,0
630,1,2,1,1
630,321,3,1,1
630,435,4,1,0
630,502,5,1,2
630,71,6,1,1
630,193,7,1,3
630,86,8,1,1
630,178,9,1,3
630,141,10,1,1
630,351,11,1,1
630,511,12,1,1
630,546,13,1,1
630,8,14,1,3
630,481,15,1,1
630,76,16,1,1
630,421,17,1,1
630,504,18,1,4
630,404,19,1,4
630,151,20,1,1
631,340,1,3,0
631,548,2,3,3
631,169,3,3,4
631,351,4,3,1
631,44,5,3,4
631,5,6,3,0
631,128,7,3,3
631,483,8,3,3
631,543,9,3,3
631,398,10,3,3
631,33,11,3,3
631,136,12,3,1
631,273,13,3,3
631,408,14,3,3
631,0,15,3,0
631,106,16,3,1
631,113,17,3,3
631,83,18,3,3
631,574,19,3,4
631,439,20,3,4
632,554,1,2,4
632,177,2,2,2
632,112,3,2,2
632,106,4,2,1
632,24,5,2,4
632,13,6,2,3
632,506,7,2,1
632,207,8,2,2
632,27,9,2,2
632,166,10,2,1
632,80,11,2,0
632,473,12,2,3
632,137,13,2,2
632,467,14,2,2
632,397,15,2,2
632,430,16,2,0
632,379,17,2,4
632,232,18,2,2
632,147,19,2,2
632,172,20,2,2
633,581,1,1,1
633,561,2,1,1
633,503,3,1,3
633,197,4,1,2
633,486,5,1,1
633,152,6,1,2
633,132,7,1,2
633,56,8,1,1
633,393,9,1,3
633,62,10,1,2
633,92,11,1,2
633,374,12,1,4
633,158,13,1,3
633,345,14,1,0
633,24,15,1,4
633,306,16,1,1
633,416,17,1,1
633,517,18,1,2
633,396,19,1,1
633,451,20,1,1
634,381,1,1,1
634,458,2,1,3
634,119,3,1,4
634,216,4,1,1
634,431,5,1,1
634,496,6,1,1
634,315,7,1,0
634,29,8,1,4
634,258,9,1,3
634,176,10,1,1
634,37,11,1,2
634,524,12,1,4
634,588,13,1,3
634,526,14,1,1
634,293,15,1,3
634,21,16,1,1
634,219,17,1,4
634,66,18,1,1
634,543,19,1,3
634,450,20,1,0
635,373,1,3,3
635,374,2,3,4
635,278,3,3,3
635,273,4,3,3
635,525,5,3,0
635,391,6,3,1
635,411,7,3,1
635,473,8,3,3
635,173,9,3,3
635,387,10,3,2
635,163,11,3,3
635,489,12,3,4
635,461,13,3,1
635,598,14,3,3
635,519,15,3,4
635,499,16,3,4
635,137,17,3,2
635,560,18,3,0
635,408,19,3,3
635,43,20,3,3
636,523,1,4,3
636,149,2,4,4
636,528,3,4,3
636,144,4,4,4
636,513,5,4,3
636,91,6,4,1
636,524,7,4,4
636,404,8,4,4
636,189,9,4,4
636,329,10,4,4
636,554,11,4,4
636,479,12,4,4
636,307,13,4,2
636,532,14,4,2
636,408,15,4,3
636,421,16,4,1
636,433,17,4,3
636,413,18,4,3
636,369,19,4,4
636,204,20,4,4
637,382,1,2,2
637,152,2,2,2
637,482,3,2,2
637,237,4,2,2
637,432,5,2,2
637,368,6,2,3
637,332,7,2,2
637,91,8,2,1
637,497,9,2,2
637,572,10,2,2
637,165,11,2,0
637,257,12,2,2
637,524,13,2,4
637,318,14,2,3
637,442,15,2,2
637,507,16,2,2
637,93,17,2,3
637,282,18,2,2
637,52,19,2,2
637,25,20,2,0
638,472,1,4,2
638,118,2,4,3
638,64,3,4,4
638,364,4,4,4
638,532,5,4,2
638,502,6,4,2
638,99,7,4,4
638,490,8,4,0
638,514,9,4,4
638,259,10,4,4
638,24,11,4,4
638,519,12,4,4
638,449,13,4,4
638,318,14,4,3
638,139,15,4,4
638,254,16,4,4
638,484,17,4,4
638,282,18,4,2
638,523,19,4,3
638,451,20,4,1
639,384,1,0,4
639,72,2,0,2
639,265,3,0,0
639,595,4,0,0
639,135,5,0,0
639,505,6,0,0
639,285,7,0,0
639,515,8,0,0
639,133,9,0,3
639,511,10,0,1
639,57,11,0,2
639,150,12,0,0
639,0,13,0,0
639,173,14,0,3
639,210,15,0,0
639,8,16,0,3
639,75,17,0,0
639,385,18,0,0
639,389,19,0,4
639,418,20,0,3
640,239,1,4,4
640,384,2,4,4
640,385,3,4,0
640,423,4,4,3
640,295,5,4,0
640,354,6,4,4
640,437,7,4,2
640,94,8,4,4
640,539,9,4,4
640,461,10,4,1
640,417,11,4,2
640,298,12,4,3
640,3,13,4,3
640,243,14,4,3
640,136,15,4,1
640,284,16,4,4
640,74,17,4,4
640,248,18,4,3
640,374,19,4,4
640,500,20,4,0
641,53,1,3,3
641,229,2,3,4
641,476,3,3,1
641,258,4,3,3
641,443,5,3,3
641,378,6,3,3
641,141,7,3,1
641,158,8,3,3
641,439,9,3,4
641,96,10,3,1
641,577,11,3,2
641,383,12,3,3
641,593,13,3,3
641,486,14,3,1
641,453,15,3,3
641,282,16,3,2
641,293,17,3,3
641,243,18,3,3
641,458,19,3,3
641,230,20,3,0
642,170,1,2,0
642,362,2,2,2
642,462,3,2,2
642,352,4,2,2
642,482,5,2,2
642,416,6,2,1
642,17,7,2,2
642,438,8,2,3
642,162,9,2,2
642,309,10,2,4
642,27,11,2,2
642,177,12,2,2
642,588,13,2,3
642,163,14,2,3
642,470,15,2,0
642,152,16,2,2
642,262,17,2,2
642,455,18,2,0
642,189,19,2,4
642,524,20,2,4
643,3,1,4,3
643,498,2,4,3
643,263,3,4,3
643,83,4,4,3
643,49,5,4,4
643,12,6,4,2
643,36,7,4,1
643,216,8,4,1
643,283,9,4,3
643,328,10,4,3
643,468,11,4,3
643,492,12,4,2
643,493,13,4,3
643,212,14,4,2
643,569,15,4,4
643,316,16,4,1
643,374,17,4,4
643,299,18,4,4
643,523,19,4,3
643,496,20,4,1
644,283,1,3,3
644,7,2,3,2
644,153,3,3,3
644,53,4,3,3
644,260,5,3,0
644,306,6,3,1
644,337,7,3,2
644,123,8,3,3
644,423,9,3,3
644,346,10,3,1
644,461,11,3,1
644,8,12,3,3
644,383,13,3,3
644,83,14,3,3
644,550,15,3,0
644,3,16,3,3
644,268,17,3,3
644,140,18,3,0
644,519,19,3,4
644,360,20,3,0
645,267,1,0,2
645,95,2,0,0
645,595,3,0,0
645,300,4,0,0
645,323,5,0,3
645,37,6,0,2
645,183,7,0,3
645,573,8,0,3
645,230,9,0,0
645,240,10,0,0
645,509,11,0,4
645,490,12,0,0
645,157,13,0,2
645,270,14,0,0
645,456,15,0,1
645,135,16,0,0
645,495,17,0,0
645,450,18,0,0
645,405,19,0,0
645,482,20,0,2
646,181,1,4,1
646,314,2,4,4
646,444,3,4,4
646,259,4,4,4
646,409,5,4,4
646,564,6,4,4
646,199,7,4,4
646,214,8,4,4
646,289,9,4,4
646,94,10,4,4
646,84,11,4,4
646,254,12,4,4
646,277,13,4,2
646,169,14,4,4
646,526,15,4,1
646,89,16,4,4
646,346,17,4,1
646,246,18,4,1
646,354,19,4,4
646,405,20,4,0
647,584,1,2,4
647,371,2,2,1
647,378,3,2,3
647,159,4,2,4
647,165,5,2,0
647,425,6,2,0
647,344,7,2,4
647,42,8,2,2
647,228,9,2,3
647,160,10,2,0
647,277,11,2,2
647,444,12,2,4
647,400,13,2,0
647,552,14,2,2
647,232,15,2,2
647,337,16,2,2
647,289,17,2,4
647,391,18,2,1
647,112,19,2,2
647,47,20,2,2
648,215,1,1,0
648,336,2,1,1
648,339,3,1,4
648,222,4,1,2
648,525,5,1,0
648,543,6,1,3
648,306,7,1,1
648,291,8,1,1
648,126,9,1,1
648,246,10,1,1
648,449,11,1,4
648,552,12,1,2
648,316,13,1,1
648,135,14,1,0
648,195,15,1,0
648,266,16,1,1
648,457,17,1,2
648,407,18,1,2
648,554,19,1,4
648,501,20,1,1
649,408,1,4,3
649,64,2,4,4
649,369,3,4,4
649,4,4,4,4
649,205,5,4,0
649,583,6,4,3
649,434,7,4,4
649,362,8,4,2
649,404,9,4,4
649,113,10,4,3
649,229,11,4,4
649,532,12,4,2
649,223,13,4,3
649,384,14,4,4
649,16,15,4,1
649,311,16,4,1
649,224,17,4,4
649,101,18,4,1
649,282,19,4,2
649,306,20,4,1
650,270,1,3,0
650,108,2,3,3
650,578,3,3,3
650,176,4,3,1
650,283,5,3,3
650,399,6,3,4
650,438,7,3,3
650,403,8,3,3
650,212,9,3,2
650,333,10,3,3
650,295,11,3,0
650,383,12,3,3
650,289,13,3,4
650,397,14,3,2
650,530,15,3,0
650,430,16,3,0
650,47,17,3,2
650,553,18,3,3
650,310,19,3,0
650,188,20,3,3
651,498,1,3,3
651,528,2,3,3
651,143,3,3,3
651,408,4,3,3
651,231,5,3,1
651,403,6,3,3
651,280,7,3,0
651,67,8,3,2
651,568,9,3,3
651,263,10,3,3
651,210,11,3,0
651,199,12,3,4
651,500,13,3,0
651,318,14,3,3
651,448,15,3,3
651,248,16,3,3
651,413,17,3,3
651,453,18,3,3
651,334,19,3,4
651,194,20,3,4
652,595,1,0,0
652,38,2,0,3
652,269,3,0,4
652,302,4,0,2
652,195,5,0,0
652,275,6,0,0
652,346,7,0,1
652,119,8,0,4
652,45,9,0,0
652,378,10,0,3
652,61,11,0,1
652,255,12,0,0
652,70,13,0,0
652,486,14,0,1
652,140,15,0,0
652,95,16,0,0
652,312,17,0,2
652,215,18,0,0
652,487,19,0,2
652,570,20,0,0
653,542,1,0,2
653,559,2,0,4
653,218,3,0,3
653,178,4,0,3
653,229,5,0,4
653,385,6,0,0
653,80,7,0,0
653,100,8,0,0
653,439,9,0,4
653,310,10,0,0
653,470,11,0,0
653,547,12,0,2
653,55,13,0,0
653,215,14,0,0
653,320,15,0,0
653,103,16,0,3
653,425,17,0,0
653,39,18,0,4
653,131,19,0,1
653,57,20,0,2
654,507,1,3,2
654,492,2,3,2
654,119,3,3,4
654,508,4,3,3
654,493,5,3,3
654,548,6,3,3
654,123,7,3,3
654,358,8,3,3
654,333,9,3,3
654,253,10,3,3
654,307,11,3,2
654,217,12,3,2
654,1,13,3,1
654,343,14,3,3
654,408,15,3,3
654,18,16,3,3
654,437,17,3,2
654,245,18,3,0
654,528,19,3,3
654,346,20,3,1
655,130,1,0,0
655,34,2,0,4
655,241,3,0,1
655,112,4,0,2
655,550,5,0,0
655,204,6,0,4
655,405,7,0,0
655,466,8,0,1
655,57,9,0,2
655,75,10,0,0
655,372,11,0,2
655,377,12,0,2
655,315,13,0,0
655,536,14,0,1
655,235,15,0,0
655,549,16,0,4
655,160,17,0,0
655,387,18,0,2
655,12,19,0,2
655,543,20,0,3
656,410,1,0,0
656,7,2,0,2
656,467,3,0,2
656,293,4,0,3
656,95,5,0,0
656,175,6,0,0
656,423,7,0,3
656,270,8,0,0
656,550,9,0,0
656,218,10,0,3
656,494,11,0,4
656,383,12,0,3
656,360,13,0,0
656,450,14,0,0
656,165,15,0,0
656,121,16,0,1
656,432,17,0,2
656,387,18,0,2
656,130,19,0,0
656,283,20,0,3
657,147,1,1,2
657,118,2,1,3
657,591,3,1,1
657,76,4,1,1
657,223,5,1,3
657,351,6,1,1
657,231,7,1,1
657,226,8,1,1
657,543,9,1,3
657,243,10,1,3
657,431,11,1,1
657,345,12,1,0
657,461,13,1,1
657,482,14,1,2
657,498,15,1,3
657,516,16,1,1
657,270,17,1,0
657,233,18,1,3
657,505,19,1,0
657,293,20,1,3
658,227,1,2,2
658,140,2,2,0
658,457,3,2,2
658,36,4,2,1
658,433,5,2,3
658,97,6,2,2
658,243,7,2,3
658,441,8,2,1
658,43,9,2,3
658,343,10,2,3
658,591,11,2,1
658,126,12,2,1
658,49,13,2,4
658,556,14,2,1
658,297,15,2,2
658,509,16,2,4
658,207,17,2,2
658,222,18,2,2
658,574,19,2,4
658,239,20,2,4
659,47,1,2,2
659,33,2,2,3
659,200,3,2,0
659,427,4,2,2
659,53,5,2,3
659,58,6,2,3
659,436,7,2,1
659,144,8,2,4
659,74,9,2,4
659,101,10,2,1
659,417,11,2,2
659,525,12,2,0
659,567,13,2,2
659,13,14,2,3
659,217,15,2,2
659,212,16,2,2
659,575,17,2,0
659,83,18,2,3
659,197,19,2,2
659,214,20,2,4
660,244,1,3,4
660,439,2,3,4
660,73,3,3,3
660,69,4,3,4
660,10,5,3,0
660,394,6,3,4
660,286,7,3,1
660,354,8,3,4
660,467,9,3,2
660,84,10,3,4
660,229,11,3,4
660,456,12,3,1
660,76,13,3,1
660,518,14,3,3
660,568,15,3,3
660,261,16,3,1
660,527,17,3,2
660,270,18,3,0
660,497,19,3,2
660,134,20,3,4
661,208,1,3,3
661,458,2,3,3
661,418,3,3,3
661,307,4,3,2
661,468,5,3,3
661,370,6,3,0
661,209,7,3,4
661,138,8,3,3
661,514,9,3,4
661,553,10,3,3
661,503,11,3,3
661,243,12,3,3
661,172,13,3,2
661,556,14,3,1
661,346,15,3,1
661,78,16,3,3
661,578,17,3,3
661,198,18,3,3
661,18,19,3,3
661,388,20,3,3
662,289,1,3,4
662,103,2,3,3
662,503,3,3,3
662,533,4,3,3
662,568,5,3,3
662,245,6,3,0
662,573,7,3,3
662,73,8,3,3
662,508,9,3,3
662,316,10,3,1
662,180,11,3,0
662,23,12,3,3
662,183,13,3,3
662,350,14,3,0
662,368,15,3,3
662,493,16,3,3
662,594,17,3,4
662,463,18,3,3
662,261,19,3,1
662,498,20,3,3
663,372,1,4,2
663,553,2,4,3
663,14,3,4,4
663,161,4,4,1
663,431,5,4,1
663,539,6,4,4
663,234,7,4,4
663,434,8,4,4
663,189,9,4,4
663,564,10,4,4
663,383,11,4,3
663,219,12,4,4
663,469,13,4,4
663,504,14,4,4
663,494,15,4,4
663,439,16,4,4
663,435,17,4,0
663,519,18,4,4
663,579,19,4,4
663,68,20,4,3
664,446,1,1,1
664,570,2,1,0
664,383,3,1,3
664,103,4,1,3
664,331,5,1,1
664,113,6,1,3
664,266,7,1,1
664,7,8,1,2
664,26,9,1,1
664,93,10,1,3
664,516,11,1,1
664,480,12,1,0
664,104,13,1,4
664,141,14,1,1
664,499,15,1,4
664,249,16,1,4
664,455,17,1,0
664,510,18,1,0
664,314,19,1,4
664,451,20,1,1
665,62,1,2,2
665,302,2,2,2
665,243,3,2,3
665,76,4,2,1
665,184,5,2,4
665,152,6,2,2
665,70,7,2,0
665,322,8,2,2
665,286,9,2,1
665,581,10,2,1
665,357,11,2,2
665,431,12,2,1
665,463,13,2,3
665,512,14,2,2
665,348,15,2,3
665,124,16,2,4
665,93,17,2,3
665,187,18,2,2
665,22,19,2,2
665,345,20,2,0
666,434,1,4,4
666,9,2,4,4
666,577,3,4,2
666,349,4,4,4
666,414,5,4,4
666,7,6,4,2
666,79,7,4,4
666,535,8,4,0
666,111,9,4,1
666,445,10,4,0
666,43,11,4,3
666,379,12,4,4
666,307,13,4,2
666,83,14,4,3
666,424,15,4,4
666,34,16,4,4
666,24,17,4,4
666,144,18,4,4
666,496,19,4,1
666,497,20,4,2
667,3,1,1,3
667,189,2,1,4
667,421,3,1,1
667,84,4,1,4
667,388,5,1,3
667,185,6,1,0
667,271,7,1,1
667,191,8,1,1
667,501,9,1,1
667,496,10,1,1
667,251,11,1,1
667,26,12,1,1
667,321,13,1,1
667,261,14,1,1
667,206,15,1,1
667,521,16,1,1
667,253,17,1,3
667,406,18,1,1
667,293,19,1,3
667,566,20,1,1
668,508,1,3,3
668,543,2,3,3
668,324,3,3,4
668,369,4,3,4
668,405,5,3,0
668,233,6,3,3
668,61,7,3,1
668,5,8,3,0
668,308,9,3,3
668,235,10,3,0
668,438,11,3,3
668,571,12,3,1
668,466,13,3,1
668,300,14,3,0
668,28,15,3,3
668,128,16,3,3
668,429,17,3,4
668,435,18,3,0
668,103,19,3,3
668,218,20,3,3
669,312,1,2,2
669,474,2,2,4
669,93,3,2,3
669,418,4,2,3
669,162,5,2,2
669,182,6,2,2
669,27,7,2,2
669,373,8,2,3
669,362,9,2,2
669,345,10,2,0
669,272,11,2,2
669,216,12,2,1
669,197,13,2,2
669,212,14,2,2
669,82,15,2,2
669,437,16,2,2
669,588,17,2,3
669,130,18,2,0
669,189,19,2,4
669,252,20,2,2
670,58,1,4,3
670,555,2,4,0
670,319,3,4,4
670,529,4,4,4
670,124,5,4,4
670,123,6,4,3
670,594,7,4,4
670,439,8,4,4
670,169,9,4,4
670,149,10,4,4
670,453,11,4,3
670,274,12,4,4
670,504,13,4,4
670,584,14,4,4
670,352,15,4,2
670,64,16,4,4
670,174,17,4,4
670,121,18,4,1
670,156,19,4,1
670,84,20,4,4
671,2,1,2,2
671,43,2,2,3
671,444,3,2,4
671,215,4,2,0
671,527,5,2,2
671,411,6,2,1
671,0,7,2,0
671,13,8,2,3
671,427,9,2,2
671,72,10,2,2
671,507,11,2,2
671,231,12,2,1
671,292,13,2,2
671,273,14,2,3
671,335,15,2,0
671,464,16,2,4
671,261,17,2,1
671,567,18,2,2
671,219,19,2,4
671,182,20,2,2
672,514,1,4,4
672,86,2,4,1
672,454,3,4,4
672,474,4,4,4
672,200,5,4,0
672,84,6,4,4
672,364,7,4,4
672,415,8,4,0
672,175,9,4,0
672,574,10,4,4
672,539,11,4,4
672,125,12,4,0
672,14,13,4,4
672,481,14,4,1
672,264,15,4,4
672,529,16,4,4
672,528,17,4,3
672,0,18,4,0
672,409,19,4,4
672,439,20,4,4
673,7,1,2,2
673,202,2,2,2
673,284,3,2,4
673,282,4,2,2
673,58,5,2,3
673,457,6,2,2
673,180,7,2,0
673,507,8,2,2
673,591,9,2,1
673,107,10,2,2
673,152,11,2,2
673,2,12,2,2
673,11,13,2,1
673,502,14,2,2
673,1,15,2,1
673,42,16,2,2
673,277,17,2,2
673,27,18,2,2
673,402,19,2,2
673,301,20,2,1
674,567,1,2,2
674,171,2,2,1
674,262,3,2,2
674,77,4,2,2
674,357,5,2,2
674,359,6,2,4
674,175,7,2,0
674,392,8,2,2
674,337,9,2,2
674,527,10,2,2
674,557,11,2,2
674,531,12,2,1
674,457,13,2,2
674,132,14,2,2
674,517,15,2,2
674,443,16,2,3
674,507,17,2,2
674,161,18,2,1
674,249,19,2,4
674,402,20,2,2
675,350,1,0,0
675,299,2,0,4
675,240,3,0,0
675,577,4,0,2
675,511,5,0,1
675,347,6,0,2
675,162,7,0,2
675,4,8,0,4
675,586,9,0,1
675,460,10,0,0
675,120,11,0,0
675,585,12,0,0
675,515,13,0,0
675,157,14,0,2
675,12,15,0,2
675,104,16,0,4
675,150,17,0,0
675,420,18,0,0
675,20,19,0,0
675,159,20,0,4
676,422,1,4,2
676,134,2,4,4
676,559,3,4,4
676,54,4,4,4
676,404,5,4,4
676,395,6,4,0
676,227,7,4,2
676,415,8,4,0
676,124,9,4,4
676,97,10,4,2
676,364,11,4,4
676,133,12,4,3
676,180,13,4,0
676,397,14,4,2
676,324,15,4,4
676,9,16,4,4
676,424,17,4,4
676,115,18,4,0
676,583,19,4,3
676,315,20,4,0
677,42,1,2,2
677,422,2,2,2
677,102,3,2,2
677,168,4,2,3
677,469,5,2,4
677,98,6,2,3
677,370,7,2,0
677,509,8,2,4
677,459,9,2,4
677,72,10,2,2
677,169,11,2,4
677,321,12,2,1
677,558,13,2,3
677,576,14,2,1
677,125,15,2,0
677,294,16,2,4
677,179,17,2,4
677,537,18,2,2
677,210,19,2,0
677,345,20,2,0
678,66,1,3,1
678,198,2,3,3
678,568,3,3,3
678,243,4,3,3
678,49,5,3,4
678,316,6,3,1
678,413,7,3,3
678,508,8,3,3
678,193,9,3,3
678,181,10,3,1
678,88,11,3,3
678,278,12,3,3
678,478,13,3,3
678,401,14,3,1
678,285,15,3,0
678,40,16,3,0
678,415,17,3,0
678,113,18,3,3
678,588,19,3,3
678,513,20,3,3
679,227,1,3,2
679,164,2,3,4
679,358,3,3,3
679,383,4,3,3
679,118,5,3,3
679,37,6,3,2
679,598,7,3,3
679,7,8,3,2
679,88,9,3,3
679,553,10,3,3
679,111,11,3,1
679,125,12,3,0
679,309,13,3,4
679,423,14,3,3
679,396,15,3,1
679,108,16,3,3
679,44,17,3,4
679,245,18,3,0
679,18,19,3,3
679,213,20,3,3
680,426,1,1,1
680,308,2,1,3
680,310,3,1,0
680,13,4,1,3
680,576,5,1,1
680,478,6,1,3
680,46,7,1,1
680,176,8,1,1
680,201,9,1,1
680,324,10,1,4
680,7,11,1,2
680,206,12,1,1
680,477,13,1,2
680,16,14,1,1
680,440,15,1,0
680,77,16,1,2
680,356,17,1,1
680,217,18,1,2
680,156,19,1,1
680,228,20,1,3
681,251,1,0,1
681,285,2,0,0
681,20,3,0,0
681,455,4,0,0
681,359,5,0,4
681,5,6,0,0
681,260,7,0,0
681,277,8,0,2
681,168,9,0,3
681,310,10,0,0
681,284,11,0,4
681,470,12,0,0
681,65,13,0,0
681,0,14,0,0
681,289,15,0,4
681,532,16,0,2
681,185,17,0,0
681,170,18,0,0
681,243,19,0,3
681,295,20,0,0
682,596,1,1,1
682,371,2,1,1
682,123,3,1,3
682,428,4,1,3
682,281,5,1,1
682,311,6,1,1
682,91,7,1,1
682,214,8,1,4
682,490,9,1,0
682,501,10,1,1
682,111,11,1,1
682,261,12,1,1
682,481,13,1,1
682,69,14,1,4
682,520,15,1,0
682,256,16,1,1
682,271,17,1,1
682,251,18,1,1
682,366,19,1,1
682,79,20,1,4
683,299,1,4,4
683,581,2,4,1
683,349,3,4,4
683,159,4,4,4
683,252,5,4,2
683,594,6,4,4
683,485,7,4,0
683,66,8,4,1
683,469,9,4,4
683,136,10,4,1
683,542,11,4,2
683,166,12,4,1
683,224,13,4,4
683,264,14,4,4
683,445,15,4,0
683,504,16,4,4
683,268,17,4,3
683,596,18,4,1
683,219,19,4,4
683,304,20,4,4
684,247,1,2,2
684,366,2,2,1
684,372,3,2,2
684,297,4,2,2
684,20,5,2,0
684,449,6,2,4
684,117,7,2,2
684,69,8,2,4
684,143,9,2,3
684,13,10,2,3
684,15,11,2,0
684,187,12,2,2
684,233,13,2,3
684,327,14,2,2
684,337,15,2,2
684,578,16,2,3
684,161,17,2,1
684,342,18,2,2
684,122,19,2,2
684,62,20,2,2
685,486,1,0,1
685,496,2,0,1
685,560,3,0,0
685,85,4,0,0
685,530,5,0,0
685,420,6,0,0
685,365,7,0,0
685,335,8,0,0
685,67,9,0,2
685,393,10,0,3
685,80,11,0,0
685,515,12,0,0
685,368,13,0,3
685,468,14,0,3
685,277,15,0,2
685,153,16,0,3
685,450,17,0,0
685,200,18,0,0
685,135,19,0,0
685,510,20,0,0
686,566,1,4,1
686,584,2,4,4
686,181,3,4,1
686,83,4,4,3
686,209,5,4,4
686,485,6,4,0
686,148,7,4,3
686,114,8,4,4
686,389,9,4,4
686,169,10,4,4
686,199,11,4,4
686,482,12,4,2
686,594,13,4,4
686,182,14,4,2
686,154,15,4,4
686,139,16,4,4
686,583,17,4,3
686,158,18,4,3
686,501,19,4,1
686,306,20,4,1
687,145,1,1,0
687,144,2,1,4
687,588,3,1,3
687,150,4,1,0
687,583,5,1,3
687,275,6,1,0
687,586,7,1,1
687,36,8,1,1
687,111,9,1,1
687,14,10,1,4
687,410,11,1,0
687,216,12,1,1
687,41,13,1,1
687,42,14,1,2
687,190,15,1,0
687,214,16,1,4
687,512,17,1,2
687,156,18,1,1
687,71,19,1,1
687,596,20,1,1
688,208,1,3,3
688,289,2,3,4
688,328,3,3,3
688,461,4,3,1
688,40,5,3,0
688,354,6,3,4
688,541,7,3,1
688,413,8,3,3
688,313,9,3,3
688,113,10,3,3
688,458,11,3,3
688,86,12,3,1
688,253,13,3,3
688,385,14,3,0
688,138,15,3,3
688,133,16,3,3
688,378,17,3,3
688,199,18,3,4
688,128,19,3,3
688,43,20,3,3
689,455,1,0,0
689,70,2,0,0
689,401,3,0,1
689,245,4,0,0
689,135,5,0,0
689,52,6,0,2
689,109,7,0,4
689,491,8,0,1
689,30,9,0,0
689,470,10,0,0
689,320,11,0,0
689,226,12,0,1
689,50,13,0,0
689,213,14,0,3
689,205,15,0,0
689,410,16,0,0
689,125,17,0,0
689,45,18,0,0
689,9,19,0,4
689,560,20,0,0
690,205,1,1,0
690,181,2,1,1
690,581,3,1,1
690,526,4,1,1
690,153,5,1,3
690,31,6,1,1
690,76,7,1,1
690,416,8,1,1
690,144,9,1,4
690,46,10,1,1
690,189,11,1,4
690,396,12,1,1
690,245,13,1,0
690,498,14,1,3
690,479,15,1,4
690,326,16,1,1
690,588,17,1,3
690,141,18,1,1
690,451,19,1,1
690,506,20,1,1
691,336,1,2,1
691,567,2,2,2
691,169,3,2,4
691,390,4,2,0
691,104,5,2,4
691,391,6,2,1
691,591,7,2,1
691,62,8,2,2
691,597,9,2,2
691,234,10,2,4
691,229,11,2,4
691,392,12,2,2
691,40,13,2,0
691,122,14,2,2
691,64,15,2,4
691,128,16,2,3
691,317,17,2,2
691,522,18,2,2
691,89,19,2,4
691,346,20,2,1
692,197,1,2,2
692,2,2,2,2
692,525,3,2,0
692,330,4,2,0
692,287,5,2,2
692,472,6,2,2
692,132,7,2,2
692,172,8,2,2
692,333,9,2,3
692,382,10,2,2
692,227,11,2,2
692,283,12,2,3
692,142,13,2,2
692,572,14,2,2
692,337,15,2,2
692,15,16,2,0
692,30,17,2,0
692,23,18,2,3
692,38,19,2,3
692,336,20,2,1
693,164,1,4,4
693,509,2,4,4
693,487,3,4,2
693,404,4,4,4
693,154,5,4,4
693,269,6,4,4
693,554,7,4,4
693,319,8,4,4
693,322,9,4,2
693,64,10,4,4
693,442,11,4,2
693,302,12,4,2
693,353,13,4,3
693,383,14,4,3
693,266,15,4,1
693,206,16,4,1
693,390,17,4,0
693,139,18,4,4
693,340,19,4,0
693,34,20,4,4
694,254,1,4,4
694,143,2,4,3
694,334,3,4,4
694,473,4,4,3
694,125,5,4,0
694,248,6,4,3
694,113,7,4,3
694,414,8,4,4
694,184,9,4,4
694,593,10,4,3
694,579,11,4,4
694,149,12,4,4
694,244,13,4,4
694,303,14,4,3
694,89,15,4,4
694,119,16,4,4
694,259,17,4,4
694,429,18,4,4
694,574,19,4,4
694,354,20,4,4
695,146,1,2,1
695,540,2,2,0
695,599,3,2,4
695,391,4,2,1
695,552,5,2,2
695,37,6,2,2
695,477,7,2,2
695,312,8,2,2
695,17,9,2,2
695,441,10,2,1
695,170,11,2,0
695,151,12,2,1
695,246,13,2,1
695,347,14,2,2
695,207,15,2,2
695,400,16,2,0
695,537,17,2,2
695,53,18,2,3
695,47,19,2,2
695,427,20,2,2
696,347,1,2,2
696,303,2,2,3
696,113,3,2,3
696,397,4,2,2
696,510,5,2,0
696,246,6,2,1
696,544,7,2,4
696,587,8,2,2
696,536,9,2,1
696,257,10,2,2
696,96,11,2,1
696,553,12,2,3
696,27,13,2,2
696,200,14,2,0
696,92,15,2,2
696,372,16,2,2
696,552,17,2,2
696,72,18,2,2
696,478,19,2,3
696,476,20,2,1
697,309,1,4,4
697,147,2,4,2
697,289,3,4,4
697,380,4,4,0
697,69,5,4,4
697,435,6,4,0
697,424,7,4,4
697,117,8,4,2
697,246,9,4,1
697,334,10,4,4
697,272,11,4,2
697,92,12,4,2
697,509,13,4,4
697,574,14,4,4
697,49,15,4,4
697,228,16,4,3
697,62,17,4,2
697,76,18,4,1
697,75,19,4,0
697,79,20,4,4
698,196,1,1,1
698,11,2,1,1
698,231,3,1,1
698,433,4,1,3
698,426,5,1,1
698,582,6,1,2
698,378,7,1,3
698,526,8,1,1
698,461,9,1,1
698,173,10,1,3
698,37,11,1,2
698,475,12,1,0
698,501,13,1,1
698,361,14,1,1
698,575,15,1,0
698,381,16,1,1
698,51,17,1,1
698,81,18,1,1
698,180,19,1,0
698,306,20,1,1
699,294,1,2,4
699,432,2,2,2
699,550,3,2,0
699,238,4,2,3
699,41,5,2,1
699,98,6,2,3
699,297,7,2,2
699,137,8,2,2
699,430,9,2,0
699,483,10,2,3
699,82,11,2,2
699,543,12,2,3
699,320,13,2,0
699,492,14,2,2
699,44,15,2,4
699,52,16,2,2
699,573,17,2,3
699,292,18,2,2
699,237,19,2,2
699,87,20,2,2
700,549,1,4,4
700,187,2,4,2
700,164,3,4,4
700,213,4,4,3
700,270,5,4,0
700,389,6,4,4
700,335,7,4,0
700,29,8,4,4
700,287,9,4,2
700,339,10,4,4
700,554,11,4,4
700,419,12,4,4
700,89,13,4,4
700,447,14,4,2
700,509,15,4,4
700,215,16,4,0
700,184,17,4,4
700,484,18,4,4
700,189,19,4,4
700,324,20,4,4
701,422,1,4,2
701,464,2,4,4
701,515,3,4,0
701,425,4,4,0
701,227,5,4,2
701,289,6,4,4
701,496,7,4,1
701,457,8,4,2
701,584,9,4,4
701,467,10,4,2
701,532,11,4,2
701,494,12,4,4
701,548,13,4,3
701,502,14,4,2
701,310,15,4,0
701,589,16,4,4
701,406,17,4,1
701,89,18,4,4
701,194,19,4,4
701,398,20,4,3
702,295,1,4,0
702,86,2,4,1
702,544,3,4,4
702,89,4,4,4
702,44,5,4,4
702,442,6,4,2
702,369,7,4,4
702,464,8,4,4
702,279,9,4,4
702,560,10,4,0
702,138,11,4,3
702,409,12,4,4
702,300,13,4,0
702,340,14,4,0
702,161,15,4,1
702,264,16,4,4
702,27,17,4,2
702,280,18,4,0
702,174,19,4,4
702,186,20,4,1
703,35,1,0,0
703,5,2,0,0
703,224,3,0,4
703,79,4,0,4
703,424,5,0,4
703,265,6,0,0
703,139,7,0,4
703,475,8,0,0
703,170,9,0,0
703,433,10,0,3
703,386,11,0,1
703,307,12,0,2
703,184,13,0,4
703,570,14,0,0
703,178,15,0,3
703,595,16,0,0
703,120,17,0,0
703,455,18,0,0
703,375,19,0,0
703,50,20,0,0
704,453,1,2,3
704,102,2,2,2
704,222,3,2,2
704,161,4,2,1
704,152,5,2,2
704,117,6,2,2
704,285,7,2,0
704,59,8,2,4
704,282,9,2,2
704,384,10,2,4
704,171,11,2,1
704,472,12,2,2
704,97,13,2,2
704,587,14,2,2
704,240,15,2,0
704,337,16,2,2
704,255,17,2,0
704,362,18,2,2
704,72,19,2,2
704,40,20,2,0
705,188,1,2,3
705,150,2,2,0
705,385,3,2,0
705,267,4,2,2
705,201,5,2,1
705,476,6,2,1
705,571,7,2,1
705,196,8,2,1
705,597,9,2,2
705,113,10,2,3
705,330,11,2,0
705,433,12,2,3
705,518,13,2,3
705,282,14,2,2
705,227,15,2,2
705,532,16,2,2
705,512,17,2,2
705,47,18,2,2
705,62,19,2,2
705,587,20,2,2
706,144,1,4,4
706,97,2,4,2
706,509,3,4,4
706,98,4,4,3
706,359,5,4,4
706,531,6,4,1
706,441,7,4,1
706,464,8,4,4
706,429,9,4,4
706,40,10,4,0
706,324,11,4,4
706,261,12,4,1
706,564,13,4,4
706,434,14,4,4
706,154,15,4,4
706,419,16,4,4
706,483,17,4,3
706,571,18,4,1
706,266,19,4,1
706,449,20,4,4
707,513,1,3,3
707,268,2,3,3
707,53,3,3,3
707,146,4,3,1
707,288,5,3,3
707,537,6,3,2
707,95,7,3,0
707,406,8,3,1
707,498,9,3,3
707,313,10,3,3
707,355,11,3,0
707,242,12,3,2
707,428,13,3,3
707,163,14,3,3
707,560,15,3,0
707,328,16,3,3
707,23,17,3,3
707,164,18,3,4
707,283,19,3,3
707,492,20,3,2
708,320,1,2,0
708,23,2,2,3
708,324,3,2,4
708,52,4,2,2
708,5,5,2,0
708,490,6,2,0
708,127,7,2,2
708,326,8,2,1
708,175,9,2,0
708,307,10,2,2
708,422,11,2,2
708,22,12,2,2
708,431,13,2,1
708,149,14,2,4
708,356,15,2,1
708,439,16,2,4
708,301,17,2,1
708,66,18,2,1
708,47,19,2,2
708,462,20,2,2
709,374,1,4,4
709,34,2,4,4
709,172,3,4,2
709,86,4,4,1
709,87,5,4,2
709,455,6,4,0
709,92,7,4,2
709,35,8,4,0
709,368,9,4,3
709,209,10,4,4
709,146,11,4,1
709,28,12,4,3
709,201,13,4,1
709,564,14,4,4
709,496,15,4,1
709,318,16,4,3
709,567,17,4,2
709,297,18,4,2
709,352,19,4,2
709,108,20,4,3
710,353,1,3,3
710,543,2,3,3
710,550,3,3,0
710,289,4,3,4
710,7,5,3,2
710,201,6,3,1
710,127,7,3,2
710,3,8,3,3
710,152,9,3,2
710,138,10,3,3
710,222,11,3,2
710,218,12,3,3
710,158,13,3,3
710,595,14,3,0
710,154,15,3,4
710,425,16,3,0
710,479,17,3,4
710,433,18,3,3
710,74,19,3,4
710,564,20,3,4
711,464,1,4,4
711,216,2,4,1
711,279,3,4,4
711,158,4,4,3
711,554,5,4,4
711,339,6,4,4
711,297,7,4,2
711,551,8,4,1
711,112,9,4,2
711,42,10,4,2
711,473,11,4,3
711,4,12,4,4
711,503,13,4,3
711,344,14,4,4
711,64,15,4,4
711,149,16,4,4
711,284,17,4,4
711,401,18,4,1
711,319,19,4,4
711,499,20,4,4
712,405,1,0,0
712,101,2,0,1
712,130,3,0,0
712,534,4,0,4
712,465,5,0,0
712,419,6,0,4
712,275,7,0,0
712,499,8,0,4
712,92,9,0,2
712,567,10,0,2
712,50,11,0,0
712,161,12,0,1
712,135,13,0,0
712,545,14,0,0
712,526,15,0,1
712,591,16,0,1
712,443,17,0,3
712,225,18,0,0
712,273,19,0,3
712,140,20,0,0
713,325,1,2,0
713,30,2,2,0
713,361,3,2,1
713,324,4,2,4
713,158,5,2,3
713,394,6,2,4
713,53,7,2,3
713,494,8,2,4
713,91,9,2,1
713,31,10,2,1
713,157,11,2,2
713,3,12,2,3
713,220,13,2,0
713,261,14,2,1
713,37,15,2,2
713,210,16,2,0
713,187,17,2,2
713,488,18,2,3
713,337,19,2,2
713,52,20,2,2
714,455,1,1,0
714,36,2,1,1
714,296,3,1,1
714,1,4,1,1
714,156,5,1,1
714,441,6,1,1
714,62,7,1,2
714,361,8,1,1
714,496,9,1,1
714,241,10,1,1
714,566,11,1,1
714,422,12,1,2
714,499,13,1,4
714,466,14,1,1
714,163,15,1,3
714,49,16,1,4
714,325,17,1,0
714,316,18,1,1
714,215,19,1,0
714,281,20,1,1
715,229,1,1,4
715,184,2,1,4
715,201,3,1,1
715,546,4,1,1
715,494,5,1,4
715,306,6,1,1
715,360,7,1,0
715,376,8,1,1
715,161,9,1,1
715,303,10,1,3
715,541,11,1,1
715,599,12,1,4
715,316,13,1,1
715,375,14,1,0
715,17,15,1,2
715,543,16,1,3
715,81,17,1,1
715,291,18,1,1
715,236,19,1,1
715,476,20,1,1
716,405,1,2,0
716,72,2,2,2
716,572,3,2,2
716,593,4,2,3
716,382,5,2,2
716,132,6,2,2
716,383,7,2,3
716,523,8,2,3
716,92,9,2,2
716,302,10,2,2
716,499,11,2,4
716,327,12,2,2
716,127,13,2,2
716,422,14,2,2
716,97,15,2,2
716,512,16,2,2
716,43,17,2,3
716,267,18,2,2
716,375,19,2,0
716,107,20,2,2
717,19,1,3,4
717,2,2,3,2
717,218,3,3,3
717,408,4,3,3
717,213,5,3,3
717,484,6,3,4
717,289,7,3,4
717,125,8,3,0
717,285,9,3,0
717,413,10,3,3
717,78,11,3,3
717,588,12,3,3
717,64,13,3,4
717,392,14,3,2
717,192,15,3,2
717,516,16,3,1
717,162,17,3,2
717,526,18,3,1
717,71,19,3,1
717,45,20,3,0
718,194,1,0,4
718,102,2,0,2
718,565,3,0,0
718,364,4,0,4
718,390,5,0,0
718,316,6,0,1
718,469,7,0,4
718,305,8,0,0
718,69,9,0,4
718,220,10,0,0
718,82,11,0,2
718,204,12,0,4
718,320,13,0,0
718,357,14,0,2
718,115,15,0,0
718,191,16,0,1
718,242,17,0,2
718,522,18,0,2
718,158,19,0,3
718,9,20,0,4
719,296,1,1,1
719,216,2,1,1
719,66,3,1,1
719,186,4,1,1
719,459,5,1,4
719,191,6,1,1
719,271,7,1,1
719,496,8,1,1
719,323,9,1,3
719,506,10,1,1
719,369,11,1,4
719,131,12,1,1
719,303,13,1,3
719,406,14,1,1
719,596,15,1,1
719,166,16,1,1
719,256,17,1,1
719,141,18,1,1
719,251,19,1,1
719,418,20,1,3
720,313,1,0,3
720,346,2,0,1
720,245,3,0,0
720,185,4,0,0
720,120,5,0,0
720,473,6,0,3
720,580,7,0,0
720,485,8,0,0
720,480,9,0,0
720,174,10,0,4
720,557,11,0,2
720,345,12,0,0
720,217,13,0,2
720,273,14,0,3
720,364,15,0,4
720,450,16,0,0
720,235,17,0,0
720,132,18,0,2
720,517,19,0,2
720,449,20,0,4
721,71,1,4,1
721,354,2,4,4
721,199,3,4,4
721,539,4,4,4
721,14,5,4,4
721,140,6,4,0
721,23,7,4,3
721,314,8,4,4
721,369,9,4,4
721,20,10,4,0
721,53,11,4,3
721,461,12,4,1
721,254,13,4,4
721,174,14,4,4
721,279,15,4,4
721,297,16,4,2
721,209,17,4,4
721,159,18,4,4
721,249,19,4,4
721,589,20,4,4
722,428,1,1,3
722,550,2,1,0
722,191,3,1,1
722,586,4,1,1
722,323,5,1,3
722,374,6,1,4
722,306,7,1,1
722,511,8,1,1
722,86,9,1,1
722,83,10,1,3
722,483,11,1,3
722,116,12,1,1
722,52,13,1,2
722,436,14,1,1
722,487,15,1,2
722,231,16,1,1
722,71,17,1,1
722,200,18,1,0
722,72,19,1,2
722,236,20,1,1
723,16,1,4,1
723,494,2,4,4
723,546,3,4,1
723,334,4,4,4
723,468,5,4,3
723,299,6,4,4
723,519,7,4,4
723,544,8,4,4
723,439,9,4,4
723,339,10,4,4
723,375,11,4,0
723,119,12,4,4
723,58,13,4,3
723,146,14,4,1
723,90,15,4,0
723,324,16,4,4
723,469,17,4,4
723,209,18,4,4
723,524,19,4,4
723,574,20,4,4
724,369,1,1,4
724,517,2,1,2
724,179,3,1,4
724,552,4,1,2
724,121,5,1,1
724,92,6,1,2
724,562,7,1,2
724,244,8,1,4
724,433,9,1,3
724,586,10,1,1
724,316,11,1,1
724,248,12,1,3
724,496,13,1,1
724,466,14,1,1
724,583,15,1,3
724,424,16,1,4
724,469,17,1,4
724,398,18,1,3
724,442,19,1,2
724,446,20,1,1
725,259,1,4,4
725,24,2,4,4
725,579,3,4,4
725,343,4,4,3
725,567,5,4,2
725,429,6,4,4
725,192,7,4,2
725,9,8,4,4
725,384,9,4,4
725,29,10,4,4
725,67,11,4,2
725,82,12,4,2
725,89,13,4,4
725,387,14,4,2
725,457,15,4,2
725,379,16,4,4
725,298,17,4,3
725,448,18,4,3
725,469,19,4,4
725,422,20,4,2
726,34,1,3,4
726,476,2,3,1
726,493,3,3,3
726,263,4,3,3
726,297,5,3,2
726,18,6,3,3
726,313,7,3,3
726,548,8,3,3
726,572,9,3,2
726,134,10,3,4
726,463,11,3,3
726,124,12,3,4
726,123,13,3,3
726,547,14,3,2
726,96,15,3,1
726,53,16,3,3
726,514,17,3,4
726,570,18,3,0
726,290,19,3,0
726,211,20,3,1
727,229,1,4,4
727,459,2,4,4
727,298,3,4,3
727,284,4,4,4
727,309,5,4,4
727,292,6,4,2
727,204,7,4,4
727,69,8,4,4
727,474,9,4,4
727,49,10,4,4
727,128,11,4,3
727,582,12,4,2
727,584,13,4,4
727,131,14,4,1
727,50,15,4,0
727,44,16,4,4
727,17,17,4,2
727,405,18,4,0
727,563,19,4,3
727,583,20,4,3
728,557,1,4,2
728,224,2,4,4
728,457,3,4,2
728,526,4,4,1
728,308,5,4,3
728,334,6,4,4
728,232,7,4,2
728,484,8,4,4
728,394,9,4,4
728,549,10,4,4
728,262,11,4,2
728,369,12,4,4
728,569,13,4,4
728,238,14,4,3
728,439,15,4,4
728,250,16,4,0
728,458,17,4,3
728,332,18,4,2
728,541,19,4,1
728,501,20,4,1
729,366,1,0,1
729,165,2,0,0
729,446,3,0,1
729,322,4,0,2
729,235,5,0,0
729,325,6,0,0
729,140,7,0,0
729,575,8,0,0
729,383,9,0,3
729,215,10,0,0
729,45,11,0,0
729,502,12,0,2
729,40,13,0,0
729,70,14,0,0
729,170,15,0,0
729,122,16,0,2
729,421,17,0,1
729,350,18,0,0
729,185,19,0,0
729,9,20,0,4
730,400,1,0,0
730,85,2,0,0
730,185,3,0,0
730,62,4,0,2
730,585,5,0,0
730,14,6,0,4
730,125,7,0,0
730,95,8,0,0
730,538,9,0,3
730,92,10,0,2
730,175,11,0,0
730,474,12,0,4
730,21,13,0,1
730,565,14,0,0
730,236,15,0,1
730,26,16,0,1
730,290,17,0,0
730,109,18,0,4
730,312,19,0,2
730,155,20,0,0
731,187,1,2,2
731,328,2,2,3
731,549,3,2,4
731,591,4,2,1
731,507,5,2,2
731,471,6,2,1
731,260,7,2,0
731,244,8,2,4
731,277,9,2,2
731,157,10,2,2
731,241,11,2,1
731,411,12,2,1
731,342,13,2,2
731,199,14,2,4
731,117,15,2,2
731,479,16,2,4
731,525,17,2,0
731,512,18,2,2
731,67,19,2,2
731,593,20,2,3
732,363,1,3,3
732,474,2,3,4
732,29,3,3,4
732,158,4,3,3
732,193,5,3,3
732,231,6,3,1
732,79,7,3,4
732,147,8,3,2
732,144,9,3,4
732,43,10,3,3
732,463,11,3,3
732,433,12,3,3
732,248,13,3,3
732,38,14,3,3
732,288,15,3,3
732,113,16,3,3
732,8,17,3,3
732,410,18,3,0
732,518,19,3,3
732,323,20,3,3
733,110,1,1,0
733,566,2,1,1
733,178,3,1,3
733,511,4,1,1
733,151,5,1,1
733,90,6,1,0
733,141,7,1,1
733,157,8,1,2
733,416,9,1,1
733,229,10,1,4
733,526,11,1,1
733,182,12,1,2
733,393,13,1,3
733,451,14,1,1
733,472,15,1,2
733,96,16,1,1
733,237,17,1,2
733,311,18,1,1
733,205,19,1,0
733,5,20,1,0
734,519,1,1,4
734,461,2,1,1
734,446,3,1,1
734,246,4,1,1
734,506,5,1,1
734,279,6,1,4
734,389,7,1,4
734,18,8,1,3
734,209,9,1,4
734,415,10,1,0
734,586,11,1,1
734,196,12,1,1
734,472,13,1,2
734,504,14,1,4
734,591,15,1,1
734,136,16,1,1
734,561,17,1,1
734,462,18,1,2
734,597,19,1,2
734,283,20,1,3
735,184,1,3,4
735,238,2,3,3
735,320,3,3,0
735,78,4,3,3
735,313,5,3,3
735,408,6,3,3
735,303,7,3,3
735,358,8,3,3
735,458,9,3,3
735,323,10,3,3
735,478,11,3,3
735,217,12,3,2
735,464,13,3,4
735,397,14,3,2
735,257,15,3,2
735,273,16,3,3
735,156,17,3,1
735,176,18,3,1
735,7,19,3,2
735,363,20,3,3
736,226,1,1,1
736,19,2,1,4
736,406,3,1,1
736,257,4,1,2
736,152,5,1,2
736,205,6,1,0
736,256,7,1,1
736,564,8,1,4
736,570,9,1,0
736,586,10,1,1
736,33,11,1,3
736,295,12,1,0
736,195,13,1,0
736,576,14,1,1
736,230,15,1,0
736,508,16,1,3
736,134,17,1,4
736,351,18,1,1
736,175,19,1,0
736,276,20,1,1
737,585,1,0,0
737,235,2,0,0
737,385,3,0,0
737,440,4,0,0
737,15,5,0,0
737,45,6,0,0
737,196,7,0,1
737,495,8,0,0
737,454,9,0,4
737,18,10,0,3
737,505,11,0,0
737,140,12,0,0
737,157,13,0,2
737,355,14,0,0
737,460,15,0,0
737,165,16,0,0
737,185,17,0,0
737,20,18,0,0
737,70,19,0,0
737,410,20,0,0
738,502,1,2,2
738,414,2,2,4
738,36,3,2,1
738,59,4,2,4
738,446,5,2,1
738,6,6,2,1
738,554,7,2,4
738,302,8,2,2
738,252,9,2,2
738,71,10,2,1
738,117,11,2,2
738,24,12,2,4
738,72,13,2,2
738,472,14,2,2
738,167,15,2,2
738,143,16,2,3
738,368,17,2,3
738,272,18,2,2
738,562,19,2,2
738,28,20,2,3
739,162,1,2,2
739,508,2,2,3
739,45,3,2,0
739,467,4,2,2
739,4,5,2,4
739,392,6,2,2
739,52,7,2,2
739,490,8,2,0
739,291,9,2,1
739,522,10,2,2
739,549,11,2,4
739,376,12,2,1
739,597,13,2,2
739,454,14,2,4
739,440,15,2,0
739,331,16,2,1
739,406,17,2,1
739,23,18,2,3
739,541,19,2,1
739,42,20,2,2
740,337,1,0,2
740,249,2,0,4
740,80,3,0,0
740,273,4,0,3
740,435,5,0,0
740,420,6,0,0
740,35,7,0,0
740,530,8,0,0
740,5,9,0,0
740,460,10,0,0
740,113,11,0,3
740,243,12,0,3
740,360,13,0,0
740,475,14,0,0
740,324,15,0,4
740,26,16,0,1
740,369,17,0,4
740,126,18,0,1
740,65,19,0,0
740,335,20,0,0
741,559,1,4,4
741,484,2,4,4
741,67,3,4,2
741,184,4,4,4
741,582,5,4,2
741,209,6,4,4
741,174,7,4,4
741,380,8,4,0
741,456,9,4,1
741,393,10,4,3
741,514,11,4,4
741,301,12,4,1
741,449,13,4,4
741,169,14,4,4
741,489,15,4,4
741,304,16,4,4
741,82,17,4,2
741,9,18,4,4
741,182,19,4,2
741,19,20,4,4
742,473,1,3,3
742,68,2,3,3
742,163,3,3,3
742,184,4,3,4
742,504,5,3,4
742,579,6,3,4
742,553,7,3,3
742,554,8,3,4
742,482,9,3,2
742,308,10,3,3
742,493,11,3,3
742,598,12,3,3
742,62,13,3,2
742,203,14,3,3
742,27,15,3,2
742,480,16,3,0
742,143,17,3,3
742,437,18,3,2
742,368,19,3,3
742,265,20,3,0
743,570,1,4,0
743,397,2,4,2
743,79,3,4,4
743,158,4,4,3
743,142,5,4,2
743,344,6,4,4
743,524,7,4,4
743,446,8,4,1
743,253,9,4,3
743,334,10,4,4
743,53,11,4,3
743,398,12,4,3
743,64,13,4,4
743,27,14,4,2
743,389,15,4,4
743,319,16,4,4
743,464,17,4,4
743,396,18,4,1
743,159,19,4,4
743,248,20,4,3
744,160,1,0,0
744,190,2,0,0
744,504,3,0,4
744,144,4,0,4
744,462,5,0,2
744,175,6,0,0
744,525,7,0,0
744,409,8,0,4
744,390,9,0,0
744,95,10,0,0
744,342,11,0,2
744,374,12,0,4
744,180,13,0,0
744,31,14,0,1
744,266,15,0,1
744,590,16,0,0
744,410,17,0,0
744,545,18,0,0
744,70,19,0,0
744,61,20,0,1
745,528,1,3,3
745,263,2,3,3
745,555,3,3,0
745,236,4,3,1
745,381,5,3,1
745,578,6,3,3
745,566,7,3,1
745,202,8,3,2
745,543,9,3,3
745,475,10,3,0
745,63,11,3,3
745,308,12,3,3
745,459,13,3,4
745,302,14,3,2
745,333,15,3,3
745,123,16,3,3
745,364,17,3,4
745,544,18,3,4
745,303,19,3,3
745,343,20,3,3
746,457,1,2,2
746,284,2,2,4
746,337,3,2,2
746,147,4,2,2
746,412,5,2,2
746,2,6,2,2
746,312,7,2,2
746,117,8,2,2
746,577,9,2,2
746,262,10,2,2
746,98,11,2,3
746,46,12,2,1
746,502,13,2,2
746,282,14,2,2
746,192,15,2,2
746,217,16,2,2
746,212,17,2,2
746,82,18,2,2
746,473,19,2,3
746,392,20,2,2
747,303,1,0,3
747,20,2,0,0
747,125,3,0,0
747,160,4,0,0
747,484,5,0,4
747,540,6,0,0
747,265,7,0,0
747,440,8,0,0
747,47,9,0,2
747,499,10,0,4
747,280,11,0,0
747,285,12,0,0
747,323,13,0,3
747,462,14,0,2
747,274,15,0,4
747,30,16,0,0
747,555,17,0,0
747,97,18,0,2
747,355,19,0,0
747,180,20,0,0
748,464,1,1,4
748,39,2,1,4
748,253,3,1,3
748,282,4,1,2
748,387,5,1,2
748,499,6,1,4
748,176,7,1,1
748,41,8,1,1
748,312,9,1,2
748,119,10,1,4
748,191,11,1,1
748,557,12,1,2
748,219,13,1,4
748,169,14,1,4
748,526,15,1,1
748,76,16,1,1
748,147,17,1,2
748,141,18,1,1
748,511,19,1,1
748,361,20,1,1
749,454,1,4,4
749,404,2,4,4
749,157,3,4,2
749,575,4,4,0
749,118,5,4,3
749,263,6,4,3
749,479,7,4,4
749,165,8,4,0
749,189,9,4,4
749,436,10,4,1
749,186,11,4,1
749,9,12,4,4
749,244,13,4,4
749,531,14,4,1
749,74,15,4,4
749,284,16,4,4
749,215,17,4,0
749,319,18,4,4
749,561,19,4,1
749,444,20,4,4
750,75,1,1,0
750,341,2,1,1
750,302,3,1,2
750,561,4,1,1
750,94,5,1,4
750,116,6,1,1
750,426,7,1,1
750,241,8,1,1
750,599,9,1,4
750,326,10,1,1
750,228,11,1,3
750,21,12,1,1
750,176,13,1,1
750,64,14,1,4
750,471,15,1,1
750,276,16,1,1
750,66,17,1,1
750,136,18,1,1
750,1,19,1,1
750,11,20,1,1
751,308,1,0,3
751,158,2,0,3
751,417,3,0,2
751,497,4,0,2
751,532,5,0,2
751,147,6,0,2
751,295,7,0,0
751,98,8,0,3
751,425,9,0,0
751,370,10,0,0
751,535,11,0,0
751,270,12,0,0
751,131,13,0,1
751,205,14,0,0
751,405,15,0,0
751,457,16,0,2
751,374,17,0,4
751,233,18,0,3
751,70,19,0,0
751,75,20,0,0
752,490,1,3,0
752,116,2,3,1
752,97,3,3,2
752,413,4,3,3
752,468,5,3,3
752,418,6,3,3
752,78,7,3,3
752,556,8,3,1
752,420,9,3,0
752,358,10,3,3
752,129,11,3,4
752,253,12,3,3
752,463,13,3,3
752,563,14,3,3
752,257,15,3,2
752,393,16,3,3
752,48,17,3,3
752,288,18,3,3
752,265,19,3,0
752,588,20,3,3
753,310,1,1,0
753,137,2,1,2
753,597,3,1,2
753,321,4,1,1
753,181,5,1,1
753,286,6,1,1
753,115,7,1,0
753,79,8,1,4
753,222,9,1,2
753,77,10,1,2
753,474,11,1,4
753,187,12,1,2
753,401,13,1,1
753,8,14,1,3
753,556,15,1,1
753,134,16,1,4
753,473,17,1,3
753,301,18,1,1
753,409,19,1,4
753,291,20,1,1
754,491,1,2,1
754,512,2,2,2
754,520,3,2,0
754,422,4,2,2
754,17,5,2,2
754,179,6,2,4
754,87,7,2,2
754,551,8,2,1
754,52,9,2,2
754,543,10,2,3
754,453,11,2,3
754,116,12,2,1
754,272,13,2,2
754,381,14,2,1
754,65,15,2,0
754,194,16,2,4
754,226,17,2,1
754,250,18,2,0
754,499,19,2,4
754,270,20,2,0
755,138,1,1,3
755,361,2,1,1
755,219,3,1,4
755,229,4,1,4
755,62,5,1,2
755,256,6,1,1
755,43,7,1,3
755,343,8,1,3
755,4,9,1,4
755,443,10,1,3
755,471,11,1,1
755,98,12,1,3
755,276,13,1,1
755,590,14,1,0
755,421,15,1,1
755,433,16,1,3
755,186,17,1,1
755,111,18,1,1
755,57,19,1,2
755,336,20,1,1
756,60,1,1,0
756,454,2,1,4
756,385,3,1,0
756,113,4,1,3
756,181,5,1,1
756,216,6,1,1
756,31,7,1,1
756,551,8,1,1
756,121,9,1,1
756,428,10,1,3
756,376,11,1,1
756,61,12,1,1
756,322,13,1,2
756,481,14,1,1
756,311,15,1,1
756,191,16,1,1
756,521,17,1,1
756,221,18,1,1
756,267,19,1,2
756,531,20,1,1
757,407,1,1,2
757,187,2,1,2
757,552,3,1,2
757,578,4,1,3
757,451,5,1,1
757,216,6,1,1
757,542,7,1,2
757,421,8,1,1
757,586,9,1,1
757,379,10,1,4
757,569,11,1,4
757,517,12,1,2
757,149,13,1,4
757,301,14,1,1
757,269,15,1,4
757,506,16,1,1
757,531,17,1,1
757,434,18,1,4
757,296,19,1,1
757,390,20,1,0
758,307,1,2,2
758,187,2,2,2
758,564,3,2,4
758,156,4,2,1
758,562,5,2,2
758,67,6,2,2
758,547,7,2,2
758,382,8,2,2
758,272,9,2,2
758,241,10,2,1
758,100,11,2,0
758,467,12,2,2
758,412,13,2,2
758,439,14,2,4
758,347,15,2,2
758,282,16,2,2
758,532,17,2,2
758,175,18,2,0
758,512,19,2,2
758,27,20,2,2
759,50,1,0,0
759,318,2,0,3
759,515,3,0,0
759,142,4,0,2
759,217,5,0,2
759,285,6,0,0
759,361,7,0,1
759,321,8,0,1
759,578,9,0,3
759,121,10,0,1
759,485,11,0,0
759,540,12,0,0
759,545,13,0,0
759,30,14,0,0
759,15,15,0,0
759,405,16,0,0
759,255,17,0,0
759,117,18,0,2
759,497,19,0,2
759,409,20,0,4
760,544,1,1,4
760,320,2,1,0
760,576,3,1,1
760,281,4,1,1
760,149,5,1,4
760,25,6,1,0
760,411,7,1,1
760,146,8,1,1
760,524,9,1,4
760,470,10,1,0
760,331,11,1,1
760,441,12,1,1
760,220,13,1,0
760,76,14,1,1
760,5,15,1,0
760,166,16,1,1
760,454,17,1,4
760,391,18,1,1
760,301,19,1,1
760,169,20,1,4
761,243,1,3,3
761,386,2,3,1
761,463,3,3,3
761,473,4,3,3
761,588,5,3,3
761,488,6,3,3
761,458,7,3,3
761,218,8,3,3
761,370,9,3,0
761,416,10,3,1
761,538,11,3,3
761,118,12,3,3
761,438,13,3,3
761,518,14,3,3
761,238,15,3,3
761,544,16,3,4
761,103,17,3,3
761,440,18,3,0
761,294,19,3,4
761,268,20,3,3
762,375,1,0,0
762,296,2,0,1
762,491,3,0,1
762,227,4,0,2
762,425,5,0,0
762,415,6,0,0
762,249,7,0,4
762,182,8,0,2
762,568,9,0,3
762,300,10,0,0
762,470,11,0,0
762,205,12,0,0
762,175,13,0,0
762,140,14,0,0
762,522,15,0,2
762,266,16,0,1
762,277,17,0,2
762,350,18,0,0
762,329,19,0,4
762,100,20,0,0
763,472,1,0,2
763,315,2,0,0
763,60,3,0,0
763,182,4,0,2
763,440,5,0,0
763,83,6,0,3
763,79,7,0,4
763,260,8,0,0
763,215,9,0,0
763,20,10,0,0
763,485,11,0,0
763,22,12,0,2
763,110,13,0,0
763,534,14,0,4
763,344,15,0,4
763,298,16,0,3
763,496,17,0,1
763,95,18,0,0
763,550,19,0,0
763,201,20,0,1
764,191,1,1,1
764,447,2,1,2
764,95,3,1,0
764,126,4,1,1
764,265,5,1,0
764,595,6,1,0
764,591,7,1,1
764,301,8,1,1
764,101,9,1,1
764,411,10,1,1
764,491,11,1,1
764,361,12,1,1
764,526,13,1,1
764,236,14,1,1
764,471,15,1,1
764,138,16,1,3
764,384,17,1,4
764,71,18,1,1
764,136,19,1,1
764,466,20,1,1
765,499,1,4,4
765,469,2,4,4
765,159,3,4,4
765,319,4,4,4
765,480,5,4,0
765,261,6,4,1
765,454,7,4,4
765,424,8,4,4
765,207,9,4,2
765,596,10,4,1
765,189,11,4,4
765,69,12,4,4
765,400,13,4,0
765,514,14,4,4
765,583,15,4,3
765,389,16,4,4
765,404,17,4,4
765,110,18,4,0
765,265,19,4,0
765,93,20,4,3
766,457,1,4,2
766,263,2,4,3
766,68,3,4,3
766,354,4,4,4
766,319,5,4,4
766,395,6,4,0
766,566,7,4,1
766,536,8,4,1
766,594,9,4,4
766,446,10,4,1
766,500,11,4,0
766,389,12,4,4
766,203,13,4,3
766,169,14,4,4
766,179,15,4,4
766,474,16,4,4
766,93,17,4,3
766,183,18,4,3
766,259,19,4,4
766,79,20,4,4
767,358,1,3,3
767,309,2,3,4
767,488,3,3,3
767,105,4,3,0
767,473,5,3,3
767,533,6,3,3
767,38,7,3,3
767,276,8,3,1
767,319,9,3,4
767,118,10,3,3
767,491,11,3,1
767,463,12,3,3
767,213,13,3,3
767,448,14,3,3
767,585,15,3,0
767,483,16,3,3
767,137,17,3,2
767,598,18,3,3
767,1,19,3,1
767,408,20,3,3
768,40,1,4,0
768,489,2,4,4
768,434,3,4,4
768,491,4,4,1
768,166,5,4,1
768,396,6,4,1
768,598,7,4,3
768,428,8,4,3
768,474,9,4,4
768,34,10,4,4
768,299,11,4,4
768,115,12,4,0
768,240,13,4,0
768,81,14,4,1
768,328,15,4,3
768,485,16,4,0
768,490,17,4,0
768,405,18,4,0
768,425,19,4,0
768,0,20,4,0
769,152,1,0,2
769,115,2,0,0
769,275,3,0,0
769,407,4,0,2
769,540,5,0,0
769,214,6,0,4
769,310,7,0,0
769,352,8,0,2
769,70,9,0,0
769,240,10,0,0
769,102,11,0,2
769,137,12,0,2
769,159,13,0,4
769,242,14,0,2
769,167,15,0,2
769,177,16,0,2
769,161,17,0,1
769,399,18,0,4
769,300,19,0,0
769,434,20,0,4
770,112,1,3,2
770,13,2,3,3
770,435,3,3,0
770,193,4,3,3
770,238,5,3,3
770,254,6,3,4
770,460,7,3,0
770,3,8,3,3
770,393,9,3,3
770,598,10,3,3
770,68,11,3,3
770,543,12,3,3
770,528,13,3,3
770,273,14,3,3
770,25,15,3,0
770,335,16,3,0
770,180,17,3,0
770,8,18,3,3
770,218,19,3,3
770,75,20,3,0
771,252,1,2,2
771,205,2,2,0
771,497,3,2,2
771,477,4,2,2
771,17,5,2,2
771,212,6,2,2
771,402,7,2,2
771,50,8,2,0
771,219,9,2,4
771,117,10,2,2
771,377,11,2,2
771,585,12,2,0
771,187,13,2,2
771,177,14,2,2
771,236,15,2,1
771,522,16,2,2
771,47,17,2,2
771,265,18,2,0
771,237,19,2,2
771,160,20,2,0
772,148,1,1,3
772,454,2,1,4
772,311,3,1,1
772,521,4,1,1
772,306,5,1,1
772,156,6,1,1
772,459,7,1,4
772,196,8,1,1
772,225,9,1,0
772,321,10,1,1
772,268,11,1,3
772,9,12,1,4
772,405,13,1,0
772,477,14,1,2
772,210,15,1,0
772,66,16,1,1
772,331,17,1,1
772,93,18,1,3
772,450,19,1,0
772,359,20,1,4
773,529,1,2,4
773,297,2,2,2
773,572,3,2,2
773,104,4,2,4
773,132,5,2,2
773,32,6,2,2
773,552,7,2,2
773,247,8,2,2
773,479,9,2,4
773,92,10,2,2
773,65,11,2,0
773,410,12,2,0
773,346,13,2,1
773,438,14,2,3
773,592,15,2,2
773,502,16,2,2
773,266,17,2,1
773,587,18,2,2
773,120,19,2,0
773,33,20,2,3
774,70,1,1,0
774,176,2,1,1
774,91,3,1,1
774,498,4,1,3
774,141,5,1,1
774,249,6,1,4
774,508,7,1,3
774,342,8,1,2
774,128,9,1,3
774,456,10,1,1
774,241,11,1,1
774,336,12,1,1
774,285,13,1,0
774,406,14,1,1
774,161,15,1,1
774,361,16,1,1
774,412,17,1,2
774,51,18,1,1
774,436,19,1,1
774,564,20,1,4
775,244,1,2,4
775,15,2,2,0
775,407,3,2,2
775,459,4,2,4
775,140,5,2,0
775,0,6,2,0
775,277,7,2,2
775,237,8,2,2
775,94,9,2,4
775,384,10,2,4
775,393,11,2,3
775,497,12,2,2
775,597,13,2,2
775,371,14,2,1
775,158,15,2,3
775,288,16,2,3
775,402,17,2,2
775,106,18,2,1
775,368,19,2,3
775,536,20,2,1
776,194,1,1,4
776,556,2,1,1
776,157,3,1,2
776,258,4,1,3
776,316,5,1,1
776,446,6,1,1
776,176,7,1,1
776,478,8,1,3
776,551,9,1,1
776,69,10,1,4
776,96,11,1,1
776,21,12,1,1
776,216,13,1,1
776,441,14,1,1
776,51,15,1,1
776,400,16,1,0
776,296,17,1,1
776,440,18,1,0
776,238,19,1,3
776,356,20,1,1
777,590,1,0,0
777,463,2,0,3
777,76,3,0,1
777,186,4,0,1
777,295,5,0,0
777,595,6,0,0
777,306,7,0,1
777,148,8,0,3
777,425,9,0,0
777,222,10,0,2
777,255,11,0,0
777,216,12,0,1
777,236,13,0,1
777,411,14,0,1
777,571,15,0,1
777,270,16,0,0
777,189,17,0,4
777,375,18,0,0
777,278,19,0,3
777,420,20,0,0
778,429,1,2,4
778,581,2,2,1
778,311,3,2,1
778,292,4,2,2
778,200,5,2,0
778,72,6,2,2
778,463,7,2,3
778,547,8,2,2
778,492,9,2,2
778,36,10,2,1
778,191,11,2,1
778,527,12,2,2
778,447,13,2,2
778,122,14,2,2
778,559,15,2,4
778,208,16,2,3
778,216,17,2,1
778,197,18,2,2
778,592,19,2,2
778,464,20,2,4
779,517,1,2,2
779,429,2,2,4
779,273,3,2,3
779,444,4,2,4
779,513,5,2,3
779,549,6,2,4
779,93,7,2,3
779,77,8,2,2
779,347,9,2,2
779,559,10,2,4
779,82,11,2,2
779,351,12,2,1
779,456,13,2,1
779,177,14,2,2
779,492,15,2,2
779,252,16,2,2
779,370,17,2,0
779,508,18,2,3
779,202,19,2,2
779,140,20,2,0
780,591,1,3,1
780,584,2,3,4
780,153,3,3,3
780,89,4,3,4
780,259,5,3,4
780,398,6,3,3
780,564,7,3,4
780,337,8,3,2
780,229,9,3,4
780,32,10,3,2
780,482,11,3,2
780,443,12,3,3
780,48,13,3,3
780,524,14,3,4
780,468,15,3,3
780,93,16,3,3
780,312,17,3,2
780,333,18,3,3
780,33,19,3,3
780,503,20,3,3
781,11,1,0,1
781,219,2,0,4
781,56,3,0,1
781,215,4,0,0
781,423,5,0,3
781,241,6,0,1
781,105,7,0,0
781,45,8,0,0
781,290,9,0,0
781,375,10,0,0
781,91,11,0,1
781,439,12,0,4
781,100,13,0,0
781,529,14,0,4
781,442,15,0,2
781,385,16,0,0
781,35,17,0,0
781,520,18,0,0
781,540,19,0,0
781,3,20,0,3
782,59,1,3,4
782,478,2,3,3
782,253,3,3,3
782,377,4,3,2
782,123,5,3,3
782,247,6,3,2
782,436,7,3,1
782,464,8,3,4
782,522,9,3,2
782,193,10,3,3
782,425,11,3,0
782,192,12,3,2
782,163,13,3,3
782,575,14,3,0
782,331,15,3,1
782,538,16,3,3
782,94,17,3,4
782,273,18,3,3
782,185,19,3,0
782,268,20,3,3
783,116,1,2,1
783,597,2,2,2
783,43,3,2,3
783,137,4,2,2
783,147,5,2,2
783,250,6,2,0
783,289,7,2,4
783,432,8,2,2
783,307,9,2,2
783,103,10,2,3
783,327,11,2,2
783,41,12,2,1
783,282,13,2,2
783,207,14,2,2
783,342,15,2,2
783,178,16,2,3
783,162,17,2,2
783,412,18,2,2
783,182,19,2,2
783,17,20,2,2
784,134,1,0,4
784,555,2,0,0
784,295,3,0,0
784,572,4,0,2
784,126,5,0,1
784,135,6,0,0
784,370,7,0,0
784,110,8,0,0
784,45,9,0,0
784,130,10,0,0
784,11,11,0,1
784,305,12,0,0
784,452,13,0,2
784,177,14,0,2
784,240,15,0,0
784,113,16,0,3
784,390,17,0,0
784,196,18,0,1
784,115,19,0,0
784,440,20,0,0
785,278,1,0,3
785,123,2,0,3
785,45,3,0,0
785,8,4,0,3
785,320,5,0,0
785,350,6,0,0
785,340,7,0,0
785,271,8,0,1
785,400,9,0,0
785,567,10,0,2
785,379,11,0,4
785,393,12,0,3
785,454,13,0,4
785,35,14,0,0
785,2,15,0,2
785,135,16,0,0
785,275,17,0,0
785,585,18,0,0
785,353,19,0,3
785,505,20,0,0
786,339,1,3,4
786,34,2,3,4
786,343,3,3,3
786,488,4,3,3
786,503,5,3,3
786,236,6,3,1
786,557,7,3,2
786,428,8,3,3
786,590,9,3,0
786,320,10,3,0
786,438,11,3,3
786,307,12,3,2
786,290,13,3,0
786,293,14,3,3
786,548,15,3,3
786,567,16,3,2
786,348,17,3,3
786,253,18,3,3
786,541,19,3,1
786,561,20,3,1
787,500,1,3,0
787,263,2,3,3
787,508,3,3,3
787,429,4,3,4
787,538,5,3,3
787,338,6,3,3
787,313,7,3,3
787,138,8,3,3
787,516,9,3,1
787,523,10,3,3
787,63,11,3,3
787,24,12,3,4
787,528,13,3,3
787,398,14,3,3
787,353,15,3,3
787,333,16,3,3
787,348,17,3,3
787,466,18,3,1
787,591,19,3,1
787,583,20,3,3
788,564,1,3,4
788,414,2,3,4
788,546,3,3,1
788,117,4,3,2
788,188,5,3,3
788,229,6,3,4
788,180,7,3,0
788,328,8,3,3
788,528,9,3,3
788,346,10,3,1
788,427,11,3,2
788,283,12,3,3
788,29,13,3,4
788,563,14,3,3
788,288,15,3,3
788,591,16,3,1
788,40,17,3,0
788,258,18,3,3
788,133,19,3,3
788,222,20,3,2
789,237,1,3,2
789,403,2,3,3
789,598,3,3,3
789,538,4,3,3
789,318,5,3,3
789,68,6,3,3
789,260,7,3,0
789,95,8,3,0
789,453,9,3,3
789,63,10,3,3
789,131,11,3,1
789,294,12,3,4
789,433,13,3,3
789,275,14,3,0
789,353,15,3,3
789,248,16,3,3
789,133,17,3,3
789,55,18,3,0
789,419,19,3,4
789,344,20,3,4
790,66,1,1,1
790,81,2,1,1
790,394,3,1,4
790,75,4,1,0
790,546,5,1,1
790,261,6,1,1
790,13,7,1,3
790,86,8,1,1
790,91,9,1,1
790,411,10,1,1
790,536,11,1,1
790,447,12,1,2
790,266,13,1,1
790,207,14,1,2
790,176,15,1,1
790,440,16,1,0
790,280,17,1,0
790,19,18,1,4
790,370,19,1,0
790,436,20,1,1
791,103,1,2,3
791,497,2,2,2
791,547,3,2,2
791,30,4,2,0
791,260,5,2,0
791,354,6,2,4
791,357,7,2,2
791,370,8,2,0
791,546,9,2,1
791,275,10,2,0
791,307,11,2,2
791,395,12,2,0
791,81,13,2,1
791,480,14,2,0
791,237,15,2,2
791,272,16,2,2
791,557,17,2,2
791,467,18,2,2
791,429,19,2,4
791,552,20,2,2
792,360,1,0,0
792,267,2,0,2
792,32,3,0,2
792,186,4,0,1
792,415,5,0,0
792,122,6,0,2
792,375,7,0,0
792,180,8,0,0
792,240,9,0,0
792,492,10,0,2
792,125,11,0,0
792,320,12,0,0
792,260,13,0,0
792,370,14,0,0
792,365,15,0,0
792,131,16,0,1
792,0,17,0,0
792,159,18,0,4
792,37,19,0,2
792,597,20,0,2
793,167,1,0,2
793,321,2,0,1
793,364,3,0,4
793,275,4,0,0
793,79,5,0,4
793,327,6,0,2
793,485,7,0,0
793,435,8,0,0
793,495,9,0,0
793,294,10,0,4
793,190,11,0,0
793,98,12,0,3
793,165,13,0,0
793,335,14,0,0
793,590,15,0,0
793,145,16,0,0
793,595,17,0,0
793,231,18,0,1
793,370,19,0,0
793,410,20,0,0
794,326,1,1,1
794,265,2,1,0
794,70,3,1,0
794,211,4,1,1
794,206,5,1,1
794,496,6,1,1
794,137,7,1,2
794,431,8,1,1
794,14,9,1,4
794,20,10,1,0
794,79,11,1,4
794,156,12,1,1
794,228,13,1,3
794,24,14,1,4
794,94,15,1,4
794,31,16,1,1
794,56,17,1,1
794,434,18,1,4
794,421,19,1,1
794,131,20,1,1
795,565,1,4,0
795,284,2,4,4
795,529,3,4,4
795,203,4,4,3
795,510,5,4,0
795,291,6,4,1
795,574,7,4,4
795,204,8,4,4
795,334,9,4,4
795,479,10,4,4
795,409,11,4,4
795,311,12,4,1
795,396,13,4,1
795,369,14,4,4
795,319,15,4,4
795,412,16,4,2
795,489,17,4,4
795,586,18,4,1
795,124,19,4,4
795,69,20,4,4
796,174,1,2,4
796,218,2,2,3
796,425,3,2,0
796,272,4,2,2
796,234,5,2,4
796,515,6,2,0
796,99,7,2,4
796,502,8,2,2
796,465,9,2,0
796,13,10,2,3
796,102,11,2,2
796,373,12,2,3
796,194,13,2,4
796,476,14,2,1
796,560,15,2,0
796,147,16,2,2
796,564,17,2,4
796,292,18,2,2
796,77,19,2,2
796,239,20,2,4
797,521,1,1,1
797,233,2,1,3
797,586,3,1,1
797,463,4,1,3
797,16,5,1,1
797,443,6,1,3
797,561,7,1,1
797,311,8,1,1
797,361,9,1,1
797,422,10,1,2
797,370,11,1,0
797,517,12,1,2
797,428,13,1,3
797,167,14,1,2
797,137,15,1,2
797,156,16,1,1
797,191,17,1,1
797,216,18,1,1
797,509,19,1,4
797,484,20,1,4
798,467,1,4,2
798,262,2,4,2
798,84,3,4,4
798,250,4,4,0
798,299,5,4,4
798,569,6,4,4
798,359,7,4,4
798,487,8,4,2
798,548,9,4,3
798,66,10,4,1
798,59,11,4,4
798,152,12,4,2
798,505,13,4,0
798,455,14,4,0
798,104,15,4,4
798,449,16,4,4
798,426,17,4,1
798,214,18,4,4
798,186,19,4,1
798,260,20,4,0
799,449,1,4,4
799,92,2,4,2
799,389,3,4,4
799,159,4,4,4
799,509,5,4,4
799,122,6,4,2
799,515,7,4,0
799,30,8,4,0
799,311,9,4,1
799,208,10,4,3
799,569,11,4,4
799,104,12,4,4
799,139,13,4,4
799,444,14,4,4
799,52,15,4,2
799,352,16,4,2
799,162,17,4,2
799,312,18,4,2
799,99,19,4,4
799,1,20,4,1
800,305,1,0,0
800,276,2,0,1
800,288,3,0,3
800,396,4,0,1
800,280,5,0,0
800,5,6,0,0
800,351,7,0,1
800,150,8,0,0
800,180,9,0,0
800,270,10,0,0
800,432,11,0,2
800,340,12,0,0
800,425,13,0,0
800,156,14,0,1
800,416,15,0,1
800,35,16,0,0
800,290,17,0,0
800,325,18,0,0
800,330,19,0,0
800,375,20,0,0
801,575,1,1,0
801,231,2,1,1
801,326,3,1,1
801,211,4,1,1
801,481,5,1,1
801,479,6,1,4
801,415,7,1,0
801,534,8,1,4
801,599,9,1,4
801,441,10,1,1
801,427,11,1,2
801,263,12,1,3
801,497,13,1,2
801,550,14,1,0
801,76,15,1,1
801,89,16,1,4
801,565,17,1,0
801,172,18,1,2
801,377,19,1,2
801,520,20,1,0
802,360,1,4,0
802,29,2,4,4
802,265,3,4,0
802,535,4,4,0
802,529,5,4,4
802,169,6,4,4
802,250,7,4,0
802,295,8,4,0
802,230,9,4,0
802,564,10,4,4
802,49,11,4,4
802,554,12,4,4
802,184,13,4,4
802,233,14,4,3
802,394,15,4,4
802,94,16,4,4
802,214,17,4,4
802,134,18,4,4
802,204,19,4,4
802,254,20,4,4
803,308,1,3,3
803,313,2,3,3
803,363,3,3,3
803,428,4,3,3
803,433,5,3,3
803,120,6,3,0
803,218,7,3,3
803,243,8,3,3
803,59,9,3,4
803,334,10,3,4
803,178,11,3,3
803,518,12,3,3
803,348,13,3,3
803,534,14,3,4
803,272,15,3,2
803,95,16,3,0
803,367,17,3,2
803,506,18,3,1
803,253,19,3,3
803,223,20,3,3
804,147,1,3,2
804,182,2,3,2
804,453,3,3,3
804,113,4,3,3
804,258,5,3,3
804,104,6,3,4
804,98,7,3,3
804,200,8,3,0
804,223,9,3,3
804,20,10,3,0
804,76,11,3,1
804,388,12,3,3
804,100,13,3,0
804,316,14,3,1
804,222,15,3,2
804,148,16,3,3
804,50,17,3,0
804,494,18,3,4
804,103,19,3,3
804,139,20,3,4
805,388,1,3,3
805,81,2,3,1
805,423,3,3,3
805,213,4,3,3
805,63,5,3,3
805,59,6,3,4
805,132,7,3,2
805,197,8,3,2
805,136,9,3,1
805,351,10,3,1
805,395,11,3,0
805,8,12,3,3
805,143,13,3,3
805,207,14,3,2
805,540,15,3,0
805,108,16,3,3
805,415,17,3,0
805,565,18,3,0
805,112,19,3,2
805,39,20,3,4
806,517,1,2,2
806,232,2,2,2
806,244,3,2,4
806,559,4,2,4
806,177,5,2,2
806,22,6,2,2
806,312,7,2,2
806,42,8,2,2
806,526,9,2,1
806,152,10,2,2
806,402,11,2,2
806,408,12,2,3
806,237,13,2,2
806,582,14,2,2
806,412,15,2,2
806,462,16,2,2
806,410,17,2,0
806,382,18,2,2
806,493,19,2,3
806,153,20,2,3
807,520,1,3,0
807,62,2,3,2
807,300,3,3,0
807,127,4,3,2
807,88,5,3,3
807,203,6,3,3
807,558,7,3,3
807,89,8,3,4
807,301,9,3,1
807,428,10,3,3
807,522,11,3,2
807,292,12,3,2
807,93,13,3,3
807,340,14,3,0
807,377,15,3,2
807,263,16,3,3
807,347,17,3,2
807,69,18,3,4
807,538,19,3,3
807,13,20,3,3
808,420,1,4,0
808,529,2,4,4
808,552,3,4,2
808,274,4,4,4
808,29,5,4,4
808,61,6,4,1
808,413,7,4,3
808,338,8,4,3
808,132,9,4,2
808,579,10,4,4
808,521,11,4,1
808,379,12,4,4
808,94,13,4,4
808,134,14,4,4
808,69,15,4,4
808,339,16,4,4
808,370,17,4,0
808,194,18,4,4
808,589,19,4,4
808,414,20,4,4
809,307,1,2,2
809,197,2,2,2
809,222,3,2,2
809,312,4,2,2
809,106,5,2,1
809,332,6,2,2
809,282,7,2,2
809,562,8,2,2
809,557,9,2,2
809,252,10,2,2
809,162,11,2,2
809,107,12,2,2
809,292,13,2,2
809,472,14,2,2
809,371,15,2,1
809,267,16,2,2
809,427,17,2,2
809,152,18,2,2
809,491,19,2,1
809,317,20,2,2
810,369,1,4,4
810,154,2,4,4
810,200,3,4,0
810,458,4,4,3
810,88,5,4,3
810,79,6,4,4
810,44,7,4,4
810,499,8,4,4
810,162,9,4,2
810,395,10,4,0
810,426,11,4,1
810,242,12,4,2
810,489,13,4,4
810,455,14,4,0
810,490,15,4,0
810,165,16,4,0
810,340,17,4,0
810,149,18,4,4
810,537,19,4,2
810,299,20,4,4
811,137,1,2,2
811,45,2,2,0
811,251,3,2,1
811,196,4,2,1
811,248,5,2,3
811,562,6,2,2
811,71,7,2,1
811,552,8,2,2
811,237,9,2,2
811,337,10,2,2
811,123,11,2,3
811,422,12,2,2
811,514,13,2,4
811,561,14,2,1
811,222,15,2,2
811,228,16,2,3
811,56,17,2,1
811,273,18,2,3
811,255,19,2,0
811,93,20,2,3
812,416,1,1,1
812,396,2,1,1
812,299,3,1,4
812,17,4,1,2
812,576,5,1,1
812,526,6,1,1
812,595,7,1,0
812,370,8,1,0
812,536,9,1,1
812,151,10,1,1
812,191,11,1,1
812,187,12,1,2
812,584,13,1,4
812,86,14,1,1
812,70,15,1,0
812,251,16,1,1
812,581,17,1,1
812,480,18,1,0
812,476,19,1,1
812,304,20,1,4
813,573,1,4,3
813,249,2,4,4
813,364,3,4,4
813,499,4,4,4
813,280,5,4,0
813,186,6,4,1
813,339,7,4,4
813,160,8,4,0
813,323,9,4,3
813,594,10,4,4
813,165,11,4,0
813,63,12,4,3
813,585,13,4,0
813,551,14,4,1
813,464,15,4,4
813,156,16,4,1
813,504,17,4,4
813,128,18,4,3
813,72,19,4,2
813,91,20,4,1
814,152,1,2,2
814,141,2,2,1
814,30,3,2,0
814,555,4,2,0
814,103,5,2,3
814,177,6,2,2
814,137,7,2,2
814,487,8,2,2
814,112,9,2,2
814,582,10,2,2
814,99,11,2,4
814,408,12,2,3
814,37,13,2,2
814,447,14,2,2
814,42,15,2,2
814,382,16,2,2
814,327,17,2,2
814,277,18,2,2
814,433,19,2,3
814,391,20,2,1
815,8,1,3,3
815,433,2,3,3
815,383,3,3,3
815,328,4,3,3
815,24,5,3,4
815,348,6,3,3
815,499,7,3,4
815,2,8,3,2
815,95,9,3,0
815,513,10,3,3
815,289,11,3,4
815,268,12,3,3
815,558,13,3,3
815,398,14,3,3
815,353,15,3,3
815,209,16,3,4
815,43,17,3,3
815,570,18,3,0
815,198,19,3,3
815,343,20,3,3
816,534,1,0,4
816,135,2,0,0
816,56,3,0,1
816,450,4,0,0
816,140,5,0,0
816,420,6,0,0
816,444,7,0,4
816,270,8,0,0
816,405,9,0,0
816,575,10,0,0
816,568,11,0,3
816,305,12,0,0
816,577,13,0,2
816,538,14,0,3
816,103,15,0,3
816,150,16,0,0
816,314,17,0,4
816,445,18,0,0
816,5,19,0,0
816,230,20,0,0
817,107,1,0,2
817,199,2,0,4
817,351,3,0,1
817,510,4,0,0
817,447,5,0,2
817,528,6,0,3
817,426,7,0,1
817,402,8,0,2
817,290,9,0,0
817,530,10,0,0
817,125,11,0,0
817,85,12,0,0
817,242,13,0,2
817,195,14,0,0
817,247,15,0,2
817,370,16,0,0
817,147,17,0,2
817,421,18,0,1
817,342,19,0,2
817,368,20,0,3
818,63,1,3,3
818,247,2,3,2
818,554,3,3,4
818,423,4,3,3
818,283,5,3,3
818,483,6,3,3
818,588,7,3,3
818,73,8,3,3
818,466,9,3,1
818,313,10,3,3
818,543,11,3,3
818,473,12,3,3
818,438,13,3,3
818,462,14,3,2
818,157,15,3,2
818,396,16,3,1
818,336,17,3,1
818,350,18,3,0
818,406,19,3,1
818,164,20,3,4
819,545,1,2,0
819,327,2,2,2
819,592,3,2,2
819,142,4,2,2
819,504,5,2,4
819,407,6,2,2
819,334,7,2,4
819,582,8,2,2
819,126,9,2,1
819,277,10,2,2
819,367,11,2,2
819,587,12,2,2
819,67,13,2,2
819,443,14,2,3
819,255,15,2,0
819,447,16,2,2
819,542,17,2,2
819,62,18,2,2
819,430,19,2,0
819,99,20,2,4
820,52,1,4,2
820,292,2,4,2
820,467,3,4,2
820,194,4,4,4
820,477,5,4,2
820,434,6,4,4
820,244,7,4,4
820,184,8,4,4
820,86,9,4,1
820,168,10,4,3
820,10,11,4,0
820,239,12,4,4
820,346,13,4,1
820,100,14,4,0
820,596,15,4,1
820,567,16,4,2
820,204,17,4,4
820,65,18,4,0
820,375,19,4,0
820,208,20,4,3
821,41,1,2,1
821,297,2,2,2
821,98,3,2,3
821,53,4,2,3
821,306,5,2,1
821,448,6,2,3
821,37,7,2,2
821,437,8,2,2
821,402,9,2,2
821,364,10,2,4
821,336,11,2,1
821,312,12,2,2
821,144,13,2,4
821,44,14,2,4
821,453,15,2,3
821,592,16,2,2
821,357,17,2,2
821,82,18,2,2
821,457,19,2,2
821,181,20,2,1
822,525,1,1,0
822,195,2,1,0
822,400,3,1,0
822,566,4,1,1
822,446,5,1,1
822,304,6,1,4
822,511,7,1,1
822,308,8,1,3
822,334,9,1,4
822,122,10,1,2
822,215,11,1,0
822,596,12,1,1
822,577,13,1,2
822,108,14,1,3
822,73,15,1,3
822,499,16,1,4
822,61,17,1,1
822,265,18,1,0
822,415,19,1,0
822,123,20,1,3
823,55,1,2,0
823,289,2,2,4
823,353,3,2,3
823,247,4,2,2
823,339,5,2,4
823,263,6,2,3
823,406,7,2,1
823,9,8,2,4
823,214,9,2,4
823,287,10,2,2
823,255,11,2,0
823,367,12,2,2
823,537,13,2,2
823,34,14,2,4
823,531,15,2,1
823,532,16,2,2
823,542,17,2,2
823,228,18,2,3
823,507,19,2,2
823,114,20,2,4
824,366,1,1,1
824,234,2,1,4
824,183,3,1,3
824,285,4,1,0
824,350,5,1,0
824,311,6,1,1
824,566,7,1,1
824,506,8,1,1
824,81,9,1,1
824,519,10,1,4
824,221,11,1,1
824,244,12,1,4
824,156,13,1,1
824,445,14,1,0
824,15,15,1,0
824,46,16,1,1
824,433,17,1,3
824,249,18,1,4
824,376,19,1,1
824,292,20,1,2
825,527,1,2,2
825,255,2,2,0
825,551,3,2,1
825,169,4,2,4
825,77,5,2,2
825,88,6,2,3
825,408,7,2,3
825,366,8,2,1
825,480,9,2,0
825,172,10,2,2
825,314,11,2,4
825,578,12,2,3
825,28,13,2,3
825,462,14,2,2
825,130,15,2,0
825,112,16,2,2
825,144,17,2,4
825,532,18,2,2
825,432,19,2,2
825,257,20,2,2
826,29,1,0,4
826,295,2,0,0
826,245,3,0,0
826,315,4,0,0
826,179,5,0,4
826,510,6,0,0
826,545,7,0,0
826,280,8,0,0
826,138,9,0,3
826,103,10,0,3
826,335,11,0,0
826,45,12,0,0
826,435,13,0,0
826,271,14,0,1
826,74,15,0,4
826,355,16,0,0
826,357,17,0,2
826,241,18,0,1
826,514,19,0,4
826,580,20,0,0
827,378,1,3,3
827,467,2,3,2
827,385,3,3,0
827,76,4,3,1
827,369,5,3,4
827,458,6,3,3
827,481,7,3,1
827,500,8,3,0
827,118,9,3,3
827,135,10,3,0
827,308,11,3,3
827,245,12,3,0
827,248,13,3,3
827,139,14,3,4
827,175,15,3,0
827,88,16,3,3
827,470,17,3,0
827,153,18,3,3
827,125,19,3,0
827,63,20,3,3
828,565,1,0,0
828,460,2,0,0
828,330,3,0,0
828,223,4,0,3
828,47,5,0,2
828,430,6,0,0
828,300,7,0,0
828,45,8,0,0
828,340,9,0,0
828,154,10,0,4
828,255,11,0,0
828,130,12,0,0
828,502,13,0,2
828,17,14,0,2
828,270,15,0,0
828,55,16,0,0
828,135,17,0,0
828,24,18,0,4
828,71,19,0,1
828,510,20,0,0
829,44,1,1,4
829,262,2,1,2
829,209,3,1,4
829,275,4,1,0
829,161,5,1,1
829,246,6,1,1
829,276,7,1,1
829,61,8,1,1
829,455,9,1,0
829,392,10,1,2
829,249,11,1,4
829,95,12,1,0
829,540,13,1,0
829,546,14,1,1
829,322,15,1,2
829,136,16,1,1
829,352,17,1,2
829,3,18,1,3
829,506,19,1,1
829,433,20,1,3
830,580,1,0,0
830,39,2,0,4
830,212,3,0,2
830,544,4,0,4
830,287,5,0,2
830,106,6,0,1
830,35,7,0,0
830,129,8,0,4
830,270,9,0,0
830,100,10,0,0
830,502,11,0,2
830,75,12,0,0
830,530,13,0,0
830,80,14,0,0
830,8,15,0,3
830,149,16,0,4
830,186,17,0,1
830,310,18,0,0
830,175,19,0,0
830,450,20,0,0
831,302,1,2,2
831,181,2,2,1
831,505,3,2,0
831,67,4,2,2
831,557,5,2,2
831,567,6,2,2
831,102,7,2,2
831,528,8,2,3
831,587,9,2,2
831,32,10,2,2
831,561,11,2,1
831,287,12,2,2
831,591,13,2,1
831,71,14,2,1
831,140,15,2,0
831,447,16,2,2
831,252,17,2,2
831,417,18,2,2
831,26,19,2,1
831,127,20,2,2
832,432,1,2,2
832,242,2,2,2
832,225,3,2,0
832,52,4,2,2
832,357,5,2,2
832,552,6,2,2
832,387,7,2,2
832,535,8,2,0
832,500,9,2,0
832,317,10,2,2
832,27,11,2,2
832,370,12,2,0
832,271,13,2,1
832,275,14,2,0
832,578,15,2,3
832,218,16,2,3
832,502,17,2,2
832,7,18,2,2
832,516,19,2,1
832,230,20,2,0
833,478,1,2,3
833,402,2,2,2
833,344,3,2,4
833,2,4,2,2
833,532,5,2,2
833,27,6,2,2
833,51,7,2,1
833,280,8,2,0
833,77,9,2,2
833,44,10,2,4
833,182,11,2,2
833,407,12,2,2
833,18,13,2,3
833,282,14,2,2
833,324,15,2,4
833,427,16,2,2
833,132,17,2,2
833,279,18,2,4
833,147,19,2,2
833,167,20,2,2
834,412,1,0,2
834,240,2,0,0
834,63,3,0,3
834,473,4,0,3
834,393,5,0,3
834,531,6,0,1
834,235,7,0,0
834,481,8,0,1
834,415,9,0,0
834,15,10,0,0
834,427,11,0,2
834,225,12,0,0
834,32,13,0,2
834,95,14,0,0
834,43,15,0,3
834,101,16,0,1
834,324,17,0,4
834,546,18,0,1
834,355,19,0,0
834,399,20,0,4
835,302,1,2,2
835,407,2,2,2
835,461,3,2,1
835,563,4,2,3
835,533,5,2,3
835,387,6,2,2
835,196,7,2,1
835,141,8,2,1
835,252,9,2,2
835,13,10,2,3
835,311,11,2,1
835,140,12,2,0
835,519,13,2,4
835,185,14,2,0
835,157,15,2,2
835,397,16,2,2
835,537,17,2,2
835,420,18,2,0
835,97,19,2,2
835,479,20,2,4
836,529,1,1,4
836,534,2,1,4
836,356,3,1,1
836,346,4,1,1
836,488,5,1,3
836,431,6,1,1
836,551,7,1,1
836,486,8,1,1
836,336,9,1,1
836,592,10,1,2
836,205,11,1,0
836,531,12,1,1
836,231,13,1,1
836,390,14,1,0
836,306,15,1,1
836,66,16,1,1
836,82,17,1,2
836,469,18,1,4
836,477,19,1,2
836,516,20,1,1
837,419,1,1,4
837,271,2,1,1
837,233,3,1,3
837,463,4,1,3
837,426,5,1,1
837,486,6,1,1
837,256,7,1,1
837,394,8,1,4
837,72,9,1,2
837,106,10,1,1
837,139,11,1,4
837,523,12,1,3
837,584,13,1,4
837,369,14,1,4
837,241,15,1,1
837,363,16,1,3
837,244,17,1,4
837,573,18,1,3
837,265,19,1,0
837,176,20,1,1
838,533,1,2,3
838,36,2,2,1
838,477,3,2,2
838,87,4,2,2
838,532,5,2,2
838,491,6,2,1
838,174,7,2,4
838,576,8,2,1
838,500,9,2,0
838,297,10,2,2
838,375,11,2,0
838,13,12,2,3
838,557,13,2,2
838,352,14,2,2
838,452,15,2,2
838,142,16,2,2
838,22,17,2,2
838,145,18,2,0
838,295,19,2,0
838,482,20,2,2
839,541,1,1,1
839,13,2,1,3
839,71,3,1,1
839,272,4,1,2
839,532,5,1,2
839,0,6,1,0
839,525,7,1,0
839,581,8,1,1
839,520,9,1,0
839,69,10,1,4
839,429,11,1,4
839,371,12,1,1
839,391,13,1,1
839,347,14,1,2
839,144,15,1,4
839,434,16,1,4
839,539,17,1,4
839,526,18,1,1
839,241,19,1,1
839,86,20,1,1
840,428,1,2,3
840,195,2,2,0
840,208,3,2,3
840,247,4,2,2
840,219,5,2,4
840,165,6,2,0
840,532,7,2,2
840,513,8,2,3
840,570,9,2,0
840,437,10,2,2
840,267,11,2,2
840,22,12,2,2
840,419,13,2,4
840,270,14,2,0
840,182,15,2,2
840,582,16,2,2
840,377,17,2,2
840,385,18,2,0
840,387,19,2,2
840,304,20,2,4
841,68,1,3,3
841,483,2,3,3
841,23,3,3,3
841,51,4,3,1
841,143,5,3,3
841,363,6,3,3
841,306,7,3,1
841,101,8,3,1
841,308,9,3,3
841,541,10,3,1
841,589,11,3,4
841,168,12,3,3
841,398,13,3,3
841,538,14,3,3
841,118,15,3,3
841,20,16,3,0
841,339,17,3,4
841,47,18,3,2
841,287,19,3,2
841,446,20,3,1
842,485,1,0,0
842,475,2,0,0
842,431,3,0,1
842,560,4,0,0
842,375,5,0,0
842,515,6,0,0
842,381,7,0,1
842,285,8,0,0
842,350,9,0,0
842,595,10,0,0
842,227,11,0,2
842,75,12,0,0
842,90,13,0,0
842,184,14,0,4
842,410,15,0,0
842,244,16,0,4
842,56,17,0,1
842,296,18,0,1
842,203,19,0,3
842,185,20,0,0
843,49,1,4,4
843,54,2,4,4
843,506,3,4,1
843,6,4,4,1
843,237,5,4,2
843,109,6,4,4
843,30,7,4,0
843,210,8,4,0
843,294,9,4,4
843,387,10,4,2
843,106,11,4,1
843,523,12,4,3
843,488,13,4,3
843,204,14,4,4
843,476,15,4,1
843,79,16,4,4
843,71,17,4,1
843,29,18,4,4
843,466,19,4,1
843,409,20,4,4
844,530,1,0,0
844,423,2,0,3
844,460,3,0,0
844,88,4,0,3
844,347,5,0,2
844,559,6,0,4
844,220,7,0,0
844,179,8,0,4
844,139,9,0,4
844,37,10,0,2
844,511,11,0,1
844,302,12,0,2
844,148,13,0,3
844,215,14,0,0
844,595,15,0,0
844,261,16,0,1
844,508,17,0,3
844,404,18,0,4
844,545,19,0,0
844,208,20,0,3
845,581,1,1,1
845,221,2,1,1
845,7,3,1,2
845,89,4,1,4
845,379,5,1,4
845,494,6,1,4
845,587,7,1,2
845,12,8,1,2
845,141,9,1,1
845,481,10,1,1
845,286,11,1,1
845,293,12,1,3
845,16,13,1,1
845,6,14,1,1
845,15,15,1,0
845,46,16,1,1
845,361,17,1,1
845,541,18,1,1
845,431,19,1,1
845,94,20,1,4
846,541,1,2,1
846,9,2,2,4
846,62,3,2,2
846,328,4,2,3
846,442,5,2,2
846,288,6,2,3
846,219,7,2,4
846,402,8,2,2
846,422,9,2,2
846,482,10,2,2
846,297,11,2,2
846,227,12,2,2
846,172,13,2,2
846,107,14,2,2
846,163,15,2,3
846,355,16,2,0
846,72,17,2,2
846,262,18,2,2
846,198,19,2,3
846,187,20,2,2
847,553,1,0,3
847,288,2,0,3
847,355,3,0,0
847,51,4,0,1
847,420,5,0,0
847,273,6,0,3
847,55,7,0,0
847,312,8,0,2
847,150,9,0,0
847,190,10,0,0
847,375,11,0,0
847,210,12,0,0
847,330,13,0,0
847,561,14,0,1
847,435,15,0,0
847,388,16,0,3
847,41,17,0,1
847,339,18,0,4
847,552,19,0,2
847,230,20,0,0
848,94,1,4,4
848,382,2,4,2
848,103,3,4,3
848,499,4,4,4
848,560,5,4,0
848,394,6,4,4
848,27,7,4,2
848,524,8,4,4
848,14,9,4,4
848,395,10,4,0
848,312,11,4,2
848,539,12,4,4
848,512,13,4,2
848,139,14,4,4
848,359,15,4,4
848,271,16,4,1
848,597,17,4,2
848,474,18,4,4
848,384,19,4,4
848,477,20,4,2
849,315,1,0,0
849,301,2,0,1
849,155,3,0,0
849,103,4,0,3
849,370,5,0,0
849,163,6,0,3
849,571,7,0,1
849,272,8,0,2
849,220,9,0,0
849,298,10,0,3
849,97,11,0,2
849,375,12,0,0
849,505,13,0,0
849,169,14,0,4
849,96,15,0,1
849,160,16,0,0
849,540,17,0,0
849,595,18,0,0
849,188,19,0,3
849,324,20,0,4
850,579,1,4,4
850,129,2,4,4
850,191,3,4,1
850,29,4,4,4
850,594,5,4,4
850,458,6,4,3
850,134,7,4,4
850,84,8,4,4
850,380,9,4,0
850,401,10,4,1
850,279,11,4,4
850,74,12,4,4
850,294,13,4,4
850,330,14,4,0
850,144,15,4,4
850,484,16,4,4
850,244,17,4,4
850,498,18,4,3
850,469,19,4,4
850,116,20,4,1
851,127,1,4,2
851,384,2,4,4
851,228,3,4,3
851,370,4,4,0
851,262,5,4,2
851,184,6,4,4
851,599,7,4,4
851,101,8,4,1
851,394,9,4,4
851,214,10,4,4
851,174,11,4,4
851,469,12,4,4
851,395,13,4,0
851,252,14,4,2
851,104,15,4,4
851,88,16,4,3
851,84,17,4,4
851,405,18,4,0
851,290,19,4,0
851,342,20,4,2
852,253,1,3,3
852,473,2,3,3
852,407,3,3,2
852,428,4,3,3
852,571,5,3,1
852,278,6,3,3
852,151,7,3,1
852,523,8,3,3
852,548,9,3,3
852,490,10,3,0
852,363,11,3,3
852,50,12,3,0
852,38,13,3,3
852,141,14,3,1
852,595,15,3,0
852,193,16,3,3
852,468,17,3,3
852,383,18,3,3
852,108,19,3,3
852,120,20,3,0
853,120,1,3,0
853,99,2,3,4
853,368,3,3,3
853,273,4,3,3
853,288,5,3,3
853,493,6,3,3
853,283,7,3,3
853,55,8,3,0
853,576,9,3,1
853,336,10,3,1
853,574,11,3,4
853,309,12,3,4
853,568,13,3,3
853,526,14,3,1
853,520,15,3,0
853,579,16,3,4
853,12,17,3,2
853,593,18,3,3
853,357,19,3,2
853,578,20,3,3
854,485,1,0,0
854,205,2,0,0
854,167,3,0,2
854,0,4,0,0
854,150,5,0,0
854,96,6,0,1
854,570,7,0,0
854,350,8,0,0
854,140,9,0,0
854,260,10,0,0
854,505,11,0,0
854,170,12,0,0
854,460,13,0,0
854,390,14,0,0
854,400,15,0,0
854,200,16,0,0
854,290,17,0,0
854,408,18,0,3
854,94,19,0,4
854,95,20,0,0
855,379,1,4,4
855,292,2,4,2
855,260,3,4,0
855,209,4,4,4
855,189,5,4,4
855,147,6,4,2
855,154,7,4,4
855,252,8,4,2
855,404,9,4,4
855,369,10,4,4
855,287,11,4,2
855,441,12,4,1
855,352,13,4,2
855,229,14,4,4
855,279,15,4,4
855,56,16,4,1
855,397,17,4,2
855,277,18,4,2
855,599,19,4,4
855,504,20,4,4
856,148,1,2,3
856,322,2,2,2
856,462,3,2,2
856,521,4,2,1
856,112,5,2,2
856,420,6,2,0
856,392,7,2,2
856,317,8,2,2
856,452,9,2,2
856,532,10,2,2
856,457,11,2,2
856,296,12,2,1
856,404,13,2,4
856,428,14,2,3
856,567,15,2,2
856,122,16,2,2
856,327,17,2,2
856,82,18,2,2
856,388,19,2,3
856,253,20,2,3
857,47,1,2,2
857,382,2,2,2
857,407,3,2,2
857,341,4,2,1
857,559,5,2,4
857,402,6,2,2
857,515,7,2,0
857,475,8,2,0
857,307,9,2,2
857,562,10,2,2
857,243,11,2,3
857,579,12,2,4
857,212,13,2,2
857,168,14,2,3
857,242,15,2,2
857,246,16,2,1
857,381,17,2,1
857,335,18,2,0
857,77,19,2,2
857,278,20,2,3
858,502,1,2,2
858,87,2,2,2
858,563,3,2,3
858,572,4,2,2
858,367,5,2,2
858,353,6,2,3
858,237,7,2,2
858,77,8,2,2
858,40,9,2,0
858,562,10,2,2
858,187,11,2,2
858,376,12,2,1
858,236,13,2,1
858,577,14,2,2
858,272,15,2,2
858,568,16,2,3
858,293,17,2,3
858,151,18,2,1
858,347,19,2,2
858,392,20,2,2
859,171,1,3,1
859,288,2,3,3
859,181,3,3,1
859,484,4,3,4
859,68,5,3,3
859,425,6,3,0
859,142,7,3,2
859,53,8,3,3
859,441,9,3,1
859,488,10,3,3
859,466,11,3,1
859,503,12,3,3
859,468,13,3,3
859,148,14,3,3
859,516,15,3,1
859,162,16,3,2
859,11,17,3,1
859,373,18,3,3
859,262,19,3,2
859,213,20,3,3
860,496,1,0,1
860,169,2,0,4
860,456,3,0,1
860,145,4,0,0
860,402,5,0,2
860,300,6,0,0
860,311,7,0,1
860,85,8,0,0
860,140,9,0,0
860,170,10,0,0
860,450,11,0,0
860,385,12,0,0
860,74,13,0,4
860,382,14,0,2
860,595,15,0,0
860,215,16,0,0
860,130,17,0,0
860,250,18,0,0
860,216,19,0,1
860,485,20,0,0
861,492,1,2,2
861,102,2,2,2
861,150,3,2,0
861,379,4,2,4
861,57,5,2,2
861,386,6,2,1
861,332,7,2,2
861,192,8,2,2
861,515,9,2,0
861,234,10,2,4
861,92,11,2,2
861,14,12,2,4
861,519,13,2,4
861,239,14,2,4
861,172,15,2,2
861,507,16,2,2
861,553,17,2,3
861,161,18,2,1
861,441,19,2,1
861,122,20,2,2
862,35,1,4,0
862,409,2,4,4
862,214,3,4,4
862,133,4,4,3
862,4,5,4,4
862,49,6,4,4
862,548,7,4,3
862,143,8,4,3
862,519,9,4,4
862,544,10,4,4
862,94,11,4,4
862,397,12,4,2
862,442,13,4,2
862,461,14,4,1
862,304,15,4,4
862,456,16,4,1
862,204,17,4,4
862,329,18,4,4
862,414,19,4,4
862,308,20,4,3
863,93,1,3,3
863,441,2,3,1
863,398,3,3,3
863,53,4,3,3
863,337,5,3,2
863,9,6,3,4
863,129,7,3,4
863,233,8,3,3
863,143,9,3,3
863,548,10,3,3
863,344,11,3,4
863,149,12,3,4
863,193,13,3,3
863,99,14,3,4
863,253,15,3,3
863,332,16,3,2
863,31,17,3,1
863,116,18,3,1
863,436,19,3,1
863,338,20,3,3
864,410,1,2,0
864,16,2,2,1
864,479,3,2,4
864,7,4,2,2
864,532,5,2,2
864,6,6,2,1
864,353,7,2,3
864,473,8,2,3
864,127,9,2,2
864,149,10,2,4
864,487,11,2,2
864,59,12,2,4
864,548,13,2,3
864,317,14,2,2
864,125,15,2,0
864,37,16,2,2
864,592,17,2,2
864,404,18,2,4
864,482,19,2,2
864,316,20,2,1
865,93,1,3,3
865,208,2,3,3
865,484,3,3,4
865,298,4,3,3
865,58,5,3,3
865,238,6,3,3
865,47,7,3,2
865,343,8,3,3
865,391,9,3,1
865,283,10,3,3
865,112,11,3,2
865,53,12,3,3
865,233,13,3,3
865,401,14,3,1
865,393,15,3,3
865,128,16,3,3
865,4,17,3,4
865,312,18,3,2
865,428,19,3,3
865,149,20,3,4
866,50,1,1,0
866,207,2,1,2
866,251,3,1,1
866,582,4,1,2
866,91,5,1,1
866,147,6,1,2
866,411,7,1,1
866,360,8,1,0
866,448,9,1,3
866,347,10,1,2
866,66,11,1,1
866,506,12,1,1
866,281,13,1,1
866,101,14,1,1
866,591,15,1,1
866,327,16,1,2
866,60,17,1,0
866,261,18,1,1
866,216,19,1,1
866,361,20,1,1
867,75,1,0,0
867,585,2,0,0
867,69,3,0,4
867,295,4,0,0
867,425,5,0,0
867,520,6,0,0
867,220,7,0,0
867,44,8,0,4
867,580,9,0,0
867,599,10,0,4
867,545,11,0,0
867,140,12,0,0
867,432,13,0,2
867,465,14,0,0
867,8,15,0,3
867,440,16,0,0
867,203,17,0,3
867,45,18,0,0
867,55,19,0,0
867,375,20,0,0
868,199,1,2,4
868,173,2,2,3
868,472,3,2,2
868,117,4,2,2
868,13,5,2,3
868,293,6,2,3
868,1,7,2,1
868,51,8,2,1
868,435,9,2,0
868,102,10,2,2
868,212,11,2,2
868,540,12,2,0
868,87,13,2,2
868,412,14,2,2
868,187,15,2,2
868,522,16,2,2
868,401,17,2,1
868,503,18,2,3
868,61,19,2,1
868,91,20,2,1
869,581,1,0,1
869,415,2,0,0
869,353,3,0,3
869,430,4,0,0
869,90,5,0,0
869,297,6,0,2
869,109,7,0,4
869,73,8,0,3
869,115,9,0,0
869,575,10,0,0
869,296,11,0,1
869,555,12,0,0
869,426,13,0,1
869,72,14,0,2
869,243,15,0,3
869,184,16,0,4
869,393,17,0,3
869,0,18,0,0
869,525,19,0,0
869,370,20,0,0
870,253,1,4,3
870,370,2,4,0
870,407,3,4,2
870,216,4,4,1
870,319,5,4,4
870,534,6,4,4
870,459,7,4,4
870,274,8,4,4
870,184,9,4,4
870,364,10,4,4
870,338,11,4,3
870,331,12,4,1
870,291,13,4,1
870,578,14,4,3
870,569,15,4,4
870,285,16,4,0
870,509,17,4,4
870,171,18,4,1
870,115,19,4,0
870,449,20,4,4
871,411,1,0,1
871,120,2,0,0
871,175,3,0,0
871,189,4,0,4
871,426,5,0,1
871,20,6,0,0
871,391,7,0,1
871,176,8,0,1
871,244,9,0,4
871,86,10,0,1
871,125,11,0,0
871,355,12,0,0
871,295,13,0,0
871,540,14,0,0
871,240,15,0,0
871,13,16,0,3
871,200,17,0,0
871,577,18,0,2
871,497,19,0,2
871,80,20,0,0
872,393,1,4,3
872,442,2,4,2
872,120,3,4,0
872,421,4,4,1
872,372,5,4,2
872,347,6,4,2
872,259,7,4,4
872,479,8,4,4
872,287,9,4,2
872,299,10,4,4
872,214,11,4,4
872,192,12,4,2
872,93,13,4,3
872,469,14,4,4
872,275,15,4,0
872,11,16,4,1
872,440,17,4,0
872,580,18,4,0
872,328,19,4,3
872,344,20,4,4
873,92,1,2,2
873,8,2,2,3
873,565,3,2,0
873,313,4,2,3
873,582,5,2,2
873,227,6,2,2
873,548,7,2,3
873,292,8,2,2
873,60,9,2,0
873,272,10,2,2
873,232,11,2,2
873,301,12,2,1
873,469,13,2,4
873,547,14,2,2
873,572,15,2,2
873,323,16,2,3
873,199,17,2,4
873,592,18,2,2
873,337,19,2,2
873,5,20,2,0
874,140,1,0,0
874,29,2,0,4
874,429,3,0,4
874,335,4,0,0
874,15,5,0,0
874,180,6,0,0
874,417,7,0,2
874,320,8,0,0
874,203,9,0,3
874,302,10,0,2
874,310,11,0,0
874,68,12,0,3
874,365,13,0,0
874,178,14,0,3
874,510,15,0,0
874,67,16,0,2
874,242,17,0,2
874,525,18,0,0
874,315,19,0,0
874,325,20,0,0
875,459,1,4,4
875,429,2,4,4
875,549,3,4,4
875,478,4,4,3
875,184,5,4,4
875,81,6,4,1
875,218,7,4,3
875,153,8,4,3
875,14,9,4,4
875,319,10,4,4
875,484,11,4,4
875,4,12,4,4
875,99,13,4,4
875,74,14,4,4
875,114,15,4,4
875,578,16,4,3
875,334,17,4,4
875,303,18,4,3
875,394,19,4,4
875,554,20,4,4
876,116,1,0,1
876,238,2,0,3
876,469,3,0,4
876,486,4,0,1
876,222,5,0,2
876,50,6,0,0
876,353,7,0,3
876,540,8,0,0
876,284,9,0,4
876,589,10,0,4
876,221,11,0,1
876,463,12,0,3
876,236,13,0,1
876,347,14,0,2
876,585,15,0,0
876,512,16,0,2
876,190,17,0,0
876,459,18,0,4
876,474,19,0,4
876,202,20,0,2
877,383,1,1,3
877,131,2,1,1
877,254,3,1,4
877,414,4,1,4
877,7,5,1,2
877,247,6,1,2
877,251,7,1,1
877,409,8,1,4
877,58,9,1,3
877,451,10,1,1
877,541,11,1,1
877,521,12,1,1
877,186,13,1,1
877,406,14,1,1
877,515,15,1,0
877,446,16,1,1
877,35,17,1,0
877,96,18,1,1
877,532,19,1,2
877,341,20,1,1
878,33,1,3,3
878,55,2,3,0
878,353,3,3,3
878,243,4,3,3
878,424,5,3,4
878,328,6,3,3
878,173,7,3,3
878,99,8,3,4
878,104,9,3,4
878,428,10,3,3
878,82,11,3,2
878,453,12,3,3
878,234,13,3,4
878,505,14,3,0
878,83,15,3,3
878,408,16,3,3
878,420,17,3,0
878,138,18,3,3
878,481,19,3,1
878,198,20,3,3
879,142,1,1,2
879,121,2,1,1
879,281,3,1,1
879,292,4,1,2
879,587,5,1,2
879,371,6,1,1
879,451,7,1,1
879,551,8,1,1
879,376,9,1,1
879,148,10,1,3
879,584,11,1,4
879,221,12,1,1
879,566,13,1,1
879,434,14,1,4
879,256,15,1,1
879,546,16,1,1
879,162,17,1,2
879,71,18,1,1
879,133,19,1,3
879,339,20,1,4
880,155,1,0,0
880,497,2,0,2
880,110,3,0,0
880,185,4,0,0
880,560,5,0,0
880,350,6,0,0
880,220,7,0,0
880,130,8,0,0
880,469,9,0,4
880,163,10,0,3
880,161,11,0,1
880,65,12,0,0
880,470,13,0,0
880,158,14,0,3
880,175,15,0,0
880,326,16,0,1
880,430,17,0,0
880,400,18,0,0
880,10,19,0,0
880,225,20,0,0
881,232,1,2,2
881,134,2,2,4
881,311,3,2,1
881,322,4,2,2
881,302,5,2,2
881,152,6,2,2
881,122,7,2,2
881,362,8,2,2
881,530,9,2,0
881,532,10,2,2
881,417,11,2,2
881,441,12,2,1
881,432,13,2,2
881,41,14,2,1
881,477,15,2,2
881,394,16,2,4
881,209,17,2,4
881,132,18,2,2
881,87,19,2,2
881,117,20,2,2
882,55,1,1,0
882,384,2,1,4
882,302,3,1,2
882,45,4,1,0
882,274,5,1,4
882,476,6,1,1
882,152,7,1,2
882,248,8,1,3
882,578,9,1,3
882,508,10,1,3
882,498,11,1,3
882,306,12,1,1
882,541,13,1,1
882,253,14,1,3
882,481,15,1,1
882,376,16,1,1
882,335,17,1,0
882,330,18,1,0
882,276,19,1,1
882,389,20,1,4
883,305,1,1,0
883,274,2,1,4
883,547,3,1,2
883,436,4,1,1
883,313,5,1,3
883,491,6,1,1
883,559,7,1,4
883,171,8,1,1
883,137,9,1,2
883,196,10,1,1
883,371,11,1,1
883,399,12,1,4
883,457,13,1,2
883,205,14,1,0
883,598,15,1,3
883,232,16,1,2
883,531,17,1,1
883,160,18,1,0
883,156,19,1,1
883,74,20,1,4
884,321,1,3,1
884,265,2,3,0
884,551,3,3,1
884,373,4,3,3
884,258,5,3,3
884,553,6,3,3
884,158,7,3,3
884,15,8,3,0
884,446,9,3,1
884,138,10,3,3
884,173,11,3,3
884,106,12,3,1
884,562,13,3,2
884,78,14,3,3
884,467,15,3,2
884,543,16,3,3
884,403,17,3,3
884,558,18,3,3
884,53,19,3,3
884,498,20,3,3
885,242,1,3,2
885,199,2,3,4
885,473,3,3,3
885,148,4,3,3
885,475,5,3,0
885,576,6,3,1
885,548,7,3,3
885,260,8,3,0
885,588,9,3,3
885,343,10,3,3
885,593,11,3,3
885,18,12,3,3
885,270,13,3,0
885,378,14,3,3
885,557,15,3,2
885,28,16,3,3
885,2,17,3,2
885,592,18,3,2
885,220,19,3,0
885,346,20,3,1
886,438,1,3,3
886,349,2,3,4
886,379,3,3,4
886,456,4,3,1
886,393,5,3,3
886,206,6,3,1
886,165,7,3,0
886,553,8,3,3
886,37,9,3,2
886,54,10,3,4
886,278,11,3,3
886,133,12,3,3
886,53,13,3,3
886,23,14,3,3
886,124,15,3,4
886,213,16,3,3
886,240,17,3,0
886,496,18,3,1
886,566,19,3,1
886,533,20,3,3
887,552,1,4,2
887,186,2,4,1
887,364,3,4,4
887,436,4,4,1
887,586,5,4,1
887,404,6,4,4
887,44,7,4,4
887,63,8,4,3
887,553,9,4,3
887,319,10,4,4
887,43,11,4,3
887,202,12,4,2
887,243,13,4,3
887,209,14,4,4
887,484,15,4,4
887,54,16,4,4
887,313,17,4,3
887,424,18,4,4
887,52,19,4,2
887,299,20,4,4
888,551,1,1,1
888,55,2,1,0
888,293,3,1,3
888,228,4,1,3
888,176,5,1,1
888,76,6,1,1
888,173,7,1,3
888,233,8,1,3
888,61,9,1,1
888,272,10,1,2
888,107,11,1,2
888,206,12,1,1
888,104,13,1,4
888,77,14,1,2
888,51,15,1,1
888,361,16,1,1
888,220,17,1,0
888,463,18,1,3
888,402,19,1,2
888,252,20,1,2
889,403,1,4,3
889,64,2,4,4
889,484,3,4,4
889,107,4,4,2
889,136,5,4,1
889,47,6,4,2
889,560,7,4,0
889,14,8,4,4
889,547,9,4,2
889,389,10,4,4
889,552,11,4,2
889,464,12,4,4
889,19,13,4,4
889,134,14,4,4
889,349,15,4,4
889,126,16,4,1
889,174,17,4,4
889,451,18,4,1
889,117,19,4,2
889,129,20,4,4
890,351,1,1,1
890,66,2,1,1
890,375,3,1,0
890,490,4,1,0
890,491,5,1,1
890,573,6,1,3
890,571,7,1,1
890,475,8,1,0
890,463,9,1,3
890,471,10,1,1
890,336,11,1,1
890,285,12,1,0
890,331,13,1,1
890,576,14,1,1
890,451,15,1,1
890,291,16,1,1
890,346,17,1,1
890,512,18,1,2
890,286,19,1,1
890,479,20,1,4
891,590,1,0,0
891,420,2,0,0
891,55,3,0,0
891,575,4,0,0
891,20,5,0,0
891,415,6,0,0
891,290,7,0,0
891,160,8,0,0
891,75,9,0,0
891,360,10,0,0
891,516,11,0,1
891,36,12,0,1
891,452,13,0,2
891,450,14,0,0
891,108,15,0,3
891,330,16,0,0
891,390,17,0,0
891,48,18,0,3
891,466,19,0,1
891,465,20,0,0
892,220,1,4,0
892,121,2,4,1
892,454,3,4,4
892,334,4,4,4
892,289,5,4,4
892,421,6,4,1
892,263,7,4,3
892,159,8,4,4
892,193,9,4,3
892,524,10,4,4
892,314,11,4,4
892,410,12,4,0
892,449,13,4,4
892,394,14,4,4
892,126,15,4,1
892,226,16,4,1
892,254,17,4,4
892,140,18,4,0
892,257,19,4,2
892,199,20,4,4
893,436,1,4,1
893,166,2,4,1
893,248,3,4,3
893,473,4,4,3
893,522,5,4,2
893,32,6,4,2
893,535,7,4,0
893,449,8,4,4
893,94,9,4,4
893,321,10,4,1
893,153,11,4,3
893,218,12,4,3
893,136,13,4,1
893,174,14,4,4
893,249,15,4,4
893,309,16,4,4
893,98,17,4,3
893,474,18,4,4
893,2,19,4,2
893,255,20,4,0
894,24,1,4,4
894,320,2,4,0
894,115,3,4,0
894,339,4,4,4
894,234,5,4,4
894,283,6,4,3
894,392,7,4,2
894,334,8,4,4
894,259,9,4,4
894,72,10,4,2
894,444,11,4,4
894,584,12,4,4
894,211,13,4,1
894,173,14,4,3
894,354,15,4,4
894,224,16,4,4
894,298,17,4,3
894,194,18,4,4
894,384,19,4,4
894,491,20,4,1
895,417,1,2,2
895,402,2,2,2
895,222,3,2,2
895,302,4,2,2
895,490,5,2,0
895,382,6,2,2
895,172,7,2,2
895,407,8,2,2
895,375,9,2,0
895,128,10,2,3
895,124,11,2,4
895,101,12,2,1
895,234,13,2,4
895,460,14,2,0
895,365,15,2,0
895,67,16,2,2
895,522,17,2,2
895,37,18,2,2
895,42,19,2,2
895,297,20,2,2
896,129,1,4,4
896,451,2,4,1
896,536,3,4,1
896,334,4,4,4
896,355,5,4,0
896,292,6,4,2
896,469,7,4,4
896,513,8,4,3
896,542,9,4,2
896,236,10,4,1
896,121,11,4,1
896,283,12,4,3
896,205,13,4,0
896,401,14,4,1
896,91,15,4,1
896,573,16,4,3
896,427,17,4,2
896,284,18,4,4
896,494,19,4,4
896,463,20,4,3
897,21,1,1,1
897,492,2,1,2
897,1,3,1,1
897,121,4,1,1
897,518,5,1,3
897,16,6,1,1
897,481,7,1,1
897,91,8,1,1
897,597,9,1,2
897,426,10,1,1
897,271,11,1,1
897,36,12,1,1
897,223,13,1,3
897,531,14,1,1
897,581,15,1,1
897,470,16,1,0
897,96,17,1,1
897,316,18,1,1
897,555,19,1,0
897,537,20,1,2
898,142,1,2,2
898,442,2,2,2
898,132,3,2,2
898,548,4,2,3
898,284,5,2,4
898,162,6,2,2
898,171,7,2,1
898,588,8,2,3
898,532,9,2,2
898,252,10,2,2
898,234,11,2,4
898,133,12,2,3
898,42,13,2,2
898,15,14,2,0
898,421,15,2,1
898,503,16,2,3
898,183,17,2,3
898,399,18,2,4
898,312,19,2,2
898,427,20,2,2
899,594,1,0,4
899,107,2,0,2
899,29,3,0,4
899,160,4,0,0
899,36,5,0,1
899,198,6,0,3
899,175,7,0,0
899,108,8,0,3
899,106,9,0,1
899,455,10,0,0
899,405,11,0,0
899,510,12,0,0
899,421,13,0,1
899,506,14,0,1
899,255,15,0,0
899,470,16,0,0
899,442,17,0,2
899,399,18,0,4
899,489,19,0,4
899,590,20,0,0
900,103,1,4,3
900,299,2,4,4
900,69,3,4,4
900,9,4,4,4
900,344,5,4,4
900,176,6,4,1
900,484,7,4,4
900,128,8,4,3
900,144,9,4,4
900,114,10,4,4
900,593,11,4,3
900,294,12,4,4
900,10,13,4,0
900,369,14,4,4
900,564,15,4,4
900,341,16,4,1
900,34,17,4,4
900,319,18,4,4
900,160,19,4,0
900,59,20,4,4
901,592,1,1,2
901,4,2,1,4
901,369,3,1,4
901,298,4,1,3
901,231,5,1,1
901,110,6,1,0
901,261,7,1,1
901,156,8,1,1
901,31,9,1,1
901,319,10,1,4
901,235,11,1,0
901,266,12,1,1
901,159,13,1,4
901,236,14,1,1
901,524,15,1,4
901,26,16,1,1
901,114,17,1,4
901,155,18,1,0
901,456,19,1,1
901,494,20,1,4
902,471,1,3,1
902,293,2,3,3
902,248,3,3,3
902,198,4,3,3
902,350,5,3,0
902,418,6,3,3
902,63,7,3,3
902,580,8,3,0
902,6,9,3,1
902,73,10,3,3
902,267,11,3,2
902,464,12,3,4
902,479,13,3,4
902,323,14,3,3
902,358,15,3,3
902,364,16,3,4
902,547,17,3,2
902,246,18,3,1
902,209,19,3,4
902,87,20,3,2
903,278,1,3,3
903,284,2,3,4
903,103,3,3,3
903,63,4,3,3
903,584,5,3,4
903,368,6,3,3
903,509,7,3,4
903,268,8,3,3
903,150,9,3,0
903,154,10,3,4
903,153,11,3,3
903,18,12,3,3
903,561,13,3,1
903,529,14,3,4
903,333,15,3,3
903,303,16,3,3
903,299,17,3,4
903,271,18,3,1
903,523,19,3,3
903,513,20,3,3
904,223,1,4,3
904,227,2,4,2
904,178,3,4,3
904,359,4,4,4
904,374,5,4,4
904,131,6,4,1
904,159,7,4,4
904,215,8,4,0
904,489,9,4,4
904,326,10,4,1
904,568,11,4,3
904,452,12,4,2
904,224,13,4,4
904,237,14,4,2
904,425,15,4,0
904,269,16,4,4
904,194,17,4,4
904,569,18,4,4
904,361,19,4,1
904,294,20,4,4
905,105,1,0,0
905,228,2,0,3
905,182,3,0,2
905,385,4,0,0
905,30,5,0,0
905,134,6,0,4
905,82,7,0,2
905,204,8,0,4
905,526,9,0,1
905,150,10,0,0
905,561,11,0,1
905,52,12,0,2
905,410,13,0,0
905,550,14,0,0
905,145,15,0,0
905,425,16,0,0
905,435,17,0,0
905,293,18,0,3
905,415,19,0,0
905,235,20,0,0
906,393,1,4,3
906,499,2,4,4
906,557,3,4,2
906,279,4,4,4
906,154,5,4,4
906,474,6,4,4
906,246,7,4,1
906,422,8,4,2
906,504,9,4,4
906,384,10,4,4
906,588,11,4,3
906,29,12,4,4
906,249,13,4,4
906,524,14,4,4
906,298,15,4,3
906,354,16,4,4
906,79,17,4,4
906,434,18,4,4
906,444,19,4,4
906,131,20,4,1
907,519,1,2,4
907,131,2,2,1
907,406,3,2,1
907,108,4,2,3
907,342,5,2,2
907,223,6,2,3
907,522,7,2,2
907,266,8,2,1
907,157,9,2,2
907,433,10,2,3
907,507,11,2,2
907,387,12,2,2
907,18,13,2,3
907,122,14,2,2
907,89,15,2,4
907,179,16,2,4
907,377,17,2,2
907,87,18,2,2
907,137,19,2,2
907,74,20,2,4
908,88,1,2,3
908,358,2,2,3
908,102,3,2,2
908,52,4,2,2
908,452,5,2,2
908,304,6,2,4
908,411,7,2,1
908,75,8,2,0
908,299,9,2,4
908,100,10,2,0
908,444,11,2,4
908,502,12,2,2
908,277,13,2,2
908,522,14,2,2
908,257,15,2,2
908,392,16,2,2
908,432,17,2,2
908,232,18,2,2
908,363,19,2,3
908,434,20,2,4
909,579,1,1,4
909,271,2,1,1
909,386,3,1,1
909,371,4,1,1
909,151,5,1,1
909,506,6,1,1
909,191,7,1,1
909,454,8,1,4
909,448,9,1,3
909,171,10,1,1
909,21,11,1,1
909,341,12,1,1
909,521,13,1,1
909,551,14,1,1
909,451,15,1,1
909,256,16,1,1
909,203,17,1,3
909,441,18,1,1
909,560,19,1,0
909,105,20,1,0
910,348,1,2,3
910,544,2,2,4
910,516,3,2,1
910,67,4,2,2
910,237,5,2,2
910,127,6,2,2
910,592,7,2,2
910,57,8,2,2
910,337,9,2,2
910,459,10,2,4
910,571,11,2,1
910,490,12,2,0
910,562,13,2,2
910,228,14,2,3
910,482,15,2,2
910,427,16,2,2
910,317,17,2,2
910,377,18,2,2
910,362,19,2,2
910,569,20,2,4
911,244,1,2,4
911,313,2,2,3
911,365,3,2,0
911,407,4,2,2
911,157,5,2,2
911,502,6,2,2
911,547,7,2,2
911,206,8,2,1
911,579,9,2,4
911,563,10,2,3
911,402,11,2,2
911,423,12,2,3
911,322,13,2,2
911,467,14,2,2
911,197,15,2,2
911,220,16,2,0
911,514,17,2,4
911,307,18,2,2
911,130,19,2,0
911,477,20,2,2
912,306,1,1,1
912,351,2,1,1
912,334,3,1,4
912,315,4,1,0
912,221,5,1,1
912,266,6,1,1
912,540,7,1,0
912,220,8,1,0
912,61,9,1,1
912,356,10,1,1
912,279,11,1,4
912,342,12,1,2
912,251,13,1,1
912,426,14,1,1
912,498,15,1,3
912,581,16,1,1
912,41,17,1,1
912,442,18,1,2
912,156,19,1,1
912,106,20,1,1
913,69,1,2,4
913,516,2,2,1
913,427,3,2,2
913,307,4,2,2
913,213,5,2,3
913,397,6,2,2
913,489,7,2,4
913,228,8,2,3
913,246,9,2,1
913,547,10,2,2
913,549,11,2,4
913,586,12,2,1
913,351,13,2,1
913,197,14,2,2
913,337,15,2,2
913,97,16,2,2
913,92,17,2,2
913,497,18,2,2
913,40,19,2,0
913,297,20,2,2
914,84,1,0,4
914,345,2,0,0
914,514,3,0,4
914,590,4,0,0
914,340,5,0,0
914,110,6,0,0
914,175,7,0,0
914,199,8,0,4
914,32,9,0,2
914,248,10,0,3
914,179,11,0,4
914,577,12,0,2
914,116,13,0,1
914,493,14,0,3
914,500,15,0,0
914,528,16,0,3
914,185,17,0,0
914,40,18,0,0
914,255,19,0,0
914,75,20,0,0
915,583,1,3,3
915,358,2,3,3
915,50,3,3,0
915,171,4,3,1
915,35,5,3,0
915,286,6,3,1
915,211,7,3,1
915,348,8,3,3
915,438,9,3,3
915,103,10,3,3
915,429,11,3,4
915,41,12,3,1
915,517,13,3,2
915,415,14,3,0
915,204,15,3,4
915,36,16,3,1
915,25,17,3,0
915,30,18,3,0
915,263,19,3,3
915,416,20,3,1
916,17,1,2,2
916,527,2,2,2
916,127,3,2,2
916,500,4,2,0
916,532,5,2,2
916,204,6,2,4
916,413,7,2,3
916,173,8,2,3
916,452,9,2,2
916,32,10,2,2
916,10,11,2,0
916,222,12,2,2
916,52,13,2,2
916,27,14,2,2
916,517,15,2,2
916,367,16,2,2
916,499,17,2,4
916,7,18,2,2
916,130,19,2,0
916,42,20,2,2
917,160,1,4,0
917,140,2,4,0
917,170,3,4,0
917,570,4,4,0
917,114,5,4,4
917,211,6,4,1
917,324,7,4,4
917,99,8,4,4
917,126,9,4,1
917,70,10,4,0
917,557,11,4,2
917,94,12,4,4
917,429,13,4,4
917,322,14,4,2
917,589,15,4,4
917,433,16,4,3
917,304,17,4,4
917,441,18,4,1
917,129,19,4,4
917,523,20,4,3
918,157,1,3,2
918,403,2,3,3
918,165,3,3,0
918,363,4,3,3
918,323,5,3,3
918,251,6,3,1
918,355,7,3,0
918,413,8,3,3
918,550,9,3,0
918,3,10,3,3
918,195,11,3,0
918,318,12,3,3
918,0,13,3,0
918,373,14,3,3
918,581,15,3,1
918,468,16,3,3
918,360,17,3,0
918,27,18,3,2
918,6,19,3,1
918,136,20,3,1
919,150,1,0,0
919,251,2,0,1
919,450,3,0,0
919,285,4,0,0
919,113,5,0,3
919,549,6,0,4
919,134,7,0,4
919,380,8,0,0
919,377,9,0,2
919,409,10,0,4
919,356,11,0,1
919,530,12,0,0
919,55,13,0,0
919,544,14,0,4
919,226,15,0,1
919,201,16,0,1
919,496,17,0,1
919,258,18,0,3
919,413,19,0,3
919,203,20,0,3
920,225,1,0,0
920,340,2,0,0
920,84,3,0,4
920,250,4,0,0
920,5,5,0,0
920,215,6,0,0
920,514,7,0,4
920,544,8,0,4
920,190,9,0,0
920,100,10,0,0
920,401,11,0,1
920,373,12,0,3
920,135,13,0,0
920,274,14,0,4
920,95,15,0,0
920,422,16,0,2
920,395,17,0,0
920,420,18,0,0
920,338,19,0,3
920,475,20,0,0
921,569,1,1,4
921,368,2,1,3
921,361,3,1,1
921,107,4,1,2
921,225,5,1,0
921,113,6,1,3
921,321,7,1,1
921,514,8,1,4
921,241,9,1,1
921,386,10,1,1
921,330,11,1,0
921,15,12,1,0
921,411,13,1,1
921,326,14,1,1
921,54,15,1,4
921,294,16,1,4
921,26,17,1,1
921,245,18,1,0
921,548,19,1,3
921,45,20,1,0
922,204,1,2,4
922,41,2,2,1
922,5,3,2,0
922,152,4,2,2
922,238,5,2,3
922,222,6,2,2
922,566,7,2,1
922,85,8,2,0
922,57,9,2,2
922,66,10,2,1
922,302,11,2,2
922,426,12,2,1
922,52,13,2,2
922,488,14,2,3
922,452,15,2,2
922,370,16,2,0
922,532,17,2,2
922,172,18,2,2
922,132,19,2,2
922,407,20,2,2
923,186,1,4,1
923,19,2,4,4
923,140,3,4,0
923,454,4,4,4
923,547,5,4,2
923,586,6,4,1
923,474,7,4,4
923,360,8,4,0
923,132,9,4,2
923,402,10,4,2
923,389,11,4,4
923,137,12,4,2
923,283,13,4,3
923,226,14,4,1
923,309,15,4,4
923,230,16,4,0
923,366,17,4,1
923,469,18,4,4
923,249,19,4,4
923,290,20,4,0
924,385,1,4,0
924,109,2,4,4
924,501,3,4,1
924,189,4,4,4
924,19,5,4,4
924,266,6,4,1
924,579,7,4,4
924,345,8,4,0
924,194,9,4,4
924,154,10,4,4
924,368,11,4,3
924,336,12,4,1
924,84,13,4,4
924,574,14,4,4
924,274,15,4,4
924,594,16,4,4
924,324,17,4,4
924,278,18,4,3
924,157,19,4,2
924,409,20,4,4
925,593,1,2,3
925,522,2,2,2
925,214,3,2,4
925,367,4,2,2
925,119,5,2,4
925,327,6,2,2
925,50,7,2,0
925,22,8,2,2
925,127,9,2,2
925,175,10,2,0
925,430,11,2,0
925,256,12,2,1
925,44,13,2,4
925,440,14,2,0
925,242,15,2,2
925,102,16,2,2
925,592,17,2,2
925,137,18,2,2
925,422,19,2,2
925,409,20,2,4
926,530,1,4,0
926,128,2,4,3
926,174,3,4,4
926,76,4,4,1
926,334,5,4,4
926,317,6,4,2
926,567,7,4,2
926,194,8,4,4
926,187,9,4,2
926,574,10,4,4
926,559,11,4,4
926,90,12,4,0
926,282,13,4,2
926,394,14,4,4
926,323,15,4,3
926,149,16,4,4
926,129,17,4,4
926,411,18,4,1
926,155,19,4,0
926,380,20,4,0
927,476,1,1,1
927,566,2,1,1
927,125,3,1,0
927,35,4,1,0
927,155,5,1,0
927,366,6,1,1
927,166,7,1,1
927,36,8,1,1
927,407,9,1,2
927,146,10,1,1
927,196,11,1,1
927,474,12,1,4
927,478,13,1,3
927,266,14,1,1
927,158,15,1,3
927,331,16,1,1
927,270,17,1,0
927,286,18,1,1
927,596,19,1,1
927,211,20,1,1
928,271,1,1,1
928,161,2,1,1
928,598,3,1,3
928,128,4,1,3
928,261,5,1,1
928,361,6,1,1
928,298,7,1,3
928,87,8,1,2
928,27,9,1,2
928,105,10,1,0
928,350,11,1,0
928,20,12,1,0
928,322,13,1,2
928,125,14,1,0
928,411,15,1,1
928,7,16,1,2
928,251,17,1,1
928,376,18,1,1
928,135,19,1,0
928,477,20,1,2
929,233,1,3,3
929,551,2,3,1
929,559,3,3,4
929,179,4,3,4
929,88,5,3,3
929,571,6,3,1
929,163,7,3,3
929,474,8,3,4
929,260,9,3,0
929,75,10,3,0
929,95,11,3,0
929,234,12,3,4
929,403,13,3,3
929,313,14,3,3
929,458,15,3,3
929,503,16,3,3
929,78,17,3,3
929,79,18,3,4
929,323,19,3,3
929,143,20,3,3
930,289,1,1,4
930,206,2,1,1
930,451,3,1,1
930,186,4,1,1
930,308,5,1,3
930,590,6,1,0
930,399,7,1,4
930,275,8,1,0
930,91,9,1,1
930,53,10,1,3
930,367,11,1,2
930,568,12,1,3
930,526,13,1,1
930,106,14,1,1
930,573,15,1,3
930,182,16,1,2
930,52,17,1,2
930,385,18,1,0
930,491,19,1,1
930,496,20,1,1
931,159,1,2,4
931,107,2,2,2
931,165,3,2,0
931,307,4,2,2
931,74,5,2,4
931,442,6,2,2
931,237,7,2,2
931,375,8,2,0
931,65,9,2,0
931,537,10,2,2
931,346,11,2,1
931,367,12,2,2
931,419,13,2,4
931,297,14,2,2
931,208,15,2,3
931,51,16,2,1
931,582,17,2,2
931,372,18,2,2
931,524,19,2,4
931,332,20,2,2
932,130,1,0,0
932,400,2,0,0
932,483,3,0,3
932,396,4,0,1
932,356,5,0,1
932,490,6,0,0
932,405,7,0,0
932,255,8,0,0
932,210,9,0,0
932,550,10,0,0
932,232,11,0,2
932,540,12,0,0
932,205,13,0,0
932,10,14,0,0
932,72,15,0,2
932,155,16,0,0
932,338,17,0,3
932,577,18,0,2
932,534,19,0,4
932,295,20,0,0
933,465,1,0,0
933,403,2,0,3
933,270,3,0,0
933,100,4,0,0
933,577,5,0,2
933,400,6,0,0
933,325,7,0,0
933,466,8,0,1
933,77,9,0,2
933,95,10,0,0
933,10,11,0,0
933,360,12,0,0
933,499,13,0,4
933,47,14,0,2
933,456,15,0,1
933,295,16,0,0
933,277,17,0,2
933,65,18,0,0
933,120,19,0,0
933,224,20,0,4
934,452,1,2,2
934,115,2,2,0
934,367,3,2,2
934,532,4,2,2
934,132,5,2,2
934,462,6,2,2
934,149,7,2,4
934,399,8,2,4
934,166,9,2,1
934,26,10,2,1
934,146,11,2,1
934,379,12,2,4
934,370,13,2,0
934,479,14,2,4
934,306,15,2,1
934,348,16,2,3
934,438,17,2,3
934,5,18,2,0
934,157,19,2,2
934,436,20,2,1
935,48,1,3,3
935,288,2,3,3
935,286,3,3,1
935,296,4,3,1
935,333,5,3,3
935,463,6,3,3
935,36,7,3,1
935,541,8,3,1
935,438,9,3,3
935,103,10,3,3
935,317,11,3,2
935,121,12,3,1
935,498,13,3,3
935,178,14,3,3
935,31,15,3,1
935,62,16,3,2
935,156,17,3,1
935,133,18,3,3
935,33,19,3,3
935,231,20,3,1
936,76,1,1,1
936,130,2,1,0
936,87,3,1,2
936,401,4,1,1
936,257,5,1,2
936,108,6,1,3
936,491,7,1,1
936,468,8,1,3
936,279,9,1,4
936,109,10,1,4
936,416,11,1,1
936,571,12,1,1
936,138,13,1,3
936,16,14,1,1
936,333,15,1,3
936,141,16,1,1
936,111,17,1,1
936,356,18,1,1
936,583,19,1,3
936,397,20,1,2
937,171,1,4,1
937,8,2,4,3
937,104,3,4,4
937,333,4,4,3
937,562,5,4,2
937,509,6,4,4
937,459,7,4,4
937,119,8,4,4
937,531,9,4,1
937,108,10,4,3
937,216,11,4,1
937,592,12,4,2
937,294,13,4,4
937,214,14,4,4
937,498,15,4,3
937,545,16,4,0
937,14,17,4,4
937,233,18,4,3
937,115,19,4,0
937,484,20,4,4
938,332,1,2,2
938,505,2,2,0
938,327,3,2,2
938,532,4,2,2
938,221,5,2,1
938,226,6,2,1
938,161,7,2,1
938,425,8,2,0
938,264,9,2,4
938,195,10,2,0
938,17,11,2,2
938,127,12,2,2
938,207,13,2,2
938,430,14,2,0
938,132,15,2,2
938,186,16,2,1
938,313,17,2,3
938,576,18,2,1
938,537,19,2,2
938,49,20,2,4
939,586,1,0,1
939,544,2,0,4
939,31,3,0,1
939,34,4,0,4
939,364,5,0,4
939,85,6,0,0
939,260,7,0,0
939,530,8,0,0
939,175,9,0,0
939,206,10,0,1
939,5,11,0,0
939,451,12,0,1
939,105,13,0,0
939,38,14,0,3
939,50,15,0,0
939,181,16,0,1
939,580,17,0,0
939,358,18,0,3
939,405,19,0,0
939,450,20,0,0
940,189,1,4,4
940,469,2,4,4
940,454,3,4,4
940,45,4,4,0
940,249,5,4,4
940,319,6,4,4
940,481,7,4,1
940,504,8,4,4
940,577,9,4,2
940,439,10,4,4
940,328,11,4,3
940,285,12,4,0
940,221,13,4,1
940,456,14,4,1
940,413,15,4,3
940,323,16,4,3
940,492,17,4,2
940,58,18,4,3
940,305,19,4,0
940,480,20,4,0
941,470,1,0,0
941,346,2,0,1
941,494,3,0,4
941,460,4,0,0
941,57,5,0,2
941,120,6,0,0
941,277,7,0,2
941,67,8,0,2
941,445,9,0,0
941,522,10,0,2
941,510,11,0,0
941,585,12,0,0
941,355,13,0,0
941,371,14,0,1
941,146,15,0,1
941,80,16,0,0
941,580,17,0,0
941,485,18,0,0
941,475,19,0,0
941,560,20,0,0
942,166,1,2,1
942,429,2,2,4
942,570,3,2,0
942,232,4,2,2
942,352,5,2,2
942,521,6,2,1
942,57,7,2,2
942,406,8,2,1
942,410,9,2,0
942,536,10,2,1
942,32,11,2,2
942,134,12,2,4
942,17,13,2,2
942,505,14,2,0
942,84,15,2,4
942,44,16,2,4
942,189,17,2,4
942,145,18,2,0
942,98,19,2,3
942,519,20,2,4
943,30,1,0,0
943,109,2,0,4
943,217,3,0,2
943,225,4,0,0
943,157,5,0,2
943,525,6,0,0
943,210,7,0,0
943,522,8,0,2
943,560,9,0,0
943,27,10,0,2
943,231,11,0,1
943,142,12,0,2
943,120,13,0,0
943,131,14,0,1
943,228,15,0,3
943,533,16,0,3
943,390,17,0,0
943,398,18,0,3
943,92,19,0,2
943,370,20,0,0
944,292,1,2,2
944,199,2,2,4
944,149,3,2,4
944,124,4,2,4
944,322,5,2,2
944,392,6,2,2
944,582,7,2,2
944,597,8,2,2
944,14,9,2,4
944,502,10,2,2
944,212,11,2,2
944,357,12,2,2
944,0,13,2,0
944,129,14,2,4
944,457,15,2,2
944,313,16,2,3
944,321,17,2,1
944,43,18,2,3
944,244,19,2,4
944,434,20,2,4
945,515,1,2,0
945,120,2,2,0
945,514,3,2,4
945,103,4,2,3
945,532,5,2,2
945,487,6,2,2
945,252,7,2,2
945,572,8,2,2
945,352,9,2,2
945,535,10,2,0
945,257,11,2,2
945,160,12,2,0
945,227,13,2,2
945,107,14,2,2
945,157,15,2,2
945,368,16,2,3
945,482,17,2,2
945,396,18,2,1
945,347,19,2,2
945,2,20,2,2
946,267,1,2,2
946,20,2,2,0
946,197,3,2,2
946,210,4,2,0
946,398,5,2,3
946,483,6,2,3
946,308,7,2,3
946,383,8,2,3
946,412,9,2,2
946,12,10,2,2
946,59,11,2,4
946,188,12,2,3
946,561,13,2,1
946,367,14,2,2
946,494,15,2,4
946,552,16,2,2
946,132,17,2,2
946,345,18,2,0
946,276,19,2,1
946,432,20,2,2
947,382,1,2,2
947,320,2,2,0
947,90,3,2,0
947,227,4,2,2
947,452,5,2,2
947,466,6,2,1
947,425,7,2,0
947,378,8,2,3
947,502,9,2,2
947,507,10,2,2
947,407,11,2,2
947,445,12,2,0
947,352,13,2,2
947,82,14,2,2
947,492,15,2,2
947,301,16,2,1
947,332,17,2,2
947,415,18,2,0
947,178,19,2,3
947,8,20,2,3
948,140,1,1,0
948,212,2,1,2
948,342,3,1,2
948,276,4,1,1
948,401,5,1,1
948,175,6,1,0
948,151,7,1,1
948,501,8,1,1
948,373,9,1,3
948,139,10,1,4
948,306,11,1,1
948,554,12,1,4
948,466,13,1,1
948,221,14,1,1
948,220,15,1,0
948,141,16,1,1
948,503,17,1,3
948,551,18,1,1
948,286,19,1,1
948,18,20,1,3
949,572,1,0,2
949,455,2,0,0
949,370,3,0,0
949,45,4,0,0
949,117,5,0,2
949,235,6,0,0
949,257,7,0,2
949,200,8,0,0
949,150,9,0,0
949,495,10,0,0
949,145,11,0,0
949,515,12,0,0
949,415,13,0,0
949,134,14,0,4
949,245,15,0,0
949,227,16,0,2
949,485,17,0,0
949,395,18,0,0
949,78,19,0,3
949,288,20,0,3
950,547,1,2,2
950,417,2,2,2
950,322,3,2,2
950,207,4,2,2
950,234,5,2,4
950,474,6,2,4
950,267,7,2,2
950,305,8,2,0
950,5,9,2,0
950,223,10,2,3
950,463,11,2,3
950,68,12,2,3
950,10,13,2,0
950,262,14,2,2
950,457,15,2,2
950,478,16,2,3
950,525,17,2,0
950,433,18,2,3
950,182,19,2,2
950,382,20,2,2
951,354,1,2,4
951,444,2,2,4
951,189,3,2,4
951,559,4,2,4
951,158,5,2,3
951,400,6,2,0
951,320,7,2,0
951,407,8,2,2
951,260,9,2,0
951,575,10,2,0
951,296,11,2,1
951,159,12,2,4
951,168,13,2,3
951,437,14,2,2
951,398,15,2,3
951,265,16,2,0
951,447,17,2,2
951,282,18,2,2
951,432,19,2,2
951,275,20,2,0
952,590,1,0,0
952,536,2,0,1
952,64,3,0,4
952,365,4,0,0
952,162,5,0,2
952,515,6,0,0
952,395,7,0,0
952,249,8,0,4
952,15,9,0,0
952,290,10,0,0
952,420,11,0,0
952,270,12,0,0
952,176,13,0,1
952,478,14,0,3
952,434,15,0,4
952,460,16,0,0
952,545,17,0,0
952,520,18,0,0
952,12,19,0,2
952,403,20,0,3
953,552,1,2,2
953,145,2,2,0
953,335,3,2,0
953,477,4,2,2
953,22,5,2,2
953,252,6,2,2
953,328,7,2,3
953,282,8,2,2
953,367,9,2,2
953,138,10,2,3
953,415,11,2,0
953,211,12,2,1
953,597,13,2,2
953,87,14,2,2
953,37,15,2,2
953,237,16,2,2
953,47,17,2,2
953,52,18,2,2
953,515,19,2,0
953,117,20,2,2
954,408,1,3,3
954,546,2,3,1
954,153,3,3,3
954,141,4,3,1
954,448,5,3,3
954,593,6,3,3
954,118,7,3,3
954,506,8,3,1
954,426,9,3,1
954,520,10,3,0
954,175,11,3,0
954,419,12,3,4
954,110,13,3,0
954,338,14,3,3
954,278,15,3,3
954,430,16,3,0
954,458,17,3,3
954,378,18,3,3
954,308,19,3,3
954,548,20,3,3
955,379,1,3,4
955,73,2,3,3
955,388,3,3,3
955,443,4,3,3
955,18,5,3,3
955,93,6,3,3
955,508,7,3,3
955,597,8,3,2
955,48,9,3,3
955,98,10,3,3
955,252,11,3,2
955,177,12,3,2
955,63,13,3,3
955,518,14,3,3
955,493,15,3,3
955,245,16,3,0
955,313,17,3,3
955,391,18,3,1
955,483,19,3,3
955,243,20,3,3
956,280,1,1,0
956,56,2,1,1
956,209,3,1,4
956,496,4,1,1
956,290,5,1,0
956,111,6,1,1
956,517,7,1,2
956,57,8,1,2
956,254,9,1,4
956,270,10,1,0
956,346,11,1,1
956,11,12,1,1
956,454,13,1,4
956,556,14,1,1
956,595,15,1,0
956,414,16,1,4
956,295,17,1,0
956,19,18,1,4
956,589,19,1,4
956,25,20,1,0
957,592,1,2,2
957,463,2,2,3
957,262,3,2,2
957,507,4,2,2
957,331,5,2,1
957,453,6,2,3
957,237,7,2,2
957,538,8,2,3
957,215,9,2,0
957,363,10,2,3
957,25,11,2,0
957,207,12,2,2
957,393,13,2,3
957,49,14,2,4
957,493,15,2,3
957,31,16,2,1
957,492,17,2,2
957,136,18,2,1
957,232,19,2,2
957,557,20,2,2
958,502,1,2,2
958,326,2,2,1
958,341,3,2,1
958,563,4,2,3
958,92,5,2,2
958,2,6,2,2
958,97,7,2,2
958,30,8,2,0
958,567,9,2,2
958,435,10,2,0
958,429,11,2,4
958,1,12,2,1
958,179,13,2,4
958,12,14,2,2
958,88,15,2,3
958,197,16,2,2
958,77,17,2,2
958,500,18,2,0
958,407,19,2,2
958,79,20,2,4
959,570,1,2,0
959,172,2,2,2
959,212,3,2,2
959,495,4,2,0
959,130,5,2,0
959,531,6,2,1
959,173,7,2,3
959,584,8,2,4
959,427,9,2,2
959,22,10,2,2
959,405,11,2,0
959,38,12,2,3
959,115,13,2,0
959,67,14,2,2
959,506,15,2,1
959,97,16,2,2
959,262,17,2,2
959,7,18,2,2
959,422,19,2,2
959,365,20,2,0
960,270,1,1,0
960,242,2,1,2
960,126,3,1,1
960,96,4,1,1
960,192,5,1,2
960,512,6,1,2
960,201,7,1,1
960,153,8,1,3
960,599,9,1,4
960,314,10,1,4
960,301,11,1,1
960,430,12,1,0
960,526,13,1,1
960,274,14,1,4
960,397,15,1,2
960,191,16,1,1
960,51,17,1,1
960,86,18,1,1
960,381,19,1,1
960,111,20,1,1
961,458,1,3,3
961,78,2,3,3
961,325,3,3,0
961,163,4,3,3
961,130,5,3,0
961,110,6,3,0
961,196,7,3,1
961,248,8,3,3
961,95,9,3,0
961,223,10,3,3
961,283,11,3,3
961,175,12,3,0
961,243,13,3,3
961,48,14,3,3
961,422,15,3,2
961,184,16,3,4
961,68,17,3,3
961,339,18,3,4
961,108,19,3,3
961,249,20,3,4
962,42,1,0,2
962,39,2,0,4
962,243,3,0,3
962,87,4,0,2
962,156,5,0,1
962,355,6,0,0
962,117,7,0,2
962,362,8,0,2
962,100,9,0,0
962,570,10,0,0
962,60,11,0,0
962,150,12,0,0
962,91,13,0,1
962,316,14,0,1
962,532,15,0,2
962,110,16,0,0
962,48,17,0,3
962,372,18,0,2
962,344,19,0,4
962,587,20,0,2
963,564,1,2,4
963,287,2,2,2
963,552,3,2,2
963,482,4,2,2
963,167,5,2,2
963,551,6,2,1
963,420,7,2,0
963,222,8,2,2
963,76,9,2,1
963,464,10,2,4
963,534,11,2,4
963,377,12,2,2
963,140,13,2,0
963,588,14,2,3
963,357,15,2,2
963,405,16,2,0
963,516,17,2,1
963,489,18,2,4
963,34,19,2,4
963,106,20,2,1
964,466,1,2,1
964,35,2,2,0
964,70,3,2,0
964,302,4,2,2
964,262,5,2,2
964,129,6,2,4
964,453,7,2,3
964,574,8,2,4
964,197,9,2,2
964,177,10,2,2
964,235,11,2,0
964,330,12,2,0
964,562,13,2,2
964,294,14,2,4
964,510,15,2,0
964,79,16,2,4
964,46,17,2,1
964,53,18,2,3
964,30,19,2,0
964,555,20,2,0
965,319,1,3,4
965,123,2,3,3
965,150,3,3,0
965,254,4,3,4
965,413,5,3,3
965,503,6,3,3
965,203,7,3,3
965,10,8,3,0
965,297,9,3,2
965,268,10,3,3
965,118,11,3,3
965,364,12,3,4
965,388,13,3,3
965,182,14,3,2
965,12,15,3,2
965,468,16,3,3
965,417,17,3,2
965,140,18,3,0
965,313,19,3,3
965,461,20,3,1
966,566,1,0,1
966,517,2,0,2
966,501,3,0,1
966,585,4,0,0
966,492,5,0,2
966,395,6,0,0
966,305,7,0,0
966,41,8,0,1
966,66,9,0,1
966,195,10,0,0
966,230,11,0,0
966,302,12,0,2
966,228,13,0,3
966,298,14,0,3
966,495,15,0,0
966,150,16,0,0
966,484,17,0,4
966,95,18,0,0
966,290,19,0,0
966,589,20,0,4
967,132,1,4,2
967,233,2,4,3
967,574,3,4,4
967,568,4,4,3
967,593,5,4,3
967,374,6,4,4
967,268,7,4,3
967,324,8,4,4
967,42,9,4,2
967,559,10,4,4
967,380,11,4,0
967,167,12,4,2
967,194,13,4,4
967,24,14,4,4
967,349,15,4,4
967,23,16,4,3
967,44,17,4,4
967,285,18,4,0
967,489,19,4,4
967,25,20,4,0
968,61,1,1,1
968,521,2,1,1
968,246,3,1,1
968,131,4,1,1
968,352,5,1,2
968,71,6,1,1
968,576,7,1,1
968,381,8,1,1
968,27,9,1,2
968,180,10,1,0
968,11,11,1,1
968,556,12,1,1
968,346,13,1,1
968,26,14,1,1
968,146,15,1,1
968,331,16,1,1
968,65,17,1,0
968,509,18,1,4
968,189,19,1,4
968,451,20,1,1
969,39,1,4,4
969,349,2,4,4
969,108,3,4,3
969,394,4,4,4
969,369,5,4,4
969,73,6,4,3
969,216,7,4,1
969,475,8,4,0
969,164,9,4,4
969,574,10,4,4
969,366,11,4,1
969,174,12,4,4
969,516,13,4,1
969,300,14,4,0
969,204,15,4,4
969,179,16,4,4
969,229,17,4,4
969,200,18,4,0
969,529,19,4,4
969,479,20,4,4
970,125,1,0,0
970,343,2,0,3
970,246,3,0,1
970,555,4,0,0
970,510,5,0,0
970,325,6,0,0
970,529,7,0,4
970,254,8,0,4
970,24,9,0,4
970,16,10,0,1
970,15,11,0,0
970,440,12,0,0
970,39,13,0,4
970,150,14,0,0
970,245,15,0,0
970,485,16,0,0
970,306,17,0,1
970,105,18,0,0
970,460,19,0,0
970,85,20,0,0
971,37,1,2,2
971,462,2,2,2
971,277,3,2,2
971,422,4,2,2
971,207,5,2,2
971,437,6,2,2
971,97,7,2,2
971,142,8,2,2
971,317,9,2,2
971,374,10,2,4
971,143,11,2,3
971,120,12,2,0
971,92,13,2,2
971,257,14,2,2
971,51,15,2,1
971,159,16,2,4
971,93,17,2,3
971,291,18,2,1
971,192,19,2,2
971,407,20,2,2
972,128,1,3,3
972,355,2,3,0
972,163,3,3,3
972,528,4,3,3
972,348,5,3,3
972,58,6,3,3
972,23,7,3,3
972,136,8,3,1
972,189,9,3,4
972,342,10,3,2
972,264,11,3,4
972,323,12,3,3
972,290,13,3,0
972,554,14,3,4
972,224,15,3,4
972,168,16,3,3
972,475,17,3,0
972,468,18,3,3
972,63,19,3,3
972,379,20,3,4
973,361,1,2,1
973,427,2,2,2
973,569,3,2,4
973,425,4,2,0
973,271,5,2,1
973,2,6,2,2
973,300,7,2,0
973,102,8,2,2
973,462,9,2,2
973,473,10,2,3
973,305,11,2,0
973,12,12,2,2
973,502,13,2,2
973,482,14,2,2
973,122,15,2,2
973,519,16,2,4
973,486,17,2,1
973,397,18,2,2
973,61,19,2,1
973,432,20,2,2
974,479,1,4,4
974,469,2,4,4
974,159,3,4,4
974,364,4,4,4
974,29,5,4,4
974,399,6,4,4
974,25,7,4,0
974,283,8,4,3
974,461,9,4,1
974,124,10,4,4
974,539,11,4,4
974,234,12,4,4
974,314,13,4,4
974,417,14,4,2
974,279,15,4,4
974,329,16,4,4
974,120,17,4,0
974,238,18,4,3
974,83,19,4,3
974,292,20,4,2
975,54,1,3,4
975,103,2,3,3
975,503,3,3,3
975,258,4,3,3
975,418,5,3,3
975,50,6,3,0
975,401,7,3,1
975,393,8,3,3
975,343,9,3,3
975,261,10,3,1
975,74,11,3,4
975,28,12,3,3
975,379,13,3,4
975,94,14,3,4
975,67,15,3,2
975,438,16,3,3
975,536,17,3,1
975,565,18,3,0
975,448,19,3,3
975,228,20,3,3
976,87,1,2,2
976,306,2,2,1
976,417,3,2,2
976,94,4,2,4
976,22,5,2,2
976,373,6,2,3
976,467,7,2,2
976,415,8,2,0
976,150,9,2,0
976,412,10,2,2
976,500,11,2,0
976,129,12,2,4
976,252,13,2,2
976,427,14,2,2
976,7,15,2,2
976,90,16,2,0
976,580,17,2,0
976,257,18,2,2
976,127,19,2,2
976,32,20,2,2
977,441,1,2,1
977,120,2,2,0
977,449,3,2,4
977,282,4,2,2
977,462,5,2,2
977,332,6,2,2
977,412,7,2,2
977,11,8,2,1
977,436,9,2,1
977,467,10,2,2
977,261,11,2,1
977,147,12,2,2
977,28,13,2,3
977,372,14,2,2
977,399,15,2,4
977,479,16,2,4
977,207,17,2,2
977,112,18,2,2
977,108,19,2,3
977,442,20,2,2
978,209,1,1,4
978,221,2,1,1
978,528,3,1,3
978,302,4,1,2
978,56,5,1,1
978,208,6,1,3
978,514,7,1,4
978,202,8,1,2
978,556,9,1,1
978,451,10,1,1
978,147,11,1,2
978,109,12,1,4
978,361,13,1,1
978,102,14,1,2
978,517,15,1,2
978,536,16,1,1
978,510,17,1,0
978,552,18,1,2
978,331,19,1,1
978,561,20,1,1
979,561,1,1,1
979,541,2,1,1
979,546,3,1,1
979,476,4,1,1
979,76,5,1,1
979,461,6,1,1
979,366,7,1,1
979,236,8,1,1
979,336,9,1,1
979,205,10,1,0
979,451,11,1,1
979,452,12,1,2
979,66,13,1,1
979,496,14,1,1
979,368,15,1,3
979,215,16,1,0
979,446,17,1,1
979,147,18,1,2
979,511,19,1,1
979,403,20,1,3
980,343,1,3,3
980,71,2,3,1
980,213,3,3,3
980,134,4,3,4
980,410,5,3,0
980,161,6,3,1
980,258,7,3,3
980,348,8,3,3
980,63,9,3,3
980,363,10,3,3
980,587,11,3,2
980,0,12,3,0
980,27,13,3,2
980,188,14,3,3
980,445,15,3,0
980,437,16,3,2
980,588,17,3,3
980,472,18,3,2
980,423,19,3,3
980,172,20,3,2
981,409,1,1,4
981,471,2,1,1
981,6,3,1,1
981,412,4,1,2
981,540,5,1,0
981,276,6,1,1
981,536,7,1,1
981,390,8,1,0
981,411,9,1,1
981,582,10,1,2
981,36,11,1,1
981,586,12,1,1
981,273,13,1,3
981,317,14,1,2
981,198,15,1,3
981,537,16,1,2
981,343,17,1,3
981,321,18,1,1
981,423,19,1,3
981,331,20,1,1
982,394,1,4,4
982,198,2,4,3
982,85,3,4,0
982,274,4,4,4
982,286,5,4,1
982,40,6,4,0
982,434,7,4,4
982,66,8,4,1
982,130,9,4,0
982,339,10,4,4
982,137,11,4,2
982,329,12,4,4
982,202,13,4,2
982,132,14,4,2
982,360,15,4,0
982,249,16,4,4
982,69,17,4,4
982,597,18,4,2
982,89,19,4,4
982,213,20,4,3
983,190,1,0,0
983,312,2,0,2
983,229,3,0,4
983,515,4,0,0
983,356,5,0,1
983,341,6,0,1
983,555,7,0,0
983,70,8,0,0
983,206,9,0,1
983,451,10,0,1
983,10,11,0,0
983,210,12,0,0
983,575,13,0,0
983,450,14,0,0
983,24,15,0,4
983,404,16,0,4
983,11,17,0,1
983,390,18,0,0
983,297,19,0,2
983,285,20,0,0
984,250,1,0,0
984,472,2,0,2
984,95,3,0,0
984,35,4,0,0
984,317,5,0,2
984,263,6,0,3
984,320,7,0,0
984,380,8,0,0
984,305,9,0,0
984,530,10,0,0
984,104,11,0,4
984,525,12,0,0
984,85,13,0,0
984,221,14,0,1
984,350,15,0,0
984,423,16,0,3
984,360,17,0,0
984,419,18,0,4
984,300,19,0,0
984,290,20,0,0
985,69,1,2,4
985,442,2,2,2
985,522,3,2,2
985,125,4,2,0
985,342,5,2,2
985,586,6,2,1
985,315,7,2,0
985,395,8,2,0
985,542,9,2,2
985,305,10,2,0
985,417,11,2,2
985,443,12,2,3
985,466,13,2,1
985,252,14,2,2
985,195,15,2,0
985,541,16,2,1
985,328,17,2,3
985,28,18,2,3
985,90,19,2,0
985,228,20,2,3
986,543,1,3,3
986,211,2,3,1
986,426,3,3,1
986,485,4,3,0
986,134,5,3,4
986,421,6,3,1
986,3,7,3,3
986,185,8,3,0
986,478,9,3,3
986,322,10,3,2
986,43,11,3,3
986,138,12,3,3
986,418,13,3,3
986,380,14,3,0
986,463,15,3,3
986,214,16,3,4
986,466,17,3,1
986,343,18,3,3
986,521,19,3,1
986,510,20,3,0
987,18,1,3,3
987,257,2,3,2
987,241,3,3,1
987,513,4,3,3
987,398,5,3,3
987,16,6,3,1
987,583,7,3,3
987,107,8,3,2
987,78,9,3,3
987,324,10,3,4
987,373,11,3,3
987,188,12,3,3
987,57,13,3,2
987,251,14,3,1
987,68,15,3,3
987,180,16,3,0
987,173,17,3,3
987,263,18,3,3
987,184,19,3,4
987,377,20,3,2
988,311,1,4,1
988,558,2,4,3
988,249,3,4,4
988,120,4,4,0
988,429,5,4,4
988,96,6,4,1
988,482,7,4,2
988,8,8,4,3
988,369,9,4,4
988,40,10,4,0
988,539,11,4,4
988,86,12,4,1
988,348,13,4,3
988,14,14,4,4
988,295,15,4,0
988,69,16,4,4
988,401,17,4,1
988,474,18,4,4
988,59,19,4,4
988,544,20,4,4
989,391,1,3,1
989,545,2,3,0
989,454,3,3,4
989,408,4,3,3
989,137,5,3,2
989,340,6,3,0
989,83,7,3,3
989,228,8,3,3
989,63,9,3,3
989,546,10,3,1
989,413,11,3,3
989,41,12,3,1
989,213,13,3,3
989,435,14,3,0
989,501,15,3,1
989,206,16,3,1
989,141,17,3,1
989,260,18,3,0
989,270,19,3,0
989,103,20,3,3
990,193,1,2,3
990,237,2,2,2
990,407,3,2,2
990,330,4,2,0
990,102,5,2,2
990,292,6,2,2
990,127,7,2,2
990,231,8,2,1
990,7,9,2,2
990,83,10,2,3
990,236,11,2,1
990,8,12,2,3
990,87,13,2,2
990,440,14,2,0
990,205,15,2,0
990,382,16,2,2
990,354,17,2,4
990,137,18,2,2
990,109,19,2,4
990,548,20,2,3
991,362,1,1,2
991,166,2,1,1
991,240,3,1,0
991,226,4,1,1
991,446,5,1,1
991,497,6,1,2
991,196,7,1,1
991,493,8,1,3
991,241,9,1,1
991,547,10,1,2
991,311,11,1,1
991,123,12,1,3
991,576,13,1,1
991,358,14,1,3
991,526,15,1,1
991,80,16,1,0
991,510,17,1,0
991,351,18,1,1
991,532,19,1,2
991,431,20,1,1
992,401,1,1,1
992,310,2,1,0
992,122,3,1,2
992,555,4,1,0
992,487,5,1,2
992,130,6,1,0
992,131,7,1,1
992,547,8,1,2
992,327,9,1,2
992,408,10,1,3
992,287,11,1,2
992,311,12,1,1
992,589,13,1,4
992,303,14,1,3
992,135,15,1,0
992,271,16,1,1
992,516,17,1,1
992,376,18,1,1
992,535,19,1,0
992,263,20,1,3
993,178,1,1,3
993,287,2,1,2
993,283,3,1,3
993,562,4,1,2
993,369,5,1,4
993,319,6,1,4
993,438,7,1,3
993,251,8,1,1
993,551,9,1,1
993,130,10,1,0
993,126,11,1,1
993,196,12,1,1
993,534,13,1,4
993,581,14,1,1
993,231,15,1,1
993,141,16,1,1
993,169,17,1,4
993,8,18,1,3
993,246,19,1,1
993,223,20,1,3
994,71,1,1,1
994,85,2,1,0
994,486,3,1,1
994,88,4,1,3
994,306,5,1,1
994,156,6,1,1
994,361,7,1,1
994,40,8,1,0
994,275,9,1,0
994,91,10,1,1
994,190,11,1,0
994,203,12,1,3
994,557,13,1,2
994,211,14,1,1
994,501,15,1,1
994,57,16,1,2
994,477,17,1,2
994,183,18,1,3
994,281,19,1,1
994,41,20,1,1
995,78,1,3,3
995,186,2,3,1
995,241,3,3,1
995,246,4,3,1
995,445,5,3,0
995,208,6,3,3
995,543,7,3,3
995,546,8,3,1
995,405,9,3,0
995,323,10,3,3
995,376,11,3,1
995,388,12,3,3
995,393,13,3,3
995,353,14,3,3
995,518,15,3,3
995,523,16,3,3
995,8,17,3,3
995,188,18,3,3
995,238,19,3,3
995,379,20,3,4
996,442,1,4,2
996,69,2,4,4
996,99,3,4,4
996,119,4,4,4
996,204,5,4,4
996,446,6,4,1
996,183,7,4,3
996,314,8,4,4
996,59,9,4,4
996,29,10,4,4
996,249,11,4,4
996,477,12,4,2
996,375,13,4,0
996,147,14,4,2
996,534,15,4,4
996,594,16,4,4
996,141,17,4,1
996,129,18,4,4
996,250,19,4,0
996,334,20,4,4
997,426,1,1,1
997,186,2,1,1
997,578,3,1,3
997,571,4,1,1
997,199,5,1,4
997,348,6,1,3
997,90,7,1,0
997,76,8,1,1
997,56,9,1,1
997,486,10,1,1
997,151,11,1,1
997,46,12,1,1
997,196,13,1,1
997,471,14,1,1
997,229,15,1,4
997,429,16,1,4
997,269,17,1,4
997,276,18,1,1
997,417,19,1,2
997,367,20,1,2
998,357,1,3,2
998,323,2,3,3
998,538,3,3,3
998,136,4,3,1
998,129,5,3,4
998,358,6,3,3
998,48,7,3,3
998,263,8,3,3
998,430,9,3,0
998,312,10,3,2
998,584,11,3,4
998,60,12,3,0
998,10,13,3,0
998,29,14,3,4
998,351,15,3,1
998,501,16,3,1
998,520,17,3,0
998,118,18,3,3
998,88,19,3,3
998,38,20,3,3
999,486,1,3,1
999,381,2,3,1
999,586,3,3,1
999,490,4,3,0
999,308,5,3,3
999,150,6,3,0
999,40,7,3,0
999,139,8,3,4
999,162,9,3,2
999,288,10,3,3
999,143,11,3,3
999,334,12,3,4
999,513,13,3,3
999,502,14,3,2
999,355,15,3,0
999,138,16,3,3
999,268,17,3,3
999,361,18,3,1
999,390,19,3,0
999,458,20,3,3
