user_id,item_id,interaction_order,user_community,item_community
0,379,1,3,4
0,248,2,3,3
0,103,3,3,3
0,164,4,3,4
0,51,5,3,1
0,101,6,3,1
0,586,7,3,1
0,83,8,3,3
0,203,9,3,3
0,598,10,3,3
0,117,11,3,2
0,7,12,3,2
0,104,13,3,4
0,548,14,3,3
0,473,15,3,3
0,393,16,3,3
0,518,17,3,3
0,483,18,3,3
0,230,19,3,0
0,510,20,3,0
1,503,1,3,3
1,459,2,3,4
1,36,3,3,1
1,488,4,3,3
1,186,5,3,1
1,243,6,3,3
1,292,7,3,2
1,443,8,3,3
1,103,9,3,3
1,273,10,3,3
1,63,11,3,3
1,582,12,3,2
1,189,13,3,4
1,208,14,3,3
1,548,15,3,3
1,538,16,3,3
1,248,17,3,3
1,73,18,3,3
1,479,19,3,4
1,409,20,3,4
2,294,1,4,4
2,74,2,4,4
2,104,3,4,4
2,94,4,4,4
2,252,5,4,2
2,434,6,4,4
2,229,7,4,4
2,492,8,4,2
2,441,9,4,1
2,151,10,4,1
2,121,11,4,1
2,439,12,4,4
2,497,13,4,2
2,69,14,4,4
2,199,15,4,4
2,440,16,4,0
2,129,17,4,4
2,210,18,4,0
2,274,19,4,4
2,595,20,4,0
3,392,1,1,2
3,47,2,1,2
3,491,3,1,1
3,22,4,1,2
3,160,5,1,0
3,185,6,1,0
3,1,7,1,1
3,324,8,1,4
3,261,9,1,1
3,36,10,1,1
3,490,11,1,0
3,352,12,1,2
3,413,13,1,3
3,326,14,1,1
3,225,15,1,0
3,152,16,1,2
3,286,17,1,1
3,206,18,1,1
3,311,19,1,1
3,445,20,1,0
4,540,1,2,0
4,72,2,2,2
4,353,3,2,3
4,104,4,2,4
4,122,5,2,2
4,81,6,2,1
4,67,7,2,2
4,213,8,2,3
4,358,9,2,3
4,78,10,2,3
4,61,11,2,1
4,192,12,2,2
4,242,13,2,2
4,212,14,2,2
4,537,15,2,2
4,564,16,2,4
4,517,17,2,2
4,162,18,2,2
4,130,19,2,0
4,34,20,2,4
5,531,1,3,1
5,231,2,3,1
5,265,3,3,0
5,196,4,3,1
5,93,5,3,3
5,256,6,3,1
5,227,7,3,2
5,393,8,3,3
5,117,9,3,2
5,260,10,3,0
5,242,11,3,2
5,358,12,3,3
5,347,13,3,2
5,78,14,3,3
5,189,15,3,4
5,578,16,3,3
5,235,17,3,0
5,213,18,3,3
5,355,19,3,0
5,548,20,3,3
6,435,1,1,0
6,28,2,1,3
6,347,3,1,2
6,393,4,1,3
6,326,5,1,1
6,569,6,1,4
6,385,7,1,0
6,2,8,1,2
6,22,9,1,2
6,556,10,1,1
6,259,11,1,4
6,271,12,1,1
6,442,13,1,2
6,333,14,1,3
6,150,15,1,0
6,503,16,1,3
6,557,17,1,2
6,491,18,1,1
6,36,19,1,1
6,206,20,1,1
7,455,1,0,0
7,221,2,0,1
7,225,3,0,0
7,79,4,0,4
7,248,5,0,3
7,193,6,0,3
7,167,7,0,2
7,325,8,0,0
7,197,9,0,2
7,576,10,0,1
7,110,11,0,0
7,300,12,0,0
7,500,13,0,0
7,485,14,0,0
7,466,15,0,1
7,514,16,0,4
7,575,17,0,0
7,63,18,0,3
7,330,19,0,0
7,588,20,0,3
8,47,1,2,2
8,497,2,2,2
8,597,3,2,2
8,112,4,2,2
8,576,5,2,1
8,537,6,2,2
8,362,7,2,2
8,22,8,2,2
8,206,9,2,1
8,25,10,2,0
8,582,11,2,2
8,301,12,2,1
8,248,13,2,3
8,592,14,2,2
8,242,15,2,2
8,57,16,2,2
8,247,17,2,2
8,182,18,2,2
8,413,19,2,3
8,377,20,2,2
9,560,1,0,0
9,456,2,0,1
9,112,3,0,2
9,206,4,0,1
9,229,5,0,4
9,177,6,0,2
9,534,7,0,4
9,486,8,0,1
9,32,9,0,2
9,290,10,0,0
9,80,11,0,0
9,169,12,0,4
9,505,13,0,0
9,579,14,0,4
9,576,15,0,1
9,480,16,0,0
9,58,17,0,3
9,582,18,0,2
9,393,19,0,3
9,287,20,0,2
10,270,1,0,0
10,147,2,0,2
10,25,3,0,0
10,135,4,0,0
10,102,5,0,2
10,583,6,0,3
10,342,7,0,2
10,302,8,0,2
10,100,9,0,0
10,462,10,0,2
10,32,11,0,2
10,553,12,0,3
10,123,13,0,3
10,505,14,0,0
10,582,15,0,2
10,285,16,0,0
10,337,17,0,2
10,125,18,0,0
10,116,19,0,1
10,540,20,0,0
11,112,1,2,2
11,242,2,2,2
11,597,3,2,2
11,276,4,2,1
11,287,5,2,2
11,262,6,2,2
11,67,7,2,2
11,427,8,2,2
11,254,9,2,4
11,279,10,2,4
11,338,11,2,3
11,596,12,2,1
11,104,13,2,4
11,366,14,2,1
11,257,15,2,2
11,569,16,2,4
11,271,17,2,1
11,31,18,2,1
11,141,19,2,1
11,43,20,2,3
12,498,1,3,3
12,222,2,3,2
12,448,3,3,3
12,548,4,3,3
12,122,5,3,2
12,409,6,3,4
12,569,7,3,4
12,249,8,3,4
12,80,9,3,0
12,458,10,3,3
12,455,11,3,0
12,387,12,3,2
12,164,13,3,4
12,103,14,3,3
12,138,15,3,3
12,273,16,3,3
12,402,17,3,2
12,128,18,3,3
12,303,19,3,3
12,98,20,3,3
13,169,1,4,4
13,439,2,4,4
13,494,3,4,4
13,464,4,4,4
13,185,5,4,0
13,303,6,4,3
13,257,7,4,2
13,196,8,4,1
13,240,9,4,0
13,259,10,4,4
13,99,11,4,4
13,409,12,4,4
13,146,13,4,1
13,440,14,4,0
13,209,15,4,4
13,254,16,4,4
13,104,17,4,4
13,160,18,4,0
13,488,19,4,3
13,54,20,4,4
14,160,1,0,0
14,210,2,0,0
14,454,3,0,4
14,295,4,0,0
14,257,5,0,2
14,483,6,0,3
14,493,7,0,3
14,180,8,0,0
14,47,9,0,2
14,597,10,0,2
14,510,11,0,0
14,244,12,0,4
14,141,13,0,1
14,10,14,0,0
14,525,15,0,0
14,235,16,0,0
14,215,17,0,0
14,452,18,0,2
14,302,19,0,2
14,71,20,0,1
15,164,1,4,4
15,158,2,4,3
15,25,3,4,0
15,488,4,4,3
15,141,5,4,1
15,597,6,4,2
15,325,7,4,0
15,4,8,4,4
15,504,9,4,4
15,205,10,4,0
15,111,11,4,1
15,454,12,4,4
15,149,13,4,4
15,549,14,4,4
15,387,15,4,2
15,103,16,4,3
15,229,17,4,4
15,124,18,4,4
15,580,19,4,0
15,459,20,4,4
16,483,1,2,3
16,242,2,2,2
16,174,3,2,4
16,257,4,2,2
16,241,5,2,1
16,557,6,2,2
16,152,7,2,2
16,163,8,2,3
16,165,9,2,0
16,492,10,2,2
16,117,11,2,2
16,225,12,2,0
16,548,13,2,3
16,572,14,2,2
16,433,15,2,3
16,59,16,2,4
16,110,17,2,0
16,452,18,2,2
16,157,19,2,2
16,81,20,2,1
17,292,1,1,2
17,566,2,1,1
17,235,3,1,0
17,336,4,1,1
17,466,5,1,1
17,548,6,1,3
17,141,7,1,1
17,436,8,1,1
17,81,9,1,1
17,525,10,1,0
17,87,11,1,2
17,208,12,1,3
17,421,13,1,1
17,152,14,1,2
17,278,15,1,3
17,446,16,1,1
17,439,17,1,4
17,166,18,1,1
17,483,19,1,3
17,276,20,1,1
18,520,1,0,0
18,20,2,0,0
18,25,3,0,0
18,480,4,0,0
18,438,5,0,3
18,585,6,0,0
18,137,7,0,2
18,356,8,0,1
18,396,9,0,1
18,257,10,0,2
18,298,11,0,3
18,505,12,0,0
18,185,13,0,0
18,167,14,0,2
18,330,15,0,0
18,23,16,0,3
18,170,17,0,0
18,205,18,0,0
18,512,19,0,2
18,450,20,0,0
19,576,1,1,1
19,122,2,1,2
19,257,3,1,2
19,361,4,1,1
19,478,5,1,3
19,99,6,1,4
19,206,7,1,1
19,295,8,1,0
19,193,9,1,3
19,435,10,1,0
19,553,11,1,3
19,582,12,1,2
19,104,13,1,4
19,333,14,1,3
19,22,15,1,2
19,413,16,1,3
19,545,17,1,0
19,121,18,1,1
19,535,19,1,0
19,242,20,1,2
20,548,1,4,3
20,413,2,4,3
20,129,3,4,4
20,104,4,4,4
20,518,5,4,3
20,185,6,4,0
20,164,7,4,4
20,394,8,4,4
20,449,9,4,4
20,149,10,4,4
20,169,11,4,4
20,340,12,4,0
20,255,13,4,0
20,61,14,4,1
20,178,15,4,3
20,472,16,4,2
20,239,17,4,4
20,154,18,4,4
20,393,19,4,3
20,509,20,4,4
21,480,1,0,0
21,242,2,0,2
21,240,3,0,0
21,279,4,0,4
21,415,5,0,0
21,149,6,0,4
21,576,7,0,1
21,224,8,0,4
21,329,9,0,4
21,270,10,0,0
21,104,11,0,4
21,338,12,0,3
21,257,13,0,2
21,225,14,0,0
21,40,15,0,0
21,290,16,0,0
21,247,17,0,2
21,433,18,0,3
21,548,19,0,3
21,418,20,0,3
22,152,1,2,2
22,161,2,2,1
22,172,3,2,2
22,242,4,2,2
22,527,5,2,2
22,522,6,2,2
22,141,7,2,1
22,331,8,2,1
22,453,9,2,3
22,368,10,2,3
22,597,11,2,2
22,196,12,2,1
22,598,13,2,3
22,293,14,2,3
22,273,15,2,3
22,361,16,2,1
22,103,17,2,3
22,548,18,2,3
22,457,19,2,2
22,366,20,2,1
23,111,1,0,1
23,229,2,0,4
23,25,3,0,0
23,295,4,0,0
23,16,5,0,1
23,180,6,0,0
23,350,7,0,0
23,185,8,0,0
23,425,9,0,0
23,261,10,0,1
23,215,11,0,0
23,164,12,0,4
23,105,13,0,0
23,141,14,0,1
23,28,15,0,3
23,495,16,0,0
23,433,17,0,3
23,291,18,0,1
23,355,19,0,0
23,81,20,0,1
24,497,1,2,2
24,10,2,2,0
24,117,3,2,2
24,267,4,2,2
24,97,5,2,2
24,141,6,2,1
24,430,7,2,0
24,417,8,2,2
24,25,9,2,0
24,379,10,2,4
24,371,11,2,1
24,207,12,2,2
24,212,13,2,2
24,343,14,2,3
24,353,15,2,3
24,437,16,2,2
24,580,17,2,0
24,470,18,2,0
24,181,19,2,1
24,257,20,2,2
25,309,1,2,4
25,579,2,2,4
25,462,3,2,2
25,242,4,2,2
25,327,5,2,2
25,7,6,2,2
25,559,7,2,4
25,282,8,2,2
25,588,9,2,3
25,433,10,2,3
25,589,11,2,4
25,548,12,2,3
25,526,13,2,1
25,99,14,2,4
25,47,15,2,2
25,527,16,2,2
25,257,17,2,2
25,439,18,2,4
25,355,19,2,0
25,10,20,2,0
26,378,1,3,3
26,464,2,3,4
26,158,3,3,3
26,548,4,3,3
26,260,5,3,0
26,201,6,3,1
26,53,7,3,3
26,67,8,3,2
26,318,9,3,3
26,513,10,3,3
26,592,11,3,2
26,170,12,3,0
26,412,13,3,2
26,418,14,3,3
26,153,15,3,3
26,281,16,3,1
26,514,17,3,4
26,103,18,3,3
26,205,19,3,0
26,518,20,3,3
27,152,1,2,2
27,225,2,2,0
27,22,3,2,2
27,477,4,2,2
27,169,5,2,4
27,377,6,2,2
27,284,7,2,4
27,497,8,2,2
27,233,9,2,3
27,355,10,2,0
27,7,11,2,2
27,223,12,2,3
27,61,13,2,1
27,67,14,2,2
27,13,15,2,3
27,242,16,2,2
27,257,17,2,2
27,338,18,2,3
27,206,19,2,1
27,295,20,2,0
28,160,1,3,0
28,13,2,3,3
28,98,3,3,3
28,513,4,3,3
28,583,5,3,3
28,501,6,3,1
28,548,7,3,3
28,266,8,3,1
28,303,9,3,3
28,578,10,3,3
28,248,11,3,3
28,301,12,3,1
28,69,13,3,4
28,192,14,3,2
28,283,15,3,3
28,163,16,3,3
28,558,17,3,3
28,36,18,3,1
28,592,19,3,2
28,280,20,3,0
29,472,1,1,2
29,565,2,1,0
29,268,3,1,3
29,205,4,1,0
29,437,5,1,2
29,141,6,1,1
29,416,7,1,1
29,361,8,1,1
29,199,9,1,4
29,330,10,1,0
29,251,11,1,1
29,542,12,1,2
29,136,13,1,1
29,206,14,1,1
29,85,15,1,0
29,29,16,1,4
29,391,17,1,1
29,91,18,1,1
29,156,19,1,1
29,504,20,1,4
30,161,1,1,1
30,141,2,1,1
30,276,3,1,1
30,61,4,1,1
30,191,5,1,1
30,123,6,1,3
30,30,7,1,0
30,559,8,1,4
30,116,9,1,1
30,206,10,1,1
30,164,11,1,4
30,444,12,1,4
30,22,13,1,2
30,196,14,1,1
30,471,15,1,1
30,185,16,1,0
30,77,17,1,2
30,25,18,1,0
30,295,19,1,0
30,594,20,1,4
31,243,1,2,3
31,487,2,2,2
31,537,3,2,2
31,297,4,2,2
31,25,5,2,0
31,57,6,2,2
31,22,7,2,2
31,377,8,2,2
31,162,9,2,2
31,346,10,2,1
31,533,11,2,3
31,242,12,2,2
31,232,13,2,2
31,545,14,2,0
31,196,15,2,1
31,257,16,2,2
31,164,17,2,4
31,167,18,2,2
31,466,19,2,1
31,59,20,2,4
32,158,1,0,3
32,110,2,0,0
32,327,3,0,2
32,266,4,0,1
32,276,5,0,1
32,104,6,0,4
32,299,7,0,4
32,313,8,0,3
32,548,9,0,3
32,469,10,0,4
32,359,11,0,4
32,160,12,0,0
32,79,13,0,4
32,530,14,0,0
32,28,15,0,3
32,76,16,0,1
32,403,17,0,3
32,555,18,0,0
32,36,19,0,1
32,471,20,0,1
33,231,1,0,1
33,25,2,0,0
33,248,3,0,3
33,435,4,0,0
33,51,5,0,1
33,355,6,0,0
33,220,7,0,0
33,75,8,0,0
33,112,9,0,2
33,58,10,0,3
33,180,11,0,0
33,569,12,0,4
33,35,13,0,0
33,565,14,0,0
33,185,15,0,0
33,393,16,0,3
33,154,17,0,4
33,533,18,0,3
33,513,19,0,3
33,548,20,0,3
34,330,1,3,0
34,206,2,3,1
34,253,3,3,3
34,43,4,3,3
34,305,5,3,0
34,225,6,3,0
34,270,7,3,0
34,422,8,3,2
34,72,9,3,2
34,341,10,3,1
34,93,11,3,3
34,548,12,3,3
34,322,13,3,2
34,357,14,3,2
34,591,15,3,1
34,483,16,3,3
34,463,17,3,3
34,576,18,3,1
34,471,19,3,1
34,229,20,3,4
35,116,1,1,1
35,196,2,1,1
35,63,3,1,3
35,451,4,1,1
35,422,5,1,2
35,409,6,1,4
35,572,7,1,2
35,33,8,1,3
35,170,9,1,0
35,423,10,1,3
35,30,11,1,0
35,356,12,1,1
35,121,13,1,1
35,3,14,1,3
35,126,15,1,1
35,412,16,1,2
35,535,17,1,0
35,582,18,1,2
35,171,19,1,1
35,178,20,1,3
36,25,1,0,0
36,308,2,0,3
36,590,3,0,0
36,35,4,0,0
36,211,5,0,1
36,185,6,0,0
36,119,7,0,4
36,47,8,0,2
36,305,9,0,0
36,104,10,0,4
36,199,11,0,4
36,169,12,0,4
36,435,13,0,0
36,478,14,0,3
36,245,15,0,0
36,90,16,0,0
36,257,17,0,2
36,160,18,0,0
36,130,19,0,0
36,545,20,0,0
37,36,1,1,1
37,505,2,1,0
37,156,3,1,1
37,466,4,1,1
37,533,5,1,3
37,396,6,1,1
37,594,7,1,4
37,495,8,1,0
37,141,9,1,1
37,229,10,1,4
37,274,11,1,4
37,101,12,1,1
37,21,13,1,1
37,41,14,1,1
37,307,15,1,2
37,381,16,1,1
37,500,17,1,0
37,257,18,1,2
37,265,19,1,0
37,61,20,1,1
38,591,1,1,1
38,93,2,1,3
38,345,3,1,0
38,7,4,1,2
38,6,5,1,1
38,449,6,1,4
38,36,7,1,1
38,34,8,1,4
38,401,9,1,1
38,595,10,1,0
38,346,11,1,1
38,150,12,1,0
38,101,13,1,1
38,51,14,1,1
38,206,15,1,1
38,116,16,1,1
38,443,17,1,3
38,438,18,1,3
38,141,19,1,1
38,501,20,1,1
39,327,1,3,2
39,78,2,3,3
39,468,3,3,3
39,121,4,3,1
39,150,5,3,0
39,287,6,3,2
39,332,7,3,2
39,93,8,3,3
39,466,9,3,1
39,356,10,3,1
39,392,11,3,2
39,418,12,3,3
39,503,13,3,3
39,48,14,3,3
39,548,15,3,3
39,440,16,3,0
39,74,17,3,4
39,435,18,3,0
39,185,19,3,0
39,50,20,3,0
40,162,1,0,2
40,278,2,0,3
40,212,3,0,2
40,64,4,0,4
40,315,5,0,0
40,413,6,0,3
40,353,7,0,3
40,370,8,0,0
40,402,9,0,2
40,25,10,0,0
40,140,11,0,0
40,330,12,0,0
40,310,13,0,0
40,285,14,0,0
40,510,15,0,0
40,55,16,0,0
40,324,17,0,4
40,451,18,0,1
40,340,19,0,0
40,355,20,0,0
41,205,1,0,0
41,520,2,0,0
41,257,3,0,2
41,260,4,0,0
41,330,5,0,0
41,440,6,0,0
41,25,7,0,0
41,210,8,0,0
41,130,9,0,0
41,145,10,0,0
41,69,11,0,4
41,275,12,0,0
41,295,13,0,0
41,185,14,0,0
41,72,15,0,2
41,464,16,0,4
41,548,17,0,3
41,468,18,0,3
41,471,19,0,1
41,570,20,0,0
42,417,1,3,2
42,219,2,3,4
42,393,3,3,3
42,13,4,3,3
42,137,5,3,2
42,103,6,3,3
42,503,7,3,3
42,343,8,3,3
42,273,9,3,3
42,548,10,3,3
42,274,11,3,4
42,379,12,3,4
42,225,13,3,0
42,569,14,3,4
42,392,15,3,2
42,8,16,3,3
42,478,17,3,3
42,386,18,3,1
42,355,19,3,0
42,338,20,3,3
43,441,1,1,1
43,353,2,1,3
43,320,3,1,0
43,403,4,1,3
43,305,5,1,0
43,436,6,1,1
43,31,7,1,1
43,491,8,1,1
43,71,9,1,1
43,249,10,1,4
43,510,11,1,0
43,209,12,1,4
43,372,13,1,2
43,360,14,1,0
43,359,15,1,4
43,286,16,1,1
43,597,17,1,2
43,11,18,1,1
43,393,19,1,3
43,25,20,1,0
44,242,1,3,2
44,375,2,3,0
44,557,3,3,2
44,93,4,3,3
44,406,5,3,1
44,243,6,3,3
44,564,7,3,4
44,148,8,3,3
44,543,9,3,3
44,25,10,3,0
44,178,11,3,3
44,207,12,3,2
44,405,13,3,0
44,103,14,3,3
44,293,15,3,3
44,67,16,3,2
44,268,17,3,3
44,548,18,3,3
44,503,19,3,3
44,464,20,3,4
45,528,1,3,3
45,541,2,3,1
45,391,3,3,1
45,130,4,3,0
45,543,5,3,3
45,353,6,3,3
45,467,7,3,2
45,253,8,3,3
45,122,9,3,2
45,273,10,3,3
45,320,11,3,0
45,433,12,3,3
45,61,13,3,1
45,153,14,3,3
45,482,15,3,2
45,295,16,3,0
45,443,17,3,3
45,206,18,3,1
45,503,19,3,3
45,173,20,3,3
46,275,1,3,0
46,375,2,3,0
46,52,3,3,2
46,354,4,3,4
46,278,5,3,3
46,488,6,3,3
46,262,7,3,2
46,103,8,3,3
46,455,9,3,0
46,235,10,3,0
46,450,11,3,0
46,170,12,3,0
46,152,13,3,2
46,206,14,3,1
46,502,15,3,2
46,520,16,3,0
46,299,17,3,4
46,355,18,3,0
46,353,19,3,3
46,416,20,3,1
47,240,1,0,0
47,260,2,0,0
47,142,3,0,2
47,503,4,0,3
47,266,5,0,1
47,185,6,0,0
47,225,7,0,0
47,104,8,0,4
47,528,9,0,3
47,295,10,0,0
47,141,11,0,1
47,465,12,0,0
47,466,13,0,1
47,90,14,0,0
47,594,15,0,4
47,10,16,0,0
47,150,17,0,0
47,395,18,0,0
47,354,19,0,4
47,580,20,0,0
48,57,1,0,2
48,47,2,0,2
48,477,3,0,2
48,435,4,0,0
48,484,5,0,4
48,141,6,0,1
48,490,7,0,0
48,518,8,0,3
48,446,9,0,1
48,280,10,0,0
48,126,11,0,1
48,185,12,0,0
48,405,13,0,0
48,257,14,0,2
48,393,15,0,3
48,305,16,0,0
48,110,17,0,0
48,235,18,0,0
48,25,19,0,0
48,104,20,0,4
49,350,1,0,0
49,133,2,0,3
49,25,3,0,0
49,205,4,0,0
49,268,5,0,3
49,522,6,0,2
49,66,7,0,1
49,377,8,0,2
49,429,9,0,4
49,159,10,0,4
49,380,11,0,0
49,78,12,0,3
49,435,13,0,0
49,551,14,0,1
49,43,15,0,3
49,85,16,0,0
49,185,17,0,0
49,355,18,0,0
49,483,19,0,3
49,285,20,0,0
50,29,1,4,4
50,94,2,4,4
50,576,3,4,1
50,309,4,4,4
50,594,5,4,4
50,559,6,4,4
50,164,7,4,4
50,399,8,4,4
50,41,9,4,1
50,529,10,4,4
50,338,11,4,3
50,177,12,4,2
50,104,13,4,4
50,389,14,4,4
50,34,15,4,4
50,230,16,4,0
50,149,17,4,4
50,429,18,4,4
50,23,19,4,3
50,445,20,4,0
51,49,1,4,4
51,444,2,4,4
51,172,3,4,2
51,331,4,4,1
51,141,5,4,1
51,201,6,4,1
51,206,7,4,1
51,229,8,4,4
51,257,9,4,2
51,204,10,4,4
51,569,11,4,4
51,233,12,4,3
51,123,13,4,3
51,488,14,4,3
51,34,15,4,4
51,451,16,4,1
51,433,17,4,3
51,377,18,4,2
51,149,19,4,4
51,466,20,4,1
52,292,1,0,2
52,586,2,0,1
52,134,3,0,4
52,280,4,0,0
52,20,5,0,0
52,98,6,0,3
52,80,7,0,0
52,185,8,0,0
52,70,9,0,0
52,558,10,0,3
52,0,11,0,0
52,295,12,0,0
52,210,13,0,0
52,164,14,0,4
52,140,15,0,0
52,103,16,0,3
52,57,17,0,2
52,337,18,0,2
52,79,19,0,4
52,330,20,0,0
53,432,1,3,2
53,156,2,3,1
53,420,3,3,0
53,411,4,3,1
53,217,5,3,2
53,428,6,3,3
53,359,7,3,4
53,599,8,3,4
53,103,9,3,3
53,25,10,3,0
53,148,11,3,3
53,412,12,3,2
53,358,13,3,3
53,413,14,3,3
53,268,15,3,3
53,43,16,3,3
53,366,17,3,1
53,7,18,3,2
53,521,19,3,1
53,329,20,3,4
54,101,1,2,1
54,158,2,2,3
54,554,3,2,4
54,152,4,2,2
54,61,5,2,1
54,286,6,2,1
54,7,7,2,2
54,205,8,2,0
54,99,9,2,4
54,582,10,2,2
54,487,11,2,2
54,94,12,2,4
54,305,13,2,0
54,193,14,2,3
54,470,15,2,0
54,587,16,2,2
54,537,17,2,2
54,552,18,2,2
54,338,19,2,3
54,485,20,2,0
55,42,1,2,2
55,38,2,2,3
55,149,3,2,4
55,307,4,2,2
55,377,5,2,2
55,355,6,2,0
55,504,7,2,4
55,481,8,2,1
55,594,9,2,4
55,169,10,2,4
55,257,11,2,2
55,61,12,2,1
55,522,13,2,2
55,126,14,2,1
55,350,15,2,0
55,185,16,2,0
55,102,17,2,2
55,325,18,2,0
55,353,19,2,3
55,60,20,2,0
56,188,1,1,3
56,61,2,1,1
56,466,3,1,1
56,571,4,1,1
56,511,5,1,1
56,141,6,1,1
56,158,7,1,3
56,411,8,1,1
56,257,9,1,2
56,99,10,1,4
56,330,11,1,0
56,434,12,1,4
56,206,13,1,1
56,366,14,1,1
56,185,15,1,0
56,149,16,1,4
56,353,17,1,3
56,591,18,1,1
56,47,19,1,2
56,2,20,1,2
57,295,1,3,0
57,75,2,3,0
57,242,3,3,2
57,13,4,3,3
57,156,5,3,1
57,377,6,3,2
57,263,7,3,3
57,260,8,3,0
57,164,9,3,4
57,393,10,3,3
57,138,11,3,3
57,543,12,3,3
57,375,13,3,0
57,478,14,3,3
57,257,15,3,2
57,108,16,3,3
57,361,17,3,1
57,224,18,3,4
57,103,19,3,3
57,444,20,3,4
58,230,1,3,0
58,274,2,3,4
58,568,3,3,3
58,104,4,3,4
58,185,5,3,0
58,573,6,3,3
58,548,7,3,3
58,518,8,3,3
58,338,9,3,3
58,128,10,3,3
58,569,11,3,4
58,468,12,3,3
58,33,13,3,3
58,158,14,3,3
58,267,15,3,2
58,377,16,3,2
58,393,17,3,3
58,62,18,3,2
58,537,19,3,2
58,118,20,3,3
59,245,1,2,0
59,36,2,2,1
59,164,3,2,4
59,103,4,2,3
59,459,5,2,4
59,522,6,2,2
59,401,7,2,1
59,427,8,2,2
59,60,9,2,0
59,257,10,2,2
59,78,11,2,3
59,572,12,2,2
59,200,13,2,0
59,115,14,2,0
59,548,15,2,3
59,471,16,2,1
59,112,17,2,2
59,25,18,2,0
59,305,19,2,0
59,199,20,2,4
60,351,1,1,1
60,56,2,1,1
60,51,3,1,1
60,115,4,1,0
60,401,5,1,1
60,85,6,1,0
60,66,7,1,1
60,548,8,1,3
60,193,9,1,3
60,590,10,1,0
60,116,11,1,1
60,206,12,1,1
60,41,13,1,1
60,349,14,1,4
60,354,15,1,4
60,416,16,1,1
60,576,17,1,1
60,1,18,1,1
60,184,19,1,4
60,99,20,1,4
61,57,1,2,2
61,90,2,2,0
61,376,3,2,1
61,17,4,2,2
61,373,5,2,3
61,229,6,2,4
61,557,7,2,2
61,411,8,2,1
61,2,9,2,2
61,116,10,2,1
61,99,11,2,4
61,313,12,2,3
61,567,13,2,2
61,537,14,2,2
61,242,15,2,2
61,317,16,2,2
61,562,17,2,2
61,173,18,2,3
61,460,19,2,0
61,432,20,2,2
62,259,1,2,4
62,374,2,2,4
62,548,3,2,3
62,61,4,2,1
62,393,5,2,3
62,116,6,2,1
62,286,7,2,1
62,458,8,2,3
62,407,9,2,2
62,325,10,2,0
62,209,11,2,4
62,85,12,2,0
62,171,13,2,1
62,192,14,2,2
62,257,15,2,2
62,581,16,2,1
62,497,17,2,2
62,80,18,2,0
62,69,19,2,4
62,103,20,2,3
63,479,1,4,4
63,257,2,4,2
63,448,3,4,3
63,408,4,4,3
63,361,5,4,1
63,338,6,4,3
63,576,7,4,1
63,569,8,4,4
63,63,9,4,3
63,32,10,4,2
63,401,11,4,1
63,412,12,4,2
63,104,13,4,4
63,169,14,4,4
63,185,15,4,0
63,79,16,4,4
63,103,17,4,3
63,57,18,4,2
63,319,19,4,4
63,139,20,4,4
64,231,1,1,1
64,36,2,1,1
64,206,3,1,1
64,271,4,1,1
64,333,5,1,3
64,150,6,1,0
64,561,7,1,1
64,263,8,1,3
64,52,9,1,2
64,444,10,1,4
64,22,11,1,2
64,257,12,1,2
64,599,13,1,4
64,185,14,1,0
64,416,15,1,1
64,45,16,1,0
64,569,17,1,4
64,579,18,1,4
64,266,19,1,1
64,351,20,1,1
65,501,1,1,1
65,170,2,1,0
65,22,3,1,2
65,286,4,1,1
65,206,5,1,1
65,411,6,1,1
65,96,7,1,1
65,485,8,1,0
65,61,9,1,1
65,569,10,1,4
65,161,11,1,1
65,218,12,1,3
65,290,13,1,0
65,196,14,1,1
65,503,15,1,3
65,141,16,1,1
65,471,17,1,1
65,354,18,1,4
65,531,19,1,1
65,279,20,1,4
66,295,1,0,0
66,103,2,0,3
66,289,3,0,4
66,85,4,0,0
66,185,5,0,0
66,384,6,0,4
66,25,7,0,0
66,315,8,0,0
66,355,9,0,0
66,361,10,0,1
66,180,11,0,0
66,183,12,0,3
66,368,13,0,3
66,500,14,0,0
66,257,15,0,2
66,325,16,0,0
66,235,17,0,0
66,246,18,0,1
66,528,19,0,3
66,225,20,0,0
67,404,1,4,4
67,434,2,4,4
67,102,3,4,2
67,398,4,4,3
67,54,5,4,4
67,485,6,4,0
67,149,7,4,4
67,364,8,4,4
67,563,9,4,3
67,84,10,4,4
67,534,11,4,4
67,284,12,4,4
67,275,13,4,0
67,59,14,4,4
67,548,15,4,3
67,79,16,4,4
67,159,17,4,4
67,504,18,4,4
67,23,19,4,3
67,589,20,4,4
68,338,1,4,3
68,174,2,4,4
68,177,3,4,2
68,104,4,4,4
68,314,5,4,4
68,309,6,4,4
68,284,7,4,4
68,559,8,4,4
68,29,9,4,4
68,7,10,4,2
68,594,11,4,4
68,149,12,4,4
68,61,13,4,1
68,534,14,4,4
68,69,15,4,4
68,206,16,4,1
68,158,17,4,3
68,536,18,4,1
68,495,19,4,0
68,199,20,4,4
69,500,1,4,0
69,354,2,4,4
69,234,3,4,4
69,548,4,4,3
69,239,5,4,4
69,248,6,4,3
69,164,7,4,4
69,318,8,4,3
69,466,9,4,1
69,242,10,4,2
69,582,11,4,2
69,439,12,4,4
69,305,13,4,0
69,169,14,4,4
69,6,15,4,1
69,568,16,4,3
69,409,17,4,4
69,229,18,4,4
69,469,19,4,4
69,221,20,4,1
70,0,1,0,0
70,257,2,0,2
70,580,3,0,0
70,545,4,0,0
70,431,5,0,1
70,164,6,0,4
70,206,7,0,1
70,470,8,0,0
70,570,9,0,0
70,500,10,0,0
70,433,11,0,3
70,220,12,0,0
70,400,13,0,0
70,591,14,0,1
70,371,15,0,1
70,355,16,0,0
70,393,17,0,3
70,301,18,0,1
70,466,19,0,1
70,305,20,0,0
71,285,1,3,0
71,182,2,3,2
71,483,3,3,3
71,142,4,3,2
71,103,5,3,3
71,283,6,3,3
71,533,7,3,3
71,359,8,3,4
71,145,9,3,0
71,598,10,3,3
71,523,11,3,3
71,428,12,3,3
71,338,13,3,3
71,543,14,3,3
71,33,15,3,3
71,544,16,3,4
71,13,17,3,3
71,278,18,3,3
71,196,19,3,1
71,83,20,3,3
72,468,1,3,3
72,528,2,3,3
72,284,3,3,4
72,508,4,3,3
72,433,5,3,3
72,455,6,3,0
72,581,7,3,1
72,185,8,3,0
72,503,9,3,3
72,184,10,3,4
72,229,11,3,4
72,158,12,3,3
72,483,13,3,3
72,238,14,3,3
72,103,15,3,3
72,110,16,3,0
72,53,17,3,3
72,498,18,3,3
72,191,19,3,1
72,259,20,3,4
73,121,1,1,1
73,401,2,1,1
73,144,3,1,4
73,232,4,1,2
73,531,5,1,1
73,190,6,1,0
73,374,7,1,4
73,91,8,1,1
73,141,9,1,1
73,101,10,1,1
73,563,11,1,3
73,99,12,1,4
73,166,13,1,1
73,274,14,1,4
73,353,15,1,3
73,206,16,1,1
73,2,17,1,2
73,356,18,1,1
73,537,19,1,2
73,576,20,1,1
74,495,1,4,0
74,24,2,4,4
74,187,3,4,2
74,333,4,4,3
74,124,5,4,4
74,164,6,4,4
74,149,7,4,4
74,519,8,4,4
74,104,9,4,4
74,199,10,4,4
74,289,11,4,4
74,225,12,4,0
74,489,13,4,4
74,129,14,4,4
74,206,15,4,1
74,39,16,4,4
74,339,17,4,4
74,47,18,4,2
74,444,19,4,4
74,479,20,4,4
75,353,1,3,3
75,250,2,3,0
75,104,3,3,4
75,190,4,3,0
75,178,5,3,3
75,168,6,3,3
75,133,7,3,3
75,352,8,3,2
75,213,9,3,3
75,247,10,3,2
75,153,11,3,3
75,94,12,3,4
75,537,13,3,2
75,37,14,3,2
75,449,15,3,4
75,206,16,3,1
75,371,17,3,1
75,286,18,3,1
75,483,19,3,3
75,226,20,3,1
76,543,1,3,3
76,198,2,3,3
76,466,3,3,1
76,156,4,3,1
76,408,5,3,3
76,413,6,3,3
76,448,7,3,3
76,444,8,3,4
76,548,9,3,3
76,103,10,3,3
76,503,11,3,3
76,253,12,3,3
76,488,13,3,3
76,595,14,3,0
76,533,15,3,3
76,257,16,3,2
76,518,17,3,3
76,45,18,3,0
76,465,19,3,0
76,353,20,3,3
77,279,1,4,4
77,532,2,4,2
77,589,3,4,4
77,416,4,4,1
77,104,5,4,4
77,235,6,4,0
77,327,7,4,2
77,169,8,4,4
77,149,9,4,4
77,471,10,4,1
77,114,11,4,4
77,69,12,4,4
77,423,13,4,3
77,519,14,4,4
77,150,15,4,0
77,548,16,4,3
77,288,17,4,3
77,124,18,4,4
77,72,19,4,2
77,329,20,4,4
78,266,1,1,1
78,556,2,1,1
78,466,3,1,1
78,410,4,1,0
78,61,5,1,1
78,272,6,1,2
78,57,7,1,2
78,445,8,1,0
78,576,9,1,1
78,393,10,1,3
78,481,11,1,1
78,141,12,1,1
78,146,13,1,1
78,567,14,1,2
78,379,15,1,4
78,284,16,1,4
78,41,17,1,1
78,501,18,1,1
78,196,19,1,1
78,361,20,1,1
79,362,1,2,2
79,248,2,2,3
79,164,3,2,4
79,12,4,2,2
79,83,5,2,3
79,7,6,2,2
79,327,7,2,2
79,104,8,2,4
79,171,9,2,1
79,231,10,2,1
79,385,11,2,0
79,569,12,2,4
79,122,13,2,2
79,242,14,2,2
79,487,15,2,2
79,185,16,2,0
79,101,17,2,1
79,471,18,2,1
79,40,19,2,0
79,246,20,2,1
80,257,1,1,2
80,396,2,1,1
80,169,3,1,4
80,411,4,1,1
80,235,5,1,0
80,364,6,1,4
80,256,7,1,1
80,222,8,1,2
80,466,9,1,1
80,576,10,1,1
80,218,11,1,3
80,361,12,1,1
80,371,13,1,1
80,355,14,1,0
80,393,15,1,3
80,141,16,1,1
80,281,17,1,1
80,426,18,1,1
80,164,19,1,4
80,30,20,1,0
81,326,1,1,1
81,572,2,1,2
81,125,3,1,0
81,225,4,1,0
81,391,5,1,1
81,150,6,1,0
81,548,7,1,3
81,186,8,1,1
81,252,9,1,2
81,221,10,1,1
81,576,11,1,1
81,416,12,1,1
81,598,13,1,3
81,206,14,1,1
81,79,15,1,4
81,16,16,1,1
81,200,17,1,0
81,1,18,1,1
81,361,19,1,1
81,81,20,1,1
82,379,1,3,4
82,116,2,3,1
82,548,3,3,3
82,503,4,3,3
82,99,5,3,4
82,279,6,3,4
82,428,7,3,3
82,308,8,3,3
82,103,9,3,3
82,185,10,3,0
82,236,11,3,1
82,531,12,3,1
82,408,13,3,3
82,498,14,3,3
82,540,15,3,0
82,328,16,3,3
82,224,17,3,4
82,338,18,3,3
82,323,19,3,3
82,497,20,3,2
83,297,1,3,2
83,356,2,3,1
83,111,3,3,1
83,130,4,3,0
83,25,5,3,0
83,104,6,3,4
83,548,7,3,3
83,163,8,3,3
83,69,9,3,4
83,53,10,3,3
83,393,11,3,3
83,542,12,3,2
83,328,13,3,3
83,101,14,3,1
83,368,15,3,3
83,72,16,3,2
83,295,17,3,0
83,206,18,3,1
83,307,19,3,2
83,116,20,3,1
84,120,1,3,0
84,38,2,3,3
84,102,3,3,2
84,103,4,3,3
84,257,5,3,2
84,297,6,3,2
84,206,7,3,1
84,68,8,3,3
84,359,9,3,4
84,164,10,3,4
84,229,11,3,4
84,568,12,3,3
84,124,13,3,4
84,66,14,3,1
84,322,15,3,2
84,393,16,3,3
84,293,17,3,3
84,158,18,3,3
84,418,19,3,3
84,57,20,3,2
85,153,1,3,3
85,205,2,3,0
85,212,3,3,2
85,518,4,3,3
85,164,5,3,4
85,163,6,3,3
85,295,7,3,0
85,344,8,3,4
85,338,9,3,3
85,548,10,3,3
85,73,11,3,3
85,104,12,3,4
85,108,13,3,3
85,110,14,3,0
85,267,15,3,2
85,373,16,3,3
85,333,17,3,3
85,103,18,3,3
85,433,19,3,3
85,29,20,3,4
86,185,1,2,0
86,327,2,2,2
86,225,3,2,0
86,219,4,2,4
86,367,5,2,2
86,162,6,2,2
86,307,7,2,2
86,257,8,2,2
86,73,9,2,3
86,81,10,2,1
86,523,11,2,3
86,422,12,2,2
86,232,13,2,2
86,576,14,2,1
86,159,15,2,4
86,558,16,2,3
86,452,17,2,2
86,504,18,2,4
86,388,19,2,3
86,149,20,2,4
87,331,1,1,1
87,225,2,1,0
87,103,3,1,3
87,181,4,1,1
87,164,5,1,4
87,301,6,1,1
87,161,7,1,1
87,327,8,1,2
87,548,9,1,3
87,106,10,1,1
87,111,11,1,1
87,368,12,1,3
87,556,13,1,1
87,423,14,1,3
87,242,15,1,2
87,25,16,1,0
87,366,17,1,1
87,401,18,1,1
87,218,19,1,3
87,206,20,1,1
88,396,1,0,1
88,435,2,0,0
88,172,3,0,2
88,60,4,0,0
88,438,5,0,3
88,273,6,0,3
88,160,7,0,0
88,185,8,0,0
88,537,9,0,2
88,407,10,0,2
88,295,11,0,0
88,183,12,0,3
88,566,13,0,1
88,320,14,0,0
88,257,15,0,2
88,250,16,0,0
88,543,17,0,3
88,356,18,0,1
88,505,19,0,0
88,479,20,0,4
89,402,1,2,2
89,256,2,2,1
89,281,3,2,1
89,257,4,2,2
89,295,5,2,0
89,242,6,2,2
89,532,7,2,2
89,285,8,2,0
89,274,9,2,4
89,483,10,2,3
89,231,11,2,1
89,282,12,2,2
89,227,13,2,2
89,152,14,2,2
89,416,15,2,1
89,302,16,2,2
89,12,17,2,2
89,252,18,2,2
89,157,19,2,2
89,22,20,2,2
90,267,1,1,2
90,170,2,1,0
90,93,3,1,3
90,260,4,1,0
90,356,5,1,1
90,541,6,1,1
90,406,7,1,1
90,51,8,1,1
90,60,9,1,0
90,86,10,1,1
90,371,11,1,1
90,466,12,1,1
90,411,13,1,1
90,472,14,1,2
90,72,15,1,2
90,597,16,1,2
90,419,17,1,4
90,549,18,1,4
90,316,19,1,1
90,591,20,1,1
91,242,1,1,2
91,124,2,1,4
91,396,3,1,1
91,196,4,1,1
91,111,5,1,1
91,206,6,1,1
91,51,7,1,1
91,241,8,1,1
91,114,9,1,4
91,327,10,1,2
91,10,11,1,0
91,393,12,1,3
91,45,13,1,0
91,101,14,1,1
91,406,15,1,1
91,116,16,1,1
91,441,17,1,1
91,80,18,1,0
91,585,19,1,0
91,141,20,1,1
92,160,1,0,0
92,236,2,0,1
92,100,3,0,0
92,265,4,0,0
92,110,5,0,0
92,490,6,0,0
92,281,7,0,1
92,117,8,0,2
92,25,9,0,0
92,569,10,0,4
92,355,11,0,0
92,185,12,0,0
92,400,13,0,0
92,243,14,0,3
92,447,15,0,2
92,15,16,0,0
92,480,17,0,0
92,461,18,0,1
92,500,19,0,0
92,40,20,0,0
93,25,1,0,0
93,531,2,0,1
93,83,3,0,3
93,34,4,0,4
93,50,5,0,0
93,465,6,0,0
93,212,7,0,2
93,170,8,0,0
93,133,9,0,3
93,330,10,0,0
93,335,11,0,0
93,101,12,0,1
93,537,13,0,2
93,390,14,0,0
93,596,15,0,1
93,5,16,0,0
93,501,17,0,1
93,503,18,0,3
93,185,19,0,0
93,130,20,0,0
94,201,1,1,1
94,122,2,1,2
94,466,3,1,1
94,567,4,1,2
94,286,5,1,1
94,151,6,1,1
94,359,7,1,4
94,311,8,1,1
94,211,9,1,1
94,360,10,1,0
94,1,11,1,1
94,486,12,1,1
94,561,13,1,1
94,426,14,1,1
94,468,15,1,3
94,501,16,1,1
94,505,17,1,0
94,41,18,1,1
94,361,19,1,1
94,483,20,1,3
95,435,1,0,0
95,380,2,0,0
95,81,3,0,1
95,36,4,0,1
95,25,5,0,0
95,179,6,0,4
95,355,7,0,0
95,528,8,0,3
95,417,9,0,2
95,302,10,0,2
95,480,11,0,0
95,568,12,0,3
95,565,13,0,0
95,274,14,0,4
95,514,15,0,4
95,410,16,0,0
95,252,17,0,2
95,80,18,0,0
95,110,19,0,0
95,145,20,0,0
96,102,1,1,2
96,22,2,1,2
96,537,3,1,2
96,417,4,1,2
96,206,5,1,1
96,336,6,1,1
96,176,7,1,1
96,185,8,1,0
96,257,9,1,2
96,371,10,1,1
96,117,11,1,2
96,548,12,1,3
96,121,13,1,1
96,501,14,1,1
96,416,15,1,1
96,141,16,1,1
96,286,17,1,1
96,342,18,1,2
96,446,19,1,1
96,104,20,1,4
97,279,1,4,4
97,168,2,4,3
97,353,3,4,3
97,200,4,4,0
97,139,5,4,4
97,142,6,4,2
97,24,7,4,4
97,548,8,4,3
97,334,9,4,4
97,2,10,4,2
97,150,11,4,0
97,206,12,4,1
97,102,13,4,2
97,185,14,4,0
97,104,15,4,4
97,435,16,4,0
97,289,17,4,4
97,39,18,4,4
97,12,19,4,2
97,459,20,4,4
98,486,1,0,1
98,220,2,0,0
98,104,3,0,4
98,581,4,0,1
98,15,5,0,0
98,476,6,0,1
98,580,7,0,0
98,99,8,0,4
98,355,9,0,0
98,358,10,0,3
98,278,11,0,3
98,225,12,0,0
98,255,13,0,0
98,25,14,0,0
98,185,15,0,0
98,313,16,0,3
98,204,17,0,4
98,295,18,0,0
98,100,19,0,0
98,111,20,0,1
99,246,1,1,1
99,455,2,1,0
99,79,3,1,4
99,206,4,1,1
99,513,5,1,3
99,361,6,1,1
99,166,7,1,1
99,267,8,1,2
99,466,9,1,1
99,160,10,1,0
99,291,11,1,1
99,507,12,1,2
99,257,13,1,2
99,503,14,1,3
99,76,15,1,1
99,164,16,1,4
99,597,17,1,2
99,296,18,1,1
99,141,19,1,1
99,461,20,1,1
100,72,1,2,2
100,145,2,2,0
100,393,3,2,3
100,248,4,2,3
100,429,5,2,4
100,466,6,2,1
100,242,7,2,2
100,310,8,2,0
100,320,9,2,0
100,187,10,2,2
100,52,11,2,2
100,178,12,2,3
100,462,13,2,2
100,257,14,2,2
100,182,15,2,2
100,152,16,2,2
100,527,17,2,2
100,435,18,2,0
100,377,19,2,2
100,467,20,2,2
101,366,1,0,1
101,166,2,0,1
101,295,3,0,0
101,0,4,0,0
101,594,5,0,4
101,25,6,0,0
101,468,7,0,3
101,359,8,0,4
101,392,9,0,2
101,20,10,0,0
101,375,11,0,0
101,152,12,0,2
101,430,13,0,0
101,405,14,0,0
101,437,15,0,2
101,103,16,0,3
101,39,17,0,4
101,420,18,0,0
101,150,19,0,0
101,163,20,0,3
102,433,1,2,3
102,466,2,2,1
102,593,3,2,3
102,268,4,2,3
102,552,5,2,2
102,392,6,2,2
102,236,7,2,1
102,359,8,2,4
102,537,9,2,2
102,107,10,2,2
102,127,11,2,2
102,527,12,2,2
102,371,13,2,1
102,146,14,2,1
102,117,15,2,2
102,199,16,2,4
102,557,17,2,2
102,277,18,2,2
102,252,19,2,2
102,596,20,2,1
103,188,1,3,3
103,79,2,3,4
103,518,3,3,3
103,171,4,3,1
103,100,5,3,0
103,198,6,3,3
103,308,7,3,3
103,261,8,3,1
103,164,9,3,4
103,338,10,3,3
103,383,11,3,3
103,163,12,3,3
103,262,13,3,2
103,118,14,3,3
103,553,15,3,3
103,33,16,3,3
103,548,17,3,3
103,393,18,3,3
103,193,19,3,3
103,138,20,3,3
104,477,1,1,2
104,243,2,1,3
104,220,3,1,0
104,178,4,1,3
104,76,5,1,1
104,331,6,1,1
104,396,7,1,1
104,548,8,1,3
104,377,9,1,2
104,531,10,1,1
104,196,11,1,1
104,164,12,1,4
104,103,13,1,3
104,101,14,1,1
104,161,15,1,1
104,61,16,1,1
104,522,17,1,2
104,25,18,1,0
104,518,19,1,3
104,334,20,1,4
105,584,1,0,4
105,208,2,0,3
105,229,3,0,4
105,441,4,0,1
105,500,5,0,0
105,170,6,0,0
105,143,7,0,3
105,242,8,0,2
105,406,9,0,1
105,185,10,0,0
105,150,11,0,0
105,361,12,0,1
105,104,13,0,4
105,275,14,0,0
105,471,15,0,1
105,245,16,0,0
105,196,17,0,1
105,85,18,0,0
105,50,19,0,0
105,225,20,0,0
106,164,1,4,4
106,359,2,4,4
106,439,3,4,4
106,392,4,4,2
106,548,5,4,3
106,554,6,4,4
106,36,7,4,1
106,142,8,4,2
106,152,9,4,2
106,344,10,4,4
106,222,11,4,2
106,123,12,4,3
106,479,13,4,4
106,99,14,4,4
106,134,15,4,4
106,170,16,4,0
106,54,17,4,4
106,184,18,4,4
106,185,19,4,0
106,463,20,4,3
107,164,1,3,4
107,257,2,3,2
107,393,3,3,3
107,6,4,3,1
107,3,5,3,3
107,135,6,3,0
107,232,7,3,2
107,243,8,3,3
107,433,9,3,3
107,398,10,3,3
107,593,11,3,3
107,48,12,3,3
107,261,13,3,1
107,235,14,3,0
107,301,15,3,1
107,348,16,3,3
107,548,17,3,3
107,56,18,3,1
107,305,19,3,0
107,302,20,3,2
108,456,1,2,1
108,257,2,2,2
108,107,3,2,2
108,307,4,2,2
108,112,5,2,2
108,124,6,2,4
108,187,7,2,2
108,166,8,2,1
108,242,9,2,2
108,254,10,2,4
108,253,11,2,3
108,501,12,2,1
108,25,13,2,0
108,267,14,2,2
108,338,15,2,3
108,522,16,2,2
108,8,17,2,3
108,582,18,2,2
108,433,19,2,3
108,329,20,2,4
109,171,1,1,1
109,7,2,1,2
109,83,3,1,3
109,393,4,1,3
109,228,5,1,3
109,466,6,1,1
109,52,7,1,2
109,193,8,1,3
109,548,9,1,3
109,231,10,1,1
109,103,11,1,3
109,432,12,1,2
109,110,13,1,0
109,527,14,1,2
109,161,15,1,1
109,222,16,1,2
109,214,17,1,4
109,207,18,1,2
109,490,19,1,0
109,345,20,1,0
110,520,1,0,0
110,140,2,0,0
110,227,3,0,2
110,261,4,0,1
110,170,5,0,0
110,385,6,0,0
110,225,7,0,0
110,273,8,0,3
110,347,9,0,2
110,164,10,0,4
110,370,11,0,0
110,295,12,0,0
110,149,13,0,4
110,150,14,0,0
110,359,15,0,4
110,20,16,0,0
110,440,17,0,0
110,77,18,0,2
110,313,19,0,3
110,160,20,0,0
111,433,1,3,3
111,229,2,3,4
111,274,3,3,4
111,107,4,3,2
111,544,5,3,4
111,483,6,3,3
111,284,7,3,4
111,304,8,3,4
111,89,9,3,4
111,164,10,3,4
111,298,11,3,3
111,418,12,3,3
111,173,13,3,3
111,353,14,3,3
111,138,15,3,3
111,88,16,3,3
111,537,17,3,2
111,141,18,3,1
111,413,19,3,3
111,538,20,3,3
112,416,1,4,1
112,388,2,4,3
112,444,3,4,4
112,466,4,4,1
112,199,5,4,4
112,422,6,4,2
112,409,7,4,4
112,264,8,4,4
112,359,9,4,4
112,478,10,4,3
112,338,11,4,3
112,40,12,4,0
112,519,13,4,4
112,164,14,4,4
112,477,15,4,2
112,149,16,4,4
112,104,17,4,4
112,285,18,4,0
112,145,19,4,0
112,594,20,4,4
113,40,1,0,0
113,194,2,0,4
113,541,3,0,1
113,310,4,0,0
113,146,5,0,1
113,141,6,0,1
113,25,7,0,0
113,180,8,0,0
113,236,9,0,1
113,539,10,0,4
113,344,11,0,4
113,150,12,0,0
113,183,13,0,3
113,466,14,0,1
113,510,15,0,0
113,219,16,0,4
113,129,17,0,4
113,177,18,0,2
113,338,19,0,3
113,7,20,0,2
114,391,1,0,1
114,405,2,0,0
114,242,3,0,2
114,355,4,0,0
114,359,5,0,4
114,170,6,0,0
114,263,7,0,3
114,25,8,0,0
114,225,9,0,0
114,283,10,0,3
114,334,11,0,4
114,440,12,0,0
114,146,13,0,1
114,104,14,0,4
114,210,15,0,0
114,125,16,0,0
114,435,17,0,0
114,135,18,0,0
114,117,19,0,2
114,185,20,0,0
115,23,1,3,3
115,153,2,3,3
115,518,3,3,3
115,587,4,3,2
115,122,5,3,2
115,185,6,3,0
115,468,7,3,3
115,146,8,3,1
115,7,9,3,2
115,158,10,3,3
115,548,11,3,3
115,33,12,3,3
115,115,13,3,0
115,235,14,3,0
115,325,15,3,0
115,103,16,3,3
115,503,17,3,3
115,543,18,3,3
115,376,19,3,1
115,598,20,3,3
116,548,1,0,3
116,555,2,0,0
116,141,3,0,1
116,310,4,0,0
116,255,5,0,0
116,96,6,0,1
116,340,7,0,0
116,267,8,0,2
116,185,9,0,0
116,262,10,0,2
116,100,11,0,0
116,170,12,0,0
116,400,13,0,0
116,25,14,0,0
116,104,15,0,4
116,164,16,0,4
116,590,17,0,0
116,235,18,0,0
116,260,19,0,0
116,231,20,0,1
117,361,1,1,1
117,20,2,1,0
117,326,3,1,1
117,511,4,1,1
117,282,5,1,2
117,38,6,1,3
117,81,7,1,1
117,166,8,1,1
117,356,9,1,1
117,557,10,1,2
117,352,11,1,2
117,451,12,1,1
117,488,13,1,3
117,170,14,1,0
117,242,15,1,2
117,441,16,1,1
117,501,17,1,1
117,104,18,1,4
117,276,19,1,1
117,564,20,1,4
118,529,1,0,4
118,356,2,0,1
118,482,3,0,2
118,52,4,0,2
118,25,5,0,0
118,1,6,0,1
118,257,7,0,2
118,242,8,0,2
118,184,9,0,4
118,297,10,0,2
118,530,11,0,0
118,249,12,0,4
118,185,13,0,0
118,31,14,0,1
118,134,15,0,4
118,338,16,0,3
118,164,17,0,4
118,141,18,0,1
118,488,19,0,3
118,548,20,0,3
119,400,1,3,0
119,38,2,3,3
119,116,3,3,1
119,104,4,3,4
119,228,5,3,3
119,328,6,3,3
119,548,7,3,3
119,358,8,3,3
119,433,9,3,3
119,508,10,3,3
119,412,11,3,2
119,303,12,3,3
119,398,13,3,3
119,327,14,3,2
119,353,15,3,3
119,33,16,3,3
119,3,17,3,3
119,385,18,3,0
119,20,19,3,0
119,532,20,3,2
120,28,1,1,3
120,216,2,1,1
120,142,3,1,2
120,242,4,1,2
120,548,5,1,3
120,36,6,1,1
120,241,7,1,1
120,206,8,1,1
120,257,9,1,2
120,69,10,1,4
120,576,11,1,1
120,72,12,1,2
120,16,13,1,1
120,83,14,1,3
120,170,15,1,0
120,324,16,1,4
120,284,17,1,4
120,104,18,1,4
120,51,19,1,1
120,561,20,1,1
121,319,1,4,4
121,440,2,4,0
121,340,3,4,0
121,368,4,4,3
121,229,5,4,4
121,495,6,4,0
121,116,7,4,1
121,152,8,4,2
121,154,9,4,4
121,531,10,4,1
121,279,11,4,4
121,109,12,4,4
121,103,13,4,3
121,164,14,4,4
121,79,15,4,4
121,47,16,4,2
121,257,17,4,2
121,479,18,4,4
121,248,19,4,3
121,169,20,4,4
122,444,1,4,4
122,522,2,4,2
122,465,3,4,0
122,179,4,4,4
122,169,5,4,4
122,429,6,4,4
122,575,7,4,0
122,594,8,4,4
122,329,9,4,4
122,346,10,4,1
122,206,11,4,1
122,519,12,4,4
122,104,13,4,4
122,417,14,4,2
122,205,15,4,0
122,85,16,4,0
122,240,17,4,0
122,114,18,4,4
122,306,19,4,1
122,164,20,4,4
123,556,1,4,1
123,112,2,4,2
123,149,3,4,4
123,233,4,4,3
123,176,5,4,1
123,103,6,4,3
123,164,7,4,4
123,524,8,4,4
123,69,9,4,4
123,219,10,4,4
123,359,11,4,4
123,559,12,4,4
123,340,13,4,0
123,449,14,4,4
123,29,15,4,4
123,466,16,4,1
123,229,17,4,4
123,212,18,4,2
123,104,19,4,4
123,185,20,4,0
124,548,1,1,3
124,346,2,1,1
124,225,3,1,0
124,125,4,1,0
124,558,5,1,3
124,546,6,1,1
124,576,7,1,1
124,441,8,1,1
124,229,9,1,4
124,206,10,1,1
124,531,11,1,1
124,542,12,1,2
124,371,13,1,1
124,483,14,1,3
124,382,15,1,2
124,56,16,1,1
124,366,17,1,1
124,376,18,1,1
124,466,19,1,1
124,99,20,1,4
125,589,1,4,4
125,229,2,4,4
125,243,3,4,3
125,464,4,4,4
125,565,5,4,0
125,104,6,4,4
125,251,7,4,1
125,463,8,4,3
125,393,9,4,3
125,144,10,4,4
125,224,11,4,4
125,106,12,4,1
125,174,13,4,4
125,392,14,4,2
125,69,15,4,4
125,169,16,4,4
125,115,17,4,0
125,29,18,4,4
125,314,19,4,4
125,206,20,4,1
126,548,1,3,3
126,276,2,3,1
126,25,3,3,0
126,289,4,3,4
126,258,5,3,3
126,208,6,3,3
126,569,7,3,4
126,103,8,3,3
126,6,9,3,1
126,564,10,3,4
126,393,11,3,3
126,398,12,3,3
126,243,13,3,3
126,363,14,3,3
126,501,15,3,1
126,478,16,3,3
126,113,17,3,3
126,442,18,3,2
126,212,19,3,2
126,228,20,3,3
127,5,1,4,0
127,104,2,4,4
127,327,3,4,2
127,284,4,4,4
127,568,5,4,3
127,239,6,4,4
127,80,7,4,0
127,471,8,4,1
127,362,9,4,2
127,483,10,4,3
127,108,11,4,3
127,439,12,4,4
127,434,13,4,4
127,49,14,4,4
127,42,15,4,2
127,84,16,4,4
127,292,17,4,2
127,393,18,4,3
127,189,19,4,4
127,100,20,4,0
128,141,1,1,1
128,102,2,1,2
128,436,3,1,1
128,146,4,1,1
128,531,5,1,1
128,21,6,1,1
128,221,7,1,1
128,22,8,1,2
128,149,9,1,4
128,576,10,1,1
128,206,11,1,1
128,99,12,1,4
128,185,13,1,0
128,529,14,1,4
128,0,15,1,0
128,178,16,1,3
128,511,17,1,1
128,548,18,1,3
128,380,19,1,0
128,301,20,1,1
129,119,1,0,4
129,228,2,0,3
129,150,3,0,0
129,173,4,0,3
129,225,5,0,0
129,72,6,0,2
129,115,7,0,0
129,185,8,0,0
129,165,9,0,0
129,365,10,0,0
129,485,11,0,0
129,96,12,0,1
129,273,13,0,3
129,586,14,0,1
129,497,15,0,2
129,569,16,0,4
129,305,17,0,0
129,466,18,0,1
129,543,19,0,3
129,104,20,0,4
130,518,1,0,3
130,515,2,0,0
130,186,3,0,1
130,111,4,0,1
130,105,5,0,0
130,338,6,0,3
130,170,7,0,0
130,234,8,0,4
130,362,9,0,2
130,548,10,0,3
130,90,11,0,0
130,99,12,0,4
130,185,13,0,0
130,361,14,0,1
130,359,15,0,4
130,150,16,0,0
130,104,17,0,4
130,64,18,0,4
130,33,19,0,3
130,549,20,0,4
131,7,1,2,2
131,328,2,2,3
131,547,3,2,2
131,327,4,2,2
131,550,5,2,0
131,422,6,2,2
131,332,7,2,2
131,297,8,2,2
131,556,9,2,1
131,266,10,2,1
131,44,11,2,4
131,482,12,2,2
131,177,13,2,2
131,335,14,2,0
131,245,15,2,0
131,577,16,2,2
131,362,17,2,2
131,355,18,2,0
131,242,19,2,2
131,257,20,2,2
132,185,1,2,0
132,439,2,2,4
132,517,3,2,2
132,437,4,2,2
132,7,5,2,2
132,107,6,2,2
132,355,7,2,0
132,242,8,2,2
132,71,9,2,1
132,37,10,2,2
132,47,11,2,2
132,387,12,2,2
132,28,13,2,3
132,349,14,2,4
132,158,15,2,3
132,257,16,2,2
132,368,17,2,3
132,352,18,2,2
132,466,19,2,1
132,46,20,2,1
133,257,1,2,2
133,173,2,2,3
133,552,3,2,2
133,126,4,2,1
133,377,5,2,2
133,295,6,2,0
133,487,7,2,2
133,79,8,2,4
133,80,9,2,0
133,117,10,2,2
133,537,11,2,2
133,7,12,2,2
133,445,13,2,0
133,543,14,2,3
133,407,15,2,2
133,242,16,2,2
133,513,17,2,3
133,338,18,2,3
133,213,19,2,3
133,158,20,2,3
134,225,1,1,0
134,439,2,1,4
134,85,3,1,0
134,46,4,1,1
134,67,5,1,2
134,298,6,1,3
134,11,7,1,1
134,74,8,1,4
134,169,9,1,4
134,306,10,1,1
134,537,11,1,2
134,38,12,1,3
134,543,13,1,3
134,51,14,1,1
134,338,15,1,3
134,106,16,1,1
134,506,17,1,1
134,117,18,1,2
134,454,19,1,4
134,486,20,1,1
135,391,1,4,1
135,79,2,4,4
135,354,3,4,4
135,476,4,4,1
135,598,5,4,3
135,380,6,4,0
135,164,7,4,4
135,569,8,4,4
135,163,9,4,3
135,366,10,4,1
135,544,11,4,4
135,535,12,4,0
135,54,13,4,4
135,49,14,4,4
135,448,15,4,3
135,174,16,4,4
135,499,17,4,4
135,537,18,4,2
135,548,19,4,3
135,104,20,4,4
136,206,1,1,1
136,524,2,1,4
136,435,3,1,0
136,37,4,1,2
136,61,5,1,1
136,561,6,1,1
136,222,7,1,2
136,99,8,1,4
136,141,9,1,1
136,256,10,1,1
136,441,11,1,1
136,359,12,1,4
136,471,13,1,1
136,548,14,1,3
136,149,15,1,4
136,267,16,1,2
136,58,17,1,3
136,436,18,1,1
136,446,19,1,1
136,356,20,1,1
137,233,1,3,3
137,400,2,3,0
137,471,3,3,1
137,498,4,3,3
137,538,5,3,3
137,98,6,3,3
137,343,7,3,3
137,384,8,3,4
137,448,9,3,3
137,305,10,3,0
137,83,11,3,3
137,243,12,3,3
137,501,13,3,1
137,418,14,3,3
137,467,15,3,2
137,318,16,3,3
137,548,17,3,3
137,273,18,3,3
137,368,19,3,3
137,503,20,3,3
138,468,1,4,3
138,222,2,4,2
138,418,3,4,3
138,164,4,4,4
138,149,5,4,4
138,510,6,4,0
138,104,7,4,4
138,179,8,4,4
138,78,9,4,3
138,188,10,4,3
138,282,11,4,2
138,384,12,4,4
138,369,13,4,4
138,199,14,4,4
138,401,15,4,1
138,529,16,4,4
138,284,17,4,4
138,302,18,4,2
138,274,19,4,4
138,393,20,4,3
139,295,1,0,0
139,310,2,0,0
139,364,3,0,4
139,170,4,0,0
139,79,5,0,4
139,478,6,0,3
139,103,7,0,3
139,355,8,0,0
139,185,9,0,0
139,267,10,0,2
139,474,11,0,4
139,104,12,0,4
139,329,13,0,4
139,413,14,0,3
139,400,15,0,0
139,25,16,0,0
139,81,17,0,1
139,152,18,0,2
139,116,19,0,1
139,350,20,0,0
140,272,1,0,2
140,480,2,0,0
140,576,3,0,1
140,348,4,0,3
140,50,5,0,0
140,90,6,0,0
140,443,7,0,3
140,492,8,0,2
140,102,9,0,2
140,460,10,0,0
140,78,11,0,3
140,336,12,0,1
140,518,13,0,3
140,30,14,0,0
140,488,15,0,3
140,485,16,0,0
140,22,17,0,2
140,236,18,0,1
140,280,19,0,0
140,319,20,0,4
141,178,1,3,3
141,233,2,3,3
141,537,3,3,2
141,158,4,3,3
141,503,5,3,3
141,104,6,3,4
141,33,7,3,3
141,398,8,3,3
141,103,9,3,3
141,501,10,3,1
141,44,11,3,4
141,25,12,3,0
141,163,13,3,3
141,595,14,3,0
141,361,15,3,1
141,338,16,3,3
141,418,17,3,3
141,185,18,3,0
141,508,19,3,3
141,152,20,3,2
142,206,1,3,1
142,418,2,3,3
142,153,3,3,3
142,228,4,3,3
142,141,5,3,1
142,333,6,3,3
142,33,7,3,3
142,404,8,3,4
142,103,9,3,3
142,185,10,3,0
142,466,11,3,1
142,485,12,3,0
142,503,13,3,3
142,330,14,3,0
142,576,15,3,1
142,171,16,3,1
142,381,17,3,1
142,597,18,3,2
142,471,19,3,1
142,299,20,3,4
143,273,1,4,3
143,324,2,4,4
143,45,3,4,0
143,407,4,4,2
143,444,5,4,4
143,439,6,4,4
143,497,7,4,2
143,519,8,4,4
143,371,9,4,1
143,520,10,4,0
143,464,11,4,4
143,359,12,4,4
143,516,13,4,1
143,243,14,4,3
143,492,15,4,2
143,9,16,4,4
143,94,17,4,4
143,104,18,4,4
143,571,19,4,1
143,47,20,4,2
144,524,1,1,4
144,294,2,1,4
144,158,3,1,3
144,231,4,1,1
144,21,5,1,1
144,597,6,1,2
144,503,7,1,3
144,141,8,1,1
144,275,9,1,0
144,25,10,1,0
144,305,11,1,0
144,229,12,1,4
144,465,13,1,0
144,206,14,1,1
144,596,15,1,1
144,165,16,1,0
144,548,17,1,3
144,66,18,1,1
144,242,19,1,2
144,4,20,1,4
145,205,1,1,0
145,25,2,1,0
145,50,3,1,0
145,66,4,1,1
145,9,5,1,4
145,36,6,1,1
145,96,7,1,1
145,331,8,1,1
145,507,9,1,2
145,206,10,1,1
145,141,11,1,1
145,361,12,1,1
145,477,13,1,2
145,288,14,1,3
145,61,15,1,1
145,469,16,1,4
145,111,17,1,1
145,266,18,1,1
145,116,19,1,1
145,549,20,1,4
146,247,1,2,2
146,227,2,2,2
146,594,3,2,4
146,78,4,2,3
146,220,5,2,0
146,206,6,2,1
146,229,7,2,4
146,242,8,2,2
146,462,9,2,2
146,34,10,2,4
146,345,11,2,0
146,80,12,2,0
146,160,13,2,0
146,217,14,2,2
146,398,15,2,3
146,579,16,2,4
146,585,17,2,0
146,52,18,2,2
146,537,19,2,2
146,0,20,2,0
147,465,1,0,0
147,545,2,0,0
147,413,3,0,3
147,101,4,0,1
147,25,5,0,0
147,185,6,0,0
147,61,7,0,1
147,112,8,0,2
147,352,9,0,2
147,110,10,0,0
147,403,11,0,3
147,229,12,0,4
147,113,13,0,3
147,165,14,0,0
147,225,15,0,0
147,331,16,0,1
147,60,17,0,0
147,355,18,0,0
147,231,19,0,1
147,440,20,0,0
148,206,1,1,1
148,416,2,1,1
148,230,3,1,0
148,477,4,1,2
148,411,5,1,1
148,589,6,1,4
148,594,7,1,4
148,293,8,1,3
148,155,9,1,0
148,26,10,1,1
148,405,11,1,0
148,231,12,1,1
148,228,13,1,3
148,121,14,1,1
148,356,15,1,1
148,421,16,1,1
148,377,17,1,2
148,229,18,1,4
148,361,19,1,1
148,505,20,1,0
149,170,1,0,0
149,206,2,0,1
149,25,3,0,0
149,300,4,0,0
149,229,5,0,4
149,150,6,0,0
149,284,7,0,4
149,99,8,0,4
149,327,9,0,2
149,116,10,0,1
149,101,11,0,1
149,205,12,0,0
149,384,13,0,4
149,103,14,0,3
149,225,15,0,0
149,367,16,0,2
149,110,17,0,0
149,132,18,0,2
149,490,19,0,0
149,425,20,0,0
150,504,1,3,4
150,104,2,3,4
150,548,3,3,3
150,284,4,3,4
150,552,5,3,2
150,573,6,3,3
150,212,7,3,2
150,253,8,3,3
150,128,9,3,3
150,225,10,3,0
150,377,11,3,2
150,483,12,3,3
150,543,13,3,3
150,95,14,3,0
150,38,15,3,3
150,158,16,3,3
150,69,17,3,4
150,393,18,3,3
150,25,19,3,0
150,80,20,3,0
151,206,1,0,1
151,425,2,0,0
151,406,3,0,1
151,594,4,0,4
151,355,5,0,0
151,130,6,0,0
151,485,7,0,0
151,548,8,0,3
151,260,9,0,0
151,25,10,0,0
151,437,11,0,2
151,29,12,0,4
151,185,13,0,0
151,160,14,0,0
151,537,15,0,2
151,578,16,0,3
151,401,17,0,1
151,295,18,0,0
151,525,19,0,0
151,51,20,0,1
152,329,1,2,4
152,345,2,2,0
152,416,3,2,1
152,225,4,2,0
152,109,5,2,4
152,99,6,2,4
152,101,7,2,1
152,342,8,2,2
152,142,9,2,2
152,265,10,2,0
152,579,11,2,4
152,403,12,2,3
152,236,13,2,1
152,297,14,2,2
152,67,15,2,2
152,537,16,2,2
152,277,17,2,2
152,414,18,2,4
152,207,19,2,2
152,522,20,2,2
153,242,1,0,2
153,351,2,0,1
153,560,3,0,0
153,545,4,0,0
153,225,5,0,0
153,189,6,0,4
153,82,7,0,2
153,440,8,0,0
153,167,9,0,2
153,185,10,0,0
153,265,11,0,0
153,163,12,0,3
153,378,13,0,3
153,511,14,0,1
153,406,15,0,1
153,257,16,0,2
153,569,17,0,4
153,435,18,0,0
153,350,19,0,0
153,274,20,0,4
154,466,1,1,1
154,351,2,1,1
154,520,3,1,0
154,185,4,1,0
154,93,5,1,3
154,411,6,1,1
154,106,7,1,1
154,123,8,1,3
154,446,9,1,1
154,441,10,1,1
154,96,11,1,1
154,162,12,1,2
154,361,13,1,1
154,103,14,1,3
154,169,15,1,4
154,376,16,1,1
154,87,17,1,2
154,586,18,1,1
154,526,19,1,1
154,248,20,1,3
155,242,1,2,2
155,265,2,2,0
155,477,3,2,2
155,82,4,2,2
155,47,5,2,2
155,206,6,2,1
155,537,7,2,2
155,252,8,2,2
155,14,9,2,4
155,235,10,2,0
155,295,11,2,0
155,402,12,2,2
155,300,13,2,0
155,72,14,2,2
155,257,15,2,2
155,101,16,2,1
155,457,17,2,2
155,117,18,2,2
155,389,19,2,4
155,576,20,2,1
156,417,1,1,2
156,170,2,1,0
156,447,3,1,2
156,101,4,1,1
156,436,5,1,1
156,165,6,1,0
156,141,7,1,1
156,384,8,1,4
156,316,9,1,1
156,395,10,1,0
156,255,11,1,0
156,158,12,1,3
156,283,13,1,3
156,266,14,1,1
156,431,15,1,1
156,401,16,1,1
156,257,17,1,2
156,517,18,1,2
156,161,19,1,1
156,416,20,1,1
157,377,1,2,2
157,102,2,2,2
157,329,3,2,4
157,537,4,2,2
157,12,5,2,2
157,527,6,2,2
157,592,7,2,2
157,455,8,2,0
157,160,9,2,0
157,207,10,2,2
157,540,11,2,0
157,157,12,2,2
157,597,13,2,2
157,437,14,2,2
157,206,15,2,1
157,257,16,2,2
157,7,17,2,2
157,152,18,2,2
157,524,19,2,4
157,384,20,2,4
158,34,1,1,4
158,410,2,1,0
158,581,3,1,1
158,199,4,1,4
158,256,5,1,1
158,596,6,1,1
158,176,7,1,1
158,441,8,1,1
158,141,9,1,1
158,241,10,1,1
158,371,11,1,1
158,599,12,1,4
158,131,13,1,1
158,426,14,1,1
158,61,15,1,1
158,101,16,1,1
158,22,17,1,2
158,175,18,1,0
158,161,19,1,1
158,284,20,1,4
159,419,1,4,4
159,103,2,4,3
159,515,3,4,0
159,146,4,4,1
159,141,5,4,1
159,509,6,4,4
159,164,7,4,4
159,530,8,4,0
159,93,9,4,3
159,311,10,4,1
159,523,11,4,3
159,62,12,4,2
159,206,13,4,1
159,25,14,4,0
159,189,15,4,4
159,395,16,4,0
159,242,17,4,2
159,569,18,4,4
159,104,19,4,4
159,233,20,4,3
160,599,1,2,4
160,587,2,2,2
160,252,3,2,2
160,404,4,2,4
160,104,5,2,4
160,157,6,2,2
160,503,7,2,3
160,585,8,2,0
160,582,9,2,2
160,158,10,2,3
160,537,11,2,2
160,2,12,2,2
160,447,13,2,2
160,207,14,2,2
160,257,15,2,2
160,284,16,2,4
160,455,17,2,0
160,150,18,2,0
160,345,19,2,0
160,492,20,2,2
161,514,1,4,4
161,414,2,4,4
161,594,3,4,4
161,229,4,4,4
161,159,5,4,4
161,3,6,4,3
161,482,7,4,2
161,99,8,4,4
161,10,9,4,0
161,116,10,4,1
161,149,11,4,4
161,548,12,4,3
161,224,13,4,4
161,150,14,4,0
161,279,15,4,4
161,9,16,4,4
161,85,17,4,0
161,361,18,4,1
161,329,19,4,4
161,161,20,4,1
162,206,1,1,1
162,361,2,1,1
162,531,3,1,1
162,228,4,1,3
162,466,5,1,1
162,377,6,1,2
162,386,7,1,1
162,193,8,1,3
162,548,9,1,3
162,286,10,1,1
162,594,11,1,4
162,196,12,1,1
162,576,13,1,1
162,51,14,1,1
162,71,15,1,1
162,351,16,1,1
162,291,17,1,1
162,22,18,1,2
162,127,19,1,2
162,183,20,1,3
163,338,1,3,3
163,43,2,3,3
163,141,3,3,1
163,243,4,3,3
163,548,5,3,3
163,543,6,3,3
163,361,7,3,1
163,208,8,3,3
163,502,9,3,2
163,400,10,3,0
163,281,11,3,1
163,257,12,3,2
163,101,13,3,1
163,503,14,3,3
163,265,15,3,0
163,159,16,3,4
163,557,17,3,2
163,268,18,3,3
163,25,19,3,0
163,413,20,3,3
164,248,1,3,3
164,384,2,3,4
164,185,3,3,0
164,263,4,3,3
164,391,5,3,1
164,353,6,3,3
164,246,7,3,1
164,387,8,3,2
164,96,9,3,1
164,451,10,3,1
164,25,11,3,0
164,510,12,3,0
164,492,13,3,2
164,233,14,3,3
164,229,15,3,4
164,463,16,3,3
164,165,17,3,0
164,225,18,3,0
164,523,19,3,3
164,511,20,3,1
165,65,1,1,0
165,532,2,1,2
165,463,3,1,3
165,468,4,1,3
165,548,5,1,3
165,69,6,1,4
165,160,7,1,0
165,141,8,1,1
165,61,9,1,1
165,291,10,1,1
165,356,11,1,1
165,222,12,1,2
165,233,13,1,3
165,33,14,1,3
165,243,15,1,3
165,394,16,1,4
165,343,17,1,3
165,12,18,1,2
165,6,19,1,1
165,401,20,1,1
166,372,1,1,2
166,202,2,1,2
166,189,3,1,4
166,501,4,1,1
166,361,5,1,1
166,271,6,1,1
166,242,7,1,2
166,44,8,1,4
166,99,9,1,4
166,116,10,1,1
166,336,11,1,1
166,445,12,1,0
166,359,13,1,4
166,206,14,1,1
166,277,15,1,2
166,224,16,1,4
166,457,17,1,2
166,392,18,1,2
166,416,19,1,1
166,316,20,1,1
167,437,1,4,2
167,583,2,4,3
167,214,3,4,4
167,151,4,4,1
167,569,5,4,4
167,108,6,4,3
167,268,7,4,3
167,105,8,4,0
167,14,9,4,4
167,359,10,4,4
167,98,11,4,3
167,25,12,4,0
167,588,13,4,3
167,309,14,4,4
167,354,15,4,4
167,355,16,4,0
167,264,17,4,4
167,327,18,4,2
167,520,19,4,0
167,374,20,4,4
168,191,1,1,1
168,61,2,1,1
168,225,3,1,0
168,576,4,1,1
168,286,5,1,1
168,136,6,1,1
168,597,7,1,2
168,294,8,1,4
168,26,9,1,1
168,206,10,1,1
168,196,11,1,1
168,219,12,1,4
168,141,13,1,1
168,140,14,1,0
168,96,15,1,1
168,80,16,1,0
168,123,17,1,3
168,186,18,1,1
168,546,19,1,1
168,413,20,1,3
169,10,1,0,0
169,464,2,0,4
169,160,3,0,0
169,130,4,0,0
169,565,5,0,0
169,345,6,0,0
169,339,7,0,4
169,329,8,0,4
169,225,9,0,0
169,33,10,0,3
169,401,11,0,1
169,206,12,0,1
169,555,13,0,0
169,330,14,0,0
169,80,15,0,0
169,548,16,0,3
169,100,17,0,0
169,569,18,0,4
169,277,19,0,2
169,185,20,0,0
170,227,1,4,2
170,338,2,4,3
170,169,3,4,4
170,164,4,4,4
170,549,5,4,4
170,154,6,4,4
170,185,7,4,0
170,401,8,4,1
170,278,9,4,3
170,104,10,4,4
170,361,11,4,1
170,419,12,4,4
170,537,13,4,2
170,468,14,4,3
170,327,15,4,2
170,369,16,4,4
170,147,17,4,2
170,589,18,4,4
170,439,19,4,4
170,180,20,4,0
171,257,1,1,2
171,166,2,1,1
171,81,3,1,1
171,301,4,1,1
171,106,5,1,1
171,310,6,1,0
171,209,7,1,4
171,329,8,1,4
171,206,9,1,1
171,361,10,1,1
171,66,11,1,1
171,354,12,1,4
171,580,13,1,0
171,466,14,1,1
171,548,15,1,3
171,331,16,1,1
171,537,17,1,2
171,346,18,1,1
171,416,19,1,1
171,327,20,1,2
172,38,1,3,3
172,453,2,3,3
172,448,3,3,3
172,529,4,3,4
172,327,5,3,2
172,318,6,3,3
172,483,7,3,3
172,158,8,3,3
172,361,9,3,1
172,389,10,3,4
172,548,11,3,3
172,4,12,3,4
172,93,13,3,3
172,523,14,3,3
172,185,15,3,0
172,475,16,3,0
172,257,17,3,2
172,42,18,3,2
172,509,19,3,4
172,231,20,3,1
173,442,1,3,2
173,385,2,3,0
173,1,3,3,1
173,372,4,3,2
173,78,5,3,3
173,591,6,3,1
173,158,7,3,3
173,362,8,3,2
173,103,9,3,3
173,548,10,3,3
173,323,11,3,3
173,131,12,3,1
173,93,13,3,3
173,23,14,3,3
173,585,15,3,0
173,146,16,3,1
173,284,17,3,4
173,523,18,3,3
173,338,19,3,3
173,203,20,3,3
174,355,1,3,0
174,164,2,3,4
174,139,3,3,4
174,436,4,3,1
174,497,5,3,2
174,252,6,3,2
174,46,7,3,1
174,228,8,3,3
174,483,9,3,3
174,431,10,3,1
174,561,11,3,1
174,328,12,3,3
174,104,13,3,4
174,403,14,3,3
174,9,15,3,4
174,225,16,3,0
174,242,17,3,2
174,182,18,3,2
174,103,19,3,3
174,523,20,3,3
175,149,1,3,4
175,103,2,3,3
175,32,3,3,2
175,47,4,3,2
175,393,5,3,3
175,8,6,3,3
175,205,7,3,0
175,352,8,3,2
175,204,9,3,4
175,202,10,3,2
175,413,11,3,3
175,468,12,3,3
175,283,13,3,3
175,195,14,3,0
175,164,15,3,4
175,163,16,3,3
175,508,17,3,3
175,158,18,3,3
175,347,19,3,2
175,353,20,3,3
176,230,1,0,0
176,86,2,0,1
176,597,3,0,2
176,171,4,0,1
176,405,5,0,0
176,181,6,0,1
176,101,7,0,1
176,145,8,0,0
176,395,9,0,0
176,235,10,0,0
176,170,11,0,0
176,5,12,0,0
176,84,13,0,4
176,569,14,0,4
176,360,15,0,0
176,367,16,0,2
176,225,17,0,0
176,496,18,0,1
176,175,19,0,0
176,507,20,0,2
177,89,1,4,4
177,225,2,4,0
177,242,3,4,2
177,111,4,4,1
177,109,5,4,4
177,5,6,4,0
177,364,7,4,4
177,289,8,4,4
177,416,9,4,1
177,324,10,4,4
177,194,11,4,4
177,572,12,4,2
177,568,13,4,3
177,474,14,4,4
177,17,15,4,2
177,104,16,4,4
177,432,17,4,2
177,299,18,4,4
177,330,19,4,0
177,274,20,4,4
178,4,1,0,4
178,588,2,0,3
178,520,3,0,0
178,330,4,0,0
178,450,5,0,0
178,25,6,0,0
178,456,7,0,1
178,196,8,0,1
178,85,9,0,0
178,210,10,0,0
178,185,11,0,0
178,288,12,0,3
178,257,13,0,2
178,295,14,0,0
178,268,15,0,3
178,104,16,0,4
178,569,17,0,4
178,393,18,0,3
178,340,19,0,0
178,381,20,0,1
179,413,1,2,3
179,597,2,2,2
179,350,3,2,0
179,257,4,2,2
179,537,5,2,2
179,112,6,2,2
179,522,7,2,2
179,104,8,2,4
179,117,9,2,2
179,184,10,2,4
179,174,11,2,4
179,475,12,2,0
179,503,13,2,3
179,361,14,2,1
179,137,15,2,2
179,191,16,2,1
179,462,17,2,2
179,223,18,2,3
179,217,19,2,2
179,327,20,2,2
180,38,1,3,3
180,528,2,3,3
180,548,3,3,3
180,373,4,3,3
180,18,5,3,3
180,338,6,3,3
180,466,7,3,1
180,451,8,3,1
180,398,9,3,3
180,388,10,3,3
180,503,11,3,3
180,408,12,3,3
180,231,13,3,1
180,543,14,3,3
180,188,15,3,3
180,20,16,3,0
180,152,17,3,2
180,213,18,3,3
180,342,19,3,2
180,433,20,3,3
181,377,1,1,2
181,86,2,1,1
181,164,3,1,4
181,466,4,1,1
181,257,5,1,2
181,245,6,1,0
181,215,7,1,0
181,57,8,1,2
181,206,9,1,1
181,359,10,1,4
181,183,11,1,3
181,548,12,1,3
181,591,13,1,1
181,295,14,1,0
181,527,15,1,2
181,207,16,1,2
181,364,17,1,4
181,51,18,1,1
181,398,19,1,3
181,242,20,1,2
182,544,1,1,4
182,40,2,1,0
182,91,3,1,1
182,132,4,1,2
182,191,5,1,1
182,206,6,1,1
182,264,7,1,4
182,230,8,1,0
182,306,9,1,1
182,526,10,1,1
182,163,11,1,3
182,229,12,1,4
182,543,13,1,3
182,376,14,1,1
182,301,15,1,1
182,581,16,1,1
182,532,17,1,2
182,166,18,1,1
182,363,19,1,3
182,185,20,1,0
183,511,1,3,1
183,211,2,3,1
183,70,3,3,0
183,503,4,3,3
183,459,5,3,4
183,47,6,3,2
183,58,7,3,3
183,103,8,3,3
183,478,9,3,3
183,331,10,3,1
183,569,11,3,4
183,250,12,3,0
183,86,13,3,1
183,558,14,3,3
183,104,15,3,4
183,178,16,3,3
183,548,17,3,3
183,225,18,3,0
183,338,19,3,3
183,206,20,3,1
184,12,1,4,2
184,149,2,4,4
184,284,3,4,4
184,119,4,4,4
184,124,5,4,4
184,449,6,4,4
184,80,7,4,0
184,327,8,4,2
184,78,9,4,3
184,504,10,4,4
184,534,11,4,4
184,295,12,4,0
184,576,13,4,1
184,333,14,4,3
184,173,15,4,3
184,249,16,4,4
184,433,17,4,3
184,76,18,4,1
184,338,19,4,3
184,374,20,4,4
185,548,1,3,3
185,433,2,3,3
185,68,3,3,3
185,8,4,3,3
185,538,5,3,3
185,103,6,3,3
185,99,7,3,4
185,242,8,3,2
185,141,9,3,1
185,152,10,3,2
185,503,11,3,3
185,396,12,3,1
185,33,13,3,3
185,393,14,3,3
185,278,15,3,3
185,288,16,3,3
185,257,17,3,2
185,185,18,3,0
185,220,19,3,0
185,213,20,3,3
186,468,1,0,3
186,327,2,0,2
186,544,3,0,4
186,537,4,0,2
186,185,5,0,0
186,160,6,0,0
186,225,7,0,0
186,260,8,0,0
186,246,9,0,1
186,164,10,0,4
186,235,11,0,0
186,170,12,0,0
186,436,13,0,1
186,451,14,0,1
186,275,15,0,0
186,205,16,0,0
186,105,17,0,0
186,295,18,0,0
186,445,19,0,0
186,15,20,0,0
187,525,1,2,0
187,331,2,2,1
187,215,3,2,0
187,307,4,2,2
187,347,5,2,2
187,409,6,2,4
187,112,7,2,2
187,274,8,2,4
187,284,9,2,4
187,359,10,2,4
187,257,11,2,2
187,392,12,2,2
187,435,13,2,0
187,437,14,2,2
187,297,15,2,2
187,421,16,2,1
187,537,17,2,2
187,37,18,2,2
187,12,19,2,2
187,582,20,2,2
188,78,1,2,3
188,33,2,2,3
188,202,3,2,2
188,576,4,2,1
188,178,5,2,3
188,3,6,2,3
188,505,7,2,0
188,227,8,2,2
188,297,9,2,2
188,137,10,2,2
188,374,11,2,4
188,592,12,2,2
188,310,13,2,0
188,278,14,2,3
188,537,15,2,2
188,164,16,2,4
188,582,17,2,2
188,392,18,2,2
188,70,19,2,0
188,185,20,2,0
189,597,1,2,2
189,219,2,2,4
189,10,3,2,0
189,316,4,2,1
189,212,5,2,2
189,158,6,2,3
189,577,7,2,2
189,377,8,2,2
189,481,9,2,1
189,225,10,2,0
189,595,11,2,0
189,362,12,2,2
189,6,13,2,1
189,523,14,2,3
189,19,15,2,4
189,92,16,2,2
189,102,17,2,2
189,548,18,2,3
189,592,19,2,2
189,47,20,2,2
190,468,1,3,3
190,548,2,3,3
190,177,3,3,2
190,406,4,3,1
190,598,5,3,3
190,238,6,3,3
190,243,7,3,3
190,590,8,3,0
190,477,9,3,2
190,413,10,3,3
190,309,11,3,4
190,453,12,3,3
190,589,13,3,4
190,191,14,3,1
190,48,15,3,3
190,495,16,3,0
190,173,17,3,3
190,441,18,3,1
190,513,19,3,3
190,353,20,3,3
191,327,1,4,2
191,133,2,4,3
191,170,3,4,0
191,25,4,4,0
191,404,5,4,4
191,284,6,4,4
191,49,7,4,4
191,206,8,4,1
191,174,9,4,4
191,29,10,4,4
191,569,11,4,4
191,2,12,4,2
191,204,13,4,4
191,494,14,4,4
191,409,15,4,4
191,90,16,4,0
191,272,17,4,2
191,399,18,4,4
191,552,19,4,2
191,149,20,4,4
192,580,1,0,0
192,595,2,0,0
192,552,3,0,2
192,279,4,0,4
192,257,5,0,2
192,575,6,0,0
192,160,7,0,0
192,240,8,0,0
192,482,9,0,2
192,540,10,0,0
192,191,11,0,1
192,104,12,0,4
192,361,13,0,1
192,345,14,0,0
192,210,15,0,0
192,597,16,0,2
192,20,17,0,0
192,495,18,0,0
192,231,19,0,1
192,266,20,0,1
193,468,1,3,3
193,503,2,3,3
193,257,3,3,2
193,251,4,3,1
193,33,5,3,3
193,150,6,3,0
193,405,7,3,0
193,253,8,3,3
193,38,9,3,3
193,333,10,3,3
193,528,11,3,3
193,307,12,3,2
193,118,13,3,3
193,164,14,3,4
193,393,15,3,3
193,223,16,3,3
193,338,17,3,3
193,478,18,3,3
193,273,19,3,3
193,108,20,3,3
194,228,1,1,3
194,548,2,1,3
194,158,3,1,3
194,503,4,1,3
194,302,5,1,2
194,509,6,1,4
194,478,7,1,3
194,481,8,1,1
194,281,9,1,1
194,235,10,1,0
194,431,11,1,1
194,545,12,1,0
194,366,13,1,1
194,337,14,1,2
194,166,15,1,1
194,22,16,1,2
194,246,17,1,1
194,61,18,1,1
194,466,19,1,1
194,83,20,1,3
195,52,1,0,2
195,568,2,0,3
195,149,3,0,4
195,382,4,0,2
195,121,5,0,1
195,491,6,0,1
195,141,7,0,1
195,435,8,0,0
195,375,9,0,0
195,260,10,0,0
195,285,11,0,0
195,397,12,0,2
195,57,13,0,2
195,576,14,0,1
195,170,15,0,0
195,122,16,0,2
195,510,17,0,0
195,393,18,0,3
195,200,19,0,0
195,225,20,0,0
196,85,1,0,0
196,390,2,0,0
196,305,3,0,0
196,235,4,0,0
196,320,5,0,0
196,355,6,0,0
196,376,7,0,1
196,295,8,0,0
196,140,9,0,0
196,561,10,0,1
196,174,11,0,4
196,152,12,0,2
196,580,13,0,0
196,183,14,0,3
196,25,15,0,0
196,445,16,0,0
196,249,17,0,4
196,151,18,0,1
196,185,19,0,0
196,356,20,0,1
197,160,1,2,0
197,164,2,2,4
197,413,3,2,3
197,47,4,2,2
197,307,5,2,2
197,130,6,2,0
197,196,7,2,1
197,482,8,2,2
197,172,9,2,2
197,521,10,2,1
197,67,11,2,2
197,344,12,2,4
197,259,13,2,4
197,330,14,2,0
197,519,15,2,4
197,117,16,2,2
197,167,17,2,2
197,150,18,2,0
197,278,19,2,3
197,537,20,2,2
198,23,1,0,3
198,25,2,0,0
198,565,3,0,0
198,185,4,0,0
198,443,5,0,3
198,30,6,0,0
198,135,7,0,0
198,355,8,0,0
198,580,9,0,0
198,356,10,0,1
198,544,11,0,4
198,305,12,0,0
198,160,13,0,0
198,170,14,0,0
198,286,15,0,1
198,48,16,0,3
198,163,17,0,3
198,393,18,0,3
198,80,19,0,0
198,81,20,0,1
199,359,1,1,4
199,331,2,1,1
199,206,3,1,1
199,543,4,1,3
199,116,5,1,1
199,561,6,1,1
199,588,7,1,3
199,478,8,1,3
199,36,9,1,1
199,99,10,1,4
199,521,11,1,1
199,207,12,1,2
199,531,13,1,1
199,281,14,1,1
199,591,15,1,1
199,221,16,1,1
199,230,17,1,0
199,371,18,1,1
199,501,19,1,1
199,492,20,1,2
200,346,1,1,1
200,284,2,1,4
200,151,3,1,1
200,401,4,1,1
200,41,5,1,1
200,534,6,1,4
200,501,7,1,1
200,206,8,1,1
200,99,9,1,4
200,150,10,1,0
200,166,11,1,1
200,73,12,1,3
200,569,13,1,4
200,393,14,1,3
200,561,15,1,1
200,546,16,1,1
200,222,17,1,2
200,356,18,1,1
200,147,19,1,2
200,372,20,1,2
201,509,1,1,4
201,64,2,1,4
201,576,3,1,1
201,501,4,1,1
201,557,5,1,2
201,537,6,1,2
201,196,7,1,1
201,91,8,1,1
201,569,9,1,4
201,546,10,1,1
201,582,11,1,2
201,382,12,1,2
201,123,13,1,3
201,236,14,1,1
201,324,15,1,4
201,211,16,1,1
201,571,17,1,1
201,452,18,1,2
201,513,19,1,3
201,41,20,1,1
202,413,1,3,3
202,198,2,3,3
202,571,3,3,1
202,2,4,3,2
202,243,5,3,3
202,359,6,3,4
202,561,7,3,1
202,118,8,3,3
202,213,9,3,3
202,157,10,3,2
202,443,11,3,3
202,436,12,3,1
202,153,13,3,3
202,385,14,3,0
202,229,15,3,4
202,287,16,3,2
202,433,17,3,3
202,208,18,3,3
202,468,19,3,3
202,163,20,3,3
203,530,1,1,0
203,408,2,1,3
203,340,3,1,0
203,331,4,1,1
203,548,5,1,3
203,443,6,1,3
203,401,7,1,1
203,441,8,1,1
203,566,9,1,1
203,416,10,1,1
203,366,11,1,1
203,131,12,1,1
203,305,13,1,0
203,206,14,1,1
203,563,15,1,3
203,309,16,1,4
203,586,17,1,1
203,413,18,1,3
203,176,19,1,1
203,141,20,1,1
204,196,1,1,1
204,34,2,1,4
204,56,3,1,1
204,246,4,1,1
204,558,5,1,3
204,482,6,1,2
204,71,7,1,1
204,248,8,1,3
204,357,9,1,2
204,105,10,1,0
204,131,11,1,1
204,295,12,1,0
204,156,13,1,1
204,47,14,1,2
204,586,15,1,1
204,594,16,1,4
204,331,17,1,1
204,86,18,1,1
204,567,19,1,2
204,510,20,1,0
205,158,1,0,3
205,405,2,0,0
205,387,3,0,2
205,330,4,0,0
205,536,5,0,1
205,395,6,0,0
205,476,7,0,1
205,310,8,0,0
205,305,9,0,0
205,116,10,0,1
205,306,11,0,1
205,206,12,0,1
205,225,13,0,0
205,185,14,0,0
205,25,15,0,0
205,355,16,0,0
205,199,17,0,4
205,461,18,0,1
205,560,19,0,0
205,222,20,0,2
206,145,1,0,0
206,340,2,0,0
206,204,3,0,4
206,582,4,0,2
206,267,5,0,2
206,377,6,0,2
206,140,7,0,0
206,274,8,0,4
206,295,9,0,0
206,305,10,0,0
206,520,11,0,0
206,206,12,0,1
206,362,13,0,2
206,510,14,0,0
206,581,15,0,1
206,185,16,0,0
206,478,17,0,3
206,57,18,0,2
206,150,19,0,0
206,130,20,0,0
207,239,1,4,4
207,204,2,4,4
207,383,3,4,3
207,214,4,4,4
207,592,5,4,2
207,116,6,4,1
207,149,7,4,4
207,224,8,4,4
207,284,9,4,4
207,124,10,4,4
207,18,11,4,3
207,548,12,4,3
207,559,13,4,4
207,564,14,4,4
207,279,15,4,4
207,88,16,4,3
207,25,17,4,0
207,356,18,4,1
207,514,19,4,4
207,478,20,4,3
208,142,1,2,2
208,103,2,2,3
208,185,3,2,0
208,197,4,2,2
208,67,5,2,2
208,545,6,2,0
208,477,7,2,2
208,559,8,2,4
208,557,9,2,2
208,164,10,2,4
208,290,11,2,0
208,124,12,2,4
208,377,13,2,2
208,327,14,2,2
208,409,15,2,4
208,499,16,2,4
208,576,17,2,1
208,242,18,2,2
208,83,19,2,3
208,352,20,2,2
209,514,1,2,4
209,434,2,2,4
209,117,3,2,2
209,152,4,2,2
209,433,5,2,3
209,51,6,2,1
209,509,7,2,4
209,327,8,2,2
209,219,9,2,4
209,84,10,2,4
209,385,11,2,0
209,567,12,2,2
209,207,13,2,2
209,457,14,2,2
209,569,15,2,4
209,400,16,2,0
209,116,17,2,1
209,582,18,2,2
209,234,19,2,4
209,465,20,2,0
210,411,1,1,1
210,136,2,1,1
210,201,3,1,1
210,276,4,1,1
210,572,5,1,2
210,104,6,1,4
210,272,7,1,2
210,6,8,1,1
210,213,9,1,3
210,399,10,1,4
210,391,11,1,1
210,206,12,1,1
210,434,13,1,4
210,548,14,1,3
210,1,15,1,1
210,246,16,1,1
210,74,17,1,4
210,146,18,1,1
210,164,19,1,4
210,224,20,1,4
211,404,1,4,4
211,49,2,4,4
211,524,3,4,4
211,477,4,4,2
211,359,5,4,4
211,169,6,4,4
211,229,7,4,4
211,125,8,4,0
211,108,9,4,3
211,124,10,4,4
211,529,11,4,4
211,569,12,4,4
211,297,13,4,2
211,64,14,4,4
211,25,15,4,0
211,257,16,4,2
211,330,17,4,0
211,393,18,4,3
211,501,19,4,1
211,323,20,4,3
212,180,1,4,0
212,444,2,4,4
212,302,3,4,2
212,219,4,4,4
212,89,5,4,4
212,104,6,4,4
212,548,7,4,3
212,384,8,4,4
212,119,9,4,4
212,94,10,4,4
212,329,11,4,4
212,228,12,4,3
212,471,13,4,1
212,204,14,4,4
212,592,15,4,2
212,305,16,4,0
212,91,17,4,1
212,544,18,4,4
212,359,19,4,4
212,263,20,4,3
213,291,1,0,1
213,482,2,0,2
213,310,3,0,0
213,230,4,0,0
213,456,5,0,1
213,225,6,0,0
213,104,7,0,4
213,319,8,0,4
213,477,9,0,2
213,430,10,0,0
213,361,11,0,1
213,111,12,0,1
213,285,13,0,0
213,30,14,0,0
213,390,15,0,0
213,549,16,0,4
213,260,17,0,0
213,300,18,0,0
213,405,19,0,0
213,589,20,0,4
214,468,1,3,3
214,7,2,3,2
214,485,3,3,0
214,551,4,3,1
214,149,5,3,4
214,478,6,3,3
214,338,7,3,3
214,169,8,3,4
214,398,9,3,3
214,206,10,3,1
214,482,11,3,2
214,576,12,3,1
214,513,13,3,3
214,22,14,3,2
214,359,15,3,4
214,72,16,3,2
214,393,17,3,3
214,573,18,3,3
214,542,19,3,2
214,248,20,3,3
215,550,1,1,0
215,57,2,1,2
215,576,3,1,1
215,231,4,1,1
215,206,5,1,1
215,101,6,1,1
215,121,7,1,1
215,466,8,1,1
215,19,9,1,4
215,376,10,1,1
215,537,11,1,2
215,371,12,1,1
215,276,13,1,1
215,582,14,1,2
215,373,15,1,3
215,311,16,1,1
215,241,17,1,1
215,61,18,1,1
215,286,19,1,1
215,501,20,1,1
216,5,1,1,0
216,329,2,1,4
216,291,3,1,1
216,561,4,1,1
216,103,5,1,3
216,535,6,1,0
216,164,7,1,4
216,354,8,1,4
216,14,9,1,4
216,393,10,1,3
216,350,11,1,0
216,464,12,1,4
216,468,13,1,3
216,104,14,1,4
216,413,15,1,3
216,216,16,1,1
216,129,17,1,4
216,318,18,1,3
216,548,19,1,3
216,141,20,1,1
217,336,1,0,1
217,189,2,0,4
217,481,3,0,1
217,25,4,0,0
217,86,5,0,1
217,565,6,0,0
217,143,7,0,3
217,425,8,0,0
217,576,9,0,1
217,416,10,0,1
217,72,11,0,2
217,117,12,0,2
217,69,13,0,4
217,220,14,0,0
217,384,15,0,4
217,295,16,0,0
217,160,17,0,0
217,474,18,0,4
217,549,19,0,4
217,353,20,0,3
218,225,1,4,0
218,167,2,4,2
218,368,3,4,3
218,433,4,4,3
218,365,5,4,0
218,346,6,4,1
218,387,7,4,2
218,104,8,4,4
218,474,9,4,4
218,412,10,4,2
218,468,11,4,3
218,469,12,4,4
218,524,13,4,4
218,199,14,4,4
218,399,15,4,4
218,243,16,4,3
218,149,17,4,4
218,529,18,4,4
218,164,19,4,4
218,546,20,4,1
219,364,1,4,4
219,594,2,4,4
219,36,3,4,1
219,290,4,4,0
219,233,5,4,3
219,359,6,4,4
219,229,7,4,4
219,197,8,4,2
219,103,9,4,3
219,244,10,4,4
219,529,11,4,4
219,376,12,4,1
219,455,13,4,0
219,61,14,4,1
219,264,15,4,4
219,164,16,4,4
219,284,17,4,4
219,222,18,4,2
219,33,19,4,3
219,377,20,4,2
220,393,1,1,3
220,281,2,1,1
220,564,3,1,4
220,110,4,1,0
220,257,5,1,2
220,36,6,1,1
220,199,7,1,4
220,421,8,1,1
220,117,9,1,2
220,361,10,1,1
220,152,11,1,2
220,546,12,1,1
220,221,13,1,1
220,76,14,1,1
220,174,15,1,4
220,206,16,1,1
220,286,17,1,1
220,513,18,1,3
220,351,19,1,1
220,4,20,1,4
221,317,1,4,2
221,185,2,4,0
221,244,3,4,4
221,559,4,4,4
221,61,5,4,1
221,104,6,4,4
221,394,7,4,4
221,569,8,4,4
221,338,9,4,3
221,160,10,4,0
221,121,11,4,1
221,94,12,4,4
221,538,13,4,3
221,596,14,4,1
221,229,15,4,4
221,174,16,4,4
221,265,17,4,0
221,372,18,4,2
221,164,19,4,4
221,591,20,4,1
222,454,1,0,4
222,262,2,0,2
222,130,3,0,0
222,164,4,0,4
222,25,5,0,0
222,157,6,0,2
222,150,7,0,0
222,505,8,0,0
222,104,9,0,4
222,81,10,0,1
222,445,11,0,0
222,100,12,0,0
222,255,13,0,0
222,220,14,0,0
222,477,15,0,2
222,185,16,0,0
222,74,17,0,4
222,284,18,0,4
222,294,19,0,4
222,9,20,0,4
223,93,1,3,3
223,225,2,3,0
223,284,3,3,4
223,328,4,3,3
223,548,5,3,3
223,141,6,3,1
223,443,7,3,3
223,164,8,3,4
223,305,9,3,0
223,488,10,3,3
223,28,11,3,3
223,332,12,3,2
223,458,13,3,3
223,468,14,3,3
223,213,15,3,3
223,201,16,3,1
223,594,17,3,4
223,214,18,3,4
223,293,19,3,3
223,462,20,3,2
224,399,1,4,4
224,379,2,4,4
224,159,3,4,4
224,104,4,4,4
224,79,5,4,4
224,319,6,4,4
224,579,7,4,4
224,501,8,4,1
224,144,9,4,4
224,224,10,4,4
224,338,11,4,3
224,101,12,4,1
224,214,13,4,4
224,466,14,4,1
224,62,15,4,2
224,228,16,4,3
224,594,17,4,4
224,209,18,4,4
224,474,19,4,4
224,109,20,4,4
225,377,1,3,2
225,169,2,3,4
225,104,3,3,4
225,133,4,3,3
225,283,5,3,3
225,198,6,3,3
225,100,7,3,0
225,441,8,3,1
225,359,9,3,4
225,93,10,3,3
225,196,11,3,1
225,399,12,3,4
225,148,13,3,3
225,522,14,3,2
225,453,15,3,3
225,543,16,3,3
225,242,17,3,2
225,338,18,3,3
225,503,19,3,3
225,362,20,3,2
226,231,1,2,1
226,427,2,2,2
226,237,3,2,2
226,367,4,2,2
226,227,5,2,2
226,57,6,2,2
226,468,7,2,3
226,374,8,2,4
226,537,9,2,2
226,105,10,2,0
226,327,11,2,2
226,437,12,2,2
226,317,13,2,2
226,42,14,2,2
226,547,15,2,2
226,577,16,2,2
226,107,17,2,2
226,434,18,2,4
226,582,19,2,2
226,47,20,2,2
227,278,1,3,3
227,542,2,3,2
227,478,3,3,3
227,110,4,3,0
227,393,5,3,3
227,48,6,3,3
227,519,7,3,4
227,569,8,3,4
227,158,9,3,3
227,229,10,3,4
227,128,11,3,3
227,361,12,3,1
227,135,13,3,0
227,238,14,3,3
227,68,15,3,3
227,338,16,3,3
227,13,17,3,3
227,537,18,3,2
227,20,19,3,0
227,242,20,3,2
228,113,1,3,3
228,475,2,3,0
228,478,3,3,3
228,463,4,3,3
228,257,5,3,2
228,206,6,3,1
228,88,7,3,3
228,242,8,3,2
228,561,9,3,1
228,548,10,3,3
228,361,11,3,1
228,156,12,3,1
228,104,13,3,4
228,188,14,3,3
228,180,15,3,0
228,480,16,3,0
228,25,17,3,0
228,152,18,3,2
228,429,19,3,4
228,233,20,3,3
229,75,1,1,0
229,561,2,1,1
229,231,3,1,1
229,461,4,1,1
229,99,5,1,4
229,256,6,1,1
229,206,7,1,1
229,437,8,1,2
229,576,9,1,1
229,14,10,1,4
229,201,11,1,1
229,356,12,1,1
229,96,13,1,1
229,235,14,1,0
229,47,15,1,2
229,476,16,1,1
229,141,17,1,1
229,164,18,1,4
229,6,19,1,1
229,439,20,1,4
230,104,1,3,4
230,223,2,3,3
230,155,3,3,0
230,393,4,3,3
230,220,5,3,0
230,503,6,3,3
230,429,7,3,4
230,531,8,3,1
230,178,9,3,3
230,411,10,3,1
230,338,11,3,3
230,188,12,3,3
230,41,13,3,1
230,330,14,3,0
230,230,15,3,0
230,548,16,3,3
230,378,17,3,3
230,303,18,3,3
230,2,19,3,2
230,225,20,3,0
231,529,1,4,4
231,569,2,4,4
231,206,3,4,1
231,504,4,4,4
231,24,5,4,4
231,536,6,4,1
231,149,7,4,4
231,264,8,4,4
231,103,9,4,3
231,164,10,4,4
231,229,11,4,4
231,361,12,4,1
231,8,13,4,3
231,587,14,4,2
231,25,15,4,0
231,251,16,4,1
231,589,17,4,4
231,104,18,4,4
231,409,19,4,4
231,199,20,4,4
232,173,1,2,3
232,322,2,2,2
232,459,3,2,4
232,213,4,2,3
232,237,5,2,2
232,597,6,2,2
232,539,7,2,4
232,14,8,2,4
232,47,9,2,2
232,262,10,2,2
232,72,11,2,2
232,185,12,2,0
232,548,13,2,3
232,25,14,2,0
232,427,15,2,2
232,557,16,2,2
232,205,17,2,0
232,509,18,2,4
232,257,19,2,2
232,292,20,2,2
233,204,1,1,4
233,117,2,1,2
233,361,3,1,1
233,548,4,1,3
233,509,5,1,4
233,381,6,1,1
233,499,7,1,4
233,257,8,1,2
233,391,9,1,1
233,466,10,1,1
233,392,11,1,2
233,206,12,1,1
233,185,13,1,0
233,86,14,1,1
233,25,15,1,0
233,346,16,1,1
233,433,17,1,3
233,597,18,1,2
233,137,19,1,2
233,353,20,1,3
234,476,1,0,1
234,225,2,0,0
234,246,3,0,1
234,410,4,0,0
234,276,5,0,1
234,179,6,0,4
234,409,7,0,4
234,400,8,0,0
234,235,9,0,0
234,206,10,0,1
234,140,11,0,0
234,122,12,0,2
234,274,13,0,4
234,580,14,0,0
234,230,15,0,0
234,327,16,0,2
234,85,17,0,0
234,286,18,0,1
234,295,19,0,0
234,359,20,0,4
235,169,1,3,4
235,247,2,3,2
235,144,3,3,4
235,413,4,3,3
235,357,5,3,2
235,448,6,3,3
235,370,7,3,0
235,185,8,3,0
235,72,9,3,2
235,34,10,3,4
235,295,11,3,0
235,569,12,3,4
235,418,13,3,3
235,393,14,3,3
235,158,15,3,3
235,558,16,3,3
235,257,17,3,2
235,23,18,3,3
235,103,19,3,3
235,384,20,3,4
236,264,1,1,4
236,356,2,1,1
236,392,3,1,2
236,266,4,1,1
236,85,5,1,0
236,545,6,1,0
236,104,7,1,4
236,76,8,1,1
236,176,9,1,1
236,141,10,1,1
236,333,11,1,3
236,219,12,1,4
236,211,13,1,1
236,393,14,1,3
236,597,15,1,2
236,103,16,1,3
236,21,17,1,1
236,186,18,1,1
236,286,19,1,1
236,514,20,1,4
237,158,1,3,3
237,345,2,3,0
237,238,3,3,3
237,23,4,3,3
237,454,5,3,4
237,103,6,3,3
237,298,7,3,3
237,286,8,3,1
237,385,9,3,0
237,175,10,3,0
237,513,11,3,3
237,261,12,3,1
237,177,13,3,2
237,558,14,3,3
237,572,15,3,2
237,318,16,3,3
237,159,17,3,4
237,207,18,3,2
237,96,19,3,1
237,243,20,3,3
238,375,1,0,0
238,35,2,0,0
238,537,3,0,2
238,257,4,0,2
238,23,5,0,3
238,206,6,0,1
238,170,7,0,0
238,196,8,0,1
238,326,9,0,1
238,450,10,0,0
238,572,11,0,2
238,242,12,0,2
238,153,13,0,3
238,185,14,0,0
238,78,15,0,3
238,171,16,0,1
238,325,17,0,0
238,454,18,0,4
238,340,19,0,0
238,187,20,0,2
239,561,1,4,1
239,414,2,4,4
239,409,3,4,4
239,86,4,4,1
239,594,5,4,4
239,569,6,4,4
239,597,7,4,2
239,518,8,4,3
239,49,9,4,4
239,444,10,4,4
239,257,11,4,2
239,548,12,4,3
239,529,13,4,4
239,104,14,4,4
239,169,15,4,4
239,559,16,4,4
239,34,17,4,4
239,339,18,4,4
239,355,19,4,0
239,514,20,4,4
240,329,1,1,4
240,141,2,1,1
240,149,3,1,4
240,537,4,1,2
240,104,5,1,4
240,569,6,1,4
240,561,7,1,1
240,10,8,1,0
240,330,9,1,0
240,206,10,1,1
240,199,11,1,4
240,501,12,1,1
240,71,13,1,1
240,251,14,1,1
240,466,15,1,1
240,65,16,1,0
240,371,17,1,1
240,323,18,1,3
240,558,19,1,3
240,363,20,1,3
241,373,1,3,3
241,248,2,3,3
241,38,3,3,3
241,236,4,3,1
241,353,5,3,3
241,20,6,3,0
241,3,7,3,3
241,225,8,3,0
241,505,9,3,0
241,422,10,3,2
241,123,11,3,3
241,305,12,3,0
241,203,13,3,3
241,391,14,3,1
241,475,15,3,0
241,508,16,3,3
241,185,17,3,0
241,338,18,3,3
241,398,19,3,3
241,503,20,3,3
242,439,1,0,4
242,268,2,0,3
242,257,3,0,2
242,435,4,0,0
242,134,5,0,4
242,579,6,0,4
242,235,7,0,0
242,305,8,0,0
242,104,9,0,4
242,548,10,0,3
242,523,11,0,3
242,49,12,0,4
242,470,13,0,0
242,222,14,0,2
242,245,15,0,0
242,385,16,0,0
242,520,17,0,0
242,597,18,0,2
242,391,19,0,1
242,185,20,0,0
243,382,1,2,2
243,267,2,2,2
243,206,3,2,1
243,384,4,2,4
243,582,5,2,2
243,257,6,2,2
243,292,7,2,2
243,387,8,2,2
243,323,9,2,3
243,537,10,2,2
243,353,11,2,3
243,416,12,2,1
243,152,13,2,2
243,437,14,2,2
243,238,15,2,3
243,211,16,2,1
243,77,17,2,2
243,412,18,2,2
243,477,19,2,2
243,372,20,2,2
244,433,1,3,3
244,557,2,3,2
244,465,3,3,0
244,317,4,3,2
244,501,5,3,1
244,327,6,3,2
244,338,7,3,3
244,206,8,3,1
244,343,9,3,3
244,336,10,3,1
244,471,11,3,1
244,104,12,3,4
244,170,13,3,0
244,356,14,3,1
244,168,15,3,3
244,428,16,3,3
244,178,17,3,3
244,268,18,3,3
244,158,19,3,3
244,562,20,3,2
245,122,1,1,2
245,306,2,1,1
245,61,3,1,1
245,141,4,1,1
245,67,5,1,2
245,416,6,1,1
245,301,7,1,1
245,16,8,1,1
245,578,9,1,3
245,441,10,1,1
245,317,11,1,2
245,361,12,1,1
245,438,13,1,3
245,149,14,1,4
245,392,15,1,2
245,584,16,1,4
245,598,17,1,3
245,206,18,1,1
245,386,19,1,1
245,185,20,1,0
246,104,1,4,4
246,419,2,4,4
246,329,3,4,4
246,149,4,4,4
246,396,5,4,1
246,119,6,4,4
246,196,7,4,1
246,324,8,4,4
246,537,9,4,2
246,124,10,4,4
246,168,11,4,3
246,231,12,4,1
246,359,13,4,4
246,94,14,4,4
246,481,15,4,1
246,569,16,4,4
246,548,17,4,3
246,58,18,4,3
246,334,19,4,4
246,358,20,4,3
247,391,1,1,1
247,411,2,1,1
247,289,3,1,4
247,81,4,1,1
247,236,5,1,1
247,267,6,1,2
247,101,7,1,1
247,576,8,1,1
247,509,9,1,4
247,291,10,1,1
247,550,11,1,0
247,405,12,1,0
247,141,13,1,1
247,591,14,1,1
247,206,15,1,1
247,347,16,1,2
247,161,17,1,1
247,366,18,1,1
247,548,19,1,3
247,61,20,1,1
248,355,1,0,0
248,80,2,0,0
248,345,3,0,0
248,398,4,0,3
248,41,5,0,1
248,141,6,0,1
248,221,7,0,1
248,150,8,0,0
248,32,9,0,2
248,25,10,0,0
248,282,11,0,2
248,400,12,0,0
248,500,13,0,0
248,185,14,0,0
248,45,15,0,0
248,96,16,0,1
248,295,17,0,0
248,466,18,0,1
248,477,19,0,2
248,373,20,0,3
249,439,1,3,4
249,257,2,3,2
249,218,3,3,3
249,558,4,3,3
249,305,5,3,0
249,557,6,3,2
249,149,7,3,4
249,587,8,3,2
249,36,9,3,1
249,418,10,3,3
249,8,11,3,3
249,231,12,3,1
249,53,13,3,3
249,103,14,3,3
249,417,15,3,2
249,361,16,3,1
249,393,17,3,3
249,327,18,3,2
249,118,19,3,3
249,108,20,3,3
250,299,1,3,4
250,439,2,3,4
250,123,3,3,3
250,351,4,3,1
250,178,5,3,3
250,488,6,3,3
250,393,7,3,3
250,268,8,3,3
250,411,9,3,1
250,371,10,3,1
250,297,11,3,2
250,495,12,3,0
250,78,13,3,3
250,528,14,3,3
250,253,15,3,3
250,548,16,3,3
250,22,17,3,2
250,518,18,3,3
250,103,19,3,3
250,503,20,3,3
251,242,1,3,2
251,103,2,3,3
251,523,3,3,3
251,79,4,3,4
251,239,5,3,4
251,4,6,3,4
251,359,7,3,4
251,353,8,3,3
251,569,9,3,4
251,330,10,3,0
251,597,11,3,2
251,576,12,3,1
251,423,13,3,3
251,173,14,3,3
251,23,15,3,3
251,238,16,3,3
251,535,17,3,0
251,503,18,3,3
251,168,19,3,3
251,548,20,3,3
252,219,1,4,4
252,89,2,4,4
252,264,3,4,4
252,444,4,4,4
252,164,5,4,4
252,7,6,4,2
252,428,7,4,3
252,2,8,4,2
252,589,9,4,4
252,69,10,4,4
252,351,11,4,1
252,519,12,4,4
252,99,13,4,4
252,169,14,4,4
252,511,15,4,1
252,466,16,4,1
252,158,17,4,3
252,559,18,4,4
252,485,19,4,0
252,474,20,4,4
253,12,1,2,2
253,337,2,2,2
253,359,3,2,4
253,327,4,2,2
253,192,5,2,2
253,482,6,2,2
253,370,7,2,0
253,282,8,2,2
253,227,9,2,2
253,517,10,2,2
253,378,11,2,3
253,582,12,2,2
253,80,13,2,0
253,107,14,2,2
253,546,15,2,1
253,543,16,2,3
253,16,17,2,1
253,47,18,2,2
253,492,19,2,2
253,384,20,2,4
254,383,1,0,3
254,359,2,0,4
254,443,3,0,3
254,281,4,0,1
254,79,5,0,4
254,350,6,0,0
254,70,7,0,0
254,404,8,0,4
254,196,9,0,1
254,270,10,0,0
254,150,11,0,0
254,110,12,0,0
254,271,13,0,1
254,468,14,0,3
254,382,15,0,2
254,50,16,0,0
254,290,17,0,0
254,141,18,0,1
254,419,19,0,4
254,355,20,0,0
255,36,1,2,1
255,237,2,2,2
255,362,3,2,2
255,227,4,2,2
255,557,5,2,2
255,141,6,2,1
255,352,7,2,2
255,503,8,2,3
255,257,9,2,2
255,17,10,2,2
255,2,11,2,2
255,104,12,2,4
255,585,13,2,0
255,434,14,2,4
255,185,15,2,0
255,402,16,2,2
255,400,17,2,0
255,466,18,2,1
255,537,19,2,2
255,34,20,2,4
256,206,1,1,1
256,499,2,1,4
256,256,3,1,1
256,6,4,1,1
256,112,5,1,2
256,393,6,1,3
256,313,7,1,3
256,405,8,1,0
256,103,9,1,3
256,361,10,1,1
256,68,11,1,3
256,346,12,1,1
256,104,13,1,4
256,26,14,1,1
256,576,15,1,1
256,61,16,1,1
256,131,17,1,1
256,133,18,1,3
256,503,19,1,3
256,149,20,1,4
257,28,1,3,3
257,30,2,3,0
257,393,3,3,3
257,208,4,3,3
257,124,5,3,4
257,531,6,3,1
257,143,7,3,3
257,503,8,3,3
257,338,9,3,3
257,528,10,3,3
257,213,11,3,3
257,91,12,3,1
257,398,13,3,3
257,458,14,3,3
257,104,15,3,4
257,150,16,3,0
257,206,17,3,1
257,548,18,3,3
257,158,19,3,3
257,473,20,3,3
258,326,1,1,1
258,346,2,1,1
258,149,3,1,4
258,412,4,1,2
258,189,5,1,4
258,361,6,1,1
258,221,7,1,1
258,350,8,1,0
258,466,9,1,1
258,306,10,1,1
258,185,11,1,0
258,177,12,1,2
258,76,13,1,1
258,510,14,1,0
258,61,15,1,1
258,126,16,1,1
258,31,17,1,1
258,77,18,1,2
258,298,19,1,3
258,537,20,1,2
259,229,1,0,4
259,596,2,0,1
259,450,3,0,0
259,85,4,0,0
259,252,5,0,2
259,243,6,0,3
259,305,7,0,0
259,230,8,0,0
259,471,9,0,1
259,150,10,0,0
259,185,11,0,0
259,293,12,0,3
259,468,13,0,3
259,235,14,0,0
259,2,15,0,2
259,175,16,0,0
259,345,17,0,0
259,25,18,0,0
259,370,19,0,0
259,420,20,0,0
260,80,1,4,0
260,164,2,4,4
260,182,3,4,2
260,192,4,4,2
260,177,5,4,2
260,185,6,4,0
260,594,7,4,4
260,199,8,4,4
260,503,9,4,3
260,84,10,4,4
260,411,11,4,1
260,257,12,4,2
260,509,13,4,4
260,99,14,4,4
260,9,15,4,4
260,103,16,4,3
260,338,17,4,3
260,576,18,4,1
260,487,19,4,2
260,345,20,4,0
261,163,1,3,3
261,548,2,3,3
261,103,3,3,3
261,95,4,3,0
261,136,5,3,1
261,393,6,3,3
261,185,7,3,0
261,306,8,3,1
261,104,9,3,4
261,483,10,3,3
261,170,11,3,0
261,444,12,3,4
261,597,13,3,2
261,30,14,3,0
261,439,15,3,4
261,538,16,3,3
261,187,17,3,2
261,78,18,3,3
261,383,19,3,3
261,339,20,3,4
262,260,1,2,0
262,229,2,2,4
262,590,3,2,0
262,199,4,2,4
262,104,5,2,4
262,247,6,2,2
262,257,7,2,2
262,1,8,2,1
262,518,9,2,3
262,242,10,2,2
262,537,11,2,2
262,582,12,2,2
262,377,13,2,2
262,7,14,2,2
262,364,15,2,4
262,500,16,2,0
262,413,17,2,3
262,402,18,2,2
262,14,19,2,4
262,437,20,2,2
263,66,1,0,1
263,85,2,0,0
263,141,3,0,1
263,100,4,0,0
263,103,5,0,3
263,257,6,0,2
263,398,7,0,3
263,466,8,0,1
263,420,9,0,0
263,385,10,0,0
263,480,11,0,0
263,400,12,0,0
263,361,13,0,1
263,569,14,0,4
263,270,15,0,0
263,355,16,0,0
263,295,17,0,0
263,345,18,0,0
263,507,19,0,2
263,104,20,0,4
264,286,1,0,1
264,569,2,0,4
264,103,3,0,3
264,74,4,0,4
264,80,5,0,0
264,230,6,0,0
264,55,7,0,0
264,141,8,0,1
264,503,9,0,3
264,185,10,0,0
264,178,11,0,3
264,565,12,0,0
264,560,13,0,0
264,7,14,0,2
264,229,15,0,4
264,42,16,0,2
264,196,17,0,1
264,9,18,0,4
264,170,19,0,0
264,225,20,0,0
265,33,1,4,3
265,185,2,4,0
265,204,3,4,4
265,225,4,4,0
265,170,5,4,0
265,294,6,4,4
265,43,7,4,3
265,546,8,4,1
265,189,9,4,4
265,313,10,4,3
265,264,11,4,4
265,468,12,4,3
265,571,13,4,1
265,554,14,4,4
265,384,15,4,4
265,104,16,4,4
265,7,17,4,2
265,257,18,4,2
265,81,19,4,1
265,437,20,4,2
266,377,1,2,2
266,61,2,2,1
266,150,3,2,0
266,55,4,2,0
266,557,5,2,2
266,497,6,2,2
266,576,7,2,1
266,257,8,2,2
266,353,9,2,3
266,134,10,2,4
266,128,11,2,3
266,185,12,2,0
266,329,13,2,4
266,25,14,2,0
266,0,15,2,0
266,394,16,2,4
266,206,17,2,1
266,72,18,2,2
266,28,19,2,3
266,361,20,2,1
267,404,1,4,4
267,447,2,4,2
267,378,3,4,3
267,434,4,4,4
267,181,5,4,1
267,159,6,4,4
267,314,7,4,4
267,416,8,4,1
267,196,9,4,1
267,409,10,4,4
267,422,11,4,2
267,408,12,4,3
267,478,13,4,3
267,319,14,4,4
267,47,15,4,2
267,399,16,4,4
267,59,17,4,4
267,0,18,4,0
267,49,19,4,4
267,284,20,4,4
268,27,1,2,2
268,554,2,2,4
268,243,3,2,3
268,584,4,2,4
268,540,5,2,0
268,187,6,2,2
268,182,7,2,2
268,480,8,2,0
268,150,9,2,0
268,230,10,2,0
268,402,11,2,2
268,565,12,2,0
268,225,13,2,0
268,185,14,2,0
268,42,15,2,2
268,242,16,2,2
268,517,17,2,2
268,22,18,2,2
268,550,19,2,0
268,597,20,2,2
269,272,1,2,2
269,582,2,2,2
269,39,3,2,4
269,452,4,2,2
269,439,5,2,4
269,542,6,2,2
269,590,7,2,0
269,117,8,2,2
269,76,9,2,1
269,392,10,2,2
269,597,11,2,2
269,522,12,2,2
269,385,13,2,0
269,331,14,2,1
269,257,15,2,2
269,206,16,2,1
269,242,17,2,2
269,543,18,2,3
269,185,19,2,0
269,110,20,2,0
270,317,1,2,2
270,280,2,2,0
270,292,3,2,2
270,242,4,2,2
270,330,5,2,0
270,592,6,2,2
270,206,7,2,1
270,222,8,2,2
270,132,9,2,2
270,229,10,2,4
270,417,11,2,2
270,522,12,2,2
270,541,13,2,1
270,525,14,2,0
270,115,15,2,0
270,147,16,2,2
270,4,17,2,4
270,2,18,2,2
270,497,19,2,2
270,141,20,2,1
271,156,1,1,1
271,296,2,1,1
271,231,3,1,1
271,413,4,1,3
271,257,5,1,2
271,466,6,1,1
271,434,7,1,4
271,141,8,1,1
271,486,9,1,1
271,322,10,1,2
271,377,11,1,2
271,261,12,1,1
271,301,13,1,1
271,56,14,1,1
271,393,15,1,3
271,266,16,1,1
271,391,17,1,1
271,116,18,1,1
271,491,19,1,1
271,206,20,1,1
272,213,1,4,3
272,359,2,4,4
272,104,3,4,4
272,41,4,4,1
272,448,5,4,3
272,362,6,4,2
272,569,7,4,4
272,109,8,4,4
272,548,9,4,3
272,339,10,4,4
272,393,11,4,3
272,323,12,4,3
272,564,13,4,4
272,103,14,4,3
272,479,15,4,4
272,489,16,4,4
272,17,17,4,2
272,235,18,4,0
272,328,19,4,3
272,169,20,4,4
273,477,1,2,2
273,262,2,2,2
273,267,3,2,2
273,104,4,2,4
273,170,5,2,0
273,10,6,2,0
273,68,7,2,3
273,2,8,2,2
273,178,9,2,3
273,361,10,2,1
273,162,11,2,2
273,353,12,2,3
273,51,13,2,1
273,243,14,2,3
273,112,15,2,2
273,242,16,2,2
273,430,17,2,0
273,597,18,2,2
273,356,19,2,1
273,257,20,2,2
274,121,1,3,1
274,528,2,3,3
274,223,3,3,3
274,478,4,3,3
274,104,5,3,4
274,13,6,3,3
274,580,7,3,0
274,275,8,3,0
274,233,9,3,3
274,428,10,3,3
274,385,11,3,0
274,401,12,3,1
274,281,13,3,1
274,327,14,3,2
274,228,15,3,3
274,548,16,3,3
274,482,17,3,2
274,123,18,3,3
274,158,19,3,3
274,143,20,3,3
275,385,1,0,0
275,25,2,0,0
275,595,3,0,0
275,508,4,0,3
275,565,5,0,0
275,350,6,0,0
275,439,7,0,4
275,347,8,0,2
275,81,9,0,1
275,225,10,0,0
275,104,11,0,4
275,190,12,0,0
275,185,13,0,0
275,359,14,0,4
275,355,15,0,0
275,153,16,0,3
275,535,17,0,0
275,230,18,0,0
275,160,19,0,0
275,37,20,0,2
276,257,1,2,2
276,447,2,2,2
276,338,3,2,3
276,579,4,2,4
276,40,5,2,0
276,547,6,2,2
276,42,7,2,2
276,281,8,2,1
276,206,9,2,1
276,252,10,2,2
276,582,11,2,2
276,548,12,2,3
276,422,13,2,2
276,377,14,2,2
276,196,15,2,1
276,407,16,2,2
276,101,17,2,1
276,11,18,2,1
276,67,19,2,2
276,104,20,2,4
277,186,1,1,1
277,116,2,1,1
277,231,3,1,1
277,558,4,1,3
277,361,5,1,1
277,207,6,1,2
277,476,7,1,1
277,106,8,1,1
277,453,9,1,3
277,196,10,1,1
277,501,11,1,1
277,561,12,1,1
277,286,13,1,1
277,51,14,1,1
277,471,15,1,1
277,329,16,1,4
277,551,17,1,1
277,496,18,1,1
277,136,19,1,1
277,25,20,1,0
278,257,1,3,2
278,537,2,3,2
278,548,3,3,3
278,144,4,3,4
278,493,5,3,3
278,101,6,3,1
278,368,7,3,3
278,253,8,3,3
278,47,9,3,2
278,579,10,3,4
278,488,11,3,3
278,86,12,3,1
278,278,13,3,3
278,444,14,3,4
278,377,15,3,2
278,268,16,3,3
278,483,17,3,3
278,53,18,3,3
278,353,19,3,3
278,468,20,3,3
279,368,1,3,3
279,257,2,3,2
279,150,3,3,0
279,353,4,3,3
279,185,5,3,0
279,413,6,3,3
279,421,7,3,1
279,338,8,3,3
279,393,9,3,3
279,178,10,3,3
279,473,11,3,3
279,47,12,3,2
279,548,13,3,3
279,295,14,3,0
279,576,15,3,1
279,498,16,3,3
279,103,17,3,3
279,594,18,3,4
279,53,19,3,3
279,522,20,3,2
280,412,1,2,2
280,457,2,2,2
280,107,3,2,2
280,359,4,2,4
280,139,5,2,4
280,452,6,2,2
280,576,7,2,1
280,257,8,2,2
280,80,9,2,0
280,117,10,2,2
280,62,11,2,2
280,177,12,2,2
280,408,13,2,3
280,327,14,2,2
280,273,15,2,3
280,483,16,2,3
280,597,17,2,2
280,22,18,2,2
280,455,19,2,0
280,471,20,2,1
281,307,1,3,2
281,513,2,3,3
281,537,3,3,2
281,474,4,3,4
281,51,5,3,1
281,413,6,3,3
281,141,7,3,1
281,80,8,3,0
281,468,9,3,3
281,393,10,3,3
281,103,11,3,3
281,278,12,3,3
281,367,13,3,2
281,408,14,3,3
281,516,15,3,1
281,586,16,3,1
281,108,17,3,3
281,340,18,3,0
281,242,19,3,2
281,338,20,3,3
282,597,1,0,2
282,404,2,0,4
282,185,3,0,0
282,25,4,0,0
282,471,5,0,1
282,442,6,0,2
282,531,7,0,1
282,450,8,0,0
282,331,9,0,1
282,401,10,0,1
282,590,11,0,0
282,158,12,0,3
282,235,13,0,0
282,206,14,0,1
282,440,15,0,0
282,273,16,0,3
282,557,17,0,2
282,394,18,0,4
282,200,19,0,0
282,22,20,0,2
283,146,1,1,1
283,196,2,1,1
283,466,3,1,1
283,25,4,1,0
283,170,5,1,0
283,396,6,1,1
283,338,7,1,3
283,231,8,1,1
283,174,9,1,4
283,486,10,1,1
283,543,11,1,3
283,561,12,1,1
283,136,13,1,1
283,261,14,1,1
283,227,15,1,2
283,361,16,1,1
283,114,17,1,4
283,470,18,1,0
283,101,19,1,1
283,532,20,1,2
284,303,1,4,3
284,149,2,4,4
284,569,3,4,4
284,229,4,4,4
284,47,5,4,2
284,560,6,4,0
284,194,7,4,4
284,139,8,4,4
284,310,9,4,0
284,79,10,4,4
284,104,11,4,4
284,164,12,4,4
284,338,13,4,3
284,284,14,4,4
284,583,15,4,3
284,359,16,4,4
284,169,17,4,4
284,526,18,4,1
284,329,19,4,4
284,489,20,4,4
285,284,1,4,4
285,479,2,4,4
285,164,3,4,4
285,62,4,4,2
285,349,5,4,4
285,364,6,4,4
285,359,7,4,4
285,444,8,4,4
285,459,9,4,4
285,422,10,4,2
285,396,11,4,1
285,177,12,4,2
285,413,13,4,3
285,96,14,4,1
285,31,15,4,1
285,169,16,4,4
285,149,17,4,4
285,185,18,4,0
285,229,19,4,4
285,393,20,4,3
286,104,1,4,4
286,267,2,4,2
286,393,3,4,3
286,587,4,4,2
286,544,5,4,4
286,400,6,4,0
286,25,7,4,0
286,243,8,4,3
286,121,9,4,1
286,359,10,4,4
286,164,11,4,4
286,38,12,4,3
286,160,13,4,0
286,299,14,4,4
286,447,15,4,2
286,207,16,4,2
286,491,17,4,1
286,159,18,4,4
286,154,19,4,4
286,384,20,4,4
287,527,1,2,2
287,152,2,2,2
287,62,3,2,2
287,103,4,2,3
287,460,5,2,0
287,537,6,2,2
287,225,7,2,0
287,177,8,2,2
287,149,9,2,4
287,287,10,2,2
287,14,11,2,4
287,240,12,2,0
287,180,13,2,0
287,396,14,2,1
287,393,15,2,3
287,42,16,2,2
287,257,17,2,2
287,185,18,2,0
287,38,19,2,3
287,582,20,2,2
288,1,1,1,1
288,418,2,1,3
288,377,3,1,2
288,257,4,1,2
288,291,5,1,1
288,111,6,1,1
288,537,7,1,2
288,151,8,1,1
288,416,9,1,1
288,359,10,1,4
288,557,11,1,2
288,278,12,1,3
288,565,13,1,0
288,170,14,1,0
288,550,15,1,0
288,466,16,1,1
288,320,17,1,0
288,206,18,1,1
288,371,19,1,1
288,85,20,1,0
289,444,1,1,4
289,548,2,1,3
289,571,3,1,1
289,569,4,1,4
289,311,5,1,1
289,592,6,1,2
289,301,7,1,1
289,216,8,1,1
289,266,9,1,1
289,116,10,1,1
289,316,11,1,1
289,91,12,1,1
289,555,13,1,0
289,353,14,1,3
289,581,15,1,1
289,284,16,1,4
289,400,17,1,0
289,576,18,1,1
289,141,19,1,1
289,533,20,1,3
290,501,1,4,1
290,534,2,4,4
290,104,3,4,4
290,314,4,4,4
290,582,5,4,2
290,511,6,4,1
290,449,7,4,4
290,153,8,4,3
290,435,9,4,0
290,186,10,4,1
290,93,11,4,3
290,599,12,4,4
290,347,13,4,2
290,132,14,4,2
290,295,15,4,0
290,414,16,4,4
290,478,17,4,3
290,548,18,4,3
290,544,19,4,4
290,29,20,4,4
291,12,1,2,2
291,295,2,2,0
291,569,3,2,4
291,257,4,2,2
291,150,5,2,0
291,552,6,2,2
291,161,7,2,1
291,582,8,2,2
291,267,9,2,2
291,398,10,2,3
291,286,11,2,1
291,537,12,2,2
291,466,13,2,1
291,421,14,2,1
291,568,15,2,3
291,248,16,2,3
291,597,17,2,2
291,82,18,2,2
291,509,19,2,4
291,225,20,2,0
292,185,1,0,0
292,534,2,0,4
292,140,3,0,0
292,305,4,0,0
292,552,5,0,2
292,221,6,0,1
292,188,7,0,3
292,205,8,0,0
292,225,9,0,0
292,510,10,0,0
292,416,11,0,1
292,220,12,0,0
292,157,13,0,2
292,47,14,0,2
292,85,15,0,0
292,181,16,0,1
292,164,17,0,4
292,132,18,0,2
292,222,19,0,2
292,142,20,0,2
293,597,1,2,2
293,25,2,2,0
293,535,3,2,0
293,312,4,2,2
293,251,5,2,1
293,354,6,2,4
293,224,7,2,4
293,57,8,2,2
293,32,9,2,2
293,501,10,2,1
293,387,11,2,2
293,393,12,2,3
293,101,13,2,1
293,147,14,2,2
293,466,15,2,1
293,434,16,2,4
293,337,17,2,2
293,104,18,2,4
293,392,19,2,2
293,537,20,2,2
294,473,1,2,3
294,392,2,2,2
294,582,3,2,2
294,104,4,2,4
294,310,5,2,0
294,208,6,2,3
294,564,7,2,4
294,548,8,2,3
294,47,9,2,2
294,138,10,2,3
294,537,11,2,2
294,592,12,2,2
294,190,13,2,0
294,107,14,2,2
294,149,15,2,4
294,480,16,2,0
294,257,17,2,2
294,170,18,2,0
294,187,19,2,2
294,52,20,2,2
295,566,1,2,1
295,110,2,2,0
295,432,3,2,2
295,537,4,2,2
295,112,5,2,2
295,548,6,2,3
295,492,7,2,2
295,336,8,2,1
295,582,9,2,2
295,278,10,2,3
295,416,11,2,1
295,509,12,2,4
295,424,13,2,4
295,242,14,2,2
295,162,15,2,2
295,6,16,2,1
295,330,17,2,0
295,47,18,2,2
295,152,19,2,2
295,478,20,2,3
296,503,1,3,3
296,393,2,3,3
296,448,3,3,3
296,85,4,3,0
296,105,5,3,0
296,359,6,3,4
296,13,7,3,3
296,141,8,3,1
296,104,9,3,4
296,88,10,3,3
296,384,11,3,4
296,208,12,3,3
296,407,13,3,2
296,371,14,3,1
296,401,15,3,1
296,305,16,3,0
296,76,17,3,1
296,242,18,3,2
296,103,19,3,3
296,91,20,3,1
297,439,1,2,4
297,509,2,2,4
297,597,3,2,2
297,392,4,2,2
297,445,5,2,0
297,40,6,2,0
297,152,7,2,2
297,338,8,2,3
297,455,9,2,0
297,82,10,2,2
297,177,11,2,2
297,47,12,2,2
297,33,13,2,3
297,273,14,2,3
297,372,15,2,2
297,57,16,2,2
297,422,17,2,2
297,508,18,2,3
297,482,19,2,2
297,257,20,2,2
298,393,1,4,3
298,534,2,4,4
298,36,3,4,1
298,48,4,4,3
298,104,5,4,4
298,189,6,4,4
298,159,7,4,4
298,296,8,4,1
298,170,9,4,0
298,576,10,4,1
298,99,11,4,4
298,117,12,4,2
298,47,13,4,2
298,314,14,4,4
298,264,15,4,4
298,171,16,4,1
298,101,17,4,1
298,164,18,4,4
298,140,19,4,0
298,313,20,4,3
299,138,1,4,3
299,459,2,4,4
299,431,3,4,1
299,514,4,4,4
299,594,5,4,4
299,329,6,4,4
299,576,7,4,1
299,531,8,4,1
299,304,9,4,4
299,339,10,4,4
299,9,11,4,4
299,196,12,4,1
299,153,13,4,3
299,530,14,4,0
299,264,15,4,4
299,219,16,4,4
299,427,17,4,2
299,104,18,4,4
299,361,19,4,1
299,274,20,4,4
300,140,1,3,0
300,108,2,3,3
300,373,3,3,3
300,527,4,3,2
300,305,5,3,0
300,78,6,3,3
300,368,7,3,3
300,31,8,3,1
300,283,9,3,3
300,503,10,3,3
300,103,11,3,3
300,206,12,3,1
300,571,13,3,1
300,569,14,3,4
300,418,15,3,3
300,25,16,3,0
300,141,17,3,1
300,243,18,3,3
300,193,19,3,3
300,156,20,3,1
301,95,1,3,0
301,47,2,3,2
301,78,3,3,3
301,503,4,3,3
301,178,5,3,3
301,543,6,3,3
301,392,7,3,2
301,104,8,3,4
301,257,9,3,2
301,488,10,3,3
301,498,11,3,3
301,183,12,3,3
301,168,13,3,3
301,352,14,3,2
301,48,15,3,3
301,548,16,3,3
301,273,17,3,3
301,569,18,3,4
301,388,19,3,3
301,123,20,3,3
302,466,1,4,1
302,384,2,4,4
302,589,3,4,4
302,438,4,4,3
302,389,5,4,4
302,283,6,4,3
302,203,7,4,3
302,353,8,4,3
302,447,9,4,2
302,279,10,4,4
302,327,11,4,2
302,307,12,4,2
302,416,13,4,1
302,482,14,4,2
302,104,15,4,4
302,493,16,4,3
302,61,17,4,1
302,569,18,4,4
302,507,19,4,2
302,225,20,4,0
303,164,1,4,4
303,512,2,4,2
303,576,3,4,1
303,284,4,4,4
303,444,5,4,4
303,505,6,4,0
303,36,7,4,1
303,22,8,4,2
303,466,9,4,1
303,395,10,4,0
303,514,11,4,4
303,295,12,4,0
303,144,13,4,4
303,150,14,4,0
303,159,15,4,4
303,418,16,4,3
303,162,17,4,2
303,173,18,4,3
303,184,19,4,4
303,294,20,4,4
304,214,1,4,4
304,64,2,4,4
304,104,3,4,4
304,404,4,4,4
304,519,5,4,4
304,529,6,4,4
304,431,7,4,1
304,194,8,4,4
304,20,9,4,0
304,510,10,4,0
304,41,11,4,1
304,489,12,4,4
304,356,13,4,1
304,474,14,4,4
304,185,15,4,0
304,99,16,4,4
304,229,17,4,4
304,444,18,4,4
304,169,19,4,4
304,28,20,4,3
305,97,1,4,2
305,229,2,4,4
305,352,3,4,2
305,537,4,4,2
305,257,5,4,2
305,209,6,4,4
305,4,7,4,4
305,189,8,4,4
305,287,9,4,2
305,284,10,4,4
305,164,11,4,4
305,160,12,4,0
305,158,13,4,3
305,169,14,4,4
305,329,15,4,4
305,599,16,4,4
305,264,17,4,4
305,519,18,4,4
305,119,19,4,4
305,594,20,4,4
306,501,1,1,1
306,229,2,1,4
306,401,3,1,1
306,466,4,1,1
306,163,5,1,3
306,529,6,1,4
306,74,7,1,4
306,204,8,1,4
306,36,9,1,1
306,473,10,1,3
306,141,11,1,1
306,104,12,1,4
306,206,13,1,1
306,273,14,1,3
306,371,15,1,1
306,331,16,1,1
306,83,17,1,3
306,341,18,1,1
306,421,19,1,1
306,42,20,1,2
307,180,1,4,0
307,448,2,4,3
307,524,3,4,4
307,480,4,4,0
307,235,5,4,0
307,174,6,4,4
307,597,7,4,2
307,307,8,4,2
307,503,9,4,3
307,548,10,4,3
307,244,11,4,4
307,53,12,4,3
307,179,13,4,4
307,269,14,4,4
307,586,15,4,1
307,206,16,4,1
307,129,17,4,4
307,335,18,4,0
307,429,19,4,4
307,379,20,4,4
308,597,1,4,2
308,184,2,4,4
308,99,3,4,4
308,62,4,4,2
308,460,5,4,0
308,141,6,4,1
308,514,7,4,4
308,144,8,4,4
308,103,9,4,3
308,359,10,4,4
308,74,11,4,4
308,79,12,4,4
308,4,13,4,4
308,156,14,4,1
308,106,15,4,1
308,284,16,4,4
308,104,17,4,4
308,164,18,4,4
308,519,19,4,4
308,209,20,4,4
309,320,1,0,0
309,45,2,0,0
309,141,3,0,1
309,330,4,0,0
309,310,5,0,0
309,407,6,0,2
309,580,7,0,0
309,185,8,0,0
309,395,9,0,0
309,253,10,0,3
309,540,11,0,0
309,265,12,0,0
309,268,13,0,3
309,93,14,0,3
309,225,15,0,0
309,440,16,0,0
309,213,17,0,3
309,110,18,0,0
309,295,19,0,0
309,481,20,0,1
310,391,1,0,1
310,350,2,0,0
310,3,3,0,3
310,235,4,0,0
310,575,5,0,0
310,231,6,0,1
310,242,7,0,2
310,561,8,0,1
310,361,9,0,1
310,226,10,0,1
310,170,11,0,0
310,442,12,0,2
310,524,13,0,4
310,132,14,0,2
310,212,15,0,2
310,506,16,0,1
310,264,17,0,4
310,187,18,0,2
310,403,19,0,3
310,355,20,0,0
311,33,1,2,3
311,207,2,2,2
311,72,3,2,2
311,275,4,2,0
311,537,5,2,2
311,57,6,2,2
311,503,7,2,3
311,257,8,2,2
311,435,9,2,0
311,295,10,2,0
311,501,11,2,1
311,231,12,2,1
311,47,13,2,2
311,474,14,2,4
311,122,15,2,2
311,522,16,2,2
311,355,17,2,0
311,245,18,2,0
311,287,19,2,2
311,377,20,2,2
312,243,1,2,3
312,582,2,2,2
312,185,3,2,0
312,597,4,2,2
312,175,5,2,0
312,329,6,2,4
312,437,7,2,2
312,242,8,2,2
312,213,9,2,3
312,417,10,2,2
312,534,11,2,4
312,107,12,2,2
312,497,13,2,2
312,548,14,2,3
312,99,15,2,4
312,72,16,2,2
312,174,17,2,4
312,225,18,2,0
312,505,19,2,0
312,517,20,2,2
313,141,1,3,1
313,23,2,3,3
313,548,3,3,3
313,50,4,3,0
313,328,5,3,3
313,213,6,3,3
313,225,7,3,0
313,359,8,3,4
313,206,9,3,1
313,465,10,3,0
313,51,11,3,1
313,348,12,3,3
313,2,13,3,2
313,305,14,3,0
313,562,15,3,2
313,143,16,3,3
313,32,17,3,2
313,393,18,3,3
313,8,19,3,3
313,103,20,3,3
314,353,1,2,3
314,388,2,2,3
314,206,3,2,1
314,567,4,2,2
314,462,5,2,2
314,174,6,2,4
314,582,7,2,2
314,439,8,2,4
314,266,9,2,1
314,242,10,2,2
314,117,11,2,2
314,392,12,2,2
314,286,13,2,1
314,103,14,2,3
314,412,15,2,2
314,437,16,2,2
314,522,17,2,2
314,597,18,2,2
314,277,19,2,2
314,257,20,2,2
315,159,1,4,4
315,519,2,4,4
315,14,3,4,4
315,550,4,4,0
315,149,5,4,4
315,329,6,4,4
315,304,7,4,4
315,520,8,4,0
315,99,9,4,4
315,259,10,4,4
315,72,11,4,2
315,289,12,4,4
315,242,13,4,2
315,359,14,4,4
315,453,15,4,3
315,284,16,4,4
315,104,17,4,4
315,235,18,4,0
315,124,19,4,4
315,559,20,4,4
316,133,1,0,3
316,190,2,0,0
316,199,3,0,4
316,283,4,0,3
316,567,5,0,2
316,377,6,0,2
316,448,7,0,3
316,25,8,0,0
316,484,9,0,4
316,104,10,0,4
316,465,11,0,0
316,1,12,0,1
316,307,13,0,2
316,454,14,0,4
316,265,15,0,0
316,330,16,0,0
316,355,17,0,0
316,597,18,0,2
316,185,19,0,0
316,340,20,0,0
317,537,1,1,2
317,473,2,1,3
317,164,3,1,4
317,158,4,1,3
317,503,5,1,3
317,576,6,1,1
317,199,7,1,4
317,551,8,1,1
317,104,9,1,4
317,416,10,1,1
317,355,11,1,0
317,478,12,1,3
317,206,13,1,1
317,227,14,1,2
317,359,15,1,4
317,246,16,1,1
317,591,17,1,1
317,216,18,1,1
317,150,19,1,0
317,71,20,1,1
318,249,1,4,4
318,537,2,4,2
318,145,3,4,0
318,243,4,4,3
318,361,5,4,1
318,359,6,4,4
318,466,7,4,1
318,294,8,4,4
318,420,9,4,0
318,416,10,4,1
318,503,11,4,3
318,544,12,4,4
318,599,13,4,4
318,149,14,4,4
318,103,15,4,3
318,338,16,4,3
318,229,17,4,4
318,194,18,4,4
318,290,19,4,0
318,104,20,4,4
319,316,1,3,1
319,276,2,3,1
319,198,3,3,3
319,437,4,3,2
319,158,5,3,3
319,109,6,3,4
319,152,7,3,2
319,149,8,3,4
319,123,9,3,3
319,53,10,3,3
319,143,11,3,3
319,178,12,3,3
319,318,13,3,3
319,473,14,3,3
319,79,15,3,4
319,189,16,3,4
319,543,17,3,3
319,265,18,3,0
319,556,19,3,1
319,78,20,3,3
320,30,1,0,0
320,213,2,0,3
320,155,3,0,0
320,235,4,0,0
320,185,5,0,0
320,206,6,0,1
320,471,7,0,1
320,435,8,0,0
320,545,9,0,0
320,598,10,0,3
320,336,11,0,1
320,25,12,0,0
320,594,13,0,4
320,104,14,0,4
320,529,15,0,4
320,569,16,0,4
320,147,17,0,2
320,273,18,0,3
320,537,19,0,2
320,43,20,0,3
321,278,1,1,3
321,185,2,1,0
321,101,3,1,1
321,295,4,1,0
321,276,5,1,1
321,332,6,1,2
321,471,7,1,1
321,301,8,1,1
321,361,9,1,1
321,516,10,1,1
321,354,11,1,4
321,409,12,1,4
321,455,13,1,0
321,51,14,1,1
321,37,15,1,2
321,206,16,1,1
321,555,17,1,0
321,407,18,1,2
321,81,19,1,1
321,416,20,1,1
322,29,1,3,4
322,193,2,3,3
322,231,3,3,1
322,537,4,3,2
322,548,5,3,3
322,413,6,3,3
322,63,7,3,3
322,594,8,3,4
322,104,9,3,4
322,597,10,3,2
322,103,11,3,3
322,257,12,3,2
322,253,13,3,3
322,192,14,3,2
322,93,15,3,3
322,217,16,3,2
322,573,17,3,3
322,393,18,3,3
322,338,19,3,3
322,428,20,3,3
323,225,1,4,0
323,53,2,4,3
323,361,3,4,1
323,339,4,4,4
323,524,5,4,4
323,439,6,4,4
323,104,7,4,4
323,243,8,4,3
323,206,9,4,1
323,403,10,4,3
323,14,11,4,4
323,431,12,4,1
323,359,13,4,4
323,347,14,4,2
323,89,15,4,4
323,168,16,4,3
323,169,17,4,4
323,224,18,4,4
323,79,19,4,4
323,229,20,4,4
324,334,1,3,4
324,523,2,3,3
324,103,3,3,3
324,503,4,3,3
324,242,5,3,2
324,548,6,3,3
324,41,7,3,1
324,25,8,3,0
324,229,9,3,4
324,463,10,3,3
324,284,11,3,4
324,120,12,3,0
324,468,13,3,3
324,471,14,3,1
324,534,15,3,4
324,488,16,3,3
324,393,17,3,3
324,228,18,3,3
324,318,19,3,3
324,194,20,3,4
325,536,1,1,1
325,286,2,1,1
325,60,3,1,0
325,206,4,1,1
325,575,5,1,0
325,167,6,1,2
325,7,7,1,2
325,209,8,1,4
325,501,9,1,1
325,596,10,1,1
325,251,11,1,1
325,234,12,1,4
325,163,13,1,3
325,561,14,1,1
325,361,15,1,1
325,316,16,1,1
325,356,17,1,1
325,476,18,1,1
325,194,19,1,4
325,176,20,1,1
326,95,1,2,0
326,206,2,2,1
326,392,3,2,2
326,242,4,2,2
326,47,5,2,2
326,302,6,2,2
326,484,7,2,4
326,361,8,2,1
326,362,9,2,2
326,456,10,2,1
326,287,11,2,2
326,270,12,2,0
326,34,13,2,4
326,199,14,2,4
326,537,15,2,2
326,450,16,2,0
326,529,17,2,4
326,247,18,2,2
326,548,19,2,3
326,196,20,2,1
327,143,1,1,3
327,391,2,1,1
327,545,3,1,0
327,284,4,1,4
327,325,5,1,0
327,287,6,1,2
327,141,7,1,1
327,21,8,1,1
327,225,9,1,0
327,511,10,1,1
327,485,11,1,0
327,404,12,1,4
327,86,13,1,1
327,293,14,1,3
327,446,15,1,1
327,548,16,1,3
327,451,17,1,1
327,61,18,1,1
327,394,19,1,4
327,581,20,1,1
328,403,1,3,3
328,448,2,3,3
328,168,3,3,3
328,558,4,3,3
328,553,5,3,3
328,328,6,3,3
328,569,7,3,4
328,104,8,3,4
328,28,9,3,3
328,123,10,3,3
328,338,11,3,3
328,564,12,3,4
328,166,13,3,1
328,398,14,3,3
328,388,15,3,3
328,469,16,3,4
328,259,17,3,4
328,101,18,3,1
328,103,19,3,3
328,533,20,3,3
329,62,1,2,2
329,522,2,2,2
329,222,3,2,2
329,207,4,2,2
329,298,5,2,3
329,219,6,2,4
329,514,7,2,4
329,242,8,2,2
329,192,9,2,2
329,392,10,2,2
329,225,11,2,0
329,215,12,2,0
329,535,13,2,0
329,377,14,2,2
329,387,15,2,2
329,257,16,2,2
329,554,17,2,4
329,272,18,2,2
329,112,19,2,2
329,259,20,2,4
330,548,1,0,3
330,131,2,0,1
330,510,3,0,0
330,235,4,0,0
330,65,5,0,0
330,556,6,0,1
330,461,7,0,1
330,597,8,0,2
330,223,9,0,3
330,101,10,0,1
330,516,11,0,1
330,562,12,0,2
330,145,13,0,0
330,338,14,0,3
330,225,15,0,0
330,260,16,0,0
330,230,17,0,0
330,25,18,0,0
330,149,19,0,4
330,100,20,0,0
331,155,1,0,0
331,273,2,0,3
331,315,3,0,0
331,225,4,0,0
331,10,5,0,0
331,506,6,0,1
331,112,7,0,2
331,450,8,0,0
331,110,9,0,0
331,428,10,0,3
331,25,11,0,0
331,100,12,0,0
331,425,13,0,0
331,440,14,0,0
331,205,15,0,0
331,185,16,0,0
331,447,17,0,2
331,445,18,0,0
331,300,19,0,0
331,45,20,0,0
332,170,1,0,0
332,565,2,0,0
332,0,3,0,0
332,107,4,0,2
332,350,5,0,0
332,524,6,0,4
332,345,7,0,0
332,249,8,0,4
332,8,9,0,3
332,227,10,0,2
332,576,11,0,1
332,540,12,0,0
332,323,13,0,3
332,597,14,0,2
332,375,15,0,0
332,355,16,0,0
332,543,17,0,3
332,445,18,0,0
332,23,19,0,3
332,147,20,0,2
333,531,1,4,1
333,284,2,4,4
333,242,3,4,2
333,504,4,4,4
333,471,5,4,1
333,216,6,4,1
333,259,7,4,4
333,409,8,4,4
333,135,9,4,0
333,99,10,4,4
333,189,11,4,4
333,380,12,4,0
333,229,13,4,4
333,483,14,4,3
333,164,15,4,4
333,139,16,4,4
333,482,17,4,2
333,396,18,4,1
333,104,19,4,4
333,344,20,4,4
334,138,1,3,3
334,278,2,3,3
334,257,3,3,2
334,348,4,3,3
334,503,5,3,3
334,497,6,3,2
334,0,7,3,0
334,416,8,3,1
334,158,9,3,3
334,540,10,3,0
334,548,11,3,3
334,108,12,3,3
334,395,13,3,0
334,576,14,3,1
334,287,15,3,2
334,393,16,3,3
334,63,17,3,3
334,260,18,3,0
334,528,19,3,3
334,355,20,3,0
335,190,1,1,0
335,374,2,1,4
335,151,3,1,1
335,566,4,1,1
335,416,5,1,1
335,284,6,1,4
335,72,7,1,2
335,382,8,1,2
335,104,9,1,4
335,101,10,1,1
335,111,11,1,1
335,437,12,1,2
335,141,13,1,1
335,281,14,1,1
335,213,15,1,3
335,127,16,1,2
335,124,17,1,4
335,7,18,1,2
335,407,19,1,2
335,311,20,1,1
336,120,1,0,0
336,160,2,0,0
336,185,3,0,0
336,170,4,0,0
336,493,5,0,3
336,330,6,0,0
336,345,7,0,0
336,554,8,0,4
336,156,9,0,1
336,261,10,0,1
336,199,11,0,4
336,557,12,0,2
336,225,13,0,0
336,284,14,0,4
336,205,15,0,0
336,431,16,0,1
336,215,17,0,0
336,420,18,0,0
336,47,19,0,2
336,206,20,0,1
337,242,1,2,2
337,594,2,2,4
337,169,3,2,4
337,449,4,2,4
337,582,5,2,2
337,537,6,2,2
337,362,7,2,2
337,347,8,2,2
337,446,9,2,1
337,367,10,2,2
337,102,11,2,2
337,218,12,2,3
337,275,13,2,0
337,466,14,2,1
337,477,15,2,2
337,37,16,2,2
337,104,17,2,4
337,257,18,2,2
337,197,19,2,2
337,365,20,2,0
338,103,1,1,3
338,453,2,1,3
338,466,3,1,1
338,567,4,1,2
338,164,5,1,4
338,338,6,1,3
338,431,7,1,1
338,161,8,1,1
338,286,9,1,1
338,117,10,1,2
338,591,11,1,1
338,408,12,1,3
338,576,13,1,1
338,416,14,1,1
338,196,15,1,1
338,257,16,1,2
338,464,17,1,4
338,318,18,1,3
338,86,19,1,1
338,418,20,1,3
339,401,1,0,1
339,115,2,0,0
339,250,3,0,0
339,185,4,0,0
339,391,5,0,1
339,360,6,0,0
339,225,7,0,0
339,433,8,0,3
339,160,9,0,0
339,66,10,0,1
339,295,11,0,0
339,140,12,0,0
339,565,13,0,0
339,29,14,0,4
339,530,15,0,0
339,569,16,0,4
339,120,17,0,0
339,410,18,0,0
339,85,19,0,0
339,242,20,0,2
340,418,1,3,3
340,185,2,3,0
340,273,3,3,3
340,309,4,3,4
340,353,5,3,3
340,333,6,3,3
340,87,7,3,2
340,415,8,3,0
340,25,9,3,0
340,393,10,3,3
340,174,11,3,4
340,103,12,3,3
340,471,13,3,1
340,493,14,3,3
340,331,15,3,1
340,178,16,3,3
340,463,17,3,3
340,433,18,3,3
340,454,19,3,4
340,548,20,3,3
341,178,1,3,3
341,597,2,3,2
341,322,3,3,2
341,159,4,3,4
341,73,5,3,3
341,580,6,3,0
341,257,7,3,2
341,22,8,3,2
341,403,9,3,3
341,155,10,3,0
341,149,11,3,4
341,528,12,3,3
341,478,13,3,3
341,78,14,3,3
341,535,15,3,0
341,93,16,3,3
341,393,17,3,3
341,447,18,3,2
341,548,19,3,3
341,235,20,3,0
342,325,1,0,0
342,305,2,0,0
342,548,3,0,3
342,70,4,0,0
342,235,5,0,0
342,205,6,0,0
342,85,7,0,0
342,145,8,0,0
342,225,9,0,0
342,213,10,0,3
342,170,11,0,0
342,460,12,0,0
342,540,13,0,0
342,470,14,0,0
342,81,15,0,1
342,329,16,0,4
342,401,17,0,1
342,185,18,0,0
342,300,19,0,0
342,99,20,0,4
343,569,1,4,4
343,370,2,4,0
343,79,3,4,4
343,2,4,4,2
343,309,5,4,4
343,274,6,4,4
343,461,7,4,1
343,104,8,4,4
343,102,9,4,2
343,184,10,4,4
343,109,11,4,4
343,359,12,4,4
343,369,13,4,4
343,339,14,4,4
343,529,15,4,4
343,36,16,4,1
343,159,17,4,4
343,412,18,4,2
343,269,19,4,4
343,464,20,4,4
344,284,1,2,4
344,518,2,2,3
344,28,3,2,3
344,102,4,2,2
344,177,5,2,2
344,101,6,2,1
344,81,7,2,1
344,164,8,2,4
344,113,9,2,3
344,223,10,2,3
344,295,11,2,0
344,377,12,2,2
344,522,13,2,2
344,77,14,2,2
344,42,15,2,2
344,567,16,2,2
344,537,17,2,2
344,168,18,2,3
344,368,19,2,3
344,442,20,2,2
345,160,1,0,0
345,104,2,0,4
345,519,3,0,4
345,516,4,0,1
345,45,5,0,0
345,300,6,0,0
345,100,7,0,0
345,333,8,0,3
345,96,9,0,1
345,25,10,0,0
345,580,11,0,0
345,395,12,0,0
345,549,13,0,4
345,103,14,0,3
345,302,15,0,2
345,371,16,0,1
345,345,17,0,0
345,450,18,0,0
345,150,19,0,0
345,537,20,0,2
346,168,1,3,3
346,86,2,3,1
346,206,3,3,1
346,153,4,3,3
346,478,5,3,3
346,548,6,3,3
346,191,7,3,1
346,384,8,3,4
346,503,9,3,3
346,359,10,3,4
346,431,11,3,1
346,355,12,3,0
346,518,13,3,3
346,568,14,3,3
346,150,15,3,0
346,483,16,3,3
346,439,17,3,4
346,103,18,3,3
346,164,19,3,4
346,267,20,3,2
347,257,1,2,2
347,317,2,2,2
347,167,3,2,2
347,327,4,2,2
347,597,5,2,2
347,59,6,2,4
347,170,7,2,0
347,312,8,2,2
347,517,9,2,2
347,275,10,2,0
347,362,11,2,2
347,442,12,2,2
347,38,13,2,3
347,342,14,2,2
347,557,15,2,2
347,47,16,2,2
347,121,17,2,1
347,106,18,2,1
347,576,19,2,1
347,185,20,2,0
348,78,1,2,3
348,586,2,2,1
348,35,3,2,0
348,222,4,2,2
348,301,5,2,1
348,435,6,2,0
348,522,7,2,2
348,41,8,2,1
348,182,9,2,2
348,242,10,2,2
348,331,11,2,1
348,265,12,2,0
348,117,13,2,2
348,149,14,2,4
348,96,15,2,1
348,355,16,2,0
348,482,17,2,2
348,466,18,2,1
348,557,19,2,2
348,162,20,2,2
349,206,1,1,1
349,305,2,1,0
349,409,3,1,4
349,401,4,1,1
349,355,5,1,0
349,331,6,1,1
349,257,7,1,2
349,534,8,1,4
349,116,9,1,1
349,228,10,1,3
349,231,11,1,1
349,471,12,1,1
349,466,13,1,1
349,269,14,1,4
349,548,15,1,3
349,25,16,1,0
349,501,17,1,1
349,207,18,1,2
349,361,19,1,1
349,141,20,1,1
350,361,1,1,1
350,6,2,1,1
350,126,3,1,1
350,87,4,1,2
350,141,5,1,1
350,206,6,1,1
350,537,7,1,2
350,81,8,1,1
350,594,9,1,4
350,355,10,1,0
350,561,11,1,1
350,77,12,1,2
350,80,13,1,0
350,257,14,1,2
350,586,15,1,1
350,236,16,1,1
350,402,17,1,2
350,2,18,1,2
350,61,19,1,1
350,48,20,1,3
351,572,1,2,2
351,92,2,2,2
351,237,3,2,2
351,17,4,2,2
351,312,5,2,2
351,474,6,2,4
351,2,7,2,2
351,227,8,2,2
351,361,9,2,1
351,170,10,2,0
351,509,11,2,4
351,37,12,2,2
351,327,13,2,2
351,380,14,2,0
351,207,15,2,2
351,582,16,2,2
351,145,17,2,0
351,150,18,2,0
351,185,19,2,0
351,338,20,2,3
352,519,1,4,4
352,207,2,4,2
352,25,3,4,0
352,438,4,4,3
352,189,5,4,4
352,464,6,4,4
352,522,7,4,2
352,99,8,4,4
352,224,9,4,4
352,501,10,4,1
352,395,11,4,0
352,104,12,4,4
352,44,13,4,4
352,206,14,4,1
352,416,15,4,1
352,205,16,4,0
352,445,17,4,0
352,289,18,4,4
352,199,19,4,4
352,267,20,4,2
353,412,1,2,2
353,566,2,2,1
353,359,3,2,4
353,303,4,2,3
353,67,5,2,2
353,487,6,2,2
353,367,7,2,2
353,377,8,2,2
353,565,9,2,0
353,178,10,2,3
353,228,11,2,3
353,73,12,2,3
353,124,13,2,4
353,206,14,2,1
353,117,15,2,2
353,508,16,2,3
353,284,17,2,4
353,325,18,2,0
353,72,19,2,2
353,567,20,2,2
354,518,1,3,3
354,110,2,3,0
354,170,3,3,0
354,503,4,3,3
354,389,5,3,4
354,398,6,3,3
354,274,7,3,4
354,595,8,3,0
354,103,9,3,3
354,257,10,3,2
354,548,11,3,3
354,180,12,3,0
354,243,13,3,3
354,128,14,3,3
354,543,15,3,3
354,145,16,3,0
354,275,17,3,0
354,25,18,3,0
354,20,19,3,0
354,501,20,3,1
355,45,1,0,0
355,257,2,0,2
355,479,3,0,4
355,219,4,0,4
355,224,5,0,4
355,7,6,0,2
355,585,7,0,0
355,284,8,0,4
355,509,9,0,4
355,482,10,0,2
355,165,11,0,0
355,59,12,0,4
355,206,13,0,1
355,185,14,0,0
355,0,15,0,0
355,428,16,0,3
355,110,17,0,0
355,158,18,0,3
355,215,19,0,0
355,198,20,0,3
356,136,1,1,1
356,81,2,1,1
356,246,3,1,1
356,389,4,1,4
356,429,5,1,4
356,307,6,1,2
356,361,7,1,1
356,439,8,1,4
356,311,9,1,1
356,141,10,1,1
356,372,11,1,2
356,384,12,1,4
356,385,13,1,0
356,206,14,1,1
356,128,15,1,3
356,91,16,1,1
356,336,17,1,1
356,78,18,1,3
356,110,19,1,0
356,371,20,1,1
357,14,1,4,4
357,149,2,4,4
357,34,3,4,4
357,152,4,4,2
357,104,5,4,4
357,253,6,4,3
357,229,7,4,4
357,134,8,4,4
357,112,9,4,2
357,355,10,4,0
357,545,11,4,0
357,401,12,4,1
357,408,13,4,3
357,185,14,4,0
357,464,15,4,4
357,359,16,4,4
357,164,17,4,4
357,279,18,4,4
357,542,19,4,2
357,196,20,4,1
358,347,1,3,2
358,8,2,3,3
358,576,3,3,1
358,103,4,3,3
358,113,5,3,3
358,158,6,3,3
358,117,7,3,2
358,312,8,3,2
358,145,9,3,0
358,548,10,3,3
358,379,11,3,4
358,468,12,3,3
358,398,13,3,3
358,599,14,3,4
358,394,15,3,4
358,547,16,3,2
358,558,17,3,3
358,193,18,3,3
358,323,19,3,3
358,257,20,3,2
359,242,1,1,2
359,377,2,1,2
359,206,3,1,1
359,406,4,1,1
359,80,5,1,0
359,282,6,1,2
359,149,7,1,4
359,464,8,1,4
359,66,9,1,1
359,341,10,1,1
359,516,11,1,1
359,31,12,1,1
359,245,13,1,0
359,548,14,1,3
359,591,15,1,1
359,185,16,1,0
359,261,17,1,1
359,152,18,1,2
359,47,19,1,2
359,81,20,1,1
360,74,1,4,4
360,68,2,4,3
360,415,3,4,0
360,479,4,4,4
360,124,5,4,4
360,206,6,4,1
360,384,7,4,4
360,104,8,4,4
360,584,9,4,4
360,25,10,4,0
360,433,11,4,3
360,359,12,4,4
360,23,13,4,3
360,225,14,4,0
360,219,15,4,4
360,308,16,4,3
360,164,17,4,4
360,19,18,4,4
360,146,19,4,1
360,280,20,4,0
361,208,1,4,3
361,349,2,4,4
361,264,3,4,4
361,553,4,4,3
361,149,5,4,4
361,49,6,4,4
361,469,7,4,4
361,456,8,4,1
361,385,9,4,0
361,124,10,4,4
361,511,11,4,1
361,102,12,4,2
361,269,13,4,4
361,597,14,4,2
361,528,15,4,3
361,134,16,4,4
361,60,17,4,0
361,254,18,4,4
361,80,19,4,0
361,196,20,4,1
362,594,1,1,4
362,211,2,1,1
362,206,3,1,1
362,258,4,1,3
362,273,5,1,3
362,582,6,1,2
362,301,7,1,1
362,199,8,1,4
362,291,9,1,1
362,492,10,1,2
362,242,11,1,2
362,581,12,1,1
362,393,13,1,3
362,576,14,1,1
362,231,15,1,1
362,192,16,1,2
362,141,17,1,1
362,466,18,1,1
362,110,19,1,0
362,205,20,1,0
363,289,1,4,4
363,259,2,4,4
363,47,3,4,2
363,158,4,4,3
363,61,5,4,1
363,324,6,4,4
363,41,7,4,1
363,121,8,4,1
363,359,9,4,4
363,329,10,4,4
363,274,11,4,4
363,433,12,4,3
363,117,13,4,2
363,317,14,4,2
363,387,15,4,2
363,471,16,4,1
363,104,17,4,4
363,224,18,4,4
363,100,19,4,0
363,199,20,4,4
364,430,1,3,0
364,73,2,3,3
364,185,3,3,0
364,206,4,3,1
364,323,5,3,3
364,503,6,3,3
364,477,7,3,2
364,356,8,3,1
364,238,9,3,3
364,152,10,3,2
364,537,11,3,2
364,379,12,3,4
364,163,13,3,3
364,257,14,3,2
364,162,15,3,2
364,594,16,3,4
364,233,17,3,3
364,103,18,3,3
364,113,19,3,3
364,251,20,3,1
365,141,1,1,1
365,346,2,1,1
365,71,3,1,1
365,466,4,1,1
365,153,5,1,3
365,503,6,1,3
365,331,7,1,1
365,548,8,1,3
365,121,9,1,1
365,124,10,1,4
365,302,11,1,2
365,501,12,1,1
365,196,13,1,1
365,75,14,1,0
365,430,15,1,0
365,72,16,1,2
365,355,17,1,0
365,356,18,1,1
365,225,19,1,0
365,53,20,1,3
366,466,1,1,1
366,164,2,1,4
366,43,3,1,3
366,431,4,1,1
366,581,5,1,1
366,596,6,1,1
366,525,7,1,0
366,504,8,1,4
366,185,9,1,0
366,384,10,1,4
366,226,11,1,1
366,50,12,1,0
366,100,13,1,0
366,81,14,1,1
366,557,15,1,2
366,103,16,1,3
366,19,17,1,4
366,416,18,1,1
366,206,19,1,1
366,295,20,1,0
367,7,1,1,2
367,227,2,1,2
367,186,3,1,1
367,199,4,1,4
367,36,5,1,1
367,581,6,1,1
367,141,7,1,1
367,361,8,1,1
367,214,9,1,4
367,286,10,1,1
367,363,11,1,3
367,31,12,1,1
367,486,13,1,1
367,86,14,1,1
367,376,15,1,1
367,121,16,1,1
367,372,17,1,2
367,252,18,1,2
367,359,19,1,4
367,466,20,1,1
368,522,1,3,2
368,160,2,3,0
368,33,3,3,3
368,595,4,3,0
368,268,5,3,3
368,78,6,3,3
368,548,7,3,3
368,183,8,3,3
368,97,9,3,2
368,434,10,3,4
368,557,11,3,2
368,338,12,3,3
368,375,13,3,0
368,463,14,3,3
368,521,15,3,1
368,433,16,3,3
368,6,17,3,1
368,103,18,3,3
368,137,19,3,2
368,478,20,3,3
369,130,1,1,0
369,466,2,1,1
369,221,3,1,1
369,333,4,1,3
369,81,5,1,1
369,413,6,1,3
369,576,7,1,1
369,258,8,1,3
369,114,9,1,4
369,524,10,1,4
369,556,11,1,1
369,561,12,1,1
369,356,13,1,1
369,557,14,1,2
369,176,15,1,1
369,355,16,1,0
369,117,17,1,2
369,311,18,1,1
369,316,19,1,1
369,361,20,1,1
370,168,1,4,3
370,47,2,4,2
370,149,3,4,4
370,84,4,4,4
370,455,5,4,0
370,77,6,4,2
370,106,7,4,1
370,4,8,4,4
370,529,9,4,4
370,274,10,4,4
370,174,11,4,4
370,178,12,4,3
370,170,13,4,0
370,284,14,4,4
370,185,15,4,0
370,104,16,4,4
370,394,17,4,4
370,129,18,4,4
370,98,19,4,3
370,209,20,4,4
371,290,1,0,0
371,346,2,0,1
371,235,3,0,0
371,14,4,0,4
371,275,5,0,0
371,265,6,0,0
371,537,7,0,2
371,149,8,0,4
371,195,9,0,0
371,595,10,0,0
371,561,11,0,1
371,465,12,0,0
371,335,13,0,0
371,225,14,0,0
371,372,15,0,2
371,480,16,0,0
371,361,17,0,1
371,431,18,0,1
371,494,19,0,4
371,423,20,0,3
372,207,1,3,2
372,117,2,3,2
372,250,3,3,0
372,72,4,3,2
372,368,5,3,3
372,185,6,3,0
372,531,7,3,1
372,203,8,3,3
372,172,9,3,2
372,164,10,3,4
372,318,11,3,3
372,248,12,3,3
372,401,13,3,1
372,553,14,3,3
372,225,15,3,0
372,268,16,3,3
372,233,17,3,3
372,398,18,3,3
372,565,19,3,0
372,382,20,3,2
373,317,1,1,2
373,185,2,1,0
373,361,3,1,1
373,511,4,1,1
373,25,5,1,0
373,235,6,1,0
373,101,7,1,1
373,18,8,1,3
373,155,9,1,0
373,206,10,1,1
373,196,11,1,1
373,146,12,1,1
373,36,13,1,1
373,324,14,1,4
373,456,15,1,1
373,104,16,1,4
373,141,17,1,1
373,81,18,1,1
373,355,19,1,0
373,345,20,1,0
374,223,1,3,3
374,253,2,3,3
374,511,3,3,1
374,148,4,3,3
374,371,5,3,1
374,303,6,3,3
374,243,7,3,3
374,398,8,3,3
374,481,9,3,1
374,8,10,3,3
374,86,11,3,1
374,493,12,3,3
374,361,13,3,1
374,81,14,3,1
374,305,15,3,0
374,437,16,3,2
374,449,17,3,4
374,206,18,3,1
374,456,19,3,1
374,28,20,3,3
375,104,1,0,4
375,503,2,0,3
375,160,3,0,0
375,330,4,0,0
375,480,5,0,0
375,85,6,0,0
375,229,7,0,4
375,445,8,0,0
375,101,9,0,1
375,185,10,0,0
375,231,11,0,1
375,529,12,0,4
375,275,13,0,0
375,80,14,0,0
375,190,15,0,0
375,538,16,0,3
375,530,17,0,0
375,225,18,0,0
375,478,19,0,3
375,164,20,0,4
376,338,1,3,3
376,549,2,3,4
376,393,3,3,3
376,104,4,3,4
376,38,5,3,3
376,306,6,3,1
376,243,7,3,3
376,206,8,3,1
376,217,9,3,2
376,283,10,3,3
376,413,11,3,3
376,537,12,3,2
376,417,13,3,2
376,263,14,3,3
376,11,15,3,1
376,465,16,3,0
376,268,17,3,3
376,229,18,3,4
376,199,19,3,4
376,231,20,3,1
377,268,1,0,3
377,475,2,0,0
377,244,3,0,4
377,465,4,0,0
377,381,5,0,1
377,435,6,0,0
377,318,7,0,3
377,28,8,0,3
377,528,9,0,3
377,15,10,0,0
377,127,11,0,2
377,185,12,0,0
377,206,13,0,1
377,494,14,0,4
377,295,15,0,0
377,437,16,0,2
377,393,17,0,3
377,310,18,0,0
377,220,19,0,0
377,497,20,0,2
378,226,1,1,1
378,582,2,1,2
378,351,3,1,1
378,403,4,1,3
378,548,5,1,3
378,126,6,1,1
378,576,7,1,1
378,231,8,1,1
378,482,9,1,2
378,569,10,1,4
378,170,11,1,0
378,259,12,1,4
378,483,13,1,3
378,141,14,1,1
378,104,15,1,4
378,152,16,1,2
378,524,17,1,4
378,21,18,1,1
378,470,19,1,0
378,501,20,1,1
379,413,1,4,3
379,590,2,4,0
379,359,3,4,4
379,576,4,4,1
379,543,5,4,3
379,254,6,4,4
379,206,7,4,1
379,529,8,4,4
379,28,9,4,3
379,243,10,4,3
379,199,11,4,4
379,163,12,4,3
379,573,13,4,3
379,239,14,4,4
379,148,15,4,3
379,466,16,4,1
379,329,17,4,4
379,386,18,4,1
379,149,19,4,4
379,503,20,4,3
380,164,1,0,4
380,380,2,0,0
380,540,3,0,0
380,177,4,0,2
380,468,5,0,3
380,244,6,0,4
380,170,7,0,0
380,595,8,0,0
380,503,9,0,3
380,295,10,0,0
380,171,11,0,1
380,490,12,0,0
380,149,13,0,4
380,311,14,0,1
380,225,15,0,0
380,555,16,0,0
380,377,17,0,2
380,480,18,0,0
380,405,19,0,0
380,25,20,0,0
381,225,1,0,0
381,235,2,0,0
381,206,3,0,1
381,418,4,0,3
381,70,5,0,0
381,421,6,0,1
381,160,7,0,0
381,401,8,0,1
381,430,9,0,0
381,185,10,0,0
381,571,11,0,1
381,355,12,0,0
381,201,13,0,1
381,257,14,0,2
381,380,15,0,0
381,205,16,0,0
381,301,17,0,1
381,170,18,0,0
381,327,19,0,2
381,307,20,0,2
382,257,1,2,2
382,57,2,2,2
382,164,3,2,4
382,149,4,2,4
382,192,5,2,2
382,135,6,2,0
382,396,7,2,1
382,240,8,2,0
382,228,9,2,3
382,268,10,2,3
382,407,11,2,2
382,548,12,2,3
382,587,13,2,2
382,14,14,2,4
382,597,15,2,2
382,42,16,2,2
382,537,17,2,2
382,535,18,2,0
382,137,19,2,2
382,466,20,2,1
383,509,1,3,4
383,349,2,3,4
383,361,3,3,1
383,246,4,3,1
383,438,5,3,3
383,158,6,3,3
383,582,7,3,2
383,164,8,3,4
383,488,9,3,3
383,218,10,3,3
383,393,11,3,3
383,569,12,3,4
383,104,13,3,4
383,548,14,3,3
383,517,15,3,2
383,483,16,3,3
383,304,17,3,4
383,348,18,3,3
383,284,19,3,4
383,533,20,3,3
384,185,1,0,0
384,335,2,0,0
384,47,3,0,2
384,225,4,0,0
384,160,5,0,0
384,295,6,0,0
384,483,7,0,3
384,305,8,0,0
384,415,9,0,0
384,255,10,0,0
384,25,11,0,0
384,485,12,0,0
384,184,13,0,4
384,141,14,0,1
384,101,15,0,1
384,470,16,0,0
384,548,17,0,3
384,235,18,0,0
384,253,19,0,3
384,293,20,0,3
385,229,1,4,4
385,431,2,4,1
385,284,3,4,4
385,159,4,4,4
385,174,5,4,4
385,581,6,4,1
385,36,7,4,1
385,173,8,4,3
385,11,9,4,1
385,170,10,4,0
385,377,11,4,2
385,514,12,4,4
385,571,13,4,1
385,88,14,4,3
385,444,15,4,4
385,534,16,4,4
385,469,17,4,4
385,134,18,4,4
385,69,19,4,4
385,537,20,4,2
386,242,1,2,2
386,362,2,2,2
386,353,3,2,3
386,577,4,2,2
386,4,5,2,4
386,147,6,2,2
386,548,7,2,3
386,43,8,2,3
386,7,9,2,2
386,332,10,2,2
386,438,11,2,3
386,503,12,2,3
386,36,13,2,1
386,257,14,2,2
386,2,15,2,2
386,416,16,2,1
386,146,17,2,1
386,197,18,2,2
386,573,19,2,3
386,266,20,2,1
387,597,1,4,2
387,537,2,4,2
387,219,3,4,4
387,477,4,4,2
387,309,5,4,4
387,394,6,4,4
387,79,7,4,4
387,534,8,4,4
387,353,9,4,3
387,185,10,4,0
387,203,11,4,3
387,416,12,4,1
387,403,13,4,3
387,438,14,4,3
387,242,15,4,2
387,104,16,4,4
387,286,17,4,1
387,237,18,4,2
387,229,19,4,4
387,359,20,4,4
388,201,1,4,1
388,25,2,4,0
388,159,3,4,4
388,229,4,4,4
388,394,5,4,4
388,247,6,4,2
388,355,7,4,0
388,354,8,4,4
388,259,9,4,4
388,104,10,4,4
388,573,11,4,3
388,284,12,4,4
388,257,13,4,2
388,184,14,4,4
388,418,15,4,3
388,523,16,4,3
388,594,17,4,4
388,329,18,4,4
388,483,19,4,3
388,67,20,4,2
389,503,1,3,3
389,474,2,3,4
389,583,3,3,3
389,228,4,3,3
389,257,5,3,2
389,206,6,3,1
389,5,7,3,0
389,353,8,3,3
389,463,9,3,3
389,229,10,3,4
389,72,11,3,2
389,179,12,3,4
389,362,13,3,2
389,543,14,3,3
389,548,15,3,3
389,253,16,3,3
389,103,17,3,3
389,576,18,3,1
389,528,19,3,3
389,8,20,3,3
390,537,1,0,2
390,284,2,0,4
390,166,3,0,1
390,104,4,0,4
390,295,5,0,0
390,257,6,0,2
390,185,7,0,0
390,215,8,0,0
390,393,9,0,3
390,236,10,0,1
390,548,11,0,3
390,225,12,0,0
390,25,13,0,0
390,63,14,0,3
390,335,15,0,0
390,250,16,0,0
390,529,17,0,4
390,353,18,0,3
390,80,19,0,0
390,371,20,0,1
391,178,1,0,3
391,185,2,0,0
391,130,3,0,0
391,548,4,0,3
391,200,5,0,0
391,220,6,0,0
391,0,7,0,0
391,131,8,0,1
391,345,9,0,0
391,385,10,0,0
391,49,11,0,4
391,58,12,0,3
391,227,13,0,2
391,301,14,0,1
391,559,15,0,4
391,416,16,0,1
391,327,17,0,2
391,213,18,0,3
391,439,19,0,4
391,501,20,0,1
392,185,1,0,0
392,410,2,0,0
392,210,3,0,0
392,425,4,0,0
392,80,5,0,0
392,355,6,0,0
392,455,7,0,0
392,305,8,0,0
392,392,9,0,2
392,540,10,0,0
392,104,11,0,4
392,130,12,0,0
392,134,13,0,4
392,333,14,0,3
392,338,15,0,3
392,47,16,0,2
392,393,17,0,3
392,382,18,0,2
392,160,19,0,0
392,375,20,0,0
393,161,1,1,1
393,274,2,1,4
393,537,3,1,2
393,36,4,1,1
393,411,5,1,1
393,62,6,1,2
393,362,7,1,2
393,531,8,1,1
393,466,9,1,1
393,164,10,1,4
393,391,11,1,1
393,504,12,1,4
393,451,13,1,1
393,481,14,1,1
393,392,15,1,2
393,183,16,1,3
393,104,17,1,4
393,598,18,1,3
393,256,19,1,1
393,501,20,1,1
394,366,1,1,1
394,355,2,1,0
394,471,3,1,1
394,61,4,1,1
394,185,5,1,0
394,64,6,1,4
394,132,7,1,2
394,569,8,1,4
394,174,9,1,4
394,581,10,1,1
394,32,11,1,2
394,576,12,1,1
394,101,13,1,1
394,311,14,1,1
394,361,15,1,1
394,359,16,1,4
394,141,17,1,1
394,116,18,1,1
394,531,19,1,1
394,356,20,1,1
395,284,1,4,4
395,402,2,4,2
395,229,3,4,4
395,104,4,4,4
395,565,5,4,0
395,599,6,4,4
395,69,7,4,4
395,384,8,4,4
395,164,9,4,4
395,40,10,4,0
395,25,11,4,0
395,509,12,4,4
395,26,13,4,1
395,17,14,4,2
395,485,15,4,0
395,100,16,4,0
395,427,17,4,2
395,274,18,4,4
395,353,19,4,3
395,464,20,4,4
396,509,1,0,4
396,490,2,0,0
396,543,3,0,3
396,588,4,0,3
396,450,5,0,0
396,355,6,0,0
396,520,7,0,0
396,410,8,0,0
396,295,9,0,0
396,174,10,0,4
396,120,11,0,0
396,169,12,0,4
396,404,13,0,4
396,86,14,0,1
396,440,15,0,0
396,548,16,0,3
396,275,17,0,0
396,164,18,0,4
396,417,19,0,2
396,230,20,0,0
397,110,1,0,0
397,214,2,0,4
397,295,3,0,0
397,130,4,0,0
397,240,5,0,0
397,590,6,0,0
397,587,7,0,2
397,434,8,0,4
397,185,9,0,0
397,468,10,0,3
397,95,11,0,0
397,485,12,0,0
397,425,13,0,0
397,103,14,0,3
397,395,15,0,0
397,397,16,0,2
397,355,17,0,0
397,25,18,0,0
397,275,19,0,0
397,330,20,0,0
398,466,1,1,1
398,206,2,1,1
398,80,3,1,0
398,266,4,1,1
398,491,5,1,1
398,231,6,1,1
398,356,7,1,1
398,596,8,1,1
398,61,9,1,1
398,78,10,1,3
398,284,11,1,4
398,193,12,1,3
398,41,13,1,1
398,257,14,1,2
398,366,15,1,1
398,79,16,1,4
398,148,17,1,3
398,349,18,1,4
398,139,19,1,4
398,11,20,1,1
399,578,1,3,3
399,273,2,3,3
399,358,3,3,3
399,23,4,3,3
399,13,5,3,3
399,468,6,3,3
399,355,7,3,0
399,63,8,3,3
399,504,9,3,4
399,478,10,3,3
399,537,11,3,2
399,440,12,3,0
399,423,13,3,3
399,127,14,3,2
399,548,15,3,3
399,143,16,3,3
399,338,17,3,3
399,398,18,3,3
399,108,19,3,3
399,123,20,3,3
400,88,1,0,3
400,405,2,0,0
400,135,3,0,0
400,163,4,0,3
400,185,5,0,0
400,421,6,0,1
400,365,7,0,0
400,283,8,0,3
400,260,9,0,0
400,257,10,0,2
400,73,11,0,3
400,417,12,0,2
400,565,13,0,0
400,416,14,0,1
400,103,15,0,3
400,331,16,0,1
400,335,17,0,0
400,420,18,0,0
400,450,19,0,0
400,141,20,0,1
401,166,1,3,1
401,431,2,3,1
401,248,3,3,3
401,116,4,3,1
401,548,5,3,3
401,127,6,3,2
401,538,7,3,3
401,143,8,3,3
401,216,9,3,1
401,225,10,3,0
401,330,11,3,0
401,188,12,3,3
401,258,13,3,3
401,25,14,3,0
401,293,15,3,3
401,543,16,3,3
401,168,17,3,3
401,339,18,3,4
401,57,19,3,2
401,488,20,3,3
402,541,1,2,1
402,242,2,2,2
402,504,3,2,4
402,72,4,2,2
402,351,5,2,1
402,462,6,2,2
402,272,7,2,2
402,47,8,2,2
402,540,9,2,0
402,472,10,2,2
402,522,11,2,2
402,170,12,2,0
402,36,13,2,1
402,435,14,2,0
402,345,15,2,0
402,320,16,2,0
402,259,17,2,4
402,285,18,2,0
402,392,19,2,2
402,377,20,2,2
403,530,1,0,0
403,312,2,0,2
403,325,3,0,0
403,185,4,0,0
403,25,5,0,0
403,145,6,0,0
403,37,7,0,2
403,277,8,0,2
403,61,9,0,1
403,203,10,0,3
403,300,11,0,0
403,529,12,0,4
403,225,13,0,0
403,48,14,0,3
403,206,15,0,1
403,435,16,0,0
403,537,17,0,2
403,494,18,0,4
403,510,19,0,0
403,246,20,0,1
404,185,1,3,0
404,372,2,3,2
404,533,3,3,3
404,166,4,3,1
404,178,5,3,3
404,133,6,3,3
404,416,7,3,1
404,335,8,3,0
404,150,9,3,0
404,103,10,3,3
404,257,11,3,2
404,375,12,3,0
404,279,13,3,4
404,3,14,3,3
404,93,15,3,3
404,153,16,3,3
404,548,17,3,3
404,521,18,3,1
404,355,19,3,0
404,338,20,3,3
405,361,1,4,1
405,494,2,4,4
405,47,3,4,2
405,597,4,4,2
405,510,5,4,0
405,340,6,4,0
405,72,7,4,2
405,29,8,4,4
405,314,9,4,4
405,529,10,4,4
405,104,11,4,4
405,514,12,4,4
405,204,13,4,4
405,194,14,4,4
405,217,15,4,2
405,84,16,4,4
405,185,17,4,0
405,244,18,4,4
405,503,19,4,3
405,225,20,4,0
406,256,1,1,1
406,73,2,1,3
406,286,3,1,1
406,465,4,1,0
406,246,5,1,1
406,132,6,1,2
406,495,7,1,0
406,387,8,1,2
406,22,9,1,2
406,544,10,1,4
406,224,11,1,4
406,121,12,1,1
406,206,13,1,1
406,141,14,1,1
406,455,15,1,0
406,257,16,1,2
406,476,17,1,1
406,66,18,1,1
406,171,19,1,1
406,41,20,1,1
407,428,1,4,3
407,291,2,4,1
407,474,3,4,4
407,244,4,4,4
407,413,5,4,3
407,99,6,4,4
407,174,7,4,4
407,199,8,4,4
407,577,9,4,2
407,104,10,4,4
407,164,11,4,4
407,189,12,4,4
407,42,13,4,2
407,435,14,4,0
407,532,15,4,2
407,141,16,4,1
407,589,17,4,4
407,172,18,4,2
407,424,19,4,4
407,455,20,4,0
408,523,1,3,3
408,103,2,3,3
408,528,3,3,3
408,569,4,3,4
408,179,5,3,4
408,206,6,3,1
408,293,7,3,3
408,548,8,3,3
408,468,9,3,3
408,278,10,3,3
408,493,11,3,3
408,537,12,3,2
408,517,13,3,2
408,353,14,3,3
408,188,15,3,3
408,81,16,3,1
408,182,17,3,2
408,108,18,3,3
408,104,19,3,4
408,78,20,3,3
409,149,1,1,4
409,444,2,1,4
409,411,3,1,1
409,469,4,1,4
409,386,5,1,1
409,136,6,1,1
409,257,7,1,2
409,517,8,1,2
409,531,9,1,1
409,206,10,1,1
409,501,11,1,1
409,377,12,1,2
409,480,13,1,0
409,485,14,1,0
409,110,15,1,0
409,339,16,1,4
409,6,17,1,1
409,41,18,1,1
409,251,19,1,1
409,219,20,1,4
410,366,1,1,1
410,585,2,1,0
410,170,3,1,0
410,276,4,1,1
410,305,5,1,0
410,518,6,1,3
410,107,7,1,2
410,330,8,1,0
410,16,9,1,1
410,478,10,1,3
410,491,11,1,1
410,482,12,1,2
410,528,13,1,3
410,80,14,1,0
410,242,15,1,2
410,36,16,1,1
410,471,17,1,1
410,361,18,1,1
410,536,19,1,1
410,106,20,1,1
411,22,1,3,2
411,483,2,3,3
411,257,3,3,2
411,453,4,3,3
411,503,5,3,3
411,393,6,3,3
411,327,7,3,2
411,230,8,3,0
411,528,9,3,3
411,368,10,3,3
411,569,11,3,4
411,188,12,3,3
411,433,13,3,3
411,273,14,3,3
411,353,15,3,3
411,141,16,3,1
411,253,17,3,3
411,150,18,3,0
411,133,19,3,3
411,110,20,3,0
412,78,1,0,3
412,561,2,0,1
412,28,3,0,3
412,295,4,0,0
412,570,5,0,0
412,485,6,0,0
412,219,7,0,4
412,430,8,0,0
412,104,9,0,4
412,450,10,0,0
412,300,11,0,0
412,257,12,0,2
412,225,13,0,0
412,301,14,0,1
412,110,15,0,0
412,455,16,0,0
412,150,17,0,0
412,185,18,0,0
412,25,19,0,0
412,230,20,0,0
413,278,1,2,3
413,67,2,2,2
413,387,3,2,2
413,544,4,2,4
413,440,5,2,0
413,219,6,2,4
413,377,7,2,2
413,34,8,2,4
413,152,9,2,2
413,141,10,2,1
413,237,11,2,2
413,116,12,2,1
413,503,13,2,3
413,325,14,2,0
413,257,15,2,2
413,25,16,2,0
413,227,17,2,2
413,392,18,2,2
413,522,19,2,2
413,164,20,2,4
414,440,1,4,0
414,164,2,4,4
414,335,3,4,0
414,519,4,4,4
414,79,5,4,4
414,361,6,4,1
414,464,7,4,4
414,144,8,4,4
414,439,9,4,4
414,74,10,4,4
414,104,11,4,4
414,356,12,4,1
414,355,13,4,0
414,334,14,4,4
414,199,15,4,4
414,384,16,4,4
414,569,17,4,4
414,129,18,4,4
414,169,19,4,4
414,381,20,4,1
415,579,1,4,4
415,344,2,4,4
415,454,3,4,4
415,28,4,4,3
415,477,5,4,2
415,537,6,4,2
415,275,7,4,0
415,429,8,4,4
415,576,9,4,1
415,89,10,4,4
415,164,11,4,4
415,384,12,4,4
415,549,13,4,4
415,540,14,4,0
415,329,15,4,4
415,153,16,4,3
415,370,17,4,0
415,482,18,4,2
415,355,19,4,0
415,72,20,4,2
416,217,1,3,2
416,78,2,3,3
416,582,3,3,2
416,104,4,3,4
416,556,5,3,1
416,380,6,3,0
416,463,7,3,3
416,286,8,3,1
416,483,9,3,3
416,23,10,3,3
416,160,11,3,0
416,413,12,3,3
416,495,13,3,0
416,542,14,3,2
416,529,15,3,4
416,48,16,3,3
416,80,17,3,0
416,186,18,3,1
416,16,19,3,1
416,110,20,3,0
417,214,1,4,4
417,483,2,4,3
417,338,3,4,3
417,591,4,4,1
417,97,5,4,2
417,164,6,4,4
417,115,7,4,0
417,62,8,4,2
417,84,9,4,4
417,504,10,4,4
417,295,11,4,0
417,433,12,4,3
417,199,13,4,4
417,359,14,4,4
417,524,15,4,4
417,384,16,4,4
417,225,17,4,0
417,149,18,4,4
417,133,19,4,3
417,110,20,4,0
418,290,1,0,0
418,10,2,0,0
418,535,3,0,0
418,338,4,0,3
418,570,5,0,0
418,235,6,0,0
418,145,7,0,0
418,225,8,0,0
418,104,9,0,4
418,2,10,0,2
418,300,11,0,0
418,130,12,0,0
418,374,13,0,4
418,271,14,0,1
418,488,15,0,3
418,305,16,0,0
418,125,17,0,0
418,585,18,0,0
418,160,19,0,0
418,170,20,0,0
419,576,1,1,1
419,474,2,1,4
419,516,3,1,1
419,39,4,1,4
419,327,5,1,2
419,189,6,1,4
419,569,7,1,4
419,431,8,1,1
419,495,9,1,0
419,162,10,1,2
419,523,11,1,3
419,26,12,1,1
419,161,13,1,1
419,541,14,1,1
419,206,15,1,1
419,171,16,1,1
419,539,17,1,4
419,393,18,1,3
419,191,19,1,1
419,67,20,1,2
420,456,1,0,1
420,529,2,0,4
420,91,3,0,1
420,104,4,0,4
420,225,5,0,0
420,572,6,0,2
420,205,7,0,0
420,206,8,0,1
420,97,9,0,2
420,295,10,0,0
420,497,11,0,2
420,400,12,0,0
420,160,13,0,0
420,377,14,0,2
420,170,15,0,0
420,185,16,0,0
420,150,17,0,0
420,424,18,0,4
420,562,19,0,2
420,103,20,0,3
421,284,1,2,4
421,492,2,2,2
421,581,3,2,1
421,257,4,2,2
421,276,5,2,1
421,133,6,2,3
421,412,7,2,2
421,227,8,2,2
421,207,9,2,2
421,382,10,2,2
421,163,11,2,3
421,206,12,2,1
421,557,13,2,2
421,572,14,2,2
421,185,15,2,0
421,548,16,2,3
421,202,17,2,2
421,391,18,2,1
421,563,19,2,3
421,355,20,2,0
422,71,1,1,1
422,185,2,1,0
422,86,3,1,1
422,338,4,1,3
422,537,5,1,2
422,290,6,1,0
422,206,7,1,1
422,78,8,1,3
422,136,9,1,1
422,489,10,1,4
422,214,11,1,4
422,355,12,1,0
422,373,13,1,3
422,174,14,1,4
422,296,15,1,1
422,141,16,1,1
422,470,17,1,0
422,67,18,1,2
422,81,19,1,1
422,111,20,1,1
423,193,1,3,3
423,250,2,3,0
423,363,3,3,3
423,350,4,3,0
423,462,5,3,2
423,383,6,3,3
423,598,7,3,3
423,79,8,3,4
423,104,9,3,4
423,483,10,3,3
423,67,11,3,2
423,225,12,3,0
423,548,13,3,3
423,63,14,3,3
423,348,15,3,3
423,164,16,3,4
423,147,17,3,2
423,416,18,3,1
423,93,19,3,3
423,103,20,3,3
424,439,1,4,4
424,569,2,4,4
424,25,3,4,0
424,404,4,4,4
424,139,5,4,4
424,327,6,4,2
424,205,7,4,0
424,405,8,4,0
424,278,9,4,3
424,478,10,4,3
424,199,11,4,4
424,391,12,4,1
424,305,13,4,0
424,295,14,4,0
424,366,15,4,1
424,524,16,4,4
424,339,17,4,4
424,191,18,4,1
424,333,19,4,3
424,127,20,4,2
425,595,1,4,0
425,79,2,4,4
425,101,3,4,1
425,61,4,4,1
425,169,5,4,4
425,569,6,4,4
425,278,7,4,3
425,477,8,4,2
425,164,9,4,4
425,249,10,4,4
425,34,11,4,4
425,399,12,4,4
425,440,13,4,0
425,329,14,4,4
425,357,15,4,2
425,82,16,4,2
425,163,17,4,3
425,149,18,4,4
425,3,19,4,3
425,125,20,4,0
426,170,1,0,0
426,134,2,0,4
426,214,3,0,4
426,130,4,0,0
426,149,5,0,4
426,265,6,0,0
426,569,7,0,4
426,293,8,0,3
426,242,9,0,2
426,99,10,0,4
426,525,11,0,0
426,425,12,0,0
426,330,13,0,0
426,213,14,0,3
426,25,15,0,0
426,274,16,0,4
426,300,17,0,0
426,416,18,0,1
426,124,19,0,4
426,171,20,0,1
427,248,1,2,3
427,532,2,2,2
427,141,3,2,1
427,229,4,2,4
427,523,5,2,3
427,347,6,2,2
427,242,7,2,2
427,22,8,2,2
427,104,9,2,4
427,273,10,2,3
427,352,11,2,2
427,91,12,2,1
427,455,13,2,0
427,206,14,2,1
427,357,15,2,2
427,477,16,2,2
427,409,17,2,4
427,190,18,2,0
427,2,19,2,2
427,473,20,2,3
428,445,1,2,0
428,76,2,2,1
428,170,3,2,0
428,242,4,2,2
428,492,5,2,2
428,104,6,2,4
428,376,7,2,1
428,182,8,2,2
428,52,9,2,2
428,576,10,2,1
428,435,11,2,0
428,301,12,2,1
428,491,13,2,1
428,257,14,2,2
428,7,15,2,2
428,157,16,2,2
428,19,17,2,4
428,497,18,2,2
428,591,19,2,1
428,103,20,2,3
429,582,1,3,2
429,463,2,3,3
429,1,3,3,1
429,149,4,3,4
429,528,5,3,3
429,503,6,3,3
429,433,7,3,3
429,78,8,3,3
429,255,9,3,0
429,365,10,3,0
429,409,11,3,4
429,185,12,3,0
429,243,13,3,3
429,179,14,3,4
429,526,15,3,1
429,14,16,3,4
429,367,17,3,2
429,193,18,3,3
429,560,19,3,0
429,284,20,3,4
430,401,1,1,1
430,156,2,1,1
430,296,3,1,1
430,271,4,1,1
430,284,5,1,4
430,466,6,1,1
430,165,7,1,0
430,56,8,1,1
430,160,9,1,0
430,356,10,1,1
430,110,11,1,0
430,255,12,1,0
430,36,13,1,1
430,163,14,1,3
430,301,15,1,1
430,206,16,1,1
430,411,17,1,1
430,46,18,1,1
430,445,19,1,0
430,316,20,1,1
431,416,1,1,1
431,501,2,1,1
431,116,3,1,1
431,206,4,1,1
431,9,5,1,4
431,569,6,1,4
431,16,7,1,1
431,51,8,1,1
431,136,9,1,1
431,336,10,1,1
431,594,11,1,4
431,536,12,1,1
431,266,13,1,1
431,599,14,1,4
431,268,15,1,3
431,466,16,1,1
431,257,17,1,2
431,208,18,1,3
431,338,19,1,3
431,193,20,1,3
432,466,1,2,1
432,242,2,2,2
432,194,3,2,4
432,355,4,2,0
432,191,5,2,1
432,17,6,2,2
432,432,7,2,2
432,257,8,2,2
432,57,9,2,2
432,360,10,2,0
432,591,11,2,1
432,377,12,2,2
432,285,13,2,0
432,117,14,2,2
432,351,15,2,1
432,13,16,2,3
432,470,17,2,0
432,33,18,2,3
432,507,19,2,2
432,220,20,2,0
433,564,1,4,4
433,107,2,4,2
433,229,3,4,4
433,594,4,4,4
433,67,5,4,2
433,177,6,4,2
433,153,7,4,3
433,340,8,4,0
433,582,9,4,2
433,405,10,4,0
433,548,11,4,3
433,169,12,4,4
433,186,13,4,1
433,597,14,4,2
433,286,15,4,1
433,444,16,4,4
433,569,17,4,4
433,193,18,4,3
433,479,19,4,4
433,72,20,4,2
434,548,1,3,3
434,67,2,3,2
434,503,3,3,3
434,270,4,3,0
434,25,5,3,0
434,473,6,3,3
434,107,7,3,2
434,478,8,3,3
434,391,9,3,1
434,173,10,3,3
434,78,11,3,3
434,36,12,3,1
434,375,13,3,0
434,206,14,3,1
434,253,15,3,3
434,413,16,3,3
434,108,17,3,3
434,99,18,3,4
434,568,19,3,3
434,393,20,3,3
435,51,1,0,1
435,569,2,0,4
435,348,3,0,3
435,469,4,0,4
435,338,5,0,3
435,257,6,0,2
435,375,7,0,0
435,180,8,0,0
435,475,9,0,0
435,204,10,0,4
435,0,11,0,0
435,104,12,0,4
435,45,13,0,0
435,534,14,0,4
435,416,15,0,1
435,536,16,0,1
435,503,17,0,3
435,100,18,0,0
435,134,19,0,4
435,337,20,0,2
436,488,1,3,3
436,250,2,3,0
436,347,3,3,2
436,178,4,3,3
436,93,5,3,3
436,36,6,3,1
436,149,7,3,4
436,463,8,3,3
436,393,9,3,3
436,206,10,3,1
436,143,11,3,3
436,582,12,3,2
436,377,13,3,2
436,433,14,3,3
436,104,15,3,4
436,383,16,3,3
436,338,17,3,3
436,435,18,3,0
436,543,19,3,3
436,169,20,3,4
437,61,1,1,1
437,141,2,1,1
437,130,3,1,0
437,439,4,1,4
437,377,5,1,2
437,198,6,1,3
437,246,7,1,1
437,241,8,1,1
437,348,9,1,3
437,581,10,1,1
437,257,11,1,2
437,154,12,1,4
437,417,13,1,2
437,576,14,1,1
437,101,15,1,1
437,332,16,1,2
437,333,17,1,3
437,206,18,1,1
437,47,19,1,2
437,77,20,1,2
438,597,1,4,2
438,154,2,4,4
438,503,3,4,3
438,478,4,4,3
438,569,5,4,4
438,3,6,4,3
438,395,7,4,0
438,599,8,4,4
438,164,9,4,4
438,556,10,4,1
438,434,11,4,4
438,272,12,4,2
438,361,13,4,1
438,579,14,4,4
438,149,15,4,4
438,104,16,4,4
438,84,17,4,4
438,358,18,4,3
438,517,19,4,2
438,409,20,4,4
439,456,1,1,1
439,239,2,1,4
439,204,3,1,4
439,104,4,1,4
439,416,5,1,1
439,537,6,1,2
439,116,7,1,1
439,571,8,1,1
439,576,9,1,1
439,413,10,1,3
439,543,11,1,3
439,158,12,1,3
439,494,13,1,4
439,227,14,1,2
439,280,15,1,0
439,206,16,1,1
439,432,17,1,2
439,451,18,1,1
439,346,19,1,1
439,589,20,1,4
440,384,1,0,4
440,242,2,0,2
440,174,3,0,4
440,206,4,0,1
440,355,5,0,0
440,330,6,0,0
440,582,7,0,2
440,284,8,0,4
440,190,9,0,0
440,47,10,0,2
440,150,11,0,0
440,212,12,0,2
440,170,13,0,0
440,25,14,0,0
440,104,15,0,4
440,178,16,0,3
440,4,17,0,4
440,172,18,0,2
440,565,19,0,0
440,580,20,0,0
441,243,1,4,3
441,104,2,4,4
441,24,3,4,4
441,127,4,4,2
441,569,5,4,4
441,566,6,4,1
441,469,7,4,4
441,529,8,4,4
441,315,9,4,0
441,207,10,4,2
441,22,11,4,2
441,114,12,4,4
441,354,13,4,4
441,221,14,4,1
441,478,15,4,3
441,413,16,4,3
441,184,17,4,4
441,164,18,4,4
441,524,19,4,4
441,537,20,4,2
442,87,1,2,2
442,242,2,2,2
442,45,3,2,0
442,47,4,2,2
442,350,5,2,0
442,548,6,2,3
442,567,7,2,2
442,482,8,2,2
442,158,9,2,3
442,552,10,2,2
442,538,11,2,3
442,257,12,2,2
442,52,13,2,2
442,107,14,2,2
442,156,15,2,1
442,360,16,2,0
442,492,17,2,2
442,152,18,2,2
442,582,19,2,2
442,511,20,2,1
443,426,1,4,1
443,464,2,4,4
443,0,3,4,0
443,359,4,4,4
443,309,5,4,4
443,594,6,4,4
443,286,7,4,1
443,439,8,4,4
443,164,9,4,4
443,41,10,4,1
443,149,11,4,4
443,569,12,4,4
443,259,13,4,4
443,174,14,4,4
443,163,15,4,3
443,104,16,4,4
443,327,17,4,2
443,169,18,4,4
443,314,19,4,4
443,323,20,4,3
444,548,1,1,3
444,576,2,1,1
444,67,3,1,2
444,268,4,1,3
444,229,5,1,4
444,96,6,1,1
444,161,7,1,1
444,486,8,1,1
444,308,9,1,3
444,529,10,1,4
444,231,11,1,1
444,79,12,1,4
444,505,13,1,0
444,537,14,1,2
444,9,15,1,4
444,501,16,1,1
444,591,17,1,1
444,111,18,1,1
444,517,19,1,2
444,141,20,1,1
445,577,1,2,2
445,104,2,2,4
445,96,3,2,1
445,502,4,2,2
445,396,5,2,1
445,47,6,2,2
445,76,7,2,1
445,384,8,2,4
445,169,9,2,4
445,593,10,2,3
445,569,11,2,4
445,377,12,2,2
445,522,13,2,2
445,582,14,2,2
445,597,15,2,2
445,25,16,2,0
445,32,17,2,2
445,496,18,2,1
445,164,19,2,4
445,540,20,2,0
446,569,1,3,4
446,115,2,3,0
446,466,3,3,1
446,428,4,3,3
446,577,5,3,2
446,257,6,3,2
446,243,7,3,3
446,141,8,3,1
446,548,9,3,3
446,393,10,3,3
446,537,11,3,2
446,467,12,3,2
446,103,13,3,3
446,276,14,3,1
446,318,15,3,3
446,253,16,3,3
446,571,17,3,1
446,427,18,3,2
446,242,19,3,2
446,250,20,3,0
447,561,1,1,1
447,436,2,1,1
447,391,3,1,1
447,299,4,1,4
447,66,5,1,1
447,71,6,1,1
447,274,7,1,4
447,101,8,1,1
447,231,9,1,1
447,338,10,1,3
447,191,11,1,1
447,31,12,1,1
447,185,13,1,0
447,79,14,1,4
447,361,15,1,1
447,537,16,1,2
447,151,17,1,1
447,6,18,1,1
447,355,19,1,0
447,465,20,1,0
448,274,1,4,4
448,186,2,4,1
448,362,3,4,2
448,361,4,4,1
448,225,5,4,0
448,104,6,4,4
448,177,7,4,2
448,525,8,4,0
448,365,9,4,0
448,170,10,4,0
448,164,11,4,4
448,249,12,4,4
448,599,13,4,4
448,540,14,4,0
448,219,15,4,4
448,489,16,4,4
448,25,17,4,0
448,36,18,4,1
448,199,19,4,4
448,537,20,4,2
449,321,1,1,1
449,450,2,1,0
449,266,3,1,1
449,101,4,1,1
449,206,5,1,1
449,572,6,1,2
449,171,7,1,1
449,176,8,1,1
449,231,9,1,1
449,164,10,1,4
449,96,11,1,1
449,446,12,1,1
449,537,13,1,2
449,371,14,1,1
449,481,15,1,1
449,257,16,1,2
449,592,17,1,2
449,295,18,1,0
449,380,19,1,0
449,393,20,1,3
450,257,1,2,2
450,177,2,2,2
450,370,3,2,0
450,77,4,2,2
450,277,5,2,2
450,509,6,2,4
450,557,7,2,2
450,104,8,2,4
450,465,9,2,0
450,432,10,2,2
450,63,11,2,3
450,52,12,2,2
450,116,13,2,1
450,548,14,2,3
450,141,15,2,1
450,416,16,2,1
450,225,17,2,0
450,170,18,2,0
450,261,19,2,1
450,121,20,2,1
451,464,1,4,4
451,257,2,4,2
451,274,3,4,4
451,319,4,4,4
451,125,5,4,0
451,282,6,4,2
451,434,7,4,4
451,569,8,4,4
451,129,9,4,4
451,204,10,4,4
451,164,11,4,4
451,484,12,4,4
451,584,13,4,4
451,594,14,4,4
451,501,15,4,1
451,199,16,4,4
451,498,17,4,3
451,242,18,4,2
451,354,19,4,4
451,205,20,4,0
452,185,1,1,0
452,164,2,1,4
452,381,3,1,1
452,104,4,1,4
452,466,5,1,1
452,356,6,1,1
452,479,7,1,4
452,451,8,1,1
452,81,9,1,1
452,301,10,1,1
452,260,11,1,0
452,503,12,1,3
452,121,13,1,1
452,61,14,1,1
452,307,15,1,2
452,284,16,1,4
452,338,17,1,3
452,45,18,1,0
452,257,19,1,2
452,134,20,1,4
453,576,1,3,1
453,467,2,3,2
453,12,3,3,2
453,184,4,3,4
453,513,5,3,3
453,206,6,3,1
453,211,7,3,1
453,133,8,3,3
453,283,9,3,3
453,328,10,3,3
453,465,11,3,0
453,548,12,3,3
453,298,13,3,3
453,141,14,3,1
453,383,15,3,3
453,295,16,3,0
453,146,17,3,1
453,63,18,3,3
453,284,19,3,4
453,158,20,3,3
454,467,1,1,2
454,246,2,1,1
454,185,3,1,0
454,598,4,1,3
454,476,5,1,1
454,170,6,1,0
454,141,7,1,1
454,531,8,1,1
454,589,9,1,4
454,25,10,1,0
454,412,11,1,2
454,284,12,1,4
454,61,13,1,1
454,278,14,1,3
454,418,15,1,3
454,30,16,1,0
454,36,17,1,1
454,465,18,1,0
454,10,19,1,0
454,514,20,1,4
455,463,1,4,3
455,379,2,4,4
455,394,3,4,4
455,185,4,4,0
455,295,5,4,0
455,249,6,4,4
455,85,7,4,0
455,194,8,4,4
455,93,9,4,3
455,534,10,4,4
455,355,11,4,0
455,404,12,4,4
455,401,13,4,1
455,359,14,4,4
455,517,15,4,2
455,6,16,4,1
455,155,17,4,0
455,199,18,4,4
455,377,19,4,2
455,497,20,4,2
456,504,1,4,4
456,194,2,4,4
456,231,3,4,1
456,265,4,4,0
456,70,5,4,0
456,219,6,4,4
456,164,7,4,4
456,580,8,4,0
456,409,9,4,4
456,465,10,4,0
456,269,11,4,4
456,361,12,4,1
456,359,13,4,4
456,384,14,4,4
456,121,15,4,1
456,485,16,4,0
456,594,17,4,4
456,135,18,4,0
456,197,19,4,2
456,466,20,4,1
457,422,1,4,2
457,159,2,4,4
457,221,3,4,1
457,572,4,4,2
457,192,5,4,2
457,104,6,4,4
457,537,7,4,2
457,205,8,4,0
457,206,9,4,1
457,130,10,4,0
457,355,11,4,0
457,489,12,4,4
457,279,13,4,4
457,116,14,4,1
457,329,15,4,4
457,526,16,4,1
457,349,17,4,4
457,229,18,4,4
457,160,19,4,0
457,471,20,4,1
458,78,1,3,3
458,233,2,3,3
458,80,3,3,0
458,338,4,3,3
458,328,5,3,3
458,389,6,3,4
458,103,7,3,3
458,548,8,3,3
458,286,9,3,1
458,398,10,3,3
458,141,11,3,1
458,393,12,3,3
458,256,13,3,1
458,117,14,3,2
458,165,15,3,0
458,273,16,3,3
458,495,17,3,0
458,501,18,3,1
458,223,19,3,3
458,537,20,3,2
459,257,1,0,2
459,225,2,0,0
459,118,3,0,3
459,153,4,0,3
459,80,5,0,0
459,25,6,0,0
459,102,7,0,2
459,185,8,0,0
459,529,9,0,4
459,595,10,0,0
459,330,11,0,0
459,295,12,0,0
459,365,13,0,0
459,548,14,0,3
459,496,15,0,1
459,433,16,0,3
459,235,17,0,0
459,375,18,0,0
459,275,19,0,0
459,270,20,0,0
460,273,1,0,3
460,185,2,0,0
460,113,3,0,3
460,231,4,0,1
460,22,5,0,2
460,295,6,0,0
460,1,7,0,1
460,384,8,0,4
460,305,9,0,0
460,225,10,0,0
460,355,11,0,0
460,548,12,0,3
460,365,13,0,0
460,257,14,0,2
460,78,15,0,3
460,320,16,0,0
460,435,17,0,0
460,150,18,0,0
460,418,19,0,3
460,103,20,0,3
461,377,1,0,2
461,10,2,0,0
461,163,3,0,3
461,355,4,0,0
461,510,5,0,0
461,397,6,0,2
461,4,7,0,4
461,505,8,0,0
461,378,9,0,3
461,264,10,0,4
461,164,11,0,4
461,537,12,0,2
461,251,13,0,1
461,295,14,0,0
461,435,15,0,0
461,185,16,0,0
461,85,17,0,0
461,475,18,0,0
461,210,19,0,0
461,171,20,0,1
462,573,1,2,3
462,37,2,2,2
462,392,3,2,2
462,36,4,2,1
462,67,5,2,2
462,371,6,2,1
462,492,7,2,2
462,232,8,2,2
462,57,9,2,2
462,540,10,2,0
462,327,11,2,2
462,537,12,2,2
462,257,13,2,2
462,151,14,2,1
462,462,15,2,2
462,582,16,2,2
462,501,17,2,1
462,377,18,2,2
462,16,19,2,1
462,400,20,2,0
463,119,1,4,4
463,599,2,4,4
463,159,3,4,4
463,113,4,4,3
463,204,5,4,4
463,419,6,4,4
463,285,7,4,0
463,234,8,4,4
463,242,9,4,2
463,543,10,4,3
463,230,11,4,0
463,469,12,4,4
463,60,13,4,0
463,520,14,4,0
463,9,15,4,4
463,99,16,4,4
463,249,17,4,4
463,235,18,4,0
463,569,19,4,4
463,452,20,4,2
464,164,1,2,4
464,52,2,2,2
464,337,3,2,2
464,62,4,2,2
464,206,5,2,1
464,295,6,2,0
464,99,7,2,4
464,138,8,2,3
464,522,9,2,2
464,327,10,2,2
464,592,11,2,2
464,547,12,2,2
464,552,13,2,2
464,92,14,2,2
464,339,15,2,4
464,355,16,2,0
464,535,17,2,0
464,478,18,2,3
464,528,19,2,3
464,569,20,2,4
465,10,1,3,0
465,586,2,3,1
465,333,3,3,3
465,104,4,3,4
465,228,5,3,3
465,28,6,3,3
465,529,7,3,4
465,468,8,3,3
465,65,9,3,0
465,185,10,3,0
465,576,11,3,1
465,103,12,3,3
465,543,13,3,3
465,459,14,3,4
465,548,15,3,3
465,233,16,3,3
465,361,17,3,1
465,567,18,3,2
465,413,19,3,3
465,447,20,3,2
466,112,1,2,2
466,384,2,2,4
466,278,3,2,3
466,592,4,2,2
466,582,5,2,2
466,327,6,2,2
466,103,7,2,3
466,77,8,2,2
466,257,9,2,2
466,36,10,2,1
466,485,11,2,0
466,397,12,2,2
466,367,13,2,2
466,117,14,2,2
466,452,15,2,2
466,339,16,2,4
466,574,17,2,4
466,178,18,2,3
466,164,19,2,4
466,12,20,2,2
467,10,1,1,0
467,548,2,1,3
467,324,3,1,4
467,85,4,1,0
467,243,5,1,3
467,30,6,1,0
467,436,7,1,1
467,429,8,1,4
467,501,9,1,1
467,392,10,1,2
467,36,11,1,1
467,302,12,1,2
467,466,13,1,1
467,156,14,1,1
467,206,15,1,1
467,336,16,1,1
467,441,17,1,1
467,101,18,1,1
467,576,19,1,1
467,99,20,1,4
468,465,1,0,0
468,15,2,0,0
468,517,3,0,2
468,589,4,0,4
468,150,5,0,0
468,292,6,0,2
468,230,7,0,0
468,104,8,0,4
468,164,9,0,4
468,301,10,0,1
468,36,11,0,1
468,93,12,0,3
468,211,13,0,1
468,451,14,0,1
468,215,15,0,0
468,185,16,0,0
468,596,17,0,1
468,488,18,0,3
468,11,19,0,1
468,170,20,0,0
469,232,1,4,2
469,329,2,4,4
469,3,3,4,3
469,430,4,4,0
469,274,5,4,4
469,594,6,4,4
469,284,7,4,4
469,164,8,4,4
469,78,9,4,3
469,528,10,4,3
469,519,11,4,4
469,557,12,4,2
469,366,13,4,1
469,437,14,4,2
469,56,15,4,1
469,582,16,4,2
469,529,17,4,4
469,417,18,4,2
469,169,19,4,4
469,47,20,4,2
470,79,1,4,4
470,159,2,4,4
470,93,3,4,3
470,36,4,4,1
470,503,5,4,3
470,523,6,4,3
470,206,7,4,1
470,213,8,4,3
470,104,9,4,4
470,334,10,4,4
470,49,11,4,4
470,569,12,4,4
470,558,13,4,3
470,400,14,4,0
470,529,15,4,4
470,374,16,4,4
470,284,17,4,4
470,69,18,4,4
470,408,19,4,3
470,158,20,4,3
471,185,1,3,0
471,445,2,3,0
471,435,3,3,0
471,213,4,3,3
471,528,5,3,3
471,441,6,3,1
471,223,7,3,3
471,41,8,3,1
471,208,9,3,3
471,509,10,3,4
471,103,11,3,3
471,423,12,3,3
471,57,13,3,2
471,84,14,3,4
471,368,15,3,3
471,147,16,3,2
471,453,17,3,3
471,23,18,3,3
471,159,19,3,4
471,418,20,3,3
472,61,1,1,1
472,371,2,1,1
472,141,3,1,1
472,571,4,1,1
472,121,5,1,1
472,461,6,1,1
472,513,7,1,3
472,131,8,1,1
472,280,9,1,0
472,516,10,1,1
472,547,11,1,2
472,521,12,1,1
472,51,13,1,1
472,534,14,1,4
472,537,15,1,2
472,329,16,1,4
472,466,17,1,1
472,206,18,1,1
472,422,19,1,2
472,101,20,1,1
473,537,1,2,2
473,444,2,2,4
473,185,3,2,0
473,286,4,2,1
473,483,5,2,3
473,48,6,2,3
473,189,7,2,4
473,70,8,2,0
473,142,9,2,2
473,570,10,2,0
473,307,11,2,2
473,285,12,2,0
473,350,13,2,0
473,377,14,2,2
473,522,15,2,2
473,110,16,2,0
473,417,17,2,2
473,7,18,2,2
473,47,19,2,2
473,503,20,2,3
474,24,1,4,4
474,4,2,4,4
474,257,3,4,2
474,435,4,4,0
474,93,5,4,3
474,368,6,4,3
474,164,7,4,4
474,355,8,4,0
474,569,9,4,4
474,170,10,4,0
474,329,11,4,4
474,434,12,4,4
474,309,13,4,4
474,184,14,4,4
474,99,15,4,4
474,385,16,4,0
474,201,17,4,1
474,462,18,4,2
474,232,19,4,2
474,9,20,4,4
475,414,1,2,4
475,237,2,2,2
475,597,3,2,2
475,582,4,2,2
475,162,5,2,2
475,116,6,2,1
475,572,7,2,2
475,552,8,2,2
475,120,9,2,0
475,107,10,2,2
475,537,11,2,2
475,167,12,2,2
475,7,13,2,2
475,287,14,2,2
475,187,15,2,2
475,247,16,2,2
475,257,17,2,2
475,17,18,2,2
475,562,19,2,2
475,232,20,2,2
476,362,1,2,2
476,1,2,2,1
476,96,3,2,1
476,134,4,2,4
476,277,5,2,2
476,331,6,2,1
476,167,7,2,2
476,377,8,2,2
476,225,9,2,0
476,257,10,2,2
476,361,11,2,1
476,37,12,2,2
476,327,13,2,2
476,511,14,2,1
476,192,15,2,2
476,77,16,2,2
476,17,17,2,2
476,557,18,2,2
476,141,19,2,1
476,519,20,2,4
477,542,1,1,2
477,431,2,1,1
477,271,3,1,1
477,226,4,1,1
477,353,5,1,3
477,439,6,1,4
477,256,7,1,1
477,162,8,1,2
477,36,9,1,1
477,264,10,1,4
477,235,11,1,0
477,81,12,1,1
477,557,13,1,2
477,456,14,1,1
477,16,15,1,1
477,545,16,1,0
477,425,17,1,0
477,261,18,1,1
477,126,19,1,1
477,466,20,1,1
478,86,1,4,1
478,5,2,4,0
478,351,3,4,1
478,478,4,4,3
478,566,5,4,1
478,174,6,4,4
478,374,7,4,4
478,509,8,4,4
478,80,9,4,0
478,266,10,4,1
478,233,11,4,3
478,427,12,4,2
478,34,13,4,4
478,465,14,4,0
478,448,15,4,3
478,433,16,4,3
478,149,17,4,4
478,164,18,4,4
478,574,19,4,4
478,511,20,4,1
479,531,1,4,1
479,14,2,4,4
479,406,3,4,1
479,47,4,4,2
479,145,5,4,0
479,323,6,4,3
479,185,7,4,0
479,222,8,4,2
479,104,9,4,4
479,176,10,4,1
479,269,11,4,4
479,477,12,4,2
479,229,13,4,4
479,569,14,4,4
479,164,15,4,4
479,355,16,4,0
479,170,17,4,0
479,549,18,4,4
479,41,19,4,1
479,504,20,4,4
480,344,1,0,4
480,291,2,0,1
480,152,3,0,2
480,40,4,0,0
480,355,5,0,0
480,242,6,0,2
480,21,7,0,1
480,338,8,0,3
480,418,9,0,3
480,289,10,0,4
480,575,11,0,0
480,130,12,0,0
480,445,13,0,0
480,170,14,0,0
480,295,15,0,0
480,103,16,0,3
480,330,17,0,0
480,432,18,0,2
480,210,19,0,0
480,548,20,0,3
481,225,1,0,0
481,235,2,0,0
481,6,3,0,1
481,150,4,0,0
481,130,5,0,0
481,55,6,0,0
481,320,7,0,0
481,355,8,0,0
481,303,9,0,3
481,471,10,0,1
481,197,11,0,2
481,257,12,0,2
481,338,13,0,3
481,160,14,0,0
481,505,15,0,0
481,330,16,0,0
481,211,17,0,1
481,478,18,0,3
481,185,19,0,0
481,450,20,0,0
482,365,1,4,0
482,100,2,4,0
482,535,3,4,0
482,206,4,4,1
482,85,5,4,0
482,104,6,4,4
482,2,7,4,2
482,356,8,4,1
482,214,9,4,4
482,47,10,4,2
482,464,11,4,4
482,185,12,4,0
482,166,13,4,1
482,198,14,4,3
482,569,15,4,4
482,101,16,4,1
482,295,17,4,0
482,109,18,4,4
482,449,19,4,4
482,537,20,4,2
483,501,1,1,1
483,341,2,1,1
483,51,3,1,1
483,587,4,1,2
483,78,5,1,3
483,416,6,1,1
483,507,7,1,2
483,101,8,1,1
483,116,9,1,1
483,221,10,1,1
483,466,11,1,1
483,359,12,1,4
483,260,13,1,0
483,295,14,1,0
483,216,15,1,1
483,196,16,1,1
483,327,17,1,2
483,597,18,1,2
483,7,19,1,2
483,104,20,1,4
484,149,1,4,4
484,557,2,4,2
484,56,3,4,1
484,584,4,4,4
484,404,5,4,4
484,185,6,4,0
484,25,7,4,0
484,99,8,4,4
484,117,9,4,2
484,224,10,4,4
484,387,11,4,2
484,569,12,4,4
484,379,13,4,4
484,109,14,4,4
484,509,15,4,4
484,278,16,4,3
484,344,17,4,4
484,488,18,4,3
484,290,19,4,0
484,409,20,4,4
485,251,1,2,1
485,275,2,2,0
485,437,3,2,2
485,117,4,2,2
485,284,5,2,4
485,539,6,2,4
485,164,7,2,4
485,426,8,2,1
485,54,9,2,4
485,576,10,2,1
485,524,11,2,4
485,32,12,2,2
485,228,13,2,3
485,207,14,2,2
485,487,15,2,2
485,200,16,2,0
485,107,17,2,2
485,338,18,2,3
485,103,19,2,3
485,36,20,2,1
486,265,1,0,0
486,255,2,0,0
486,15,3,0,0
486,330,4,0,0
486,495,5,0,0
486,4,6,0,4
486,463,7,0,3
486,540,8,0,0
486,315,9,0,0
486,295,10,0,0
486,585,11,0,0
486,548,12,0,3
486,225,13,0,0
486,150,14,0,0
486,164,15,0,4
486,181,16,0,1
486,160,17,0,0
486,230,18,0,0
486,345,19,0,0
486,528,20,0,3
487,255,1,0,0
487,338,2,0,3
487,390,3,0,0
487,185,4,0,0
487,265,5,0,0
487,160,6,0,0
487,569,7,0,4
487,297,8,0,2
487,383,9,0,3
487,141,10,0,1
487,365,11,0,0
487,25,12,0,0
487,573,13,0,3
487,594,14,0,4
487,170,15,0,0
487,391,16,0,1
487,130,17,0,0
487,582,18,0,2
487,403,19,0,3
487,242,20,0,2
488,152,1,2,2
488,257,2,2,2
488,279,3,2,4
488,567,4,2,2
488,361,5,2,1
488,217,6,2,2
488,239,7,2,4
488,304,8,2,4
488,82,9,2,2
488,154,10,2,4
488,575,11,2,0
488,150,12,2,0
488,232,13,2,2
488,22,14,2,2
488,331,15,2,1
488,471,16,2,1
488,206,17,2,1
488,242,18,2,2
488,537,19,2,2
488,198,20,2,3
489,582,1,0,2
489,266,2,0,1
489,478,3,0,3
489,375,4,0,0
489,206,5,0,1
489,481,6,0,1
489,225,7,0,0
489,80,8,0,0
489,434,9,0,4
489,110,10,0,0
489,90,11,0,0
489,257,12,0,2
489,307,13,0,2
489,510,14,0,0
489,190,15,0,0
489,431,16,0,1
489,25,17,0,0
489,139,18,0,4
489,557,19,0,2
489,170,20,0,0
490,318,1,3,3
490,101,2,3,1
490,150,3,3,0
490,298,4,3,3
490,220,5,3,0
490,338,6,3,3
490,389,7,3,4
490,148,8,3,3
490,381,9,3,1
490,237,10,3,2
490,242,11,3,2
490,518,12,3,3
490,413,13,3,3
490,548,14,3,3
490,353,15,3,3
490,103,16,3,3
490,403,17,3,3
490,257,18,3,2
490,260,19,3,0
490,119,20,3,4
491,528,1,1,3
491,401,2,1,1
491,421,3,1,1
491,548,4,1,3
491,439,5,1,4
491,56,6,1,1
491,362,7,1,2
491,256,8,1,1
491,6,9,1,1
491,141,10,1,1
491,361,11,1,1
491,294,12,1,4
491,413,13,1,3
491,169,14,1,4
491,481,15,1,1
491,465,16,1,0
491,301,17,1,1
491,61,18,1,1
491,350,19,1,0
491,116,20,1,1
492,586,1,4,1
492,103,2,4,3
492,206,3,4,1
492,569,4,4,4
492,453,5,4,3
492,267,6,4,2
492,257,7,4,2
492,579,8,4,4
492,215,9,4,0
492,514,10,4,4
492,104,11,4,4
492,229,12,4,4
492,273,13,4,3
492,204,14,4,4
492,292,15,4,2
492,404,16,4,4
492,124,17,4,4
492,3,18,4,3
492,125,19,4,0
492,478,20,4,3
493,374,1,4,4
493,564,2,4,4
493,224,3,4,4
493,89,4,4,4
493,145,5,4,0
493,554,6,4,4
493,219,7,4,4
493,579,8,4,4
493,336,9,4,1
493,225,10,4,0
493,447,11,4,2
493,359,12,4,4
493,67,13,4,2
493,270,14,4,0
493,186,15,4,1
493,209,16,4,4
493,206,17,4,1
493,139,18,4,4
493,269,19,4,4
493,582,20,4,2
494,594,1,0,4
494,206,2,0,1
494,466,3,0,1
494,535,4,0,0
494,264,5,0,4
494,556,6,0,1
494,330,7,0,0
494,543,8,0,3
494,295,9,0,0
494,141,10,0,1
494,430,11,0,0
494,175,12,0,0
494,548,13,0,3
494,512,14,0,2
494,25,15,0,0
494,338,16,0,3
494,361,17,0,1
494,440,18,0,0
494,225,19,0,0
494,160,20,0,0
495,167,1,3,2
495,393,2,3,3
495,2,3,3,2
495,593,4,3,3
495,129,5,3,4
495,185,6,3,0
495,170,7,3,0
495,361,8,3,1
495,525,9,3,0
495,530,10,3,0
495,411,11,3,1
495,101,12,3,1
495,103,13,3,3
495,61,14,3,1
495,485,15,3,0
495,413,16,3,3
495,528,17,3,3
495,23,18,3,3
495,213,19,3,3
495,193,20,3,3
496,370,1,1,0
496,582,2,1,2
496,141,3,1,1
496,341,4,1,1
496,392,5,1,2
496,121,6,1,1
496,537,7,1,2
496,302,8,1,2
496,228,9,1,3
496,349,10,1,4
496,321,11,1,1
496,501,12,1,1
496,549,13,1,4
496,160,14,1,0
496,548,15,1,3
496,496,16,1,1
496,381,17,1,1
496,561,18,1,1
496,212,19,1,2
496,106,20,1,1
497,104,1,3,4
497,548,2,3,3
497,444,3,3,4
497,86,4,3,1
497,257,5,3,2
497,454,6,3,4
497,530,7,3,0
497,233,8,3,3
497,503,9,3,3
497,111,10,3,1
497,441,11,3,1
497,531,12,3,1
497,59,13,3,4
497,17,14,3,2
497,384,15,3,4
497,162,16,3,2
497,330,17,3,0
497,308,18,3,3
497,7,19,3,2
497,594,20,3,4
498,361,1,2,1
498,141,2,2,1
498,582,3,2,2
498,543,4,2,3
498,475,5,2,0
498,242,6,2,2
498,213,7,2,3
498,77,8,2,2
498,398,9,2,3
498,344,10,2,4
498,103,11,2,3
498,237,12,2,2
498,206,13,2,1
498,235,14,2,0
498,222,15,2,2
498,537,16,2,2
498,597,17,2,2
498,302,18,2,2
498,452,19,2,2
498,362,20,2,2
499,152,1,1,2
499,111,2,1,1
499,106,3,1,1
499,587,4,1,2
499,139,5,1,4
499,185,6,1,0
499,408,7,1,3
499,171,8,1,1
499,401,9,1,1
499,301,10,1,1
499,325,11,1,0
499,174,12,1,4
499,578,13,1,3
499,276,14,1,1
499,164,15,1,4
499,6,16,1,1
499,96,17,1,1
499,281,18,1,1
499,282,19,1,2
499,206,20,1,1
500,103,1,3,3
500,579,2,3,4
500,295,3,3,0
500,478,4,3,3
500,237,5,3,2
500,443,6,3,3
500,433,7,3,3
500,576,8,3,1
500,453,9,3,3
500,435,10,3,0
500,13,11,3,3
500,170,12,3,0
500,593,13,3,3
500,206,14,3,1
500,438,15,3,3
500,180,16,3,0
500,473,17,3,3
500,498,18,3,3
500,36,19,3,1
500,483,20,3,3
501,263,1,0,3
501,25,2,0,0
501,35,3,0,0
501,188,4,0,3
501,549,5,0,4
501,185,6,0,0
501,485,7,0,0
501,215,8,0,0
501,206,9,0,1
501,295,10,0,0
501,170,11,0,0
501,90,12,0,0
501,65,13,0,0
501,350,14,0,0
501,475,15,0,0
501,62,16,0,2
501,480,17,0,0
501,141,18,0,1
501,285,19,0,0
501,173,20,0,3
502,141,1,4,1
502,439,2,4,4
502,377,3,4,2
502,388,4,4,3
502,104,5,4,4
502,546,6,4,1
502,470,7,4,0
502,185,8,4,0
502,399,9,4,4
502,206,10,4,1
502,63,11,4,3
502,416,12,4,1
502,384,13,4,4
502,464,14,4,4
502,196,15,4,1
502,249,16,4,4
502,359,17,4,4
502,103,18,4,3
502,13,19,4,3
502,38,20,4,3
503,444,1,4,4
503,297,2,4,2
503,389,3,4,4
503,232,4,4,2
503,169,5,4,4
503,204,6,4,4
503,118,7,4,3
503,248,8,4,3
503,528,9,4,3
503,416,10,4,1
503,155,11,4,0
503,398,12,4,3
503,241,13,4,1
503,284,14,4,4
503,434,15,4,4
503,166,16,4,1
503,265,17,4,0
503,104,18,4,4
503,54,19,4,4
503,344,20,4,4
504,17,1,2,2
504,206,2,2,1
504,273,3,2,3
504,569,4,2,4
504,427,5,2,2
504,257,6,2,2
504,537,7,2,2
504,592,8,2,2
504,499,9,2,4
504,164,10,2,4
504,548,11,2,3
504,444,12,2,4
504,117,13,2,2
504,435,14,2,0
504,78,15,2,3
504,122,16,2,2
504,207,17,2,2
504,262,18,2,2
504,353,19,2,3
504,507,20,2,2
505,339,1,4,4
505,219,2,4,4
505,482,3,4,2
505,153,4,4,3
505,370,5,4,0
505,231,6,4,1
505,399,7,4,4
505,537,8,4,2
505,64,9,4,4
505,191,10,4,1
505,168,11,4,3
505,589,12,4,4
505,257,13,4,2
505,185,14,4,0
505,307,15,4,2
505,6,16,4,1
505,464,17,4,4
505,489,18,4,4
505,164,19,4,4
505,179,20,4,4
506,391,1,2,1
506,327,2,2,2
506,72,3,2,2
506,22,4,2,2
506,346,5,2,1
506,206,6,2,1
506,2,7,2,2
506,257,8,2,2
506,597,9,2,2
506,92,10,2,2
506,25,11,2,0
506,349,12,2,4
506,149,13,2,4
506,190,14,2,0
506,580,15,2,0
506,289,16,2,4
506,12,17,2,2
506,225,18,2,0
506,338,19,2,3
506,141,20,2,1
507,268,1,3,3
507,503,2,3,3
507,137,3,3,2
507,37,4,3,2
507,283,5,3,3
507,548,6,3,3
507,257,7,3,2
507,77,8,3,2
507,164,9,3,4
507,248,10,3,3
507,78,11,3,3
507,489,12,3,4
507,148,13,3,3
507,565,14,3,0
507,508,15,3,3
507,206,16,3,1
507,185,17,3,0
507,363,18,3,3
507,116,19,3,1
507,454,20,3,4
508,329,1,4,4
508,359,2,4,4
508,284,3,4,4
508,110,4,4,0
508,24,5,4,4
508,519,6,4,4
508,394,7,4,4
508,349,8,4,4
508,381,9,4,1
508,555,10,4,0
508,128,11,4,3
508,295,12,4,0
508,279,13,4,4
508,333,14,4,3
508,550,15,4,0
508,104,16,4,4
508,569,17,4,4
508,78,18,4,3
508,599,19,4,4
508,206,20,4,1
509,274,1,3,4
509,228,2,3,3
509,285,3,3,0
509,518,4,3,3
509,178,5,3,3
509,548,6,3,3
509,257,7,3,2
509,184,8,3,4
509,66,9,3,1
509,503,10,3,3
509,308,11,3,3
509,458,12,3,3
509,468,13,3,3
509,318,14,3,3
509,393,15,3,3
509,163,16,3,3
509,244,17,3,4
509,522,18,3,2
509,478,19,3,3
509,164,20,3,4
510,238,1,3,3
510,213,2,3,3
510,404,3,3,4
510,103,4,3,3
510,463,5,3,3
510,330,6,3,0
510,403,7,3,3
510,196,8,3,1
510,338,9,3,3
510,483,10,3,3
510,173,11,3,3
510,185,12,3,0
510,548,13,3,3
510,85,14,3,0
510,433,15,3,3
510,8,16,3,3
510,418,17,3,3
510,393,18,3,3
510,576,19,3,1
510,70,20,3,0
511,418,1,0,3
511,353,2,0,3
511,537,3,0,2
511,173,4,0,3
511,471,5,0,1
511,185,6,0,0
511,507,7,0,2
511,393,8,0,3
511,466,9,0,1
511,345,10,0,0
511,25,11,0,0
511,149,12,0,4
511,36,13,0,1
511,361,14,0,1
511,50,15,0,0
511,285,16,0,0
511,170,17,0,0
511,576,18,0,1
511,401,19,0,1
511,85,20,0,0
512,225,1,1,0
512,61,2,1,1
512,158,3,1,3
512,141,4,1,1
512,264,5,1,4
512,351,6,1,1
512,449,7,1,4
512,367,8,1,2
512,331,9,1,1
512,196,10,1,1
512,6,11,1,1
512,548,12,1,3
512,477,13,1,2
512,181,14,1,1
512,353,15,1,3
512,361,16,1,1
512,283,17,1,3
512,356,18,1,1
512,393,19,1,3
512,456,20,1,1
513,583,1,0,3
513,104,2,0,4
513,110,3,0,0
513,180,4,0,0
513,215,5,0,0
513,376,6,0,1
513,160,7,0,0
513,313,8,0,3
513,555,9,0,0
513,400,10,0,0
513,548,11,0,3
513,188,12,0,3
513,31,13,0,1
513,145,14,0,0
513,360,15,0,0
513,257,16,0,2
513,40,17,0,0
513,450,18,0,0
513,99,19,0,4
513,25,20,0,0
514,413,1,4,3
514,104,2,4,4
514,134,3,4,4
514,346,4,4,1
514,229,5,4,4
514,164,6,4,4
514,408,7,4,3
514,329,8,4,4
514,479,9,4,4
514,433,10,4,3
514,234,11,4,4
514,57,12,4,2
514,179,13,4,4
514,25,14,4,0
514,597,15,4,2
514,466,16,4,1
514,471,17,4,1
514,139,18,4,4
514,535,19,4,0
514,483,20,4,3
515,558,1,3,3
515,404,2,3,4
515,213,3,3,3
515,168,4,3,3
515,403,5,3,3
515,362,6,3,2
515,299,7,3,4
515,408,8,3,3
515,386,9,3,1
515,550,10,3,0
515,338,11,3,3
515,535,12,3,0
515,333,13,3,3
515,501,14,3,1
515,22,15,3,2
515,570,16,3,0
515,393,17,3,3
515,175,18,3,0
515,103,19,3,3
515,13,20,3,3
516,264,1,3,4
516,78,2,3,3
516,294,3,3,4
516,493,4,3,3
516,558,5,3,3
516,409,6,3,4
516,246,7,3,1
516,361,8,3,1
516,164,9,3,4
516,338,10,3,3
516,331,11,3,1
516,145,12,3,0
516,168,13,3,3
516,485,14,3,0
516,28,15,3,3
516,253,16,3,3
516,418,17,3,3
516,219,18,3,4
516,546,19,3,1
516,548,20,3,3
517,542,1,0,2
517,532,2,0,2
517,490,3,0,0
517,3,4,0,3
517,185,5,0,0
517,229,6,0,4
517,23,7,0,3
517,215,8,0,0
517,30,9,0,0
517,72,10,0,2
517,380,11,0,0
517,565,12,0,0
517,176,13,0,1
517,527,14,0,2
517,540,15,0,0
517,70,16,0,0
517,139,17,0,4
517,548,18,0,3
517,435,19,0,0
517,225,20,0,0
518,4,1,4,4
518,574,2,4,4
518,257,3,4,2
518,298,4,4,3
518,170,5,4,0
518,400,6,4,0
518,226,7,4,1
518,537,8,4,2
518,42,9,4,2
518,229,10,4,4
518,164,11,4,4
518,104,12,4,4
518,335,13,4,0
518,143,14,4,3
518,160,15,4,0
518,13,16,4,3
518,392,17,4,2
518,594,18,4,4
518,329,19,4,4
518,529,20,4,4
519,10,1,0,0
519,401,2,0,1
519,485,3,0,0
519,225,4,0,0
519,497,5,0,2
519,537,6,0,2
519,460,7,0,0
519,164,8,0,4
519,333,9,0,3
519,60,10,0,0
519,292,11,0,2
519,29,12,0,4
519,185,13,0,0
519,305,14,0,0
519,286,15,0,1
519,430,16,0,0
519,57,17,0,2
519,99,18,0,4
519,355,19,0,0
519,468,20,0,3
520,174,1,1,4
520,225,2,1,0
520,318,3,1,3
520,71,4,1,1
520,408,5,1,3
520,170,6,1,0
520,471,7,1,1
520,396,8,1,1
520,409,9,1,4
520,466,10,1,1
520,576,11,1,1
520,540,12,1,0
520,270,13,1,0
520,83,14,1,3
520,512,15,1,2
520,362,16,1,2
520,141,17,1,1
520,294,18,1,4
520,236,19,1,1
520,248,20,1,3
521,58,1,3,3
521,433,2,3,3
521,478,3,3,3
521,206,4,3,1
521,382,5,3,2
521,298,6,3,3
521,48,7,3,3
521,356,8,3,1
521,337,9,3,2
521,353,10,3,3
521,333,11,3,3
521,414,12,3,4
521,483,13,3,3
521,369,14,3,4
521,285,15,3,0
521,229,16,3,4
521,205,17,3,0
521,53,18,3,3
521,103,19,3,3
521,38,20,3,3
522,36,1,4,1
522,444,2,4,4
522,469,3,4,4
522,129,4,4,4
522,100,5,4,0
522,496,6,4,1
522,284,7,4,4
522,391,8,4,1
522,138,9,4,3
522,64,10,4,4
522,17,11,4,2
522,199,12,4,4
522,104,13,4,4
522,110,14,4,0
522,564,15,4,4
522,65,16,4,0
522,230,17,4,0
522,594,18,4,4
522,548,19,4,3
522,185,20,4,0
523,233,1,3,3
523,597,2,3,2
523,333,3,3,3
523,185,4,3,0
523,231,5,3,1
523,548,6,3,3
523,413,7,3,3
523,25,8,3,0
523,88,9,3,3
523,249,10,3,4
523,353,11,3,3
523,503,12,3,3
523,480,13,3,0
523,134,14,3,4
523,478,15,3,3
523,8,16,3,3
523,547,17,3,2
523,228,18,3,3
523,415,19,3,0
523,188,20,3,3
524,62,1,3,2
524,330,2,3,0
524,243,3,3,3
524,368,4,3,3
524,281,5,3,1
524,0,6,3,0
524,103,7,3,3
524,353,8,3,3
524,100,9,3,0
524,79,10,3,4
524,117,11,3,2
524,53,12,3,3
524,21,13,3,1
524,304,14,3,4
524,533,15,3,3
524,206,16,3,1
524,90,17,3,0
524,428,18,3,3
524,501,19,3,1
524,338,20,3,3
525,371,1,0,1
525,164,2,0,4
525,112,3,0,2
525,353,4,0,3
525,14,5,0,4
525,547,6,0,2
525,317,7,0,2
525,235,8,0,0
525,257,9,0,2
525,295,10,0,0
525,315,11,0,0
525,359,12,0,4
525,57,13,0,2
525,337,14,0,2
525,170,15,0,0
525,501,16,0,1
525,110,17,0,0
525,362,18,0,2
525,140,19,0,0
525,438,20,0,3
526,191,1,1,1
526,400,2,1,0
526,176,3,1,1
526,325,4,1,0
526,166,5,1,1
526,241,6,1,1
526,103,7,1,3
526,164,8,1,4
526,301,9,1,1
526,341,10,1,1
526,456,11,1,1
526,0,12,1,0
526,331,13,1,1
526,149,14,1,4
526,71,15,1,1
526,227,16,1,2
526,501,17,1,1
526,330,18,1,0
526,356,19,1,1
526,416,20,1,1
527,170,1,0,0
527,101,2,0,1
527,327,3,0,2
527,141,4,0,1
527,130,5,0,0
527,410,6,0,0
527,225,7,0,0
527,289,8,0,4
527,41,9,0,1
527,597,10,0,2
527,502,11,0,2
527,310,12,0,0
527,185,13,0,0
527,485,14,0,0
527,413,15,0,3
527,196,16,0,1
527,550,17,0,0
527,257,18,0,2
527,2,19,0,2
527,559,20,0,4
528,282,1,0,2
528,170,2,0,0
528,350,3,0,0
528,40,4,0,0
528,338,5,0,3
528,480,6,0,0
528,80,7,0,0
528,130,8,0,0
528,125,9,0,0
528,252,10,0,2
528,185,11,0,0
528,359,12,0,4
528,33,13,0,3
528,61,14,0,1
528,361,15,0,1
528,79,16,0,4
528,355,17,0,0
528,368,18,0,3
528,590,19,0,0
528,180,20,0,0
529,501,1,3,1
529,393,2,3,3
529,214,3,3,4
529,548,4,3,3
529,418,5,3,3
529,163,6,3,3
529,538,7,3,3
529,508,8,3,3
529,557,9,3,2
529,36,10,3,1
529,519,11,3,4
529,416,12,3,1
529,428,13,3,3
529,592,14,3,2
529,103,15,3,3
529,98,16,3,3
529,421,17,3,1
529,213,18,3,3
529,531,19,3,1
529,478,20,3,3
530,597,1,2,2
530,477,2,2,2
530,548,3,2,3
530,408,4,2,3
530,537,5,2,2
530,185,6,2,0
530,426,7,2,1
530,92,8,2,2
530,338,9,2,3
530,142,10,2,2
530,452,11,2,2
530,267,12,2,2
530,522,13,2,2
530,119,14,2,4
530,278,15,2,3
530,393,16,2,3
530,163,17,2,3
530,139,18,2,4
530,327,19,2,2
530,257,20,2,2
531,576,1,4,1
531,164,2,4,4
531,439,3,4,4
531,557,4,4,2
531,359,5,4,4
531,285,6,4,0
531,466,7,4,1
531,401,8,4,1
531,444,9,4,4
531,548,10,4,3
531,589,11,4,4
531,491,12,4,1
531,590,13,4,0
531,206,14,4,1
531,169,15,4,4
531,3,16,4,3
531,204,17,4,4
531,274,18,4,4
531,284,19,4,4
531,147,20,4,2
532,157,1,0,2
532,225,2,0,0
532,396,3,0,1
532,400,4,0,0
532,78,5,0,3
532,370,6,0,0
532,303,7,0,3
532,71,8,0,1
532,16,9,0,1
532,340,10,0,0
532,327,11,0,2
532,485,12,0,0
532,25,13,0,0
532,520,14,0,0
532,393,15,0,3
532,149,16,0,4
532,569,17,0,4
532,215,18,0,0
532,280,19,0,0
532,443,20,0,3
533,104,1,4,4
533,61,2,4,1
533,329,3,4,4
533,34,4,4,4
533,441,5,4,1
533,164,6,4,4
533,24,7,4,4
533,245,8,4,0
533,7,9,4,2
533,233,10,4,3
533,434,11,4,4
533,144,12,4,4
533,295,13,4,0
533,247,14,4,2
533,219,15,4,4
533,559,16,4,4
533,569,17,4,4
533,19,18,4,4
533,514,19,4,4
533,138,20,4,3
534,503,1,0,3
534,371,2,0,1
534,104,3,0,4
534,103,4,0,3
534,474,5,0,4
534,447,6,0,2
534,345,7,0,0
534,539,8,0,4
534,261,9,0,1
534,225,10,0,0
534,52,11,0,2
534,177,12,0,2
534,519,13,0,4
534,401,14,0,1
534,179,15,0,4
534,585,16,0,0
534,548,17,0,3
534,130,18,0,0
534,100,19,0,0
534,330,20,0,0
535,433,1,3,3
535,393,2,3,3
535,135,3,3,0
535,483,4,3,3
535,103,5,3,3
535,242,6,3,2
535,553,7,3,3
535,321,8,3,1
535,478,9,3,3
535,498,10,3,3
535,145,11,3,0
535,257,12,3,2
535,597,13,3,2
535,451,14,3,1
535,233,15,3,3
535,7,16,3,2
535,531,17,3,1
535,524,18,3,4
535,25,19,3,0
535,38,20,3,3
536,253,1,2,3
536,472,2,2,2
536,260,3,2,0
536,379,4,2,4
536,22,5,2,2
536,453,6,2,3
536,437,7,2,2
536,185,8,2,0
536,270,9,2,0
536,277,10,2,2
536,545,11,2,0
536,576,12,2,1
536,529,13,2,4
536,396,14,2,1
536,25,15,2,0
536,230,16,2,0
536,367,17,2,2
536,257,18,2,2
536,79,19,2,4
536,242,20,2,2
537,576,1,1,1
537,257,2,1,2
537,486,3,1,1
537,548,4,1,3
537,305,5,1,0
537,286,6,1,1
537,110,7,1,0
537,393,8,1,3
537,478,9,1,3
537,361,10,1,1
537,503,11,1,3
537,196,12,1,1
537,151,13,1,1
537,171,14,1,1
537,85,15,1,0
537,515,16,1,0
537,231,17,1,1
537,508,18,1,3
537,514,19,1,4
537,471,20,1,1
538,110,1,1,0
538,596,2,1,1
538,196,3,1,1
538,477,4,1,2
538,156,5,1,1
538,356,6,1,1
538,206,7,1,1
538,537,8,1,2
538,40,9,1,0
538,422,10,1,2
538,101,11,1,1
538,91,12,1,1
538,301,13,1,1
538,136,14,1,1
538,149,15,1,4
538,571,16,1,1
538,25,17,1,0
538,329,18,1,4
538,141,19,1,1
538,320,20,1,0
539,418,1,3,3
539,147,2,3,2
539,481,3,3,1
539,264,4,3,4
539,527,5,3,2
539,55,6,3,0
539,257,7,3,2
539,103,8,3,3
539,535,9,3,0
539,279,10,3,4
539,597,11,3,2
539,61,12,3,1
539,528,13,3,3
539,299,14,3,4
539,405,15,3,0
539,413,16,3,3
539,185,17,3,0
539,488,18,3,3
539,548,19,3,3
539,158,20,3,3
540,576,1,0,1
540,22,2,0,2
540,250,3,0,0
540,151,4,0,1
540,100,5,0,0
540,355,6,0,0
540,224,7,0,4
540,370,8,0,0
540,225,9,0,0
540,497,10,0,2
540,275,11,0,0
540,548,12,0,3
540,585,13,0,0
540,466,14,0,1
540,124,15,0,4
540,5,16,0,0
540,149,17,0,4
540,116,18,0,1
540,330,19,0,0
540,185,20,0,0
541,327,1,1,2
541,284,2,1,4
541,346,3,1,1
541,333,4,1,3
541,416,5,1,1
541,129,6,1,4
541,326,7,1,1
541,141,8,1,1
541,433,9,1,3
541,25,10,1,0
541,524,11,1,4
541,43,12,1,3
541,331,13,1,1
541,9,14,1,4
541,466,15,1,1
541,61,16,1,1
541,169,17,1,4
541,39,18,1,4
541,431,19,1,1
541,104,20,1,4
542,47,1,4,2
542,599,2,4,4
542,241,3,4,1
542,112,4,4,2
542,128,5,4,3
542,338,6,4,3
542,219,7,4,4
542,27,8,4,2
542,170,9,4,0
542,100,10,4,0
542,359,11,4,4
542,435,12,4,0
542,519,13,4,4
542,85,14,4,0
542,164,15,4,4
542,339,16,4,4
542,147,17,4,2
542,524,18,4,4
542,163,19,4,3
542,169,20,4,4
543,61,1,2,1
543,504,2,2,4
543,206,3,2,1
543,503,4,2,3
543,417,5,2,2
543,327,6,2,2
543,267,7,2,2
543,193,8,2,3
543,362,9,2,2
543,112,10,2,2
543,131,11,2,1
543,99,12,2,4
543,560,13,2,0
543,537,14,2,2
543,242,15,2,2
543,150,16,2,0
543,45,17,2,0
543,580,18,2,0
543,167,19,2,2
543,419,20,2,4
544,222,1,2,2
544,150,2,2,0
544,537,3,2,2
544,402,4,2,2
544,186,5,2,1
544,327,6,2,2
544,548,7,2,3
544,162,8,2,2
544,2,9,2,2
544,100,10,2,0
544,170,11,2,0
544,416,12,2,1
544,247,13,2,2
544,242,14,2,2
544,22,15,2,2
544,277,16,2,2
544,257,17,2,2
544,392,18,2,2
544,87,19,2,2
544,418,20,2,3
545,177,1,0,2
545,35,2,0,0
545,331,3,0,1
545,521,4,0,1
545,103,5,0,3
545,130,6,0,0
545,85,7,0,0
545,220,8,0,0
545,338,9,0,3
545,169,10,0,4
545,81,11,0,1
545,104,12,0,4
545,316,13,0,1
545,304,14,0,4
545,406,15,0,1
545,225,16,0,0
545,229,17,0,4
545,135,18,0,0
545,535,19,0,0
545,242,20,0,2
546,164,1,4,4
546,243,2,4,3
546,209,3,4,4
546,505,4,4,0
546,148,5,4,3
546,489,6,4,4
546,551,7,4,1
546,352,8,4,2
546,414,9,4,4
546,7,10,4,2
546,478,11,4,3
546,99,12,4,4
546,578,13,4,3
546,191,14,4,1
546,349,15,4,4
546,170,16,4,0
546,49,17,4,4
546,152,18,4,2
546,501,19,4,1
546,178,20,4,3
547,130,1,0,0
547,127,2,0,2
547,80,3,0,0
547,536,4,0,1
547,405,5,0,0
547,320,6,0,0
547,430,7,0,0
547,415,8,0,0
547,185,9,0,0
547,569,10,0,4
547,199,11,0,4
547,141,12,0,1
547,195,13,0,0
547,353,14,0,3
547,462,15,0,2
547,164,16,0,4
547,220,17,0,0
547,160,18,0,0
547,350,19,0,0
547,25,20,0,0
548,355,1,0,0
548,553,2,0,3
548,7,3,0,2
548,45,4,0,0
548,245,5,0,0
548,390,6,0,0
548,206,7,0,1
548,185,8,0,0
548,160,9,0,0
548,85,10,0,0
548,103,11,0,3
548,504,12,0,4
548,47,13,0,2
548,104,14,0,4
548,418,15,0,3
548,492,16,0,2
548,537,17,0,2
548,61,18,0,1
548,170,19,0,0
548,111,20,0,1
549,510,1,2,0
549,537,2,2,2
549,594,3,2,4
549,172,4,2,2
549,331,5,2,1
549,572,6,2,2
549,585,7,2,0
549,469,8,2,4
549,111,9,2,1
549,229,10,2,4
549,104,11,2,4
549,412,12,2,2
549,558,13,2,3
549,366,14,2,1
549,38,15,2,3
549,54,16,2,4
549,116,17,2,1
549,362,18,2,2
549,173,19,2,3
549,225,20,2,0
550,123,1,3,3
550,461,2,3,1
550,576,3,3,1
550,434,4,3,4
550,327,5,3,2
550,583,6,3,3
550,211,7,3,1
550,278,8,3,3
550,503,9,3,3
550,548,10,3,3
550,518,11,3,3
550,597,12,3,2
550,40,13,3,0
550,393,14,3,3
550,435,15,3,0
550,519,16,3,4
550,568,17,3,3
550,164,18,3,4
550,231,19,3,1
550,110,20,3,0
551,464,1,3,4
551,173,2,3,3
551,393,3,3,3
551,185,4,3,0
551,181,5,3,1
551,321,6,3,1
551,84,7,3,4
551,278,8,3,3
551,43,9,3,3
551,287,10,3,2
551,410,11,3,0
551,503,12,3,3
551,103,13,3,3
551,505,14,3,0
551,338,15,3,3
551,177,16,3,2
551,25,17,3,0
551,433,18,3,3
551,189,19,3,4
551,75,20,3,0
552,413,1,3,3
552,392,2,3,2
552,381,3,3,1
552,378,4,3,3
552,338,5,3,3
552,585,6,3,0
552,53,7,3,3
552,141,8,3,1
552,28,9,3,3
552,25,10,3,0
552,548,11,3,3
552,99,12,3,4
552,70,13,3,0
552,503,14,3,3
552,361,15,3,1
552,537,16,3,2
552,597,17,3,2
552,319,18,3,4
552,576,19,3,1
552,553,20,3,3
553,104,1,3,4
553,53,2,3,3
553,568,3,3,3
553,407,4,3,2
553,285,5,3,0
553,353,6,3,3
553,493,7,3,3
553,416,8,3,1
553,567,9,3,2
553,25,10,3,0
553,393,11,3,3
553,141,12,3,1
553,548,13,3,3
553,133,14,3,3
553,581,15,3,1
553,418,16,3,3
553,596,17,3,1
553,533,18,3,3
553,438,19,3,3
553,3,20,3,3
554,405,1,3,0
554,498,2,3,3
554,362,3,3,2
554,330,4,3,0
554,353,5,3,3
554,408,6,3,3
554,316,7,3,1
554,393,8,3,3
554,28,9,3,3
554,452,10,3,2
554,127,11,3,2
554,103,12,3,3
554,327,13,3,2
554,257,14,3,2
554,516,15,3,1
554,528,16,3,3
554,477,17,3,2
554,597,18,3,2
554,35,19,3,0
554,158,20,3,3
555,247,1,1,2
555,416,2,1,1
555,211,3,1,1
555,440,4,1,0
555,141,5,1,1
555,529,6,1,4
555,14,7,1,4
555,206,8,1,1
555,356,9,1,1
555,401,10,1,1
555,159,11,1,4
555,506,12,1,1
555,191,13,1,1
555,226,14,1,1
555,204,15,1,4
555,249,16,1,4
555,276,17,1,1
555,103,18,1,3
555,164,19,1,4
555,107,20,1,2
556,361,1,0,1
556,475,2,0,0
556,490,3,0,0
556,595,4,0,0
556,45,5,0,0
556,590,6,0,0
556,231,7,0,1
556,170,8,0,0
556,2,9,0,2
556,367,10,0,2
556,582,11,0,2
556,473,12,0,3
556,15,13,0,0
556,25,14,0,0
556,230,15,0,0
556,340,16,0,0
556,355,17,0,0
556,149,18,0,4
556,247,19,0,2
556,534,20,0,4
557,586,1,1,1
557,206,2,1,1
557,11,3,1,1
557,36,4,1,1
557,196,5,1,1
557,81,6,1,1
557,441,7,1,1
557,393,8,1,3
557,501,9,1,1
557,262,10,1,2
557,141,11,1,1
557,169,12,1,4
557,56,13,1,1
557,321,14,1,1
557,591,15,1,1
557,104,16,1,4
557,437,17,1,2
557,106,18,1,1
557,216,19,1,1
557,581,20,1,1
558,225,1,4,0
558,144,2,4,4
558,569,3,4,4
558,444,4,4,4
558,392,5,4,2
558,199,6,4,4
558,204,7,4,4
558,134,8,4,4
558,322,9,4,2
558,439,10,4,4
558,79,11,4,4
558,29,12,4,4
558,150,13,4,0
558,49,14,4,4
558,181,15,4,1
558,518,16,4,3
558,104,17,4,4
558,576,18,4,1
558,503,19,4,3
558,393,20,4,3
559,243,1,3,3
559,195,2,3,0
559,548,3,3,3
559,331,4,3,1
559,25,5,3,0
559,466,6,3,1
559,299,7,3,4
559,533,8,3,3
559,283,9,3,3
559,528,10,3,3
559,93,11,3,3
559,468,12,3,3
559,236,13,3,1
559,33,14,3,3
559,442,15,3,2
559,514,16,3,4
559,221,17,3,1
559,503,18,3,3
559,104,19,3,4
559,38,20,3,3
560,393,1,4,3
560,420,2,4,0
560,409,3,4,4
560,103,4,4,3
560,501,5,4,1
560,524,6,4,4
560,392,7,4,2
560,354,8,4,4
560,218,9,4,3
560,54,10,4,4
560,262,11,4,2
560,549,12,4,4
560,257,13,4,2
560,284,14,4,4
560,164,15,4,4
560,292,16,4,2
560,84,17,4,4
560,377,18,4,2
560,329,19,4,4
560,185,20,4,0
561,229,1,2,4
561,152,2,2,2
561,25,3,2,0
561,597,4,2,2
561,72,5,2,2
561,512,6,2,2
561,242,7,2,2
561,372,8,2,2
561,537,9,2,2
561,478,10,2,3
561,572,11,2,2
561,472,12,2,2
561,355,13,2,0
561,483,14,2,3
561,468,15,2,3
561,511,16,2,1
561,302,17,2,2
561,257,18,2,2
561,177,19,2,2
561,100,20,2,0
562,57,1,3,2
562,90,2,3,0
562,473,3,3,3
562,480,4,3,0
562,2,5,3,2
562,203,6,3,3
562,463,7,3,3
562,7,8,3,2
562,164,9,3,4
562,558,10,3,3
562,518,11,3,3
562,418,12,3,3
562,453,13,3,3
562,548,14,3,3
562,462,15,3,2
562,123,16,3,3
562,258,17,3,3
562,433,18,3,3
562,89,19,3,4
562,83,20,3,3
563,51,1,4,1
563,549,2,4,4
563,572,3,4,2
563,414,4,4,4
563,64,5,4,4
563,336,6,4,1
563,205,7,4,0
563,564,8,4,4
563,409,9,4,4
563,496,10,4,1
563,599,11,4,4
563,214,12,4,4
563,164,13,4,4
563,273,14,4,3
563,116,15,4,1
563,123,16,4,3
563,569,17,4,4
563,359,18,4,4
563,149,19,4,4
563,103,20,4,3
564,152,1,0,2
564,264,2,0,4
564,525,3,0,0
564,330,4,0,0
564,460,5,0,0
564,220,6,0,0
564,537,7,0,2
564,315,8,0,0
564,454,9,0,4
564,345,10,0,0
564,205,11,0,0
564,471,12,0,1
564,30,13,0,0
564,71,14,0,1
564,150,15,0,0
564,73,16,0,3
564,141,17,0,1
564,465,18,0,0
564,55,19,0,0
564,100,20,0,0
565,581,1,1,1
565,246,2,1,1
565,164,3,1,4
565,170,4,1,0
565,534,5,1,4
565,490,6,1,0
565,185,7,1,0
565,113,8,1,3
565,86,9,1,1
565,481,10,1,1
565,546,11,1,1
565,216,12,1,1
565,37,13,1,2
565,112,14,1,2
565,391,15,1,1
565,578,16,1,3
565,81,17,1,1
565,141,18,1,1
565,16,19,1,1
565,376,20,1,1
566,416,1,2,1
566,350,2,2,0
566,87,3,2,2
566,331,4,2,1
566,591,5,2,1
566,152,6,2,2
566,7,7,2,2
566,12,8,2,2
566,597,9,2,2
566,72,10,2,2
566,359,11,2,4
566,302,12,2,2
566,572,13,2,2
566,505,14,2,0
566,392,15,2,2
566,557,16,2,2
566,147,17,2,2
566,232,18,2,2
566,22,19,2,2
566,182,20,2,2
567,22,1,2,2
567,120,2,2,0
567,178,3,2,3
567,537,4,2,2
567,542,5,2,2
567,14,6,2,4
567,478,7,2,3
567,276,8,2,1
567,97,9,2,2
567,307,10,2,2
567,361,11,2,1
567,228,12,2,3
567,242,13,2,2
567,532,14,2,2
567,356,15,2,1
567,225,16,2,0
567,112,17,2,2
567,487,18,2,2
567,257,19,2,2
567,462,20,2,2
568,438,1,3,3
568,185,2,3,0
568,36,3,3,1
568,243,4,3,3
568,433,5,3,3
568,503,6,3,3
568,453,7,3,3
568,396,8,3,1
568,448,9,3,3
568,428,10,3,3
568,568,11,3,3
568,548,12,3,3
568,528,13,3,3
568,576,14,3,1
568,53,15,3,3
568,385,16,3,0
568,348,17,3,3
568,141,18,3,1
568,475,19,3,0
568,295,20,3,0
569,115,1,0,0
569,485,2,0,0
569,170,3,0,0
569,185,4,0,0
569,414,5,0,4
569,531,6,0,1
569,45,7,0,0
569,103,8,0,3
569,8,9,0,3
569,585,10,0,0
569,130,11,0,0
569,442,12,0,2
569,339,13,0,4
569,255,14,0,0
569,504,15,0,4
569,159,16,0,4
569,78,17,0,3
569,166,18,0,1
569,580,19,0,0
569,421,20,0,1
570,23,1,4,3
570,252,2,4,2
570,164,3,4,4
570,174,4,4,4
570,269,5,4,4
570,402,6,4,2
570,537,7,4,2
570,84,8,4,4
570,259,9,4,4
570,275,10,4,0
570,200,11,4,0
570,206,12,4,1
570,333,13,4,3
570,41,14,4,1
570,599,15,4,4
570,284,16,4,4
570,468,17,4,3
570,238,18,4,3
570,344,19,4,4
570,239,20,4,4
571,99,1,3,4
571,413,2,3,3
571,63,3,3,3
571,283,4,3,3
571,359,5,3,4
571,353,6,3,3
571,101,7,3,1
571,273,8,3,3
571,225,9,3,0
571,23,10,3,3
571,58,11,3,3
571,394,12,3,4
571,556,13,3,1
571,503,14,3,3
571,181,15,3,1
571,293,16,3,3
571,333,17,3,3
571,213,18,3,3
571,480,19,3,0
571,594,20,3,4
572,257,1,3,2
572,178,2,3,3
572,393,3,3,3
572,297,4,3,2
572,153,5,3,3
572,548,6,3,3
572,558,7,3,3
572,338,8,3,3
572,597,9,3,2
572,173,10,3,3
572,284,11,3,4
572,537,12,3,2
572,384,13,3,4
572,160,14,3,0
572,353,15,3,3
572,1,16,3,1
572,264,17,3,4
572,368,18,3,3
572,48,19,3,3
572,478,20,3,3
573,483,1,4,3
573,284,2,4,4
573,509,3,4,4
573,355,4,4,0
573,164,5,4,4
573,104,6,4,4
573,80,7,4,0
573,444,8,4,4
573,132,9,4,2
573,19,10,4,4
573,185,11,4,0
573,399,12,4,4
573,49,13,4,4
573,466,14,4,1
573,174,15,4,4
573,220,16,4,0
573,287,17,4,2
573,599,18,4,4
573,289,19,4,4
573,548,20,4,3
574,596,1,0,1
574,282,2,0,2
574,10,3,0,0
574,576,4,0,1
574,386,5,0,1
574,204,6,0,4
574,361,7,0,1
574,180,8,0,0
574,542,9,0,2
574,491,10,0,1
574,425,11,0,0
574,355,12,0,0
574,594,13,0,4
574,445,14,0,0
574,326,15,0,1
574,8,16,0,3
574,37,17,0,2
574,270,18,0,0
574,322,19,0,2
574,170,20,0,0
575,392,1,2,2
575,469,2,2,4
575,597,3,2,2
575,307,4,2,2
575,47,5,2,2
575,353,6,2,3
575,377,7,2,2
575,590,8,2,0
575,72,9,2,2
575,572,10,2,2
575,562,11,2,2
575,257,12,2,2
575,401,13,2,1
575,466,14,2,1
575,380,15,2,0
575,7,16,2,2
575,243,17,2,3
575,242,18,2,2
575,518,19,2,3
575,537,20,2,2
576,260,1,2,0
576,94,2,2,4
576,102,3,2,2
576,377,4,2,2
576,112,5,2,2
576,293,6,2,3
576,23,7,2,3
576,361,8,2,1
576,597,9,2,2
576,507,10,2,2
576,468,11,2,3
576,105,12,2,0
576,164,13,2,4
576,393,14,2,3
576,185,15,2,0
576,406,16,2,1
576,354,17,2,4
576,87,18,2,2
576,457,19,2,2
576,257,20,2,2
577,61,1,4,1
577,311,2,4,1
577,155,3,4,0
577,548,4,4,3
577,69,5,4,4
577,503,6,4,3
577,90,7,4,0
577,597,8,4,2
577,477,9,4,2
577,465,10,4,0
577,257,11,4,2
577,389,12,4,4
577,327,13,4,2
577,539,14,4,4
577,354,15,4,4
577,464,16,4,4
577,451,17,4,1
577,279,18,4,4
577,478,19,4,3
577,185,20,4,0
578,104,1,4,4
578,31,2,4,1
578,278,3,4,3
578,274,4,4,4
578,170,5,4,0
578,115,6,4,0
578,548,7,4,3
578,559,8,4,4
578,582,9,4,2
578,439,10,4,4
578,332,11,4,2
578,594,12,4,4
578,475,13,4,0
578,564,14,4,4
578,359,15,4,4
578,519,16,4,4
578,599,17,4,4
578,384,18,4,4
578,49,19,4,4
578,386,20,4,1
579,375,1,0,0
579,53,2,0,3
579,455,3,0,0
579,102,4,0,2
579,355,5,0,0
579,25,6,0,0
579,213,7,0,3
579,169,8,0,4
579,260,9,0,0
579,200,10,0,0
579,230,11,0,0
579,372,12,0,2
579,361,13,0,1
579,476,14,0,1
579,529,15,0,4
579,144,16,0,4
579,569,17,0,4
579,294,18,0,4
579,330,19,0,0
579,362,20,0,2
580,523,1,3,3
580,273,2,3,3
580,23,3,3,3
580,138,4,3,3
580,548,5,3,3
580,237,6,3,2
580,412,7,3,2
580,402,8,3,2
580,216,9,3,1
580,192,10,3,2
580,156,11,3,1
580,433,12,3,3
580,359,13,3,4
580,30,14,3,0
580,484,15,3,4
580,183,16,3,3
580,293,17,3,3
580,284,18,3,4
580,278,19,3,3
580,361,20,3,1
581,483,1,3,3
581,153,2,3,3
581,273,3,3,3
581,232,4,3,2
581,257,5,3,2
581,416,6,3,1
581,243,7,3,3
581,225,8,3,0
581,206,9,3,1
581,112,10,3,2
581,28,11,3,3
581,3,12,3,3
581,548,13,3,3
581,4,14,3,4
581,338,15,3,3
581,391,16,3,1
581,353,17,3,3
581,511,18,3,1
581,438,19,3,3
581,361,20,3,1
582,576,1,2,1
582,285,2,2,0
582,537,3,2,2
582,164,4,2,4
582,307,5,2,2
582,582,6,2,2
582,286,7,2,1
582,41,8,2,1
582,175,9,2,0
582,57,10,2,2
582,597,11,2,2
582,455,12,2,0
582,548,13,2,3
582,206,14,2,1
582,63,15,2,3
582,257,16,2,2
582,557,17,2,2
582,282,18,2,2
582,466,19,2,1
582,33,20,2,3
583,505,1,0,0
583,425,2,0,0
583,456,3,0,1
583,195,4,0,0
583,250,5,0,0
583,419,6,0,4
583,133,7,0,3
583,597,8,0,2
583,330,9,0,0
583,75,10,0,0
583,259,11,0,4
583,60,12,0,0
583,141,13,0,1
583,455,14,0,0
583,260,15,0,0
583,354,16,0,4
583,466,17,0,1
583,518,18,0,3
583,196,19,0,1
583,95,20,0,0
584,412,1,2,2
584,293,2,2,3
584,160,3,2,0
584,528,4,2,3
584,572,5,2,2
584,257,6,2,2
584,448,7,2,3
584,558,8,2,3
584,452,9,2,2
584,537,10,2,2
584,181,11,2,1
584,327,12,2,2
584,242,13,2,2
584,387,14,2,2
584,176,15,2,1
584,192,16,2,2
584,342,17,2,2
584,599,18,2,4
584,79,19,2,4
584,314,20,2,4
585,104,1,0,4
585,513,2,0,3
585,401,3,0,1
585,164,4,0,4
585,141,5,0,1
585,230,6,0,0
585,286,7,0,1
585,116,8,0,1
585,465,9,0,0
585,25,10,0,0
585,501,11,0,1
585,285,12,0,0
585,185,13,0,0
585,439,14,0,4
585,57,15,0,2
585,220,16,0,0
585,335,17,0,0
585,283,18,0,3
585,444,19,0,4
585,100,20,0,0
586,423,1,4,3
586,514,2,4,4
586,152,3,4,2
586,185,4,4,0
586,594,5,4,4
586,294,6,4,4
586,544,7,4,4
586,164,8,4,4
586,187,9,4,2
586,529,10,4,4
586,49,11,4,4
586,89,12,4,4
586,369,13,4,4
586,103,14,4,3
586,493,15,4,3
586,231,16,4,1
586,444,17,4,4
586,274,18,4,4
586,61,19,4,1
586,222,20,4,2
587,169,1,4,4
587,356,2,4,1
587,185,3,4,0
587,307,4,4,2
587,145,5,4,0
587,569,6,4,4
587,332,7,4,2
587,69,8,4,4
587,242,9,4,2
587,159,10,4,4
587,9,11,4,4
587,454,12,4,4
587,285,13,4,0
587,257,14,4,2
587,164,15,4,4
587,129,16,4,4
587,582,17,4,2
587,264,18,4,4
587,249,19,4,4
587,24,20,4,4
588,460,1,0,0
588,543,2,0,3
588,145,3,0,0
588,74,4,0,4
588,580,5,0,0
588,582,6,0,2
588,278,7,0,3
588,563,8,0,3
588,185,9,0,0
588,330,10,0,0
588,269,11,0,4
588,104,12,0,4
588,548,13,0,3
588,214,14,0,4
588,7,15,0,2
588,160,16,0,0
588,227,17,0,2
588,47,18,0,2
588,55,19,0,0
588,501,20,0,1
589,251,1,2,1
589,468,2,2,3
589,456,3,2,1
589,499,4,2,4
589,302,5,2,2
589,62,6,2,2
589,103,7,2,3
589,539,8,2,4
589,457,9,2,2
589,557,10,2,2
589,512,11,2,2
589,11,12,2,1
589,85,13,2,0
589,332,14,2,2
589,501,15,2,1
589,257,16,2,2
589,530,17,2,0
589,199,18,2,4
589,28,19,2,3
589,10,20,2,0
590,412,1,2,2
590,157,2,2,2
590,405,3,2,0
590,45,4,2,0
590,103,5,2,3
590,242,6,2,2
590,169,7,2,4
590,502,8,2,2
590,128,9,2,3
590,582,10,2,2
590,22,11,2,2
590,434,12,2,4
590,42,13,2,2
590,284,14,2,4
590,163,15,2,3
590,141,16,2,1
590,361,17,2,1
590,482,18,2,2
590,47,19,2,2
590,462,20,2,2
591,591,1,3,1
591,225,2,3,0
591,106,3,3,1
591,49,4,3,4
591,338,5,3,3
591,117,6,3,2
591,466,7,3,1
591,158,8,3,3
591,515,9,3,0
591,294,10,3,4
591,239,11,3,4
591,583,12,3,3
591,356,13,3,1
591,483,14,3,3
591,305,15,3,0
591,300,16,3,0
591,141,17,3,1
591,202,18,3,2
591,40,19,3,0
591,87,20,3,2
592,480,1,0,0
592,180,2,0,0
592,50,3,0,0
592,206,4,0,1
592,574,5,0,4
592,287,6,0,2
592,283,7,0,3
592,170,8,0,0
592,78,9,0,3
592,160,10,0,0
592,242,11,0,2
592,80,12,0,0
592,445,13,0,0
592,255,14,0,0
592,5,15,0,0
592,412,16,0,2
592,300,17,0,0
592,485,18,0,0
592,486,19,0,1
592,515,20,0,0
593,527,1,1,2
593,416,2,1,1
593,569,3,1,4
593,431,4,1,1
593,228,5,1,3
593,206,6,1,1
593,196,7,1,1
593,355,8,1,0
593,548,9,1,3
593,366,10,1,1
593,361,11,1,1
593,115,12,1,0
593,466,13,1,1
593,513,14,1,3
593,282,15,1,2
593,230,16,1,0
593,266,17,1,1
593,503,18,1,3
593,30,19,1,0
593,465,20,1,0
594,25,1,4,0
594,400,2,4,0
594,72,3,4,2
594,349,4,4,4
594,87,5,4,2
594,23,6,4,3
594,130,7,4,0
594,562,8,4,2
594,225,9,4,0
594,544,10,4,4
594,104,11,4,4
594,267,12,4,2
594,480,13,4,0
594,359,14,4,4
594,334,15,4,4
594,59,16,4,4
594,509,17,4,4
594,355,18,4,0
594,419,19,4,4
594,346,20,4,1
595,497,1,2,2
595,157,2,2,2
595,112,3,2,2
595,355,4,2,0
595,431,5,2,1
595,224,6,2,4
595,516,7,2,1
595,100,8,2,0
595,257,9,2,2
595,426,10,2,1
595,227,11,2,2
595,103,12,2,3
595,104,13,2,4
595,548,14,2,3
595,92,15,2,2
595,597,16,2,2
595,185,17,2,0
595,367,18,2,2
595,466,19,2,1
595,158,20,2,3
596,34,1,4,4
596,593,2,4,3
596,459,3,4,4
596,274,4,4,4
596,454,5,4,4
596,329,6,4,4
596,546,7,4,1
596,257,8,4,2
596,570,9,4,0
596,594,10,4,4
596,372,11,4,2
596,463,12,4,3
596,132,13,4,2
596,174,14,4,4
596,582,15,4,2
596,220,16,4,0
596,279,17,4,4
596,331,18,4,1
596,466,19,4,1
596,219,20,4,4
597,565,1,4,0
597,430,2,4,0
597,524,3,4,4
597,464,4,4,4
597,104,5,4,4
597,341,6,4,1
597,28,7,4,3
597,344,8,4,4
597,284,9,4,4
597,273,10,4,3
597,22,11,4,2
597,254,12,4,4
597,400,13,4,0
597,99,14,4,4
597,79,15,4,4
597,67,16,4,2
597,594,17,4,4
597,503,18,4,3
597,421,19,4,1
597,359,20,4,4
598,599,1,4,4
598,418,2,4,3
598,103,3,4,3
598,564,4,4,4
598,74,5,4,4
598,149,6,4,4
598,359,7,4,4
598,439,8,4,4
598,329,9,4,4
598,338,10,4,3
598,557,11,4,2
598,99,12,4,4
598,104,13,4,4
598,559,14,4,4
598,339,15,4,4
598,152,16,4,2
598,393,17,4,3
598,144,18,4,4
598,319,19,4,4
598,459,20,4,4
599,295,1,1,0
599,453,2,1,3
599,246,3,1,1
599,533,4,1,3
599,466,5,1,1
599,166,6,1,1
599,154,7,1,4
599,501,8,1,1
599,371,9,1,1
599,446,10,1,1
599,458,11,1,3
599,321,12,1,1
599,421,13,1,1
599,576,14,1,1
599,528,15,1,3
599,301,16,1,1
599,571,17,1,1
599,592,18,1,2
599,537,19,1,2
599,231,20,1,1
600,135,1,0,0
600,74,2,0,4
600,483,3,0,3
600,100,4,0,0
600,80,5,0,0
600,177,6,0,2
600,206,7,0,1
600,361,8,0,1
600,117,9,0,2
600,302,10,0,2
600,562,11,0,2
600,338,12,0,3
600,47,13,0,2
600,85,14,0,0
600,25,15,0,0
600,284,16,0,4
600,345,17,0,0
600,580,18,0,0
600,391,19,0,1
600,16,20,0,1
601,275,1,1,0
601,431,2,1,1
601,252,3,1,2
601,225,4,1,0
601,301,5,1,1
601,211,6,1,1
601,286,7,1,1
601,239,8,1,4
601,206,9,1,1
601,513,10,1,3
601,446,11,1,1
601,478,12,1,3
601,61,13,1,1
601,51,14,1,1
601,164,15,1,4
601,23,16,1,3
601,257,17,1,2
601,361,18,1,1
601,266,19,1,1
601,597,20,1,2
602,112,1,3,2
602,18,2,3,3
602,393,3,3,3
602,242,4,3,2
602,278,5,3,3
602,204,6,3,4
602,280,7,3,0
602,120,8,3,0
602,474,9,3,4
602,283,10,3,3
602,333,11,3,3
602,267,12,3,2
602,548,13,3,3
602,248,14,3,3
602,321,15,3,1
602,29,16,3,4
602,103,17,3,3
602,170,18,3,0
602,70,19,3,0
602,503,20,3,3
603,85,1,1,0
603,104,2,1,4
603,521,3,1,1
603,267,4,1,2
603,502,5,1,2
603,36,6,1,1
603,491,7,1,1
603,246,8,1,1
603,263,9,1,3
603,501,10,1,1
603,116,11,1,1
603,101,12,1,1
603,346,13,1,1
603,163,14,1,3
603,361,15,1,1
603,257,16,1,2
603,61,17,1,1
603,581,18,1,1
603,354,19,1,4
603,466,20,1,1
604,164,1,0,4
604,435,2,0,0
604,241,3,0,1
604,580,4,0,0
604,252,5,0,2
604,225,6,0,0
604,411,7,0,1
604,150,8,0,0
604,70,9,0,0
604,52,10,0,2
604,502,11,0,2
604,468,12,0,3
604,475,13,0,0
604,320,14,0,0
604,143,15,0,3
604,557,16,0,2
604,99,17,0,4
604,498,18,0,3
604,255,19,0,0
604,257,20,0,2
605,9,1,4,4
605,572,2,4,2
605,148,3,4,3
605,245,4,4,0
605,454,5,4,4
605,579,6,4,4
605,296,7,4,1
605,217,8,4,2
605,546,9,4,1
605,132,10,4,2
605,537,11,4,2
605,274,12,4,4
605,258,13,4,3
605,189,14,4,4
605,220,15,4,0
605,514,16,4,4
605,223,17,4,3
605,164,18,4,4
605,392,19,4,2
605,503,20,4,3
606,466,1,4,1
606,549,2,4,4
606,484,3,4,4
606,164,4,4,4
606,179,5,4,4
606,182,6,4,2
606,374,7,4,4
606,59,8,4,4
606,25,9,4,0
606,264,10,4,4
606,149,11,4,4
606,542,12,4,2
606,269,13,4,4
606,284,14,4,4
606,257,15,4,2
606,548,16,4,3
606,219,17,4,4
606,454,18,4,4
606,569,19,4,4
606,359,20,4,4
607,225,1,0,0
607,440,2,0,0
607,273,3,0,3
607,257,4,0,2
607,104,5,0,4
607,482,6,0,2
607,465,7,0,0
607,594,8,0,4
607,229,9,0,4
607,177,10,0,2
607,480,11,0,0
607,96,12,0,1
607,235,13,0,0
607,287,14,0,2
607,435,15,0,0
607,130,16,0,0
607,277,17,0,2
607,395,18,0,0
607,559,19,0,4
607,485,20,0,0
608,22,1,2,2
608,424,2,2,4
608,266,3,2,1
608,384,4,2,4
608,104,5,2,4
608,162,6,2,2
608,327,7,2,2
608,597,8,2,2
608,489,9,2,4
608,532,10,2,2
608,116,11,2,1
608,39,12,2,4
608,94,13,2,4
608,569,14,2,4
608,313,15,2,3
608,5,16,2,0
608,112,17,2,2
608,242,18,2,2
608,257,19,2,2
608,25,20,2,0
609,430,1,0,0
609,171,2,0,1
609,130,3,0,0
609,569,4,0,4
609,380,5,0,0
609,225,6,0,0
609,506,7,0,1
609,95,8,0,0
609,485,9,0,0
609,545,10,0,0
609,88,11,0,3
609,150,12,0,0
609,480,13,0,0
609,355,14,0,0
609,103,15,0,3
609,460,16,0,0
609,185,17,0,0
609,220,18,0,0
609,405,19,0,0
609,257,20,0,2
610,266,1,1,1
610,470,2,1,0
610,528,3,1,3
610,246,4,1,1
610,96,5,1,1
610,476,6,1,1
610,535,7,1,0
610,562,8,1,2
610,32,9,1,2
610,490,10,1,0
610,464,11,1,4
610,441,12,1,1
610,136,13,1,1
610,86,14,1,1
610,556,15,1,1
610,204,16,1,4
610,116,17,1,1
610,130,18,1,0
610,582,19,1,2
610,361,20,1,1
611,158,1,3,3
611,466,2,3,1
611,141,3,3,1
611,163,4,3,3
611,16,5,3,1
611,548,6,3,3
611,329,7,3,4
611,498,8,3,3
611,413,9,3,3
611,231,10,3,1
611,210,11,3,0
611,332,12,3,2
611,36,13,3,1
611,164,14,3,4
611,570,15,3,0
611,295,16,3,0
611,118,17,3,3
611,478,18,3,3
611,331,19,3,1
611,308,20,3,3
612,571,1,1,1
612,346,2,1,1
612,416,3,1,1
612,116,4,1,1
612,124,5,1,4
612,306,6,1,1
612,567,7,1,2
612,338,8,1,3
612,141,9,1,1
612,466,10,1,1
612,13,11,1,3
612,246,12,1,1
612,101,13,1,1
612,361,14,1,1
612,185,15,1,0
612,104,16,1,4
612,206,17,1,1
612,327,18,1,2
612,80,19,1,0
612,79,20,1,4
613,90,1,0,0
613,351,2,0,1
613,15,3,0,0
613,22,4,0,2
613,362,5,0,2
613,103,6,0,3
613,280,7,0,0
613,361,8,0,1
613,242,9,0,2
613,45,10,0,0
613,79,11,0,4
613,252,12,0,2
613,204,13,0,4
613,272,14,0,2
613,185,15,0,0
613,383,16,0,3
613,30,17,0,0
613,224,18,0,4
613,580,19,0,0
613,559,20,0,4
614,561,1,1,1
614,186,2,1,1
614,265,3,1,0
614,362,4,1,2
614,550,5,1,0
614,151,6,1,1
614,466,7,1,1
614,246,8,1,1
614,14,9,1,4
614,225,10,1,0
614,113,11,1,3
614,206,12,1,1
614,231,13,1,1
614,576,14,1,1
614,344,15,1,4
614,465,16,1,0
614,518,17,1,3
614,537,18,1,2
614,301,19,1,1
614,177,20,1,2
615,520,1,0,0
615,330,2,0,0
615,110,3,0,0
615,241,4,0,1
615,488,5,0,3
615,101,6,0,1
615,415,7,0,0
615,79,8,0,4
615,135,9,0,0
615,185,10,0,0
615,242,11,0,2
615,379,12,0,4
615,404,13,0,4
615,421,14,0,1
615,216,15,0,1
615,440,16,0,0
615,395,17,0,0
615,515,18,0,0
615,205,19,0,0
615,170,20,0,0
616,37,1,2,2
616,434,2,2,4
616,518,3,2,3
616,327,4,2,2
616,69,5,2,4
616,22,6,2,2
616,502,7,2,2
616,592,8,2,2
616,477,9,2,2
616,503,10,2,3
616,562,11,2,2
616,172,12,2,2
616,487,13,2,2
616,103,14,2,3
616,478,15,2,3
616,361,16,2,1
616,284,17,2,4
616,239,18,2,4
616,257,19,2,2
616,47,20,2,2
617,414,1,2,4
617,293,2,2,3
617,99,3,2,4
617,116,4,2,1
617,353,5,2,3
617,454,6,2,4
617,537,7,2,2
617,242,8,2,2
617,149,9,2,4
617,153,10,2,3
617,77,11,2,2
617,7,12,2,2
617,62,13,2,2
617,592,14,2,2
617,492,15,2,2
617,483,16,2,3
617,552,17,2,2
617,569,18,2,4
617,188,19,2,3
617,302,20,2,2
618,23,1,3,3
618,55,2,3,0
618,113,3,3,3
618,594,4,3,4
618,104,5,3,4
618,569,6,3,4
618,548,7,3,3
618,170,8,3,0
618,559,9,3,4
618,25,10,3,0
618,445,11,3,0
618,393,12,3,3
618,346,13,3,1
618,212,14,3,2
618,373,15,3,3
618,489,16,3,4
618,355,17,3,0
618,553,18,3,3
618,101,19,3,1
618,185,20,3,0
619,81,1,2,1
619,407,2,2,2
619,229,3,2,4
619,382,4,2,2
619,289,5,2,4
619,471,6,2,1
619,110,7,2,0
619,472,8,2,2
619,522,9,2,2
619,483,10,2,3
619,242,11,2,2
619,141,12,2,1
619,150,13,2,0
619,502,14,2,2
619,480,15,2,0
619,102,16,2,2
619,497,17,2,2
619,22,18,2,2
619,72,19,2,2
619,561,20,2,1
620,141,1,1,1
620,237,2,1,2
620,185,3,1,0
620,103,4,1,3
620,562,5,1,2
620,329,6,1,4
620,150,7,1,0
620,291,8,1,1
620,401,9,1,1
620,192,10,1,2
620,81,11,1,1
620,331,12,1,1
620,380,13,1,0
620,478,14,1,3
620,359,15,1,4
620,510,16,1,0
620,505,17,1,0
620,66,18,1,1
620,96,19,1,1
620,215,20,1,0
621,554,1,4,4
621,129,2,4,4
621,219,3,4,4
621,432,4,4,2
621,104,5,4,4
621,164,6,4,4
621,152,7,4,2
621,501,8,4,1
621,593,9,4,3
621,449,10,4,4
621,274,11,4,4
621,548,12,4,3
621,455,13,4,0
621,284,14,4,4
621,359,15,4,4
621,133,16,4,3
621,249,17,4,4
621,185,18,4,0
621,196,19,4,1
621,49,20,4,4
622,47,1,2,2
622,377,2,2,2
622,479,3,2,4
622,72,4,2,2
622,517,5,2,2
622,567,6,2,2
622,569,7,2,4
622,141,8,2,1
622,480,9,2,0
622,57,10,2,2
622,177,11,2,2
622,513,12,2,3
622,371,13,2,1
622,204,14,2,4
622,586,15,2,1
622,257,16,2,2
622,397,17,2,2
622,137,18,2,2
622,205,19,2,0
622,393,20,2,3
623,551,1,1,1
623,206,2,1,1
623,416,3,1,1
623,191,4,1,1
623,312,5,1,2
623,221,6,1,1
623,338,7,1,3
623,406,8,1,1
623,301,9,1,1
623,81,10,1,1
623,141,11,1,1
623,185,12,1,0
623,501,13,1,1
623,518,14,1,3
623,505,15,1,0
623,305,16,1,0
623,51,17,1,1
623,543,18,1,3
623,233,19,1,3
623,101,20,1,1
624,51,1,3,1
624,98,2,3,3
624,567,3,3,2
624,169,4,3,4
624,543,5,3,3
624,279,6,3,4
624,167,7,3,2
624,253,8,3,3
624,85,9,3,0
624,278,10,3,3
624,376,11,3,1
624,513,12,3,3
624,393,13,3,3
624,437,14,3,2
624,28,15,3,3
624,361,16,3,1
624,242,17,3,2
624,158,18,3,3
624,248,19,3,3
624,235,20,3,0
625,257,1,4,2
625,104,2,4,4
625,529,3,4,4
625,141,4,4,1
625,29,5,4,4
625,439,6,4,4
625,482,7,4,2
625,229,8,4,4
625,160,9,4,0
625,454,10,4,4
625,359,11,4,4
625,524,12,4,4
625,74,13,4,4
625,214,14,4,4
625,232,15,4,2
625,379,16,4,4
625,284,17,4,4
625,444,18,4,4
625,489,19,4,4
625,401,20,4,1
626,141,1,2,1
626,257,2,2,2
626,377,3,2,2
626,537,4,2,2
626,27,5,2,2
626,409,6,2,4
626,207,7,2,2
626,522,8,2,2
626,248,9,2,3
626,80,10,2,0
626,175,11,2,0
626,2,12,2,2
626,170,13,2,0
626,25,14,2,0
626,398,15,2,3
626,72,16,2,2
626,547,17,2,2
626,532,18,2,2
626,194,19,2,4
626,242,20,2,2
627,25,1,4,0
627,503,2,4,3
627,212,3,4,2
627,359,4,4,4
627,219,5,4,4
627,481,6,4,1
627,269,7,4,4
627,224,8,4,4
627,408,9,4,3
627,99,10,4,4
627,468,11,4,3
627,72,12,4,2
627,267,13,4,2
627,355,14,4,0
627,164,15,4,4
627,300,16,4,0
627,104,17,4,4
627,257,18,4,2
627,548,19,4,3
627,361,20,4,1
628,287,1,4,2
628,359,2,4,4
628,257,3,4,2
628,434,4,4,4
628,264,5,4,4
628,594,6,4,4
628,576,7,4,1
628,469,8,4,4
628,117,9,4,2
628,449,10,4,4
628,104,11,4,4
628,158,12,4,3
628,444,13,4,4
628,429,14,4,4
628,141,15,4,1
628,206,16,4,1
628,229,17,4,4
628,483,18,4,3
628,70,19,4,0
628,219,20,4,4
629,285,1,1,0
629,36,2,1,1
629,454,3,1,4
629,353,4,1,3
629,354,5,1,4
629,426,6,1,1
629,160,7,1,0
629,401,8,1,1
629,590,9,1,0
629,165,10,1,0
629,149,11,1,4
629,233,12,1,3
629,455,13,1,0
629,161,14,1,1
629,471,15,1,1
629,445,16,1,0
629,521,17,1,1
629,170,18,1,0
629,341,19,1,1
629,466,20,1,1
630,231,1,1,1
630,291,2,1,1
630,465,3,1,0
630,576,4,1,1
630,191,5,1,1
630,519,6,1,4
630,2,7,1,2
630,492,8,1,2
630,305,9,1,0
630,571,10,1,1
630,55,11,1,0
630,361,12,1,1
630,206,13,1,1
630,42,14,1,2
630,16,15,1,1
630,96,16,1,1
630,257,17,1,2
630,490,18,1,0
630,483,19,1,3
630,265,20,1,0
631,278,1,3,3
631,8,2,3,3
631,158,3,3,3
631,68,4,3,3
631,257,5,3,2
631,307,6,3,2
631,340,7,3,0
631,128,8,3,3
631,427,9,3,2
631,353,10,3,3
631,468,11,3,3
631,9,12,3,4
631,393,13,3,3
631,101,14,3,1
631,548,15,3,3
631,4,16,3,4
631,261,17,3,1
631,149,18,3,4
631,531,19,3,1
631,362,20,3,2
632,582,1,2,2
632,495,2,2,0
632,462,3,2,2
632,597,4,2,2
632,508,5,2,3
632,192,6,2,2
632,392,7,2,2
632,274,8,2,4
632,229,9,2,4
632,240,10,2,0
632,526,11,2,1
632,503,12,2,3
632,141,13,2,1
632,257,14,2,2
632,162,15,2,2
632,102,16,2,2
632,449,17,2,4
632,42,18,2,2
632,302,19,2,2
632,185,20,2,0
633,174,1,1,4
633,286,2,1,1
633,433,3,1,3
633,231,4,1,1
633,393,5,1,3
633,566,6,1,1
633,192,7,1,2
633,206,8,1,1
633,257,9,1,2
633,103,10,1,3
633,98,11,1,3
633,227,12,1,2
633,246,13,1,1
633,164,14,1,4
633,525,15,1,0
633,101,16,1,1
633,331,17,1,1
633,221,18,1,1
633,340,19,1,0
633,391,20,1,1
634,582,1,1,2
634,359,2,1,4
634,361,3,1,1
634,158,4,1,3
634,162,5,1,2
634,57,6,1,2
634,331,7,1,1
634,51,8,1,1
634,279,9,1,4
634,258,10,1,3
634,248,11,1,3
634,433,12,1,3
634,384,13,1,4
634,552,14,1,2
634,206,15,1,1
634,325,16,1,0
634,103,17,1,3
634,413,18,1,3
634,371,19,1,1
634,116,20,1,1
635,213,1,3,3
635,342,2,3,2
635,223,3,3,3
635,132,4,3,2
635,537,5,3,2
635,529,6,3,4
635,261,7,3,1
635,285,8,3,0
635,508,9,3,3
635,243,10,3,3
635,460,11,3,0
635,548,12,3,3
635,327,13,3,2
635,143,14,3,3
635,260,15,3,0
635,345,16,3,0
635,468,17,3,3
635,193,18,3,3
635,308,19,3,3
635,413,20,3,3
636,149,1,4,4
636,584,2,4,4
636,353,3,4,3
636,359,4,4,4
636,388,5,4,3
636,537,6,4,2
636,22,7,4,2
636,340,8,4,0
636,284,9,4,4
636,384,10,4,4
636,6,11,4,1
636,419,12,4,4
636,257,13,4,2
636,206,14,4,1
636,199,15,4,4
636,185,16,4,0
636,81,17,4,1
636,204,18,4,4
636,104,19,4,4
636,279,20,4,4
637,267,1,2,2
637,366,2,2,1
637,427,3,2,2
637,107,4,2,2
637,47,5,2,2
637,422,6,2,2
637,317,7,2,2
637,185,8,2,0
637,432,9,2,2
637,537,10,2,2
637,379,11,2,4
637,285,12,2,0
637,386,13,2,1
637,467,14,2,2
637,257,15,2,2
637,21,16,2,1
637,207,17,2,2
637,557,18,2,2
637,391,19,2,1
637,582,20,2,2
638,22,1,4,2
638,384,2,4,4
638,389,3,4,4
638,185,4,4,0
638,503,5,4,3
638,309,6,4,4
638,206,7,4,1
638,439,8,4,4
638,225,9,4,0
638,393,10,4,3
638,234,11,4,4
638,84,12,4,4
638,444,13,4,4
638,184,14,4,4
638,179,15,4,4
638,519,16,4,4
638,254,17,4,4
638,569,18,4,4
638,188,19,4,3
638,504,20,4,4
639,235,1,0,0
639,275,2,0,0
639,185,3,0,0
639,120,4,0,0
639,467,5,0,2
639,148,6,0,3
639,177,7,0,2
639,345,8,0,0
639,307,9,0,2
639,65,10,0,0
639,71,11,0,1
639,45,12,0,0
639,230,13,0,0
639,261,14,0,1
639,103,15,0,3
639,34,16,0,4
639,566,17,0,1
639,595,18,0,0
639,67,19,0,2
639,225,20,0,0
640,466,1,4,1
640,284,2,4,4
640,194,3,4,4
640,289,4,4,4
640,453,5,4,3
640,78,6,4,3
640,199,7,4,4
640,569,8,4,4
640,39,9,4,4
640,131,10,4,1
640,51,11,4,1
640,101,12,4,1
640,413,13,4,3
640,104,14,4,4
640,361,15,4,1
640,210,16,4,0
640,550,17,4,0
640,548,18,4,3
640,429,19,4,4
640,74,20,4,4
641,13,1,3,3
641,229,2,3,4
641,213,3,3,3
641,323,4,3,3
641,338,5,3,3
641,538,6,3,3
641,361,7,3,1
641,548,8,3,3
641,22,9,3,2
641,103,10,3,3
641,303,11,3,3
641,123,12,3,3
641,253,13,3,3
641,503,14,3,3
641,242,15,3,2
641,211,16,3,1
641,36,17,3,1
641,441,18,3,1
641,513,19,3,3
641,291,20,3,1
642,72,1,2,2
642,482,2,2,2
642,22,3,2,2
642,257,4,2,2
642,36,5,2,1
642,163,6,2,3
642,160,7,2,0
642,206,8,2,1
642,235,9,2,0
642,4,10,2,4
642,523,11,2,3
642,292,12,2,2
642,112,13,2,2
642,60,14,2,0
642,547,15,2,2
642,430,16,2,0
642,537,17,2,2
642,485,18,2,0
642,232,19,2,2
642,2,20,2,2
643,409,1,4,4
643,51,2,4,1
643,164,3,4,4
643,439,4,4,4
643,580,5,4,0
643,149,6,4,4
643,242,7,4,2
643,464,8,4,4
643,117,9,4,2
643,257,10,4,2
643,284,11,4,4
643,99,12,4,4
643,79,13,4,4
643,296,14,4,1
643,359,15,4,4
643,264,16,4,4
643,582,17,4,2
643,361,18,4,1
643,483,19,4,3
643,104,20,4,4
644,522,1,3,2
644,523,2,3,3
644,230,3,3,0
644,28,4,3,3
644,390,5,3,0
644,103,6,3,3
644,478,7,3,3
644,472,8,3,2
644,160,9,3,0
644,378,10,3,3
644,354,11,3,4
644,122,12,3,2
644,513,13,3,3
644,209,14,3,4
644,264,15,3,4
644,93,16,3,3
644,295,17,3,0
644,235,18,3,0
644,557,19,3,2
644,589,20,3,4
645,267,1,0,2
645,29,2,0,4
645,186,3,0,1
645,100,4,0,0
645,331,5,0,1
645,214,6,0,4
645,99,7,0,4
645,55,8,0,0
645,20,9,0,0
645,355,10,0,0
645,485,11,0,0
645,185,12,0,0
645,169,13,0,4
645,433,14,0,3
645,47,15,0,2
645,25,16,0,0
645,85,17,0,0
645,206,18,0,1
645,440,19,0,0
645,499,20,0,4
646,393,1,4,3
646,257,2,4,2
646,429,3,4,4
646,164,4,4,4
646,90,5,4,0
646,478,6,4,3
646,99,7,4,4
646,501,8,4,1
646,440,9,4,0
646,159,10,4,4
646,242,11,4,2
646,103,12,4,3
646,334,13,4,4
646,188,14,4,3
646,284,15,4,4
646,398,16,4,3
646,418,17,4,3
646,95,18,4,0
646,225,19,4,0
646,173,20,4,3
647,327,1,2,2
647,445,2,2,0
647,557,3,2,2
647,362,4,2,2
647,213,5,2,3
647,522,6,2,2
647,0,7,2,0
647,230,8,2,0
647,282,9,2,2
647,242,10,2,2
647,561,11,2,1
647,165,12,2,0
647,207,13,2,2
647,372,14,2,2
647,164,15,2,4
647,460,16,2,0
647,206,17,2,1
647,182,18,2,2
647,398,19,2,3
647,22,20,2,2
648,220,1,1,0
648,571,2,1,1
648,185,3,1,0
648,311,4,1,1
648,361,5,1,1
648,483,6,1,3
648,501,7,1,1
648,338,8,1,3
648,295,9,1,0
648,389,10,1,4
648,257,11,1,2
648,141,12,1,1
648,184,13,1,4
648,51,14,1,1
648,246,15,1,1
648,101,16,1,1
648,191,17,1,1
648,169,18,1,4
648,480,19,1,0
648,205,20,1,0
649,548,1,4,3
649,141,2,4,1
649,159,3,4,4
649,104,4,4,4
649,557,5,4,2
649,420,6,4,0
649,164,7,4,4
649,544,8,4,4
649,359,9,4,4
649,207,10,4,2
649,397,11,4,2
649,429,12,4,4
649,466,13,4,1
649,424,14,4,4
649,569,15,4,4
649,25,16,4,0
649,206,17,4,1
649,498,18,4,3
649,455,19,4,0
649,153,20,4,3
650,131,1,3,1
650,504,2,3,4
650,497,3,3,2
650,564,4,3,4
650,325,5,3,0
650,488,6,3,3
650,47,7,3,2
650,466,8,3,1
650,316,9,3,1
650,454,10,3,4
650,115,11,3,0
650,528,12,3,3
650,150,13,3,0
650,206,14,3,1
650,258,15,3,3
650,252,16,3,2
650,11,17,3,1
650,333,18,3,3
650,413,19,3,3
650,518,20,3,3
651,569,1,3,4
651,303,2,3,3
651,158,3,3,3
651,466,4,3,1
651,521,5,3,1
651,129,6,3,4
651,577,7,3,2
651,231,8,3,1
651,435,9,3,0
651,223,10,3,3
651,103,11,3,3
651,332,12,3,2
651,576,13,3,1
651,354,14,3,4
651,78,15,3,3
651,278,16,3,3
651,84,17,3,4
651,297,18,3,2
651,205,19,3,0
651,473,20,3,3
652,26,1,0,1
652,545,2,0,0
652,185,3,0,0
652,418,4,0,3
652,393,5,0,3
652,362,6,0,2
652,528,7,0,3
652,478,8,0,3
652,479,9,0,4
652,10,10,0,0
652,25,11,0,0
652,84,12,0,4
652,85,13,0,0
652,164,14,0,4
652,572,15,0,2
652,149,16,0,4
652,278,17,0,3
652,40,18,0,0
652,405,19,0,0
652,436,20,0,1
653,480,1,0,0
653,285,2,0,0
653,450,3,0,0
653,569,4,0,4
653,413,5,0,3
653,256,6,0,1
653,70,7,0,0
653,185,8,0,0
653,537,9,0,2
653,475,10,0,0
653,225,11,0,0
653,391,12,0,1
653,233,13,0,3
653,548,14,0,3
653,25,15,0,0
653,232,16,0,2
653,576,17,0,1
653,509,18,0,4
653,180,19,0,0
653,355,20,0,0
654,543,1,3,3
654,333,2,3,3
654,440,3,3,0
654,548,4,3,3
654,379,5,3,4
654,257,6,3,2
654,14,7,3,4
654,514,8,3,4
654,228,9,3,3
654,377,10,3,2
654,465,11,3,0
654,230,12,3,0
654,313,13,3,3
654,18,14,3,3
654,164,15,3,4
654,213,16,3,3
654,216,17,3,1
654,553,18,3,3
654,206,19,3,1
654,229,20,3,4
655,441,1,0,1
655,385,2,0,0
655,257,3,0,2
655,19,4,0,4
655,162,5,0,2
655,274,6,0,4
655,80,7,0,0
655,547,8,0,2
655,229,9,0,4
655,185,10,0,0
655,63,11,0,3
655,150,12,0,0
655,568,13,0,3
655,366,14,0,1
655,589,15,0,4
655,285,16,0,0
655,54,17,0,4
655,40,18,0,0
655,305,19,0,0
655,85,20,0,0
656,59,1,0,4
656,400,2,0,0
656,405,3,0,0
656,429,4,0,4
656,90,5,0,0
656,483,6,0,3
656,159,7,0,4
656,535,8,0,0
656,150,9,0,0
656,185,10,0,0
656,235,11,0,0
656,103,12,0,3
656,594,13,0,4
656,315,14,0,0
656,589,15,0,4
656,169,16,0,4
656,548,17,0,3
656,125,18,0,0
656,509,19,0,4
656,199,20,0,4
657,185,1,1,0
657,174,2,1,4
657,433,3,1,3
657,569,4,1,4
657,321,5,1,1
657,72,6,1,2
657,396,7,1,1
657,42,8,1,2
657,79,9,1,4
657,461,10,1,1
657,141,11,1,1
657,206,12,1,1
657,590,13,1,0
657,264,14,1,4
657,103,15,1,3
657,5,16,1,0
657,537,17,1,2
657,503,18,1,3
657,231,19,1,1
657,176,20,1,1
658,317,1,2,2
658,401,2,2,1
658,594,3,2,4
658,359,4,2,4
658,537,5,2,2
658,141,6,2,1
658,227,7,2,2
658,286,8,2,1
658,465,9,2,0
658,480,10,2,0
658,0,11,2,0
658,582,12,2,2
658,257,13,2,2
658,433,14,2,3
658,17,15,2,2
658,472,16,2,2
658,164,17,2,4
658,547,18,2,2
658,455,19,2,0
658,512,20,2,2
659,188,1,2,3
659,104,2,2,4
659,257,3,2,2
659,462,4,2,2
659,503,5,2,3
659,597,6,2,2
659,537,7,2,2
659,225,8,2,0
659,177,9,2,2
659,590,10,2,0
659,60,11,2,0
659,10,12,2,0
659,185,13,2,0
659,391,14,2,1
659,47,15,2,2
659,27,16,2,2
659,522,17,2,2
659,2,18,2,2
659,392,19,2,2
659,38,20,2,3
660,518,1,3,3
660,174,2,3,4
660,393,3,3,3
660,128,4,3,3
660,238,5,3,3
660,383,6,3,3
660,98,7,3,3
660,121,8,3,1
660,24,9,3,4
660,340,10,3,0
660,558,11,3,3
660,263,12,3,3
660,152,13,3,2
660,501,14,3,1
660,329,15,3,4
660,398,16,3,3
660,361,17,3,1
660,233,18,3,3
660,257,19,3,2
660,330,20,3,0
661,242,1,3,2
661,355,2,3,0
661,163,3,3,3
661,124,4,3,4
661,428,5,3,3
661,468,6,3,3
661,164,7,3,4
661,452,8,3,2
661,128,9,3,3
661,434,10,3,4
661,60,11,3,0
661,104,12,3,4
661,543,13,3,3
661,308,14,3,3
661,597,15,3,2
661,167,16,3,2
661,103,17,3,3
661,10,18,3,0
661,243,19,3,3
661,193,20,3,3
662,355,1,3,0
662,458,2,3,3
662,433,3,3,3
662,368,4,3,3
662,383,5,3,3
662,426,6,3,1
662,257,7,3,2
662,48,8,3,3
662,393,9,3,3
662,428,10,3,3
662,25,11,3,0
662,68,12,3,3
662,141,13,3,1
662,242,14,3,2
662,582,15,3,2
662,178,16,3,3
662,413,17,3,3
662,333,18,3,3
662,278,19,3,3
662,401,20,3,1
663,329,1,4,4
663,409,2,4,4
663,305,3,4,0
663,199,4,4,4
663,178,5,4,3
663,170,6,4,0
663,319,7,4,4
663,434,8,4,4
663,333,9,4,3
663,430,10,4,0
663,149,11,4,4
663,561,12,4,1
663,164,13,4,4
663,94,14,4,4
663,576,15,4,1
663,103,16,4,3
663,327,17,4,2
663,464,18,4,4
663,225,19,4,0
663,369,20,4,4
664,298,1,1,3
664,216,2,1,1
664,174,3,1,4
664,401,4,1,1
664,571,5,1,1
664,248,6,1,3
664,173,7,1,3
664,156,8,1,1
664,468,9,1,3
664,286,10,1,1
664,128,11,1,3
664,348,12,1,3
664,51,13,1,1
664,266,14,1,1
664,46,15,1,1
664,191,16,1,1
664,164,17,1,4
664,576,18,1,1
664,540,19,1,0
664,122,20,1,2
665,382,1,2,2
665,331,2,2,1
665,510,3,2,0
665,537,4,2,2
665,165,5,2,0
665,149,6,2,4
665,40,7,2,0
665,207,8,2,2
665,107,9,2,2
665,242,10,2,2
665,197,11,2,2
665,164,12,2,4
665,312,13,2,2
665,492,14,2,2
665,110,15,2,0
665,557,16,2,2
665,38,17,2,3
665,163,18,2,3
665,237,19,2,2
665,319,20,2,4
666,103,1,4,3
666,19,2,4,4
666,489,3,4,4
666,582,4,4,2
666,474,5,4,4
666,181,6,4,1
666,338,7,4,3
666,229,8,4,4
666,412,9,4,2
666,301,10,4,1
666,164,11,4,4
666,52,12,4,2
666,284,13,4,4
666,2,14,4,2
666,104,15,4,4
666,185,16,4,0
666,366,17,4,1
666,4,18,4,4
666,311,19,4,1
666,314,20,4,4
667,226,1,1,1
667,249,2,1,4
667,344,3,1,4
667,235,4,1,0
667,206,5,1,1
667,1,6,1,1
667,351,7,1,1
667,35,8,1,0
667,34,9,1,4
667,466,10,1,1
667,104,11,1,4
667,448,12,1,3
667,36,13,1,1
667,141,14,1,1
667,196,15,1,1
667,361,16,1,1
667,257,17,1,2
667,548,18,1,3
667,229,19,1,4
667,306,20,1,1
668,323,1,3,3
668,433,2,3,3
668,597,3,3,2
668,278,4,3,3
668,594,5,3,4
668,233,6,3,3
668,434,7,3,4
668,165,8,3,0
668,23,9,3,3
668,523,10,3,3
668,588,11,3,3
668,468,12,3,3
668,57,13,3,2
668,128,14,3,3
668,274,15,3,4
668,8,16,3,3
668,355,17,3,0
668,439,18,3,4
668,238,19,3,3
668,385,20,3,0
669,137,1,2,2
669,592,2,2,2
669,117,3,2,2
669,559,4,2,4
669,541,5,2,1
669,418,6,2,3
669,257,7,2,2
669,99,8,2,4
669,42,9,2,2
669,347,10,2,2
669,457,11,2,2
669,248,12,2,3
669,281,13,2,1
669,72,14,2,2
669,177,15,2,2
669,110,16,2,0
669,548,17,2,3
669,212,18,2,2
669,141,19,2,1
669,287,20,2,2
670,284,1,4,4
670,503,2,4,3
670,359,3,4,4
670,169,4,4,4
670,548,5,4,3
670,264,6,4,4
670,274,7,4,4
670,439,8,4,4
670,330,9,4,0
670,190,10,4,0
670,214,11,4,4
670,225,12,4,0
670,464,13,4,4
670,384,14,4,4
670,398,15,4,3
670,329,16,4,4
670,483,17,4,3
670,239,18,4,4
670,199,19,4,4
670,509,20,4,4
671,267,1,2,2
671,242,2,2,2
671,338,3,2,3
671,260,4,2,0
671,206,5,2,1
671,185,6,2,0
671,323,7,2,3
671,403,8,2,3
671,62,9,2,2
671,502,10,2,2
671,362,11,2,2
671,117,12,2,2
671,567,13,2,2
671,347,14,2,2
671,327,15,2,2
671,164,16,2,4
671,372,17,2,2
671,530,18,2,0
671,357,19,2,2
671,147,20,2,2
672,206,1,4,1
672,104,2,4,4
672,501,3,4,1
672,455,4,4,0
672,103,5,4,3
672,307,6,4,2
672,169,7,4,4
672,372,8,4,2
672,407,9,4,2
672,564,10,4,4
672,294,11,4,4
672,589,12,4,4
672,588,13,4,3
672,192,14,4,2
672,478,15,4,3
672,464,16,4,4
672,101,17,4,1
672,236,18,4,1
672,164,19,4,4
672,504,20,4,4
673,42,1,2,2
673,242,2,2,2
673,149,3,2,4
673,206,4,2,1
673,22,5,2,2
673,126,6,2,1
673,277,7,2,2
673,397,8,2,2
673,257,9,2,2
673,275,10,2,0
673,497,11,2,2
673,243,12,2,3
673,112,13,2,2
673,452,14,2,2
673,344,15,2,4
673,212,16,2,2
673,594,17,2,4
673,211,18,2,1
673,532,19,2,2
673,281,20,2,1
674,461,1,2,1
674,557,2,2,2
674,257,3,2,2
674,117,4,2,2
674,400,5,2,0
674,343,6,2,3
674,413,7,2,3
674,2,8,2,2
674,160,9,2,0
674,322,10,2,2
674,47,11,2,2
674,430,12,2,0
674,8,13,2,3
674,447,14,2,2
674,16,15,2,1
674,129,16,2,4
674,369,17,2,4
674,242,18,2,2
674,437,19,2,2
674,133,20,2,3
675,524,1,0,4
675,207,2,0,2
675,285,3,0,0
675,434,4,0,4
675,178,5,0,3
675,290,6,0,0
675,545,7,0,0
675,25,8,0,0
675,540,9,0,0
675,362,10,0,2
675,170,11,0,0
675,185,12,0,0
675,130,13,0,0
675,483,14,0,3
675,371,15,0,1
675,427,16,0,2
675,274,17,0,4
675,10,18,0,0
675,215,19,0,0
675,513,20,0,3
676,593,1,4,3
676,119,2,4,4
676,537,3,4,2
676,150,4,4,0
676,146,5,4,1
676,117,6,4,2
676,441,7,4,1
676,104,8,4,4
676,501,9,4,1
676,131,10,4,1
676,30,11,4,0
676,474,12,4,4
676,534,13,4,4
676,229,14,4,4
676,164,15,4,4
676,61,16,4,1
676,247,17,4,2
676,500,18,4,0
676,14,19,4,4
676,503,20,4,3
677,377,1,2,2
677,349,2,2,4
677,231,3,2,1
677,104,4,2,4
677,342,5,2,2
677,295,6,2,0
677,227,7,2,2
677,580,8,2,0
677,120,9,2,0
677,164,10,2,4
677,322,11,2,2
677,472,12,2,2
677,40,13,2,0
677,100,14,2,0
677,192,15,2,2
677,427,16,2,2
677,171,17,2,1
677,67,18,2,2
677,96,19,2,1
677,130,20,2,0
678,243,1,3,3
678,338,2,3,3
678,150,3,3,0
678,284,4,3,4
678,22,5,3,2
678,173,6,3,3
678,193,7,3,3
678,8,8,3,3
678,535,9,3,0
678,141,10,3,1
678,543,11,3,3
678,48,12,3,3
678,408,13,3,3
678,103,14,3,3
678,537,15,3,2
678,278,16,3,3
678,478,17,3,3
678,548,18,3,3
678,342,19,3,2
678,568,20,3,3
679,409,1,3,4
679,38,2,3,3
679,393,3,3,3
679,206,4,3,1
679,257,5,3,2
679,304,6,3,4
679,158,7,3,3
679,498,8,3,3
679,548,9,3,3
679,338,10,3,3
679,357,11,3,2
679,243,12,3,3
679,516,13,3,1
679,22,14,3,2
679,430,15,3,0
679,65,16,3,0
679,262,17,3,2
679,78,18,3,3
679,328,19,3,3
679,164,20,3,4
680,466,1,1,1
680,576,2,1,1
680,231,3,1,1
680,400,4,1,0
680,316,5,1,1
680,579,6,1,4
680,101,7,1,1
680,206,8,1,1
680,227,9,1,2
680,130,10,1,0
680,178,11,1,3
680,343,12,1,3
680,591,13,1,1
680,276,14,1,1
680,141,15,1,1
680,144,16,1,4
680,116,17,1,1
680,217,18,1,2
680,117,19,1,2
680,416,20,1,1
681,355,1,0,0
681,599,2,0,4
681,547,3,0,2
681,185,4,0,0
681,535,5,0,0
681,275,6,0,0
681,529,7,0,4
681,305,8,0,0
681,413,9,0,3
681,471,10,0,1
681,458,11,0,3
681,46,12,0,1
681,110,13,0,0
681,418,14,0,3
681,22,15,0,2
681,216,16,0,1
681,55,17,0,0
681,150,18,0,0
681,361,19,0,1
681,166,20,0,1
682,466,1,1,1
682,59,2,1,4
682,586,3,1,1
682,361,4,1,1
682,231,5,1,1
682,338,6,1,3
682,82,7,1,2
682,36,8,1,1
682,556,9,1,1
682,103,10,1,3
682,503,11,1,3
682,537,12,1,2
682,279,13,1,4
682,116,14,1,1
682,576,15,1,1
682,185,16,1,0
682,548,17,1,3
682,380,18,1,0
682,550,19,1,0
682,331,20,1,1
683,307,1,4,2
683,149,2,4,4
683,424,3,4,4
683,359,4,4,4
683,89,5,4,4
683,222,6,4,2
683,409,7,4,4
683,110,8,4,0
683,64,9,4,4
683,99,10,4,4
683,242,11,4,2
683,159,12,4,4
683,513,13,4,3
683,574,14,4,4
683,411,15,4,1
683,206,16,4,1
683,79,17,4,4
683,258,18,4,3
683,284,19,4,4
683,104,20,4,4
684,198,1,2,3
684,12,2,2,2
684,228,3,2,3
684,429,4,2,4
684,417,5,2,2
684,591,6,2,1
684,362,7,2,2
684,537,8,2,2
684,466,9,2,1
684,174,10,2,4
684,42,11,2,2
684,482,12,2,2
684,517,13,2,2
684,347,14,2,2
684,582,15,2,2
684,365,16,2,0
684,53,17,2,3
684,82,18,2,2
684,182,19,2,2
684,282,20,2,2
685,36,1,0,1
685,206,2,0,1
685,401,3,0,1
685,257,4,0,2
685,569,5,0,4
685,480,6,0,0
685,537,7,0,2
685,103,8,0,3
685,142,9,0,2
685,548,10,0,3
685,284,11,0,4
685,54,12,0,4
685,474,13,0,4
685,253,14,0,3
685,42,15,0,2
685,465,16,0,0
685,90,17,0,0
685,400,18,0,0
685,98,19,0,3
685,545,20,0,0
686,169,1,4,4
686,170,2,4,0
686,559,3,4,4
686,309,4,4,4
686,314,5,4,4
686,353,6,4,3
686,512,7,4,2
686,67,8,4,2
686,364,9,4,4
686,190,10,4,0
686,160,11,4,0
686,257,12,4,2
686,480,13,4,0
686,582,14,4,2
686,73,15,4,3
686,194,16,4,4
686,509,17,4,4
686,294,18,4,4
686,316,19,4,1
686,437,20,4,2
687,257,1,1,2
687,582,2,1,2
687,185,3,1,0
687,408,4,1,3
687,487,5,1,2
687,85,6,1,0
687,463,7,1,3
687,459,8,1,4
687,206,9,1,1
687,448,10,1,3
687,196,11,1,1
687,533,12,1,3
687,501,13,1,1
687,378,14,1,3
687,510,15,1,0
687,101,16,1,1
687,413,17,1,3
687,589,18,1,4
687,548,19,1,3
687,491,20,1,1
688,413,1,3,3
688,72,2,3,2
688,103,3,3,3
688,448,4,3,3
688,53,5,3,3
688,79,6,3,4
688,257,7,3,2
688,471,8,3,1
688,164,9,3,4
688,146,10,3,1
688,493,11,3,3
688,185,12,3,0
688,32,13,3,2
688,548,14,3,3
688,298,15,3,3
688,173,16,3,3
688,274,17,3,4
688,293,18,3,3
688,345,19,3,0
688,584,20,3,4
689,565,1,0,0
689,455,2,0,0
689,405,3,0,0
689,229,4,0,4
689,197,5,0,2
689,393,6,0,3
689,355,7,0,0
689,145,8,0,0
689,50,9,0,0
689,174,10,0,4
689,7,11,0,2
689,166,12,0,1
689,597,13,0,2
689,85,14,0,0
689,28,15,0,3
689,170,16,0,0
689,268,17,0,3
689,23,18,0,3
689,435,19,0,0
689,344,20,0,4
690,325,1,1,0
690,158,2,1,3
690,444,3,1,4
690,466,4,1,1
690,47,5,1,2
690,229,6,1,4
690,141,7,1,1
690,206,8,1,1
690,589,9,1,4
690,81,10,1,1
690,151,11,1,1
690,117,12,1,2
690,213,13,1,3
690,150,14,1,0
690,362,15,1,2
690,104,16,1,4
690,355,17,1,0
690,166,18,1,1
690,257,19,1,2
690,103,20,1,3
691,540,1,2,0
691,368,2,2,3
691,196,3,2,1
691,537,4,2,2
691,187,5,2,2
691,62,6,2,2
691,112,7,2,2
691,578,8,2,3
691,482,9,2,2
691,429,10,2,4
691,594,11,2,4
691,309,12,2,4
691,202,13,2,2
691,522,14,2,2
691,257,15,2,2
691,152,16,2,2
691,597,17,2,2
691,225,18,2,0
691,367,19,2,2
691,532,20,2,2
692,421,1,2,1
692,103,2,2,3
692,527,3,2,2
692,569,4,2,4
692,492,5,2,2
692,468,6,2,3
692,257,7,2,2
692,537,8,2,2
692,433,9,2,3
692,44,10,2,4
692,147,11,2,2
692,437,12,2,2
692,342,13,2,2
692,427,14,2,2
692,302,15,2,2
692,158,16,2,3
692,408,17,2,3
692,252,18,2,2
692,577,19,2,2
692,447,20,2,2
693,240,1,4,0
693,104,2,4,4
693,218,3,4,3
693,385,4,4,0
693,543,5,4,3
693,70,6,4,0
693,413,7,4,3
693,502,8,4,2
693,284,9,4,4
693,519,10,4,4
693,569,11,4,4
693,163,12,4,3
693,149,13,4,4
693,501,14,4,1
693,257,15,4,2
693,29,16,4,4
693,301,17,4,1
693,492,18,4,2
693,334,19,4,4
693,159,20,4,4
694,288,1,4,3
694,29,2,4,4
694,295,3,4,0
694,72,4,4,2
694,7,5,4,2
694,490,6,4,0
694,124,7,4,4
694,296,8,4,1
694,164,9,4,4
694,283,10,4,3
694,409,11,4,4
694,27,12,4,2
694,416,13,4,1
694,149,14,4,4
694,334,15,4,4
694,429,16,4,4
694,274,17,4,4
694,84,18,4,4
694,61,19,4,1
694,454,20,4,4
695,172,1,2,2
695,33,2,2,3
695,221,3,2,1
695,90,4,2,0
695,206,5,2,1
695,105,6,2,0
695,359,7,2,4
695,37,8,2,2
695,99,9,2,4
695,333,10,2,3
695,267,11,2,2
695,91,12,2,1
695,25,13,2,0
695,295,14,2,0
695,572,15,2,2
695,509,16,2,4
695,457,17,2,2
695,354,18,2,4
695,202,19,2,2
695,150,20,2,0
696,557,1,2,2
696,73,2,2,3
696,2,3,2,2
696,548,4,2,3
696,570,5,2,0
696,7,6,2,2
696,597,7,2,2
696,216,8,2,1
696,127,9,2,2
696,487,10,2,2
696,215,11,2,0
696,426,12,2,1
696,202,13,2,2
696,416,14,2,1
696,162,15,2,2
696,221,16,2,1
696,153,17,2,3
696,141,18,2,1
696,337,19,2,2
696,259,20,2,4
697,454,1,4,4
697,195,2,4,0
697,254,3,4,4
697,155,4,4,0
697,559,5,4,4
697,314,6,4,4
697,269,7,4,4
697,557,8,4,2
697,104,9,4,4
697,54,10,4,4
697,466,11,4,1
697,7,12,4,2
697,504,13,4,4
697,325,14,4,0
697,80,15,4,0
697,149,16,4,4
697,257,17,4,2
697,382,18,4,2
697,286,19,4,1
697,503,20,4,3
698,571,1,1,1
698,26,2,1,1
698,473,3,1,3
698,432,4,1,2
698,537,5,1,2
698,206,6,1,1
698,61,7,1,1
698,146,8,1,1
698,528,9,1,3
698,141,10,1,1
698,592,11,1,2
698,406,12,1,1
698,104,13,1,4
698,496,14,1,1
698,103,15,1,3
698,160,16,1,0
698,548,17,1,3
698,461,18,1,1
698,393,19,1,3
698,246,20,1,1
699,338,1,2,3
699,3,2,2,3
699,507,3,2,2
699,252,4,2,2
699,377,5,2,2
699,468,6,2,3
699,99,7,2,4
699,160,8,2,0
699,30,9,2,0
699,345,10,2,0
699,31,11,2,1
699,305,12,2,0
699,162,13,2,2
699,537,14,2,2
699,219,15,2,4
699,51,16,2,1
699,57,17,2,2
699,207,18,2,2
699,185,19,2,0
699,327,20,2,2
700,569,1,4,4
700,284,2,4,4
700,65,3,4,0
700,4,4,4,4
700,194,5,4,4
700,161,6,4,1
700,80,7,4,0
700,104,8,4,4
700,269,9,4,4
700,503,10,4,3
700,257,11,4,2
700,431,12,4,1
700,444,13,4,4
700,49,14,4,4
700,152,15,4,2
700,501,16,4,1
700,216,17,4,1
700,295,18,4,0
700,189,19,4,4
700,344,20,4,4
701,184,1,4,4
701,339,2,4,4
701,469,3,4,4
701,101,4,4,1
701,212,5,4,2
701,599,6,4,4
701,279,7,4,4
701,586,8,4,1
701,102,9,4,2
701,160,10,4,0
701,29,11,4,4
701,169,12,4,4
701,206,13,4,1
701,359,14,4,4
701,361,15,4,1
701,548,16,4,3
701,275,17,4,0
701,549,18,4,4
701,263,19,4,3
701,284,20,4,4
702,94,1,4,4
702,565,2,4,0
702,130,3,4,0
702,274,4,4,4
702,516,5,4,1
702,301,6,4,1
702,529,7,4,4
702,104,8,4,4
702,358,9,4,3
702,409,10,4,4
702,257,11,4,2
702,119,12,4,4
702,384,13,4,4
702,59,14,4,4
702,182,15,4,2
702,466,16,4,1
702,479,17,4,4
702,503,18,4,3
702,237,19,4,2
702,359,20,4,4
703,355,1,0,0
703,130,2,0,0
703,79,3,0,4
703,557,4,0,2
703,160,5,0,0
703,25,6,0,0
703,475,7,0,0
703,5,8,0,0
703,91,9,0,1
703,257,10,0,2
703,84,11,0,4
703,70,12,0,0
703,580,13,0,0
703,0,14,0,0
703,586,15,0,1
703,503,16,0,3
703,513,17,0,3
703,6,18,0,1
703,164,19,0,4
703,185,20,0,0
704,478,1,2,3
704,2,2,2,2
704,257,3,2,2
704,284,4,2,4
704,206,5,2,1
704,377,6,2,2
704,476,7,2,1
704,72,8,2,2
704,117,9,2,2
704,537,10,2,2
704,342,11,2,2
704,8,12,2,3
704,163,13,2,3
704,281,14,2,1
704,127,15,2,2
704,100,16,2,0
704,589,17,2,4
704,192,18,2,2
704,220,19,2,0
704,352,20,2,2
705,169,1,2,4
705,537,2,2,2
705,522,3,2,2
705,147,4,2,2
705,124,5,2,4
705,303,6,2,3
705,504,7,2,4
705,211,8,2,1
705,597,9,2,2
705,164,10,2,4
705,257,11,2,2
705,82,12,2,2
705,464,13,2,4
705,96,14,2,1
705,246,15,2,1
705,392,16,2,2
705,327,17,2,2
705,548,18,2,3
705,192,19,2,2
705,497,20,2,2
706,47,1,4,2
706,259,2,4,4
706,244,3,4,4
706,479,4,4,4
706,116,5,4,1
706,100,6,4,0
706,549,7,4,4
706,345,8,4,0
706,99,9,4,4
706,329,10,4,4
706,584,11,4,4
706,199,12,4,4
706,209,13,4,4
706,149,14,4,4
706,30,15,4,0
706,224,16,4,4
706,164,17,4,4
706,487,18,4,2
706,160,19,4,0
706,393,20,4,3
707,192,1,3,2
707,177,2,3,2
707,149,3,3,4
707,108,4,3,3
707,248,5,3,3
707,295,6,3,0
707,325,7,3,0
707,499,8,3,4
707,94,9,3,4
707,25,10,3,0
707,548,11,3,3
707,393,12,3,3
707,20,13,3,0
707,508,14,3,3
707,317,15,3,2
707,104,16,3,4
707,19,17,3,4
707,196,18,3,1
707,493,19,3,3
707,359,20,3,4
708,537,1,2,2
708,409,2,2,4
708,185,3,2,0
708,318,4,2,3
708,150,5,2,0
708,145,6,2,0
708,252,7,2,2
708,210,8,2,0
708,347,9,2,2
708,295,10,2,0
708,597,11,2,2
708,302,12,2,2
708,7,13,2,2
708,132,14,2,2
708,103,15,2,3
708,272,16,2,2
708,17,17,2,2
708,548,18,2,3
708,536,19,2,1
708,354,20,2,4
709,460,1,4,0
709,184,2,4,4
709,85,3,4,0
709,582,4,4,2
709,379,5,4,4
709,535,6,4,0
709,41,7,4,1
709,580,8,4,0
709,397,9,4,2
709,25,10,4,0
709,169,11,4,4
709,49,12,4,4
709,220,13,4,0
709,384,14,4,4
709,549,15,4,4
709,30,16,4,0
709,104,17,4,4
709,569,18,4,4
709,234,19,4,4
709,588,20,4,3
710,57,1,3,2
710,413,2,3,3
710,553,3,3,3
710,488,4,3,3
710,103,5,3,3
710,80,6,3,0
710,295,7,3,0
710,393,8,3,3
710,130,9,3,0
710,362,10,3,2
710,567,11,3,2
710,355,12,3,0
710,256,13,3,1
710,501,14,3,1
710,377,15,3,2
710,468,16,3,3
710,314,17,3,4
710,34,18,3,4
710,206,19,3,1
710,23,20,3,3
711,369,1,4,4
711,164,2,4,4
711,514,3,4,4
711,51,4,4,1
711,229,5,4,4
711,459,6,4,4
711,61,7,4,1
711,101,8,4,1
711,233,9,4,3
711,510,10,4,0
711,569,11,4,4
711,47,12,4,2
711,548,13,4,3
711,359,14,4,4
711,394,15,4,4
711,127,16,4,2
711,104,17,4,4
711,466,18,4,1
711,409,19,4,4
711,284,20,4,4
712,104,1,0,4
712,595,2,0,0
712,231,3,0,1
712,242,4,0,2
712,580,5,0,0
712,235,6,0,0
712,20,7,0,0
712,445,8,0,0
712,555,9,0,0
712,225,10,0,0
712,353,11,0,3
712,185,12,0,0
712,346,13,0,1
712,53,14,0,3
712,127,15,0,2
712,205,16,0,0
712,180,17,0,0
712,435,18,0,0
712,400,19,0,0
712,466,20,0,1
713,355,1,2,0
713,527,2,2,2
713,228,3,2,3
713,442,4,2,2
713,434,5,2,4
713,232,6,2,2
713,392,7,2,2
713,497,8,2,2
713,252,9,2,2
713,537,10,2,2
713,223,11,2,3
713,235,12,2,0
713,303,13,2,3
713,319,14,2,4
713,548,15,2,3
713,359,16,2,4
713,81,17,2,1
713,258,18,2,3
713,393,19,2,3
713,231,20,2,1
714,576,1,1,1
714,10,2,1,0
714,166,3,1,1
714,191,4,1,1
714,81,5,1,1
714,186,6,1,1
714,56,7,1,1
714,411,8,1,1
714,183,9,1,3
714,361,10,1,1
714,206,11,1,1
714,432,12,1,2
714,277,13,1,2
714,141,14,1,1
714,381,15,1,1
714,25,16,1,0
714,101,17,1,1
714,436,18,1,1
714,150,19,1,0
714,368,20,1,3
715,103,1,1,3
715,425,2,1,0
715,101,3,1,1
715,393,4,1,3
715,386,5,1,1
715,326,6,1,1
715,561,7,1,1
715,158,8,1,3
715,151,9,1,1
715,104,10,1,4
715,591,11,1,1
715,263,12,1,3
715,0,13,1,0
715,132,14,1,2
715,541,15,1,1
715,466,16,1,1
715,6,17,1,1
715,586,18,1,1
715,481,19,1,1
715,170,20,1,0
716,597,1,2,2
716,7,2,2,2
716,442,3,2,2
716,58,4,2,3
716,167,5,2,2
716,548,6,2,3
716,297,7,2,2
716,23,8,2,3
716,242,9,2,2
716,0,10,2,0
716,592,11,2,2
716,393,12,2,3
716,72,13,2,2
716,185,14,2,0
716,537,15,2,2
716,327,16,2,2
716,252,17,2,2
716,456,18,2,1
716,522,19,2,2
716,487,20,2,2
717,32,1,3,2
717,61,2,3,1
717,128,3,3,3
717,327,4,3,2
717,33,5,3,3
717,163,6,3,3
717,47,7,3,2
717,437,8,3,2
717,283,9,3,3
717,338,10,3,3
717,188,11,3,3
717,141,12,3,1
717,228,13,3,3
717,156,14,3,1
717,548,15,3,3
717,153,16,3,3
717,332,17,3,2
717,483,18,3,3
717,530,19,3,0
717,353,20,3,3
718,273,1,0,3
718,100,2,0,0
718,205,3,0,0
718,152,4,0,2
718,450,5,0,0
718,99,6,0,4
718,497,7,0,2
718,170,8,0,0
718,185,9,0,0
718,393,10,0,3
718,199,11,0,4
718,43,12,0,3
718,172,13,0,2
718,7,14,0,2
718,147,15,0,2
718,407,16,0,2
718,150,17,0,0
718,206,18,0,1
718,160,19,0,0
718,110,20,0,0
719,456,1,1,1
719,273,2,1,3
719,401,3,1,1
719,594,4,1,4
719,221,5,1,1
719,101,6,1,1
719,241,7,1,1
719,501,8,1,1
719,301,9,1,1
719,25,10,1,0
719,261,11,1,1
719,206,12,1,1
719,507,13,1,2
719,266,14,1,1
719,466,15,1,1
719,529,16,1,4
719,80,17,1,0
719,591,18,1,1
719,436,19,1,1
719,378,20,1,3
720,295,1,0,0
720,252,2,0,2
720,466,3,0,1
720,340,4,0,0
720,275,5,0,0
720,145,6,0,0
720,206,7,0,1
720,405,8,0,0
720,460,9,0,0
720,22,10,0,2
720,270,11,0,0
720,330,12,0,0
720,503,13,0,3
720,220,14,0,0
720,85,15,0,0
720,103,16,0,3
720,300,17,0,0
720,25,18,0,0
720,514,19,0,4
720,284,20,0,4
721,103,1,4,3
721,388,2,4,3
721,579,3,4,4
721,591,4,4,1
721,404,5,4,4
721,377,6,4,2
721,461,7,4,1
721,229,8,4,4
721,450,9,4,0
721,284,10,4,4
721,9,11,4,4
721,81,12,4,1
721,44,13,4,4
721,457,14,4,2
721,594,15,4,4
721,412,16,4,2
721,149,17,4,4
721,257,18,4,2
721,509,19,4,4
721,169,20,4,4
722,61,1,1,1
722,576,2,1,1
722,591,3,1,1
722,158,4,1,3
722,433,5,1,3
722,23,6,1,3
722,91,7,1,1
722,247,8,1,2
722,502,9,1,2
722,141,10,1,1
722,394,11,1,4
722,428,12,1,3
722,231,13,1,1
722,441,14,1,1
722,206,15,1,1
722,146,16,1,1
722,587,17,1,2
722,522,18,1,2
722,205,19,1,0
722,451,20,1,1
723,259,1,4,4
723,361,2,4,1
723,163,3,4,3
723,469,4,4,4
723,548,5,4,3
723,444,6,4,4
723,130,7,4,0
723,149,8,4,4
723,393,9,4,3
723,206,10,4,1
723,459,11,4,4
723,501,12,4,1
723,284,13,4,4
723,60,14,4,0
723,436,15,4,1
723,153,16,4,3
723,451,17,4,1
723,296,18,4,1
723,514,19,4,4
723,65,20,4,0
724,396,1,1,1
724,566,2,1,1
724,206,3,1,1
724,32,4,1,2
724,476,5,1,1
724,33,6,1,3
724,141,7,1,1
724,361,8,1,1
724,590,9,1,0
724,490,10,1,0
724,151,11,1,1
724,184,12,1,4
724,501,13,1,1
724,401,14,1,1
724,356,15,1,1
724,42,16,1,2
724,594,17,1,4
724,160,18,1,0
724,226,19,1,1
724,468,20,1,3
725,512,1,4,2
725,369,2,4,4
725,56,3,4,1
725,199,4,4,4
725,548,5,4,3
725,290,6,4,0
725,537,7,4,2
725,534,8,4,4
725,513,9,4,3
725,29,10,4,4
725,589,11,4,4
725,594,12,4,4
725,263,13,4,3
725,382,14,4,2
725,193,15,4,3
725,159,16,4,4
725,448,17,4,3
725,460,18,4,0
725,444,19,4,4
725,169,20,4,4
726,425,1,3,0
726,582,2,3,2
726,368,3,3,3
726,363,4,3,3
726,133,5,3,3
726,243,6,3,3
726,45,7,3,0
726,417,8,3,2
726,206,9,3,1
726,173,10,3,3
726,99,11,3,4
726,548,12,3,3
726,327,13,3,2
726,405,14,3,0
726,441,15,3,1
726,413,16,3,3
726,158,17,3,3
726,323,18,3,3
726,431,19,3,1
726,543,20,3,3
727,99,1,4,4
727,355,2,4,0
727,164,3,4,4
727,224,4,4,4
727,160,5,4,0
727,228,6,4,3
727,338,7,4,3
727,537,8,4,2
727,202,9,4,2
727,572,10,4,2
727,413,11,4,3
727,305,12,4,0
727,25,13,4,0
727,229,14,4,4
727,554,15,4,4
727,372,16,4,2
727,156,17,4,1
727,100,18,4,0
727,274,19,4,4
727,552,20,4,2
728,433,1,4,3
728,114,2,4,4
728,554,3,4,4
728,304,4,4,4
728,169,5,4,4
728,79,6,4,4
728,494,7,4,4
728,96,8,4,1
728,583,9,4,3
728,257,10,4,2
728,104,11,4,4
728,243,12,4,3
728,100,13,4,0
728,574,14,4,4
728,425,15,4,0
728,174,16,4,4
728,329,17,4,4
728,559,18,4,4
728,466,19,4,1
728,477,20,4,2
729,393,1,0,3
729,81,2,0,1
729,185,3,0,0
729,405,4,0,0
729,340,5,0,0
729,345,6,0,0
729,231,7,0,1
729,225,8,0,0
729,67,9,0,2
729,209,10,0,4
729,164,11,0,4
729,359,12,0,4
729,79,13,0,4
729,170,14,0,0
729,541,15,0,1
729,82,16,0,2
729,25,17,0,0
729,218,18,0,3
729,478,19,0,3
729,65,20,0,0
730,114,1,0,4
730,70,2,0,0
730,560,3,0,0
730,235,4,0,0
730,510,5,0,0
730,158,6,0,3
730,284,7,0,4
730,125,8,0,0
730,515,9,0,0
730,539,10,0,4
730,153,11,0,3
730,170,12,0,0
730,486,13,0,1
730,68,14,0,3
730,305,15,0,0
730,399,16,0,4
730,25,17,0,0
730,164,18,0,4
730,375,19,0,0
730,569,20,0,4
731,285,1,2,0
731,464,2,2,4
731,284,3,2,4
731,116,4,2,1
731,405,5,2,0
731,71,6,2,1
731,537,7,2,2
731,474,8,2,4
731,204,9,2,4
731,113,10,2,3
731,117,11,2,2
731,149,12,2,4
731,456,13,2,1
731,594,14,2,4
731,366,15,2,1
731,7,16,2,2
731,569,17,2,4
731,362,18,2,2
731,42,19,2,2
731,257,20,2,2
732,193,1,3,3
732,390,2,3,0
732,18,3,3,3
732,188,4,3,3
732,175,5,3,0
732,4,6,3,4
732,433,7,3,3
732,22,8,3,2
732,319,9,3,4
732,101,10,3,1
732,568,11,3,3
732,57,12,3,2
732,257,13,3,2
732,199,14,3,4
732,342,15,3,2
732,178,16,3,3
732,103,17,3,3
732,223,18,3,3
732,158,19,3,3
732,361,20,3,1
733,246,1,1,1
733,196,2,1,1
733,546,3,1,1
733,511,4,1,1
733,456,5,1,1
733,484,6,1,4
733,257,7,1,2
733,285,8,1,0
733,143,9,1,3
733,131,10,1,1
733,201,11,1,1
733,382,12,1,2
733,206,13,1,1
733,158,14,1,3
733,208,15,1,3
733,25,16,1,0
733,324,17,1,4
733,117,18,1,2
733,478,19,1,3
733,497,20,1,2
734,110,1,1,0
734,351,2,1,1
734,356,3,1,1
734,185,4,1,0
734,47,5,1,2
734,6,6,1,1
734,461,7,1,1
734,238,8,1,3
734,141,9,1,1
734,170,10,1,0
734,506,11,1,1
734,355,12,1,0
734,51,13,1,1
734,526,14,1,1
734,206,15,1,1
734,126,16,1,1
734,525,17,1,0
734,163,18,1,3
734,501,19,1,1
734,522,20,1,2
735,185,1,3,0
735,257,2,3,2
735,160,3,3,0
735,267,4,3,2
735,213,5,3,3
735,548,6,3,3
735,242,7,3,2
735,118,8,3,3
735,113,9,3,3
735,193,10,3,3
735,328,11,3,3
735,569,12,3,4
735,338,13,3,3
735,441,14,3,1
735,451,15,3,1
735,127,16,3,2
735,498,17,3,3
735,104,18,3,4
735,495,19,3,0
735,10,20,3,0
736,306,1,1,1
736,284,2,1,4
736,431,3,1,1
736,437,4,1,2
736,566,5,1,1
736,466,6,1,1
736,278,7,1,3
736,576,8,1,1
736,561,9,1,1
736,330,10,1,0
736,376,11,1,1
736,25,12,1,0
736,568,13,1,3
736,206,14,1,1
736,505,15,1,0
736,537,16,1,2
736,103,17,1,3
736,80,18,1,0
736,393,19,1,3
736,264,20,1,4
737,576,1,0,1
737,432,2,0,2
737,345,3,0,0
737,110,4,0,0
737,486,5,0,1
737,529,6,0,4
737,75,7,0,0
737,525,8,0,0
737,146,9,0,1
737,225,10,0,0
737,465,11,0,0
737,231,12,0,1
737,475,13,0,0
737,185,14,0,0
737,455,15,0,0
737,267,16,0,2
737,257,17,0,2
737,107,18,0,2
737,355,19,0,0
737,160,20,0,0
738,242,1,2,2
738,587,2,2,2
738,147,3,2,2
738,390,4,2,0
738,338,5,2,3
738,103,6,2,3
738,32,7,2,2
738,164,8,2,4
738,320,9,2,0
738,408,10,2,3
738,16,11,2,1
738,115,12,2,0
738,307,13,2,2
738,116,14,2,1
738,592,15,2,2
738,257,16,2,2
738,117,17,2,2
738,522,18,2,2
738,192,19,2,2
738,562,20,2,2
739,513,1,2,3
739,354,2,2,4
739,557,3,2,2
739,7,4,2,2
739,295,5,2,0
739,537,6,2,2
739,274,7,2,4
739,222,8,2,2
739,377,9,2,2
739,193,10,2,3
739,285,11,2,0
739,548,12,2,3
739,592,13,2,2
739,517,14,2,2
739,96,15,2,1
739,597,16,2,2
739,482,17,2,2
739,257,18,2,2
739,192,19,2,2
739,242,20,2,2
740,542,1,0,2
740,257,2,0,2
740,330,3,0,0
740,103,4,0,3
740,159,5,0,4
740,503,6,0,3
740,205,7,0,0
740,195,8,0,0
740,400,9,0,0
740,405,10,0,0
740,305,11,0,0
740,81,12,0,1
740,2,13,0,2
740,393,14,0,3
740,22,15,0,2
740,213,16,0,3
740,25,17,0,0
740,295,18,0,0
740,220,19,0,0
740,150,20,0,0
741,582,1,4,2
741,537,2,4,2
741,275,3,4,0
741,284,4,4,4
741,454,5,4,4
741,361,6,4,1
741,171,7,4,1
741,104,8,4,4
741,221,9,4,1
741,529,10,4,4
741,414,11,4,4
741,484,12,4,4
741,557,13,4,2
741,569,14,4,4
741,69,15,4,4
741,257,16,4,2
741,294,17,4,4
741,479,18,4,4
741,199,19,4,4
741,359,20,4,4
742,158,1,3,3
742,413,2,3,3
742,22,3,3,2
742,583,4,3,3
742,465,5,3,0
742,273,6,3,3
742,334,7,3,4
742,213,8,3,3
742,393,9,3,3
742,103,10,3,3
742,264,11,3,4
742,428,12,3,3
742,375,13,3,0
742,185,14,3,0
742,548,15,3,3
742,206,16,3,1
742,295,17,3,0
742,293,18,3,3
742,353,19,3,3
742,2,20,3,2
743,257,1,4,2
743,216,2,4,1
743,359,3,4,4
743,164,4,4,4
743,459,5,4,4
743,444,6,4,4
743,514,7,4,4
743,243,8,4,3
743,169,9,4,4
743,569,10,4,4
743,549,11,4,4
743,394,12,4,4
743,329,13,4,4
743,393,14,4,3
743,471,15,4,1
743,449,16,4,4
743,532,17,4,2
743,537,18,4,2
743,229,19,4,4
743,462,20,4,2
744,185,1,0,0
744,186,2,0,1
744,373,3,0,3
744,25,4,0,0
744,330,5,0,0
744,51,6,0,1
744,206,7,0,1
744,344,8,0,4
744,366,9,0,1
744,22,10,0,2
744,537,11,0,2
744,295,12,0,0
744,511,13,0,1
744,576,14,0,1
744,595,15,0,0
744,117,16,0,2
744,548,17,0,3
744,149,18,0,4
744,205,19,0,0
744,466,20,0,1
745,78,1,3,3
745,330,2,3,0
745,338,3,3,3
745,522,4,3,2
745,510,5,3,0
745,158,6,3,3
745,8,7,3,3
745,570,8,3,0
745,166,9,3,1
745,301,10,3,1
745,148,11,3,3
745,405,12,3,0
745,278,13,3,3
745,219,14,3,4
745,398,15,3,3
745,597,16,3,2
745,108,17,3,3
745,548,18,3,3
745,478,19,3,3
745,466,20,3,1
746,251,1,2,1
746,537,2,2,2
746,356,3,2,1
746,242,4,2,2
746,214,5,2,4
746,369,6,2,4
746,548,7,2,3
746,440,8,2,0
746,597,9,2,2
746,104,10,2,4
746,404,11,2,4
746,327,12,2,2
746,112,13,2,2
746,235,14,2,0
746,462,15,2,2
746,547,16,2,2
746,497,17,2,2
746,267,18,2,2
746,22,19,2,2
746,501,20,2,1
747,177,1,0,2
747,149,2,0,4
747,420,3,0,0
747,315,4,0,0
747,9,5,0,4
747,537,6,0,2
747,475,7,0,0
747,450,8,0,0
747,185,9,0,0
747,235,10,0,0
747,172,11,0,2
747,220,12,0,0
747,207,13,0,2
747,355,14,0,0
747,396,15,0,1
747,204,16,0,4
747,380,17,0,0
747,510,18,0,0
747,170,19,0,0
747,257,20,0,2
748,103,1,1,3
748,273,2,1,3
748,61,3,1,1
748,549,4,1,4
748,72,5,1,2
748,141,6,1,1
748,206,7,1,1
748,586,8,1,1
748,177,9,1,2
748,386,10,1,1
748,169,11,1,4
748,185,12,1,0
748,431,13,1,1
748,231,14,1,1
748,196,15,1,1
748,477,16,1,2
748,26,17,1,1
748,430,18,1,0
748,466,19,1,1
748,25,20,1,0
749,374,1,4,4
749,449,2,4,4
749,274,3,4,4
749,361,4,4,1
749,9,5,4,4
749,141,6,4,1
749,19,7,4,4
749,235,8,4,0
749,393,9,4,3
749,94,10,4,4
749,465,11,4,0
749,170,12,4,0
749,104,13,4,4
749,594,14,4,4
749,599,15,4,4
749,384,16,4,4
749,459,17,4,4
749,185,18,4,0
749,597,19,4,2
749,123,20,4,3
750,231,1,1,1
750,581,2,1,1
750,368,3,1,3
750,411,4,1,1
750,442,5,1,2
750,391,6,1,1
750,185,7,1,0
750,509,8,1,4
750,576,9,1,1
750,201,10,1,1
750,170,11,1,0
750,101,12,1,1
750,469,13,1,4
750,384,14,1,4
750,80,15,1,0
750,156,16,1,1
750,236,17,1,1
750,536,18,1,1
750,466,19,1,1
750,141,20,1,1
751,245,1,0,0
751,100,2,0,0
751,185,3,0,0
751,225,4,0,0
751,46,5,0,1
751,72,6,0,2
751,85,7,0,0
751,439,8,0,4
751,528,9,0,3
751,356,10,0,1
751,165,11,0,0
751,560,12,0,0
751,355,13,0,0
751,481,14,0,1
751,446,15,0,1
751,450,16,0,0
751,282,17,0,2
751,170,18,0,0
751,321,19,0,1
751,418,20,0,3
752,361,1,3,1
752,313,2,3,3
752,500,3,3,0
752,104,4,3,4
752,479,5,3,4
752,543,6,3,3
752,47,7,3,2
752,273,8,3,3
752,329,9,3,4
752,119,10,3,4
752,503,11,3,3
752,471,12,3,1
752,208,13,3,3
752,457,14,3,2
752,582,15,3,2
752,489,16,3,4
752,143,17,3,3
752,598,18,3,3
752,2,19,3,2
752,413,20,3,3
753,417,1,1,2
753,377,2,1,2
753,0,3,1,0
753,466,4,1,1
753,213,5,1,3
753,478,6,1,3
753,95,7,1,0
753,413,8,1,3
753,163,9,1,3
753,597,10,1,2
753,415,11,1,0
753,116,12,1,1
753,41,13,1,1
753,271,14,1,1
753,47,15,1,2
753,305,16,1,0
753,333,17,1,3
753,481,18,1,1
753,391,19,1,1
753,476,20,1,1
754,430,1,2,0
754,241,2,2,1
754,72,3,2,2
754,163,4,2,3
754,157,5,2,2
754,212,6,2,2
754,259,7,2,4
754,142,8,2,2
754,113,9,2,3
754,274,10,2,4
754,257,11,2,2
754,170,12,2,0
754,336,13,2,1
754,164,14,2,4
754,178,15,2,3
754,22,16,2,2
754,285,17,2,0
754,242,18,2,2
754,548,19,2,3
754,404,20,2,4
755,420,1,1,0
755,451,2,1,1
755,18,3,1,3
755,185,4,1,0
755,228,5,1,3
755,371,6,1,1
755,2,7,1,2
755,530,8,1,0
755,597,9,1,2
755,116,10,1,1
755,546,11,1,1
755,211,12,1,1
755,245,13,1,0
755,32,14,1,2
755,321,15,1,1
755,173,16,1,3
755,10,17,1,0
755,206,18,1,1
755,86,19,1,1
755,19,20,1,4
756,386,1,1,1
756,585,2,1,0
756,211,3,1,1
756,182,4,1,2
756,495,5,1,0
756,521,6,1,1
756,25,7,1,0
756,226,8,1,1
756,60,9,1,0
756,468,10,1,3
756,59,11,1,4
756,199,12,1,4
756,361,13,1,1
756,206,14,1,1
756,246,15,1,1
756,23,16,1,3
756,158,17,1,3
756,170,18,1,0
756,185,19,1,0
756,117,20,1,2
757,468,1,1,3
757,286,2,1,1
757,146,3,1,1
757,444,4,1,4
757,265,5,1,0
757,298,6,1,3
757,311,7,1,1
757,80,8,1,0
757,206,9,1,1
757,155,10,1,0
757,440,11,1,0
757,191,12,1,1
757,241,13,1,1
757,283,14,1,3
757,421,15,1,1
757,451,16,1,1
757,518,17,1,3
757,103,18,1,3
757,12,19,1,2
757,391,20,1,1
758,181,1,2,1
758,557,2,2,2
758,537,3,2,2
758,519,4,2,4
758,117,5,2,2
758,61,6,2,1
758,138,7,2,3
758,67,8,2,2
758,500,9,2,0
758,434,10,2,4
758,257,11,2,2
758,397,12,2,2
758,593,13,2,3
758,100,14,2,0
758,488,15,2,3
758,104,16,2,4
758,36,17,2,1
758,327,18,2,2
758,597,19,2,2
758,581,20,2,1
759,132,1,0,2
759,220,2,0,0
759,405,3,0,0
759,170,4,0,0
759,160,5,0,0
759,329,6,0,4
759,185,7,0,0
759,480,8,0,0
759,356,9,0,1
759,149,10,0,4
759,243,11,0,3
759,25,12,0,0
759,210,13,0,0
759,441,14,0,1
759,433,15,0,3
759,557,16,0,2
759,450,17,0,0
759,305,18,0,0
759,324,19,0,4
759,100,20,0,0
760,295,1,1,0
760,386,2,1,1
760,103,3,1,3
760,22,4,1,2
760,376,5,1,1
760,257,6,1,2
760,206,7,1,1
760,359,8,1,4
760,537,9,1,2
760,392,10,1,2
760,231,11,1,1
760,156,12,1,1
760,516,13,1,1
760,362,14,1,2
760,463,15,1,3
760,222,16,1,2
760,491,17,1,1
760,51,18,1,1
760,141,19,1,1
760,116,20,1,1
761,437,1,3,2
761,457,2,3,2
761,295,3,3,0
761,547,4,3,2
761,351,5,3,1
761,83,6,3,3
761,361,7,3,1
761,300,8,3,0
761,503,9,3,3
761,518,10,3,3
761,447,11,3,2
761,243,12,3,3
761,483,13,3,3
761,109,14,3,4
761,453,15,3,3
761,405,16,3,0
761,193,17,3,3
761,548,18,3,3
761,406,19,3,1
761,256,20,3,1
762,204,1,0,4
762,455,2,0,0
762,206,3,0,1
762,471,4,0,1
762,590,5,0,0
762,72,6,0,2
762,365,7,0,0
762,377,8,0,2
762,428,9,0,3
762,25,10,0,0
762,390,11,0,0
762,237,12,0,2
762,315,13,0,0
762,225,14,0,0
762,180,15,0,0
762,20,16,0,0
762,130,17,0,0
762,185,18,0,0
762,459,19,0,4
762,556,20,0,1
763,175,1,0,0
763,185,2,0,0
763,141,3,0,1
763,104,4,0,4
763,305,5,0,0
763,11,6,0,1
763,201,7,0,1
763,25,8,0,0
763,543,9,0,3
763,336,10,0,1
763,550,11,0,0
763,324,12,0,4
763,183,13,0,3
763,581,14,0,1
763,535,15,0,0
763,355,16,0,0
763,31,17,0,1
763,247,18,0,2
763,330,19,0,0
763,389,20,0,4
764,433,1,1,3
764,170,2,1,0
764,183,3,1,3
764,160,4,1,0
764,150,5,1,0
764,195,6,1,0
764,393,7,1,3
764,185,8,1,0
764,231,9,1,1
764,432,10,1,2
764,522,11,1,2
764,149,12,1,4
764,416,13,1,1
764,99,14,1,4
764,486,15,1,1
764,501,16,1,1
764,435,17,1,0
764,431,18,1,1
764,446,19,1,1
764,116,20,1,1
765,478,1,4,3
765,308,2,4,3
765,359,3,4,4
765,229,4,4,4
765,394,5,4,4
765,155,6,4,0
765,51,7,4,1
765,64,8,4,4
765,104,9,4,4
765,507,10,4,2
765,529,11,4,4
765,569,12,4,4
765,185,13,4,0
765,169,14,4,4
765,264,15,4,4
765,66,16,4,1
765,257,17,4,2
765,206,18,4,1
765,429,19,4,4
765,594,20,4,4
766,112,1,4,2
766,548,2,4,3
766,107,3,4,2
766,361,4,4,1
766,579,5,4,4
766,416,6,4,1
766,410,7,4,0
766,245,8,4,0
766,7,9,4,2
766,317,10,4,2
766,154,11,4,4
766,149,12,4,4
766,408,13,4,3
766,409,14,4,4
766,434,15,4,4
766,519,16,4,4
766,104,17,4,4
766,257,18,4,2
766,219,19,4,4
766,324,20,4,4
767,373,1,3,3
767,533,2,3,3
767,156,3,3,1
767,169,4,3,4
767,104,5,3,4
767,353,6,3,3
767,431,7,3,1
767,424,8,3,4
767,398,9,3,3
767,138,10,3,3
767,259,11,3,4
767,113,12,3,3
767,441,13,3,1
767,13,14,3,3
767,468,15,3,3
767,75,16,3,0
767,372,17,3,2
767,51,18,3,1
767,164,19,3,4
767,189,20,3,4
768,486,1,4,1
768,129,2,4,4
768,279,3,4,4
768,561,4,4,1
768,204,5,4,4
768,289,6,4,4
768,355,7,4,0
768,429,8,4,4
768,178,9,4,3
768,597,10,4,2
768,229,11,4,4
768,393,12,4,3
768,574,13,4,4
768,16,14,4,1
768,139,15,4,4
768,217,16,4,2
768,147,17,4,2
768,294,18,4,4
768,435,19,4,0
768,444,20,4,4
769,355,1,0,0
769,234,2,0,4
769,200,3,0,0
769,301,4,0,1
769,45,5,0,0
769,278,6,0,3
769,314,7,0,4
769,25,8,0,0
769,466,9,0,1
769,431,10,0,1
769,117,11,0,2
769,151,12,0,1
769,206,13,0,1
769,227,14,0,2
769,225,15,0,0
769,149,16,0,4
769,235,17,0,0
769,267,18,0,2
769,220,19,0,0
769,361,20,0,1
770,443,1,3,3
770,103,2,3,3
770,582,3,3,2
770,295,4,3,0
770,353,5,3,3
770,597,6,3,2
770,248,7,3,3
770,505,8,3,0
770,513,9,3,3
770,416,10,3,1
770,393,11,3,3
770,178,12,3,3
770,547,13,3,2
770,379,14,3,4
770,327,15,3,2
770,303,16,3,3
770,561,17,3,1
770,143,18,3,3
770,576,19,3,1
770,354,20,3,4
771,466,1,2,1
771,532,2,2,2
771,264,3,2,4
771,257,4,2,2
771,566,5,2,1
771,554,6,2,4
771,413,7,2,3
771,523,8,2,3
771,119,9,2,4
771,97,10,2,2
771,99,11,2,4
771,359,12,2,4
771,80,13,2,0
771,330,14,2,0
771,273,15,2,3
771,488,16,2,3
771,537,17,2,2
771,437,18,2,2
771,568,19,2,3
771,192,20,2,2
772,596,1,1,1
772,511,2,1,1
772,89,3,1,4
772,176,4,1,1
772,59,5,1,4
772,47,6,1,2
772,116,7,1,1
772,257,8,1,2
772,34,9,1,4
772,537,10,1,2
772,231,11,1,1
772,576,12,1,1
772,591,13,1,1
772,331,14,1,1
772,498,15,1,3
772,393,16,1,3
772,401,17,1,1
772,177,18,1,2
772,466,19,1,1
772,243,20,1,3
773,477,1,2,2
773,243,2,2,3
773,83,3,2,3
773,164,4,2,4
773,427,5,2,2
773,72,6,2,2
773,234,7,2,4
773,142,8,2,2
773,244,9,2,4
773,415,10,2,0
773,112,11,2,2
773,222,12,2,2
773,257,13,2,2
773,327,14,2,2
773,228,15,2,3
773,127,16,2,2
773,547,17,2,2
773,177,18,2,2
773,488,19,2,3
773,239,20,2,4
774,281,1,1,1
774,581,2,1,1
774,225,3,1,0
774,421,4,1,1
774,104,5,1,4
774,206,6,1,1
774,501,7,1,1
774,291,8,1,1
774,252,9,1,2
774,49,10,1,4
774,466,11,1,1
774,376,12,1,1
774,361,13,1,1
774,391,14,1,1
774,76,15,1,1
774,103,16,1,3
774,519,17,1,4
774,356,18,1,1
774,39,19,1,4
774,86,20,1,1
775,497,1,2,2
775,247,2,2,2
775,225,3,2,0
775,257,4,2,2
775,263,5,2,3
775,100,6,2,0
775,30,7,2,0
775,393,8,2,3
775,557,9,2,2
775,338,10,2,3
775,149,11,2,4
775,242,12,2,2
775,387,13,2,2
775,562,14,2,2
775,488,15,2,3
775,126,16,2,1
775,334,17,2,4
775,471,18,2,1
775,552,19,2,2
775,422,20,2,2
776,576,1,1,1
776,173,2,1,3
776,61,3,1,1
776,511,4,1,1
776,433,5,1,3
776,589,6,1,4
776,355,7,1,0
776,359,8,1,4
776,231,9,1,1
776,133,10,1,3
776,411,11,1,1
776,406,12,1,1
776,291,13,1,1
776,485,14,1,0
776,10,15,1,0
776,206,16,1,1
776,47,17,1,2
776,158,18,1,3
776,361,19,1,1
776,20,20,1,0
777,215,1,0,0
777,181,2,0,1
777,10,3,0,0
777,150,4,0,0
777,295,5,0,0
777,595,6,0,0
777,430,7,0,0
777,345,8,0,0
777,377,9,0,2
777,185,10,0,0
777,164,11,0,4
777,480,12,0,0
777,291,13,0,1
777,466,14,0,1
777,206,15,0,1
777,355,16,0,0
777,170,17,0,0
777,331,18,0,1
777,354,19,0,4
777,285,20,0,0
778,160,1,2,0
778,546,2,2,1
778,242,3,2,2
778,16,4,2,1
778,22,5,2,2
778,422,6,2,2
778,206,7,2,1
778,207,8,2,2
778,80,9,2,0
778,429,10,2,4
778,101,11,2,1
778,132,12,2,2
778,162,13,2,2
778,117,14,2,2
778,576,15,2,1
778,343,16,2,3
778,72,17,2,2
778,142,18,2,2
778,257,19,2,2
778,582,20,2,2
779,121,1,2,1
779,189,2,2,4
779,572,3,2,2
779,103,4,2,3
779,398,5,2,3
779,297,6,2,2
779,338,7,2,3
779,592,8,2,2
779,500,9,2,0
779,186,10,2,1
779,594,11,2,4
779,527,12,2,2
779,334,13,2,4
779,222,14,2,2
779,71,15,2,1
779,257,16,2,2
779,262,17,2,2
779,488,18,2,3
779,174,19,2,4
779,487,20,2,2
780,525,1,3,0
780,548,2,3,3
780,569,3,3,4
780,432,4,3,2
780,556,5,3,1
780,158,6,3,3
780,404,7,3,4
780,212,8,3,2
780,236,9,3,1
780,383,10,3,3
780,289,11,3,4
780,185,12,3,0
780,597,13,3,2
780,208,14,3,3
780,103,15,3,3
780,510,16,3,0
780,503,17,3,3
780,398,18,3,3
780,231,19,3,1
780,193,20,3,3
781,337,1,0,2
781,273,2,0,3
781,597,3,0,2
781,100,4,0,0
781,274,5,0,4
781,543,6,0,3
781,499,7,0,4
781,107,8,0,2
781,164,9,0,4
781,206,10,0,1
781,332,11,0,2
781,510,12,0,0
781,185,13,0,0
781,584,14,0,4
781,400,15,0,0
781,150,16,0,0
781,465,17,0,0
781,143,18,0,3
781,505,19,0,0
781,484,20,0,4
782,361,1,3,1
782,548,2,3,3
782,526,3,3,1
782,295,4,3,0
782,458,5,3,3
782,498,6,3,3
782,210,7,3,0
782,77,8,3,2
782,185,9,3,0
782,569,10,3,4
782,257,11,3,2
782,213,12,3,3
782,512,13,3,2
782,243,14,3,3
782,168,15,3,3
782,477,16,3,2
782,145,17,3,0
782,513,18,3,3
782,25,19,3,0
782,503,20,3,3
783,286,1,2,1
783,206,2,2,1
783,497,3,2,2
783,142,4,2,2
783,547,5,2,2
783,164,6,2,4
783,523,7,2,3
783,534,8,2,4
783,199,9,2,4
783,62,10,2,2
783,2,11,2,2
783,334,12,2,4
783,117,13,2,2
783,103,14,2,3
783,428,15,2,3
783,31,16,2,1
783,332,17,2,2
783,99,18,2,4
783,576,19,2,1
783,107,20,2,2
784,515,1,0,0
784,170,2,0,0
784,160,3,0,0
784,305,4,0,0
784,295,5,0,0
784,395,6,0,0
784,252,7,0,2
784,152,8,0,2
784,235,9,0,0
784,248,10,0,3
784,481,11,0,1
784,240,12,0,0
784,359,13,0,4
784,286,14,0,1
784,405,15,0,0
784,319,16,0,4
784,385,17,0,0
784,343,18,0,3
784,81,19,0,1
784,231,20,0,1
785,205,1,0,0
785,100,2,0,0
785,491,3,0,1
785,545,4,0,0
785,399,5,0,4
785,460,6,0,0
785,414,7,0,4
785,185,8,0,0
785,345,9,0,0
785,81,10,0,1
785,570,11,0,0
785,525,12,0,0
785,559,13,0,4
785,225,14,0,0
785,599,15,0,4
785,287,16,0,2
785,330,17,0,0
785,464,18,0,4
785,530,19,0,0
785,380,20,0,0
786,229,1,3,4
786,363,2,3,3
786,388,3,3,3
786,183,4,3,3
786,539,5,3,4
786,257,6,3,2
786,334,7,3,4
786,169,8,3,4
786,205,9,3,0
786,293,10,3,3
786,206,11,3,1
786,244,12,3,4
786,397,13,3,2
786,556,14,3,1
786,149,15,3,4
786,248,16,3,3
786,548,17,3,3
786,141,18,3,1
786,228,19,3,3
786,33,20,3,3
787,320,1,3,0
787,178,2,3,3
787,338,3,3,3
787,367,4,3,2
787,248,5,3,3
787,371,6,3,1
787,78,7,3,3
787,548,8,3,3
787,513,9,3,3
787,393,10,3,3
787,217,11,3,2
787,266,12,3,1
787,433,13,3,3
787,223,14,3,3
787,103,15,3,3
787,123,16,3,3
787,447,17,3,2
787,242,18,3,2
787,354,19,3,4
787,528,20,3,3
788,156,1,3,1
788,103,2,3,3
788,25,3,3,0
788,179,4,3,4
788,256,5,3,1
788,148,6,3,3
788,113,7,3,3
788,433,8,3,3
788,465,9,3,0
788,548,10,3,3
788,199,11,3,4
788,223,12,3,3
788,104,13,3,4
788,220,14,3,0
788,503,15,3,3
788,158,16,3,3
788,93,17,3,3
788,393,18,3,3
788,327,19,3,2
788,63,20,3,3
789,111,1,3,1
789,78,2,3,3
789,99,3,3,4
789,428,4,3,3
789,141,5,3,1
789,143,6,3,3
789,393,7,3,3
789,399,8,3,4
789,48,9,3,3
789,206,10,3,1
789,557,11,3,2
789,103,12,3,3
789,194,13,3,4
789,355,14,3,0
789,209,15,3,4
789,418,16,3,3
789,305,17,3,0
789,9,18,3,4
789,548,19,3,3
789,105,20,3,0
790,395,1,1,0
790,524,2,1,4
790,388,3,1,3
790,405,4,1,0
790,393,5,1,3
790,359,6,1,4
790,511,7,1,1
790,396,8,1,1
790,206,9,1,1
790,220,10,1,0
790,149,11,1,4
790,211,12,1,1
790,170,13,1,0
790,346,14,1,1
790,150,15,1,0
790,560,16,1,0
790,103,17,1,3
790,581,18,1,1
790,506,19,1,1
790,50,20,1,0
791,72,1,2,2
791,227,2,2,2
791,417,3,2,2
791,93,4,2,3
791,569,5,2,4
791,368,6,2,3
791,96,7,2,1
791,547,8,2,2
791,548,9,2,3
791,225,10,2,0
791,327,11,2,2
791,537,12,2,2
791,377,13,2,2
791,563,14,2,3
791,206,15,2,1
791,328,16,2,3
791,158,17,2,3
791,267,18,2,2
791,101,19,2,1
791,23,20,2,3
792,556,1,0,1
792,355,2,0,0
792,274,3,0,4
792,54,4,0,4
792,185,5,0,0
792,240,6,0,0
792,506,7,0,1
792,587,8,0,2
792,206,9,0,1
792,464,10,0,4
792,576,11,0,1
792,345,12,0,0
792,545,13,0,0
792,295,14,0,0
792,130,15,0,0
792,280,16,0,0
792,482,17,0,2
792,93,18,0,3
792,335,19,0,0
792,516,20,0,1
793,375,1,0,0
793,285,2,0,0
793,227,3,0,2
793,40,4,0,0
793,112,5,0,2
793,160,6,0,0
793,275,7,0,0
793,230,8,0,0
793,141,9,0,1
793,23,10,0,3
793,548,11,0,3
793,413,12,0,3
793,206,13,0,1
793,395,14,0,0
793,74,15,0,4
793,185,16,0,0
793,115,17,0,0
793,295,18,0,0
793,35,19,0,0
793,471,20,0,1
794,222,1,1,2
794,25,2,1,0
794,196,3,1,1
794,537,4,1,2
794,320,5,1,0
794,305,6,1,0
794,185,7,1,0
794,150,8,1,0
794,146,9,1,1
794,492,10,1,2
794,295,11,1,0
794,471,12,1,1
794,576,13,1,1
794,376,14,1,1
794,286,15,1,1
794,41,16,1,1
794,449,17,1,4
794,211,18,1,1
794,91,19,1,1
794,162,20,1,2
795,324,1,4,4
795,104,2,4,4
795,524,3,4,4
795,225,4,4,0
795,244,5,4,4
795,377,6,4,2
795,14,7,4,4
795,209,8,4,4
795,141,9,4,1
795,61,10,4,1
795,146,11,4,1
795,588,12,4,3
795,164,13,4,4
795,142,14,4,2
795,220,15,4,0
795,202,16,4,2
795,206,17,4,1
795,393,18,4,3
795,11,19,4,1
795,408,20,4,3
796,592,1,2,2
796,178,2,2,3
796,222,3,2,2
796,243,4,2,3
796,487,5,2,2
796,377,6,2,2
796,542,7,2,2
796,587,8,2,2
796,337,9,2,2
796,225,10,2,0
796,186,11,2,1
796,224,12,2,4
796,157,13,2,2
796,25,14,2,0
796,545,15,2,0
796,242,16,2,2
796,379,17,2,4
796,22,18,2,2
796,174,19,2,4
796,457,20,2,2
797,158,1,1,3
797,480,2,1,0
797,355,3,1,0
797,466,4,1,1
797,501,5,1,1
797,497,6,1,2
797,546,7,1,1
797,112,8,1,2
797,352,9,1,2
797,206,10,1,1
797,576,11,1,1
797,151,12,1,1
797,156,13,1,1
797,592,14,1,2
797,81,15,1,1
797,456,16,1,1
797,43,17,1,3
797,101,18,1,1
797,405,19,1,0
797,111,20,1,1
798,47,1,4,2
798,141,2,4,1
798,367,3,4,2
798,264,4,4,4
798,359,5,4,4
798,576,6,4,1
798,392,7,4,2
798,293,8,4,3
798,164,9,4,4
798,111,10,4,1
798,380,11,4,0
798,25,12,4,0
798,139,13,4,4
798,598,14,4,3
798,249,15,4,4
798,524,16,4,4
798,383,17,4,3
798,420,18,4,0
798,561,19,4,1
798,196,20,4,1
799,569,1,4,4
799,297,2,4,2
799,359,3,4,4
799,503,4,4,3
799,23,5,4,3
799,384,6,4,4
799,158,7,4,3
799,334,8,4,4
799,451,9,4,1
799,326,10,4,1
799,185,11,4,0
799,63,12,4,3
799,444,13,4,4
799,177,14,4,2
799,164,15,4,4
799,294,16,4,4
799,3,17,4,3
799,564,18,4,4
799,30,19,4,0
799,414,20,4,4
800,420,1,0,0
800,23,2,0,3
800,145,3,0,0
800,170,4,0,0
800,369,5,0,4
800,429,6,0,4
800,231,7,0,1
800,225,8,0,0
800,185,9,0,0
800,0,10,0,0
800,523,11,0,3
800,256,12,0,1
800,93,13,0,3
800,330,14,0,0
800,237,15,0,2
800,427,16,0,2
800,60,17,0,0
800,196,18,0,1
800,275,19,0,0
800,95,20,0,0
801,194,1,1,4
801,216,2,1,1
801,420,3,1,0
801,261,4,1,1
801,338,5,1,3
801,248,6,1,3
801,190,7,1,0
801,225,8,1,0
801,359,9,1,4
801,146,10,1,1
801,356,11,1,1
801,72,12,1,2
801,253,13,1,3
801,170,14,1,0
801,503,15,1,3
801,388,16,1,3
801,401,17,1,1
801,544,18,1,4
801,386,19,1,1
801,110,20,1,0
802,284,1,4,4
802,442,2,4,2
802,248,3,4,3
802,316,4,4,1
802,459,5,4,4
802,338,6,4,3
802,257,7,4,2
802,530,8,4,0
802,396,9,4,1
802,141,10,4,1
802,80,11,4,0
802,592,12,4,2
802,548,13,4,3
802,353,14,4,3
802,49,15,4,4
802,408,16,4,3
802,304,17,4,4
802,311,18,4,1
802,147,19,4,2
802,104,20,4,4
803,104,1,3,4
803,512,2,3,2
803,12,3,3,2
803,152,4,3,2
803,172,5,3,2
803,167,6,3,2
803,103,7,3,3
803,96,8,3,1
803,18,9,3,3
803,217,10,3,2
803,158,11,3,3
803,293,12,3,3
803,338,13,3,3
803,503,14,3,3
803,366,15,3,1
803,160,16,3,0
803,164,17,3,4
803,379,18,3,4
803,548,19,3,3
803,458,20,3,3
804,178,1,3,3
804,104,2,3,4
804,195,3,3,0
804,473,4,3,3
804,49,5,3,4
804,308,6,3,3
804,438,7,3,3
804,184,8,3,4
804,457,9,3,2
804,170,10,3,0
804,192,11,3,2
804,503,12,3,3
804,55,13,3,0
804,483,14,3,3
804,403,15,3,3
804,558,16,3,3
804,353,17,3,3
804,79,18,3,4
804,400,19,3,0
804,206,20,3,1
805,25,1,3,0
805,581,2,3,1
805,183,3,3,3
805,65,4,3,0
805,468,5,3,3
805,257,6,3,2
805,103,7,3,3
805,491,8,3,1
805,393,9,3,3
805,173,10,3,3
805,361,11,3,1
805,114,12,3,4
805,338,13,3,3
805,268,14,3,3
805,320,15,3,0
805,596,16,3,1
805,68,17,3,3
805,569,18,3,4
805,307,19,3,2
805,158,20,3,3
806,319,1,2,4
806,54,2,2,4
806,183,3,2,3
806,585,4,2,0
806,267,5,2,2
806,513,6,2,3
806,85,7,2,0
806,371,8,2,1
806,387,9,2,2
806,403,10,2,3
806,451,11,2,1
806,264,12,2,4
806,544,13,2,4
806,413,14,2,3
806,104,15,2,4
806,517,16,2,2
806,397,17,2,2
806,110,18,2,0
806,576,19,2,1
806,278,20,2,3
807,387,1,3,2
807,548,2,3,3
807,213,3,3,3
807,247,4,3,2
807,413,5,3,3
807,445,6,3,0
807,284,7,3,4
807,529,8,3,4
807,393,9,3,3
807,451,10,3,1
807,243,11,3,3
807,257,12,3,2
807,206,13,3,1
807,327,14,3,2
807,359,15,3,4
807,152,16,3,2
807,116,17,3,1
807,355,18,3,0
807,281,19,3,1
807,446,20,3,1
808,564,1,4,4
808,349,2,4,4
808,569,3,4,4
808,557,4,4,2
808,164,5,4,4
808,359,6,4,4
808,459,7,4,4
808,44,8,4,4
808,159,9,4,4
808,149,10,4,4
808,34,11,4,4
808,392,12,4,2
808,104,13,4,4
808,116,14,4,1
808,524,15,4,4
808,224,16,4,4
808,229,17,4,4
808,292,18,4,2
808,548,19,4,3
808,529,20,4,4
809,467,1,2,2
809,257,2,2,2
809,73,3,2,3
809,295,4,2,0
809,264,5,2,4
809,537,6,2,2
809,546,7,2,1
809,432,8,2,2
809,442,9,2,2
809,2,10,2,2
809,322,11,2,2
809,7,12,2,2
809,327,13,2,2
809,242,14,2,2
809,564,15,2,4
809,142,16,2,2
809,104,17,2,4
809,462,18,2,2
809,99,19,2,4
809,338,20,2,3
810,99,1,4,4
810,24,2,4,4
810,459,3,4,4
810,141,4,4,1
810,401,5,4,1
810,448,6,4,3
810,480,7,4,0
810,204,8,4,4
810,79,9,4,4
810,583,10,4,3
810,112,11,4,2
810,384,12,4,4
810,206,13,4,1
810,361,14,4,1
810,529,15,4,4
810,172,16,4,2
810,86,17,4,1
810,503,18,4,3
810,386,19,4,1
810,221,20,4,1
811,47,1,2,2
811,10,2,2,0
811,58,3,2,3
811,72,4,2,2
811,530,5,2,0
811,158,6,2,3
811,569,7,2,4
811,137,8,2,2
811,273,9,2,3
811,582,10,2,2
811,330,11,2,0
811,435,12,2,0
811,466,13,2,1
811,20,14,2,0
811,223,15,2,3
811,23,16,2,3
811,257,17,2,2
811,460,18,2,0
811,194,19,2,4
811,327,20,2,2
812,72,1,1,2
812,257,2,1,2
812,225,3,1,0
812,301,4,1,1
812,246,5,1,1
812,221,6,1,1
812,160,7,1,0
812,141,8,1,1
812,445,9,1,0
812,103,10,1,3
812,374,11,1,4
812,52,12,1,2
812,548,13,1,3
812,206,14,1,1
812,542,15,1,2
812,501,16,1,1
812,355,17,1,0
812,6,18,1,1
812,417,19,1,2
812,341,20,1,1
813,128,1,4,3
813,584,2,4,4
813,47,3,4,2
813,548,4,4,3
813,192,5,4,2
813,149,6,4,4
813,259,7,4,4
813,51,8,4,1
813,110,9,4,0
813,242,10,4,2
813,104,11,4,4
813,508,12,4,3
813,99,13,4,4
813,537,14,4,2
813,100,15,4,0
813,441,16,4,1
813,14,17,4,4
813,169,18,4,4
813,284,19,4,4
813,164,20,4,4
814,562,1,2,2
814,242,2,2,2
814,70,3,2,0
814,537,4,2,2
814,594,5,2,4
814,182,6,2,2
814,104,7,2,4
814,128,8,2,3
814,35,9,2,0
814,569,10,2,4
814,257,11,2,2
814,597,12,2,2
814,72,13,2,2
814,274,14,2,4
814,446,15,2,1
814,407,16,2,2
814,25,17,2,0
814,129,18,2,4
814,145,19,2,0
814,522,20,2,2
815,574,1,3,4
815,225,2,3,0
815,158,3,3,3
815,265,4,3,0
815,327,5,3,2
815,391,6,3,1
815,241,7,3,1
815,33,8,3,3
815,361,9,3,1
815,67,10,3,2
815,548,11,3,3
815,8,12,3,3
815,528,13,3,3
815,377,14,3,2
815,206,15,3,1
815,353,16,3,3
815,271,17,3,1
815,228,18,3,3
815,505,19,3,0
815,509,20,3,4
816,150,1,0,0
816,368,2,0,3
816,42,3,0,2
816,170,4,0,0
816,390,5,0,0
816,238,6,0,3
816,361,7,0,1
816,522,8,0,2
816,70,9,0,0
816,0,10,0,0
816,241,11,0,1
816,81,12,0,1
816,285,13,0,0
816,305,14,0,0
816,138,15,0,3
816,460,16,0,0
816,240,17,0,0
816,399,18,0,4
816,164,19,0,4
816,25,20,0,0
817,42,1,0,2
817,70,2,0,0
817,325,3,0,0
817,206,4,0,1
817,399,5,0,4
817,25,6,0,0
817,245,7,0,0
817,286,8,0,1
817,210,9,0,0
817,355,10,0,0
817,103,11,0,3
817,384,12,0,4
817,522,13,0,2
817,361,14,0,1
817,104,15,0,4
817,23,16,0,3
817,209,17,0,4
817,41,18,0,1
817,540,19,0,0
817,385,20,0,0
818,468,1,3,3
818,103,2,3,3
818,248,3,3,3
818,185,4,3,0
818,149,5,3,4
818,485,6,3,0
818,532,7,3,2
818,423,8,3,3
818,193,9,3,3
818,413,10,3,3
818,546,11,3,1
818,22,12,3,2
818,284,13,3,4
818,401,14,3,1
818,393,15,3,3
818,548,16,3,3
818,497,17,3,2
818,409,18,3,4
818,554,19,3,4
818,160,20,3,0
819,597,1,2,2
819,543,2,2,3
819,284,3,2,4
819,327,4,2,2
819,501,5,2,1
819,426,6,2,1
819,548,7,2,3
819,497,8,2,2
819,325,9,2,0
819,340,10,2,0
819,206,11,2,1
819,537,12,2,2
819,229,13,2,4
819,362,14,2,2
819,485,15,2,0
819,67,16,2,2
819,85,17,2,0
819,499,18,2,4
819,477,19,2,2
819,536,20,2,1
820,404,1,4,4
820,243,2,4,3
820,207,3,4,2
820,456,4,4,1
820,413,5,4,3
820,483,6,4,3
820,229,7,4,4
820,374,8,4,4
820,97,9,4,2
820,104,10,4,4
820,141,11,4,1
820,529,12,4,4
820,589,13,4,4
820,354,14,4,4
820,219,15,4,4
820,345,16,4,0
820,220,17,4,0
820,574,18,4,4
820,235,19,4,0
820,164,20,4,4
821,542,1,2,2
821,37,2,2,2
821,485,3,2,0
821,93,4,2,3
821,537,5,2,2
821,503,6,2,3
821,176,7,2,1
821,582,8,2,2
821,514,9,2,4
821,268,10,2,3
821,361,11,2,1
821,14,12,2,4
821,566,13,2,1
821,332,14,2,2
821,452,15,2,2
821,147,16,2,2
821,23,17,2,3
821,149,18,2,4
821,267,19,2,2
821,494,20,2,4
822,116,1,1,1
822,546,2,1,1
822,542,3,1,2
822,81,4,1,1
822,516,5,1,1
822,371,6,1,1
822,581,7,1,1
822,0,8,1,0
822,243,9,1,3
822,21,10,1,1
822,536,11,1,1
822,416,12,1,1
822,361,13,1,1
822,524,14,1,4
822,336,15,1,1
822,141,16,1,1
822,418,17,1,3
822,100,18,1,0
822,528,19,1,3
822,216,20,1,1
823,432,1,2,2
823,540,2,2,0
823,372,3,2,2
823,67,4,2,2
823,409,5,2,4
823,257,6,2,2
823,577,7,2,2
823,206,8,2,1
823,195,9,2,0
823,22,10,2,2
823,166,11,2,1
823,278,12,2,3
823,219,13,2,4
823,591,14,2,1
823,533,15,2,3
823,185,16,2,0
823,418,17,2,3
823,361,18,2,1
823,368,19,2,3
823,242,20,2,2
824,543,1,1,3
824,130,2,1,0
824,79,3,1,4
824,354,4,1,4
824,283,5,1,3
824,537,6,1,2
824,381,7,1,1
824,359,8,1,4
824,119,9,1,4
824,164,10,1,4
824,434,11,1,4
824,25,12,1,0
824,61,13,1,1
824,284,14,1,4
824,327,15,1,2
824,591,16,1,1
824,472,17,1,2
824,257,18,1,2
824,141,19,1,1
824,28,20,1,3
825,427,1,2,2
825,49,2,2,4
825,597,3,2,2
825,543,4,2,3
825,81,5,2,1
825,361,6,2,1
825,497,7,2,2
825,97,8,2,2
825,366,9,2,1
825,257,10,2,2
825,397,11,2,2
825,185,12,2,0
825,537,13,2,2
825,482,14,2,2
825,206,15,2,1
825,569,16,2,4
825,57,17,2,2
825,477,18,2,2
825,227,19,2,2
825,332,20,2,2
826,85,1,0,0
826,25,2,0,0
826,105,3,0,0
826,499,4,0,4
826,185,5,0,0
826,509,6,0,4
826,206,7,0,1
826,255,8,0,0
826,441,9,0,1
826,78,10,0,3
826,110,11,0,0
826,54,12,0,4
826,466,13,0,1
826,373,14,0,3
826,48,15,0,3
826,488,16,0,3
826,7,17,0,2
826,356,18,0,1
826,247,19,0,2
826,455,20,0,0
827,47,1,3,2
827,405,2,3,0
827,433,3,3,3
827,222,4,3,2
827,353,5,3,3
827,148,6,3,3
827,548,7,3,3
827,478,8,3,3
827,293,9,3,3
827,522,10,3,2
827,158,11,3,3
827,543,12,3,3
827,413,13,3,3
827,303,14,3,3
827,103,15,3,3
827,517,16,3,2
827,206,17,3,1
827,213,18,3,3
827,149,19,3,4
827,257,20,3,2
828,8,1,0,3
828,149,2,0,4
828,150,3,0,0
828,45,4,0,0
828,465,5,0,0
828,130,6,0,0
828,257,7,0,2
828,23,8,0,3
828,401,9,0,1
828,575,10,0,0
828,483,11,0,3
828,586,12,0,1
828,565,13,0,0
828,225,14,0,0
828,194,15,0,4
828,245,16,0,0
828,470,17,0,0
828,102,18,0,2
828,500,19,0,0
828,491,20,0,1
829,536,1,1,1
829,161,2,1,1
829,434,3,1,4
829,364,4,1,4
829,537,5,1,2
829,231,6,1,1
829,424,7,1,4
829,114,8,1,4
829,149,9,1,4
829,167,10,1,2
829,386,11,1,1
829,104,12,1,4
829,409,13,1,4
829,328,14,1,3
829,381,15,1,1
829,541,16,1,1
829,206,17,1,1
829,174,18,1,4
829,141,19,1,1
829,257,20,1,2
830,110,1,0,0
830,220,2,0,0
830,515,3,0,0
830,225,4,0,0
830,594,5,0,4
830,548,6,0,3
830,520,7,0,0
830,333,8,0,3
830,580,9,0,0
830,529,10,0,4
830,323,11,0,3
830,468,12,0,3
830,400,13,0,0
830,152,14,0,2
830,505,15,0,0
830,566,16,0,1
830,275,17,0,0
830,310,18,0,0
830,185,19,0,0
830,301,20,0,1
831,537,1,2,2
831,492,2,2,2
831,437,3,2,2
831,156,4,2,1
831,185,5,2,0
831,9,6,2,4
831,272,7,2,2
831,548,8,2,3
831,107,9,2,2
831,581,10,2,1
831,267,11,2,2
831,517,12,2,2
831,104,13,2,4
831,478,14,2,3
831,363,15,2,3
831,501,16,2,1
831,164,17,2,4
831,343,18,2,3
831,261,19,2,1
831,233,20,2,3
832,192,1,2,2
832,477,2,2,2
832,295,3,2,0
832,522,4,2,2
832,310,5,2,0
832,257,6,2,2
832,508,7,2,3
832,103,8,2,3
832,577,9,2,2
832,84,10,2,4
832,582,11,2,2
832,369,12,2,4
832,5,13,2,0
832,362,14,2,2
832,284,15,2,4
832,164,16,2,4
832,242,17,2,2
832,472,18,2,2
832,439,19,2,4
832,597,20,2,2
833,317,1,2,2
833,92,2,2,2
833,537,3,2,2
833,377,4,2,2
833,57,5,2,2
833,245,6,2,0
833,257,7,2,2
833,597,8,2,2
833,557,9,2,2
833,341,10,2,1
833,141,11,2,1
833,423,12,2,3
833,477,13,2,2
833,525,14,2,0
833,461,15,2,1
833,127,16,2,2
833,211,17,2,1
833,392,18,2,2
833,83,19,2,3
833,64,20,2,4
834,561,1,0,1
834,235,2,0,0
834,355,3,0,0
834,498,4,0,3
834,48,5,0,3
834,185,6,0,0
834,25,7,0,0
834,290,8,0,0
834,519,9,0,4
834,285,10,0,0
834,108,11,0,3
834,330,12,0,0
834,224,13,0,4
834,485,14,0,0
834,510,15,0,0
834,567,16,0,2
834,548,17,0,3
834,85,18,0,0
834,10,19,0,0
834,436,20,0,1
835,242,1,2,2
835,523,2,2,3
835,284,3,2,4
835,537,4,2,2
835,569,5,2,4
835,77,6,2,2
835,345,7,2,0
835,528,8,2,3
835,205,9,2,0
835,582,10,2,2
835,12,11,2,2
835,185,12,2,0
835,162,13,2,2
835,322,14,2,2
835,257,15,2,2
835,57,16,2,2
835,343,17,2,3
835,589,18,2,4
835,67,19,2,2
835,580,20,2,0
836,501,1,1,1
836,361,2,1,1
836,176,3,1,1
836,166,4,1,1
836,231,5,1,1
836,172,6,1,2
836,575,7,1,0
836,206,8,1,1
836,104,9,1,4
836,406,10,1,1
836,521,11,1,1
836,103,12,1,3
836,164,13,1,4
836,393,14,1,3
836,524,15,1,4
836,274,16,1,4
836,475,17,1,0
836,314,18,1,4
836,250,19,1,0
836,516,20,1,1
837,225,1,1,0
837,459,2,1,4
837,246,3,1,1
837,204,4,1,4
837,141,5,1,1
837,286,6,1,1
837,377,7,1,2
837,6,8,1,1
837,196,9,1,1
837,206,10,1,1
837,390,11,1,0
837,2,12,1,2
837,466,13,1,1
837,112,14,1,2
837,248,15,1,3
837,431,16,1,1
837,70,17,1,0
837,501,18,1,1
837,146,19,1,1
837,231,20,1,1
838,141,1,2,1
838,452,2,2,2
838,257,3,2,2
838,303,4,2,3
838,488,5,2,3
838,542,6,2,2
838,589,7,2,4
838,47,8,2,2
838,302,9,2,2
838,392,10,2,2
838,13,11,2,3
838,157,12,2,2
838,537,13,2,2
838,439,14,2,4
838,419,15,2,4
838,377,16,2,2
838,562,17,2,2
838,573,18,2,3
838,209,19,2,4
838,430,20,2,0
839,166,1,1,1
839,321,2,1,1
839,569,3,1,4
839,25,4,1,0
839,328,5,1,3
839,468,6,1,3
839,7,7,1,2
839,101,8,1,1
839,286,9,1,1
839,142,10,1,2
839,466,11,1,1
839,281,12,1,1
839,61,13,1,1
839,14,14,1,4
839,2,15,1,2
839,285,16,1,0
839,206,17,1,1
839,501,18,1,1
839,302,19,1,2
839,389,20,1,4
840,237,1,2,2
840,377,2,2,2
840,569,3,2,4
840,163,4,2,3
840,576,5,2,1
840,376,6,2,1
840,231,7,2,1
840,93,8,2,3
840,236,9,2,1
840,221,10,2,1
840,354,11,2,4
840,548,12,2,3
840,164,13,2,4
840,47,14,2,2
840,185,15,2,0
840,267,16,2,2
840,17,17,2,2
840,294,18,2,4
840,72,19,2,2
840,257,20,2,2
841,519,1,3,4
841,64,2,3,4
841,88,3,3,3
841,81,4,3,1
841,158,5,3,3
841,67,6,3,2
841,51,7,3,1
841,436,8,3,1
841,508,9,3,3
841,392,10,3,2
841,358,11,3,3
841,586,12,3,1
841,164,13,3,4
841,284,14,3,4
841,381,15,3,1
841,466,16,3,1
841,170,17,3,0
841,243,18,3,3
841,178,19,3,3
841,493,20,3,3
842,220,1,0,0
842,140,2,0,0
842,257,3,0,2
842,361,4,0,1
842,150,5,0,0
842,582,6,0,2
842,212,7,0,2
842,225,8,0,0
842,311,9,0,1
842,205,10,0,0
842,185,11,0,0
842,227,12,0,2
842,450,13,0,0
842,274,14,0,4
842,363,15,0,3
842,166,16,0,1
842,393,17,0,3
842,134,18,0,4
842,385,19,0,0
842,245,20,0,0
843,78,1,4,3
843,359,2,4,4
843,48,3,4,3
843,424,4,4,4
843,179,5,4,4
843,484,6,4,4
843,514,7,4,4
843,569,8,4,4
843,139,9,4,4
843,214,10,4,4
843,7,11,4,2
843,305,12,4,0
843,211,13,4,1
843,219,14,4,4
843,361,15,4,1
843,419,16,4,4
843,104,17,4,4
843,559,18,4,4
843,509,19,4,4
843,524,20,4,4
844,235,1,0,0
844,293,2,0,3
844,262,3,0,2
844,346,4,0,1
844,377,5,0,2
844,406,6,0,1
844,13,7,0,3
844,25,8,0,0
844,534,9,0,4
844,225,10,0,0
844,435,11,0,0
844,184,12,0,4
844,590,13,0,0
844,540,14,0,0
844,395,15,0,0
844,513,16,0,3
844,148,17,0,3
844,330,18,0,0
844,405,19,0,0
844,372,20,0,2
845,174,1,1,4
845,226,2,1,1
845,324,3,1,4
845,186,4,1,1
845,369,5,1,4
845,116,6,1,1
845,325,7,1,0
845,246,8,1,1
845,456,9,1,1
845,61,10,1,1
845,436,11,1,1
845,401,12,1,1
845,381,13,1,1
845,426,14,1,1
845,548,15,1,3
845,361,16,1,1
845,141,17,1,1
845,12,18,1,2
845,103,19,1,3
845,452,20,1,2
846,556,1,2,1
846,127,2,2,2
846,327,3,2,2
846,124,4,2,4
846,516,5,2,1
846,2,6,2,2
846,450,7,2,0
846,395,8,2,0
846,497,9,2,2
846,337,10,2,2
846,396,11,2,1
846,292,12,2,2
846,501,13,2,1
846,487,14,2,2
846,25,15,2,0
846,542,16,2,2
846,7,17,2,2
846,61,18,2,1
846,307,19,2,2
846,152,20,2,2
847,355,1,0,0
847,274,2,0,4
847,114,3,0,4
847,45,4,0,0
847,177,5,0,2
847,305,6,0,0
847,130,7,0,0
847,400,8,0,0
847,5,9,0,0
847,33,10,0,3
847,110,11,0,0
847,465,12,0,0
847,257,13,0,2
847,206,14,0,1
847,534,15,0,4
847,61,16,0,1
847,150,17,0,0
847,361,18,0,1
847,55,19,0,0
847,156,20,0,1
848,227,1,4,2
848,581,2,4,1
848,594,3,4,4
848,67,4,4,2
848,196,5,4,1
848,243,6,4,3
848,439,7,4,4
848,184,8,4,4
848,586,9,4,1
848,511,10,4,1
848,301,11,4,1
848,206,12,4,1
848,393,13,4,3
848,433,14,4,3
848,185,15,4,0
848,339,16,4,4
848,569,17,4,4
848,85,18,4,0
848,104,19,4,4
848,231,20,4,1
849,413,1,0,3
849,60,2,0,0
849,395,3,0,0
849,190,4,0,0
849,10,5,0,0
849,185,6,0,0
849,141,7,0,1
849,345,8,0,0
849,42,9,0,2
849,401,10,0,1
849,257,11,0,2
849,404,12,0,4
849,45,13,0,0
849,585,14,0,0
849,506,15,0,1
849,538,16,0,3
849,441,17,0,1
849,598,18,0,3
849,599,19,0,4
849,75,20,0,0
850,394,1,4,4
850,382,2,4,2
850,468,3,4,3
850,109,4,4,4
850,104,5,4,4
850,19,6,4,4
850,164,7,4,4
850,264,8,4,4
850,431,9,4,1
850,529,10,4,4
850,509,11,4,4
850,79,12,4,4
850,189,13,4,4
850,472,14,4,2
850,194,15,4,4
850,548,16,4,3
850,68,17,4,3
850,2,18,4,2
850,1,19,4,1
850,179,20,4,4
851,334,1,4,4
851,413,2,4,3
851,169,3,4,4
851,271,4,4,1
851,109,5,4,4
851,96,6,4,1
851,104,7,4,4
851,399,8,4,4
851,584,9,4,4
851,562,10,4,2
851,2,11,4,2
851,272,12,4,2
851,372,13,4,2
851,533,14,4,3
851,416,15,4,1
851,98,16,4,3
851,530,17,4,0
851,579,18,4,4
851,219,19,4,4
851,354,20,4,4
852,248,1,3,3
852,377,2,3,2
852,413,3,3,3
852,213,4,3,3
852,329,5,3,4
852,547,6,3,2
852,468,7,3,3
852,269,8,3,4
852,183,9,3,3
852,367,10,3,2
852,341,11,3,1
852,338,12,3,3
852,285,13,3,0
852,571,14,3,1
852,563,15,3,3
852,280,16,3,0
852,517,17,3,2
852,170,18,3,0
852,113,19,3,3
852,458,20,3,3
853,416,1,3,1
853,123,2,3,3
853,175,3,3,0
853,185,4,3,0
853,433,5,3,3
853,25,6,3,0
853,397,7,3,2
853,178,8,3,3
853,242,9,3,2
853,103,10,3,3
853,130,11,3,0
853,359,12,3,4
853,294,13,3,4
853,548,14,3,3
853,238,15,3,3
853,22,16,3,2
853,203,17,3,3
853,573,18,3,3
853,503,19,3,3
853,100,20,3,0
854,225,1,0,0
854,10,2,0,0
854,121,3,0,1
854,305,4,0,0
854,257,5,0,2
854,391,6,0,1
854,459,7,0,4
854,413,8,0,3
854,460,9,0,0
854,244,10,0,4
854,338,11,0,3
854,185,12,0,0
854,95,13,0,0
854,100,14,0,0
854,446,15,0,1
854,290,16,0,0
854,235,17,0,0
854,184,18,0,4
854,576,19,0,1
854,355,20,0,0
855,239,1,4,4
855,14,2,4,4
855,560,3,4,0
855,584,4,4,4
855,313,5,4,3
855,104,6,4,4
855,294,7,4,4
855,179,8,4,4
855,99,9,4,4
855,570,10,4,0
855,264,11,4,4
855,206,12,4,1
855,317,13,4,2
855,274,14,4,4
855,464,15,4,4
855,8,16,4,3
855,569,17,4,4
855,79,18,4,4
855,594,19,4,4
855,284,20,4,4
856,292,1,2,2
856,143,2,2,3
856,277,3,2,2
856,421,4,2,1
856,206,5,2,1
856,107,6,2,2
856,183,7,2,3
856,178,8,2,3
856,287,9,2,2
856,242,10,2,2
856,306,11,2,1
856,325,12,2,0
856,72,13,2,2
856,354,14,2,4
856,301,15,2,1
856,16,16,2,1
856,527,17,2,2
856,408,18,2,3
856,29,19,2,4
856,537,20,2,2
857,2,1,2,2
857,318,2,2,3
857,12,3,2,2
857,72,4,2,2
857,462,5,2,2
857,190,6,2,0
857,81,7,2,1
857,483,8,2,3
857,496,9,2,1
857,556,10,2,1
857,215,11,2,0
857,112,12,2,2
857,557,13,2,2
857,103,14,2,3
857,185,15,2,0
857,274,16,2,4
857,582,17,2,2
857,422,18,2,2
857,297,19,2,2
857,377,20,2,2
858,117,1,2,2
858,481,2,2,1
858,237,3,2,2
858,52,4,2,2
858,476,5,2,1
858,532,6,2,2
858,597,7,2,2
858,548,8,2,3
858,222,9,2,2
858,501,10,2,1
858,337,11,2,2
858,257,12,2,2
858,99,13,2,4
858,185,14,2,0
858,467,15,2,2
858,235,16,2,0
858,330,17,2,0
858,592,18,2,2
858,187,19,2,2
858,465,20,2,0
859,544,1,3,4
859,185,2,3,0
859,243,3,3,3
859,77,4,3,2
859,473,5,3,3
859,413,6,3,3
859,248,7,3,3
859,463,8,3,3
859,43,9,3,3
859,545,10,3,0
859,528,11,3,3
859,352,12,3,2
859,547,13,3,2
859,455,14,3,0
859,103,15,3,3
859,548,16,3,3
859,418,17,3,3
859,393,18,3,3
859,535,19,3,0
859,141,20,3,1
860,463,1,0,3
860,393,2,0,3
860,149,3,0,4
860,185,4,0,0
860,284,5,0,4
860,390,6,0,0
860,86,7,0,1
860,25,8,0,0
860,141,9,0,1
860,212,10,0,2
860,170,11,0,0
860,430,12,0,0
860,85,13,0,0
860,486,14,0,1
860,290,15,0,0
860,57,16,0,2
860,104,17,0,4
860,370,18,0,0
860,206,19,0,1
860,399,20,0,4
861,247,1,2,2
861,557,2,2,2
861,149,3,2,4
861,72,4,2,2
861,117,5,2,2
861,140,6,2,0
861,552,7,2,2
861,222,8,2,2
861,257,9,2,2
861,282,10,2,2
861,164,11,2,4
861,357,12,2,2
861,327,13,2,2
861,572,14,2,2
861,592,15,2,2
861,594,16,2,4
861,430,17,2,0
861,451,18,2,1
861,152,19,2,2
861,266,20,2,1
862,155,1,4,0
862,503,2,4,3
862,104,3,4,4
862,169,4,4,4
862,569,5,4,4
862,331,6,4,1
862,199,7,4,4
862,129,8,4,4
862,464,9,4,4
862,161,10,4,1
862,160,11,4,0
862,85,12,4,0
862,466,13,4,1
862,158,14,4,3
862,164,15,4,4
862,299,16,4,4
862,416,17,4,1
862,384,18,4,4
862,14,19,4,4
862,204,20,4,4
863,229,1,3,4
863,142,2,3,2
863,318,3,3,3
863,333,4,3,3
863,302,5,3,2
863,158,6,3,3
863,128,7,3,3
863,365,8,3,0
863,543,9,3,3
863,545,10,3,0
863,418,11,3,3
863,448,12,3,3
863,438,13,3,3
863,50,14,3,0
863,483,15,3,3
863,398,16,3,3
863,206,17,3,1
863,141,18,3,1
863,103,19,3,3
863,118,20,3,3
864,283,1,2,3
864,57,2,2,2
864,47,3,2,2
864,522,4,2,2
864,492,5,2,2
864,322,6,2,2
864,362,7,2,2
864,361,8,2,1
864,277,9,2,2
864,482,10,2,2
864,368,11,2,3
864,157,12,2,2
864,582,13,2,2
864,7,14,2,2
864,512,15,2,2
864,548,16,2,3
864,309,17,2,4
864,257,18,2,2
864,242,19,2,2
864,376,20,2,1
865,379,1,3,4
865,268,2,3,3
865,404,3,3,4
865,548,4,3,3
865,225,5,3,0
865,194,6,3,4
865,104,7,3,4
865,206,8,3,1
865,443,9,3,3
865,173,10,3,3
865,160,11,3,0
865,323,12,3,3
865,503,13,3,3
865,327,14,3,2
865,163,15,3,3
865,598,16,3,3
865,148,17,3,3
865,141,18,3,1
865,93,19,3,3
865,305,20,3,0
866,299,1,1,4
866,562,2,1,2
866,22,3,1,2
866,14,4,1,4
866,361,5,1,1
866,231,6,1,1
866,548,7,1,3
866,141,8,1,1
866,495,9,1,0
866,235,10,1,0
866,274,11,1,4
866,166,12,1,1
866,156,13,1,1
866,549,14,1,4
866,107,15,1,2
866,555,16,1,0
866,435,17,1,0
866,91,18,1,1
866,386,19,1,1
866,112,20,1,2
867,490,1,0,0
867,571,2,0,1
867,210,3,0,0
867,25,4,0,0
867,453,5,0,3
867,171,6,0,1
867,591,7,0,1
867,450,8,0,0
867,305,9,0,0
867,295,10,0,0
867,150,11,0,0
867,230,12,0,0
867,355,13,0,0
867,540,14,0,0
867,345,15,0,0
867,585,16,0,0
867,411,17,0,1
867,0,18,0,0
867,185,19,0,0
867,548,20,0,3
868,138,1,2,3
868,206,2,2,1
868,458,3,2,3
868,38,4,2,3
868,242,5,2,2
868,569,6,2,4
868,509,7,2,4
868,572,8,2,2
868,377,9,2,2
868,257,10,2,2
868,362,11,2,2
868,152,12,2,2
868,450,13,2,0
868,72,14,2,2
868,207,15,2,2
868,557,16,2,2
868,167,17,2,2
868,541,18,2,1
868,22,19,2,2
868,331,20,2,1
869,415,1,0,0
869,72,2,0,2
869,389,3,0,4
869,406,4,0,1
869,38,5,0,3
869,420,6,0,0
869,455,7,0,0
869,185,8,0,0
869,175,9,0,0
869,36,10,0,1
869,66,11,0,1
869,211,12,0,1
869,362,13,0,2
869,50,14,0,0
869,183,15,0,3
869,545,16,0,0
869,52,17,0,2
869,547,18,0,2
869,257,19,0,2
869,43,20,0,3
870,456,1,4,1
870,115,2,4,0
870,70,3,4,0
870,185,4,4,0
870,164,5,4,4
870,273,6,4,3
870,199,7,4,4
870,104,8,4,4
870,557,9,4,2
870,384,10,4,4
870,340,11,4,0
870,594,12,4,4
870,87,13,4,2
870,99,14,4,4
870,254,15,4,4
870,74,16,4,4
870,269,17,4,4
870,15,18,4,0
870,228,19,4,3
870,229,20,4,4
871,465,1,0,0
871,282,2,0,2
871,170,3,0,0
871,205,4,0,0
871,105,5,0,0
871,68,6,0,3
871,149,7,0,4
871,361,8,0,1
871,548,9,0,3
871,501,10,0,1
871,310,11,0,0
871,130,12,0,0
871,425,13,0,0
871,540,14,0,0
871,532,15,0,2
871,238,16,0,3
871,116,17,0,1
871,16,18,0,1
871,45,19,0,0
871,478,20,0,3
872,358,1,4,3
872,431,2,4,1
872,177,3,4,2
872,313,4,4,3
872,70,5,4,0
872,574,6,4,4
872,306,7,4,1
872,576,8,4,1
872,330,9,4,0
872,440,10,4,0
872,468,11,4,3
872,409,12,4,4
872,257,13,4,2
872,490,14,4,0
872,264,15,4,4
872,569,16,4,4
872,522,17,4,2
872,599,18,4,4
872,466,19,4,1
872,494,20,4,4
873,582,1,2,2
873,207,2,2,2
873,451,3,2,1
873,465,4,2,0
873,107,5,2,2
873,597,6,2,2
873,537,7,2,2
873,471,8,2,1
873,48,9,2,3
873,81,10,2,1
873,164,11,2,4
873,42,12,2,2
873,453,13,2,3
873,57,14,2,2
873,22,15,2,2
873,313,16,2,3
873,295,17,2,0
873,377,18,2,2
873,432,19,2,2
873,257,20,2,2
874,295,1,0,0
874,360,2,0,0
874,80,3,0,0
874,199,4,0,4
874,510,5,0,0
874,23,6,0,3
874,430,7,0,0
874,185,8,0,0
874,305,9,0,0
874,543,10,0,3
874,355,11,0,0
874,440,12,0,0
874,390,13,0,0
874,131,14,0,1
874,225,15,0,0
874,190,16,0,0
874,405,17,0,0
874,275,18,0,0
874,515,19,0,0
874,121,20,0,1
875,224,1,4,4
875,424,2,4,4
875,289,3,4,4
875,369,4,4,4
875,579,5,4,4
875,597,6,4,2
875,182,7,4,2
875,47,8,4,2
875,104,9,4,4
875,395,10,4,0
875,509,11,4,4
875,213,12,4,3
875,39,13,4,4
875,2,14,4,2
875,197,15,4,2
875,594,16,4,4
875,209,17,4,4
875,284,18,4,4
875,149,19,4,4
875,569,20,4,4
876,169,1,0,4
876,206,2,0,1
876,509,3,0,4
876,284,4,0,4
876,285,5,0,0
876,393,6,0,3
876,115,7,0,0
876,537,8,0,2
876,276,9,0,1
876,79,10,0,4
876,515,11,0,0
876,170,12,0,0
876,496,13,0,1
876,318,14,0,3
876,141,15,0,1
876,25,16,0,0
876,445,17,0,0
876,257,18,0,2
876,330,19,0,0
876,185,20,0,0
877,437,1,1,2
877,43,2,1,3
877,52,3,1,2
877,416,4,1,1
877,140,5,1,0
877,25,6,1,0
877,61,7,1,1
877,286,8,1,1
877,222,9,1,2
877,386,10,1,1
877,413,11,1,3
877,366,12,1,1
877,167,13,1,2
877,136,14,1,1
877,521,15,1,1
877,361,16,1,1
877,276,17,1,1
877,206,18,1,1
877,451,19,1,1
877,273,20,1,3
878,103,1,3,3
878,468,2,3,3
878,237,3,3,2
878,503,4,3,3
878,224,5,3,4
878,568,6,3,3
878,158,7,3,3
878,463,8,3,3
878,403,9,3,3
878,12,10,3,2
878,598,11,3,3
878,400,12,3,0
878,338,13,3,3
878,52,14,3,2
878,524,15,3,4
878,278,16,3,3
878,384,17,3,4
878,108,18,3,3
878,548,19,3,3
878,353,20,3,3
879,390,1,1,0
879,501,2,1,1
879,257,3,1,2
879,556,4,1,1
879,141,5,1,1
879,126,6,1,1
879,517,7,1,2
879,25,8,1,0
879,543,9,1,3
879,466,10,1,1
879,431,11,1,1
879,101,12,1,1
879,160,13,1,0
879,471,14,1,1
879,17,15,1,2
879,2,16,1,2
879,371,17,1,1
879,406,18,1,1
879,481,19,1,1
879,267,20,1,2
880,508,1,0,3
880,393,2,0,3
880,284,3,0,4
880,173,4,0,3
880,206,5,0,1
880,37,6,0,2
880,205,7,0,0
880,394,8,0,4
880,75,9,0,0
880,380,10,0,0
880,225,11,0,0
880,415,12,0,0
880,185,13,0,0
880,450,14,0,0
880,274,15,0,4
880,414,16,0,4
880,386,17,0,1
880,437,18,0,2
880,295,19,0,0
880,212,20,0,2
881,2,1,2,2
881,18,2,2,3
881,292,3,2,2
881,242,4,2,2
881,383,5,2,3
881,549,6,2,4
881,35,7,2,0
881,557,8,2,2
881,112,9,2,2
881,149,10,2,4
881,596,11,2,1
881,257,12,2,2
881,164,13,2,4
881,327,14,2,2
881,355,15,2,0
881,597,16,2,2
881,72,17,2,2
881,271,18,2,1
881,338,19,2,3
881,61,20,2,1
882,230,1,1,0
882,594,2,1,4
882,14,3,1,4
882,81,4,1,1
882,207,5,1,2
882,66,6,1,1
882,238,7,1,3
882,231,8,1,1
882,206,9,1,1
882,273,10,1,3
882,79,11,1,4
882,471,12,1,1
882,141,13,1,1
882,7,14,1,2
882,116,15,1,1
882,40,16,1,0
882,33,17,1,3
882,211,18,1,1
882,295,19,1,0
882,36,20,1,1
883,316,1,1,1
883,401,2,1,1
883,551,3,1,1
883,580,4,1,0
883,221,5,1,1
883,338,6,1,3
883,466,7,1,1
883,343,8,1,3
883,403,9,1,3
883,264,10,1,4
883,421,11,1,1
883,305,12,1,0
883,561,13,1,1
883,331,14,1,1
883,406,15,1,1
883,591,16,1,1
883,350,17,1,0
883,86,18,1,1
883,39,19,1,4
883,191,20,1,1
884,161,1,3,1
884,503,2,3,3
884,78,3,3,3
884,23,4,3,3
884,501,5,3,1
884,569,6,3,4
884,302,7,3,2
884,379,8,3,4
884,523,9,3,3
884,549,10,3,4
884,342,11,3,2
884,258,12,3,3
884,548,13,3,3
884,418,14,3,3
884,510,15,3,0
884,265,16,3,0
884,158,17,3,3
884,540,18,3,0
884,398,19,3,3
884,518,20,3,3
885,267,1,3,2
885,233,2,3,3
885,468,3,3,3
885,162,4,3,2
885,284,5,3,4
885,178,6,3,3
885,431,7,3,1
885,393,8,3,3
885,381,9,3,1
885,170,10,3,0
885,501,11,3,1
885,223,12,3,3
885,260,13,3,0
885,287,14,3,2
885,213,15,3,3
885,338,16,3,3
885,138,17,3,3
885,594,18,3,4
885,221,19,3,1
885,130,20,3,0
886,141,1,3,1
886,483,2,3,3
886,356,3,3,1
886,8,4,3,3
886,291,5,3,1
886,449,6,3,4
886,435,7,3,0
886,548,8,3,3
886,185,9,3,0
886,228,10,3,3
886,183,11,3,3
886,101,12,3,1
886,34,13,3,4
886,443,14,3,3
886,538,15,3,3
886,233,16,3,3
886,433,17,3,3
886,468,18,3,3
886,414,19,3,4
886,158,20,3,3
887,499,1,4,4
887,151,2,4,1
887,564,3,4,4
887,529,4,4,4
887,589,5,4,4
887,274,6,4,4
887,501,7,4,1
887,269,8,4,4
887,180,9,4,0
887,118,10,4,3
887,99,11,4,4
887,418,12,4,3
887,359,13,4,4
887,434,14,4,4
887,468,15,4,3
887,224,16,4,4
887,254,17,4,4
887,222,18,4,2
887,329,19,4,4
887,194,20,4,4
888,61,1,1,1
888,419,2,1,4
888,518,3,1,3
888,501,4,1,1
888,594,5,1,4
888,126,6,1,1
888,479,7,1,4
888,152,8,1,2
888,417,9,1,2
888,347,10,1,2
888,251,11,1,1
888,171,12,1,1
888,101,13,1,1
888,392,14,1,2
888,174,15,1,4
888,85,16,1,0
888,206,17,1,1
888,25,18,1,0
888,361,19,1,1
888,548,20,1,3
889,132,1,4,2
889,104,2,4,4
889,229,3,4,4
889,519,4,4,4
889,206,5,4,1
889,418,6,4,3
889,434,7,4,4
889,121,8,4,1
889,368,9,4,3
889,423,10,4,3
889,276,11,4,1
889,384,12,4,4
889,274,13,4,4
889,338,14,4,3
889,393,15,4,3
889,99,16,4,4
889,409,17,4,4
889,345,18,4,0
889,442,19,4,2
889,545,20,4,0
890,106,1,1,1
890,445,2,1,0
890,361,3,1,1
890,243,4,1,3
890,2,5,1,2
890,596,6,1,1
890,431,7,1,1
890,225,8,1,0
890,329,9,1,4
890,517,10,1,2
890,561,11,1,1
890,365,12,1,0
890,579,13,1,4
890,166,14,1,1
890,311,15,1,1
890,26,16,1,1
890,501,17,1,1
890,219,18,1,4
890,441,19,1,1
890,149,20,1,4
891,537,1,0,2
891,60,2,0,0
891,502,3,0,2
891,74,4,0,4
891,590,5,0,0
891,470,6,0,0
891,300,7,0,0
891,465,8,0,0
891,567,9,0,2
891,130,10,0,0
891,205,11,0,0
891,435,12,0,0
891,398,13,0,3
891,280,14,0,0
891,310,15,0,0
891,345,16,0,0
891,330,17,0,0
891,206,18,0,1
891,61,19,0,1
891,565,20,0,0
892,589,1,4,4
892,185,2,4,0
892,519,3,4,4
892,154,4,4,4
892,294,5,4,4
892,220,6,4,0
892,199,7,4,4
892,409,8,4,4
892,389,9,4,4
892,569,10,4,4
892,473,11,4,3
892,178,12,4,3
892,549,13,4,4
892,582,14,4,2
892,504,15,4,4
892,384,16,4,4
892,284,17,4,4
892,347,18,4,2
892,129,19,4,4
892,463,20,4,3
893,199,1,4,4
893,284,2,4,4
893,280,3,4,0
893,239,4,4,4
893,503,5,4,3
893,185,6,4,0
893,331,7,4,1
893,334,8,4,4
893,326,9,4,1
893,254,10,4,4
893,141,11,4,1
893,584,12,4,4
893,46,13,4,1
893,228,14,4,3
893,548,15,4,3
893,104,16,4,4
893,413,17,4,3
893,309,18,4,4
893,434,19,4,4
893,79,20,4,4
894,206,1,4,1
894,193,2,4,3
894,589,3,4,4
894,283,4,4,3
894,91,5,4,1
894,104,6,4,4
894,413,7,4,3
894,519,8,4,4
894,489,9,4,4
894,330,10,4,0
894,222,11,4,2
894,549,12,4,4
894,554,13,4,4
894,53,14,4,3
894,379,15,4,4
894,178,16,4,3
894,314,17,4,4
894,574,18,4,4
894,501,19,4,1
894,269,20,4,4
895,87,1,2,2
895,534,2,2,4
895,108,3,2,3
895,597,4,2,2
895,327,5,2,2
895,110,6,2,0
895,177,7,2,2
895,201,8,2,1
895,180,9,2,0
895,242,10,2,2
895,582,11,2,2
895,47,12,2,2
895,117,13,2,2
895,328,14,2,3
895,517,15,2,2
895,537,16,2,2
895,185,17,2,0
895,506,18,2,1
895,246,19,2,1
895,78,20,2,3
896,148,1,4,3
896,164,2,4,4
896,338,3,4,3
896,329,4,4,4
896,53,5,4,3
896,588,6,4,3
896,257,7,4,2
896,37,8,4,2
896,67,9,4,2
896,189,10,4,4
896,185,11,4,0
896,398,12,4,3
896,104,13,4,4
896,429,14,4,4
896,416,15,4,1
896,47,16,4,2
896,520,17,4,0
896,234,18,4,4
896,31,19,4,1
896,399,20,4,4
897,9,1,1,4
897,41,2,1,1
897,34,3,1,4
897,453,4,1,3
897,139,5,1,4
897,206,6,1,1
897,529,7,1,4
897,356,8,1,1
897,199,9,1,4
897,13,10,1,3
897,169,11,1,4
897,132,12,1,2
897,531,13,1,1
897,496,14,1,1
897,61,15,1,1
897,497,16,1,2
897,535,17,1,0
897,511,18,1,1
897,24,19,1,4
897,51,20,1,1
898,235,1,2,0
898,170,2,2,0
898,100,3,2,0
898,437,4,2,2
898,103,5,2,3
898,164,6,2,4
898,577,7,2,2
898,418,8,2,3
898,207,9,2,2
898,537,10,2,2
898,328,11,2,3
898,177,12,2,2
898,594,13,2,4
898,302,14,2,2
898,144,15,2,4
898,25,16,2,0
898,277,17,2,2
898,562,18,2,2
898,112,19,2,2
898,425,20,2,0
899,444,1,0,4
899,380,2,0,0
899,280,3,0,0
899,185,4,0,0
899,159,5,0,4
899,577,6,0,2
899,545,7,0,0
899,25,8,0,0
899,7,9,0,2
899,141,10,0,1
899,361,11,0,1
899,285,12,0,0
899,330,13,0,0
899,339,14,0,4
899,164,15,0,4
899,2,16,0,2
899,1,17,0,1
899,222,18,0,2
899,327,19,0,2
899,324,20,0,4
900,554,1,4,4
900,394,2,4,4
900,548,3,4,3
900,439,4,4,4
900,149,5,4,4
900,134,6,4,4
900,228,7,4,3
900,106,8,4,1
900,184,9,4,4
900,206,10,4,1
900,338,11,4,3
900,359,12,4,4
900,392,13,4,2
900,229,14,4,4
900,537,15,4,2
900,74,16,4,4
900,257,17,4,2
900,35,18,4,0
900,501,19,4,1
900,185,20,4,0
901,377,1,1,2
901,206,2,1,1
901,516,3,1,1
901,406,4,1,1
901,185,5,1,0
901,103,6,1,3
901,329,7,1,4
901,371,8,1,1
901,411,9,1,1
901,386,10,1,1
901,361,11,1,1
901,141,12,1,1
901,7,13,1,2
901,327,14,1,2
901,225,15,1,0
901,156,16,1,1
901,548,17,1,3
901,509,18,1,4
901,99,19,1,4
901,104,20,1,4
902,366,1,3,1
902,323,2,3,3
902,524,3,3,4
902,393,4,3,3
902,548,5,3,3
902,377,6,3,2
902,225,7,3,0
902,103,8,3,3
902,70,9,3,0
902,238,10,3,3
902,338,11,3,3
902,57,12,3,2
902,22,13,3,2
902,330,14,3,0
902,292,15,3,2
902,30,16,3,0
902,116,17,3,1
902,108,18,3,3
902,242,19,3,2
902,563,20,3,3
903,8,1,3,3
903,329,2,3,4
903,141,3,3,1
903,206,4,3,1
903,173,5,3,3
903,103,6,3,3
903,223,7,3,3
903,79,8,3,4
903,413,9,3,3
903,72,10,3,2
903,557,11,3,2
903,68,12,3,3
903,435,13,3,0
903,49,14,3,4
903,433,15,3,3
903,303,16,3,3
903,158,17,3,3
903,235,18,3,0
903,393,19,3,3
903,377,20,3,2
904,139,1,4,4
904,259,2,4,4
904,141,3,4,1
904,250,4,4,0
904,284,5,4,4
904,104,6,4,4
904,225,7,4,0
904,261,8,4,1
904,471,9,4,1
904,204,10,4,4
904,169,11,4,4
904,24,12,4,4
904,466,13,4,1
904,206,14,4,1
904,307,15,4,2
904,283,16,4,3
904,549,17,4,4
904,257,18,4,2
904,174,19,4,4
904,464,20,4,4
905,305,1,0,0
905,374,2,0,4
905,185,3,0,0
905,25,4,0,0
905,235,5,0,0
905,110,6,0,0
905,592,7,0,2
905,387,8,0,2
905,353,9,0,3
905,160,10,0,0
905,482,11,0,2
905,295,12,0,0
905,155,13,0,0
905,228,14,0,3
905,285,15,0,0
905,91,16,0,1
905,569,17,0,4
905,330,18,0,0
905,580,19,0,0
905,435,20,0,0
906,219,1,4,4
906,59,2,4,4
906,353,3,4,3
906,139,4,4,4
906,67,5,4,2
906,194,6,4,4
906,594,7,4,4
906,408,8,4,3
906,416,9,4,1
906,429,10,4,4
906,124,11,4,4
906,229,12,4,4
906,299,13,4,4
906,468,14,4,3
906,164,15,4,4
906,114,16,4,4
906,393,17,4,3
906,529,18,4,4
906,430,19,4,0
906,29,20,4,4
907,397,1,2,2
907,572,2,2,2
907,158,3,2,3
907,377,4,2,2
907,177,5,2,2
907,110,6,2,0
907,257,7,2,2
907,362,8,2,2
907,77,9,2,2
907,302,10,2,2
907,582,11,2,2
907,152,12,2,2
907,192,13,2,2
907,563,14,2,3
907,537,15,2,2
907,97,16,2,2
907,294,17,2,4
907,175,18,2,0
907,127,19,2,2
907,317,20,2,2
908,487,1,2,2
908,124,2,2,4
908,485,3,2,0
908,167,4,2,2
908,528,5,2,3
908,573,6,2,3
908,152,7,2,2
908,257,8,2,2
908,158,9,2,3
908,197,10,2,2
908,503,11,2,3
908,393,12,2,3
908,37,13,2,2
908,162,14,2,2
908,207,15,2,2
908,597,16,2,2
908,312,17,2,2
908,482,18,2,2
908,47,19,2,2
908,353,20,2,3
909,591,1,1,1
909,101,2,1,1
909,231,3,1,1
909,396,4,1,1
909,273,5,1,3
909,338,6,1,3
909,141,7,1,1
909,130,8,1,0
909,242,9,1,2
909,361,10,1,1
909,352,11,1,2
909,266,12,1,1
909,159,13,1,4
909,468,14,1,3
909,36,15,1,1
909,136,16,1,1
909,85,17,1,0
909,225,18,1,0
909,490,19,1,0
909,25,20,1,0
910,231,1,2,1
910,75,2,2,0
910,391,3,2,1
910,78,4,2,3
910,81,5,2,1
910,287,6,2,2
910,333,7,2,3
910,413,8,2,3
910,252,9,2,2
910,301,10,2,1
910,471,11,2,1
910,149,12,2,4
910,164,13,2,4
910,92,14,2,2
910,567,15,2,2
910,180,16,2,0
910,578,17,2,3
910,79,18,2,4
910,462,19,2,2
910,101,20,2,1
911,284,1,2,4
911,537,2,2,2
911,257,3,2,2
911,57,4,2,2
911,258,5,2,3
911,55,6,2,0
911,385,7,2,0
911,104,8,2,4
911,503,9,2,3
911,100,10,2,0
911,597,11,2,2
911,355,12,2,0
911,206,13,2,1
911,435,14,2,0
911,185,15,2,0
911,452,16,2,2
911,368,17,2,3
911,576,18,2,1
911,510,19,2,0
911,322,20,2,2
912,85,1,1,0
912,316,2,1,1
912,210,3,1,0
912,431,4,1,1
912,331,5,1,1
912,162,6,1,2
912,581,7,1,1
912,361,8,1,1
912,205,9,1,0
912,406,10,1,1
912,110,11,1,0
912,271,12,1,1
912,273,13,1,3
912,206,14,1,1
912,356,15,1,1
912,209,16,1,4
912,78,17,1,3
912,537,18,1,2
912,61,19,1,1
912,293,20,1,3
913,160,1,2,0
913,244,2,2,4
913,84,3,2,4
913,543,4,2,3
913,112,5,2,2
913,132,6,2,2
913,362,7,2,2
913,441,8,2,1
913,12,9,2,2
913,392,10,2,2
913,557,11,2,2
913,503,12,2,3
913,497,13,2,2
913,72,14,2,2
913,327,15,2,2
913,257,16,2,2
913,341,17,2,1
913,142,18,2,2
913,546,19,2,1
913,387,20,2,2
914,445,1,0,0
914,235,2,0,0
914,562,3,0,2
914,104,4,0,4
914,274,5,0,4
914,25,6,0,0
914,196,7,0,1
914,327,8,0,2
914,85,9,0,0
914,575,10,0,0
914,30,11,0,0
914,72,12,0,2
914,435,13,0,0
914,480,14,0,0
914,406,15,0,1
914,103,16,0,3
914,47,17,0,2
914,15,18,0,0
914,120,19,0,0
914,330,20,0,0
915,32,1,3,2
915,307,2,3,2
915,548,3,3,3
915,153,4,3,3
915,372,5,3,2
915,445,6,3,0
915,48,7,3,3
915,34,8,3,4
915,355,9,3,0
915,166,10,3,1
915,486,11,3,1
915,393,12,3,3
915,377,13,3,2
915,441,14,3,1
915,404,15,3,4
915,116,16,3,1
915,160,17,3,0
915,543,18,3,3
915,141,19,3,1
915,345,20,3,0
916,317,1,2,2
916,134,2,2,4
916,47,3,2,2
916,95,4,2,0
916,294,5,2,4
916,537,6,2,2
916,17,7,2,2
916,433,8,2,3
916,548,9,2,3
916,62,10,2,2
916,257,11,2,2
916,104,12,2,4
916,31,13,2,1
916,138,14,2,3
916,526,15,2,1
916,70,16,2,0
916,483,17,2,3
916,360,18,2,0
916,37,19,2,2
916,159,20,2,4
917,129,1,4,4
917,488,2,4,3
917,99,3,4,4
917,489,4,4,4
917,229,5,4,4
917,24,6,4,4
917,179,7,4,4
917,279,8,4,4
917,355,9,4,0
917,384,10,4,4
917,308,11,4,3
917,401,12,4,1
917,104,13,4,4
917,464,14,4,4
917,569,15,4,4
917,111,16,4,1
917,14,17,4,4
917,3,18,4,3
917,132,19,4,2
917,329,20,4,4
918,548,1,3,3
918,104,2,3,4
918,78,3,3,3
918,503,4,3,3
918,338,5,3,3
918,210,6,3,0
918,154,7,3,4
918,3,8,3,3
918,9,9,3,4
918,19,10,3,4
918,213,11,3,3
918,473,12,3,3
918,168,13,3,3
918,186,14,3,1
918,103,15,3,3
918,170,16,3,0
918,61,17,3,1
918,490,18,3,0
918,268,19,3,3
918,208,20,3,3
919,400,1,0,0
919,530,2,0,0
919,130,3,0,0
919,465,4,0,0
919,570,5,0,0
919,566,6,0,1
919,328,7,0,3
919,25,8,0,0
919,431,9,0,1
919,224,10,0,4
919,275,11,0,0
919,290,12,0,0
919,185,13,0,0
919,138,14,0,3
919,215,15,0,0
919,578,16,0,3
919,36,17,0,1
919,572,18,0,2
919,317,19,0,2
919,359,20,0,4
920,85,1,0,0
920,305,2,0,0
920,585,3,0,0
920,30,4,0,0
920,171,5,0,1
920,100,6,0,0
920,63,7,0,3
920,366,8,0,1
920,576,9,0,1
920,412,10,0,2
920,537,11,0,2
920,25,12,0,0
920,520,13,0,0
920,27,14,0,2
920,225,15,0,0
920,429,16,0,4
920,330,17,0,0
920,129,18,0,4
920,425,19,0,0
920,34,20,0,4
921,185,1,1,0
921,483,2,1,3
921,441,3,1,1
921,149,4,1,4
921,191,5,1,1
921,81,6,1,1
921,470,7,1,0
921,466,8,1,1
921,54,9,1,4
921,397,10,1,2
921,66,11,1,1
921,576,12,1,1
921,498,13,1,3
921,224,14,1,4
921,305,15,1,0
921,26,16,1,1
921,206,17,1,1
921,295,18,1,0
921,476,19,1,1
921,446,20,1,1
922,127,1,2,2
922,527,2,2,2
922,497,3,2,2
922,329,4,2,4
922,537,5,2,2
922,597,6,2,2
922,72,7,2,2
922,235,8,2,0
922,366,9,2,1
922,483,10,2,3
922,482,11,2,2
922,507,12,2,2
922,466,13,2,1
922,338,14,2,3
922,150,15,2,0
922,152,16,2,2
922,588,17,2,3
922,569,18,2,4
922,164,19,2,4
922,592,20,2,2
923,503,1,4,3
923,170,2,4,0
923,429,3,4,4
923,415,4,4,0
923,359,5,4,4
923,592,6,4,2
923,76,7,4,1
923,164,8,4,4
923,594,9,4,4
923,384,10,4,4
923,149,11,4,4
923,199,12,4,4
923,104,13,4,4
923,543,14,4,3
923,134,15,4,4
923,284,16,4,4
923,34,17,4,4
923,557,18,4,2
923,129,19,4,4
923,393,20,4,3
924,533,1,4,3
924,379,2,4,4
924,376,3,4,1
924,454,4,4,4
924,179,5,4,4
924,359,6,4,4
924,1,7,4,1
924,17,8,4,2
924,25,9,4,0
924,275,10,4,0
924,284,11,4,4
924,449,12,4,4
924,424,13,4,4
924,569,14,4,4
924,393,15,4,3
924,104,16,4,4
924,121,17,4,1
924,338,18,4,3
924,229,19,4,4
924,206,20,4,1
925,342,1,2,2
925,579,2,2,4
925,434,3,2,4
925,202,4,2,2
925,107,5,2,2
925,117,6,2,2
925,497,7,2,2
925,541,8,2,1
925,227,9,2,2
925,247,10,2,2
925,242,11,2,2
925,152,12,2,2
925,104,13,2,4
925,384,14,2,4
925,535,15,2,0
925,348,16,2,3
925,355,17,2,0
925,57,18,2,2
925,185,19,2,0
925,159,20,2,4
926,359,1,4,4
926,227,2,4,2
926,393,3,4,3
926,353,4,4,3
926,270,5,4,0
926,48,6,4,3
926,499,7,4,4
926,129,8,4,4
926,25,9,4,0
926,284,10,4,4
926,187,11,4,2
926,588,12,4,3
926,444,13,4,4
926,104,14,4,4
926,207,15,4,2
926,569,16,4,4
926,52,17,4,2
926,327,18,4,2
926,189,19,4,4
926,365,20,4,0
927,102,1,1,2
927,275,2,1,0
927,434,3,1,4
927,80,4,1,0
927,96,5,1,1
927,141,6,1,1
927,416,7,1,1
927,101,8,1,1
927,393,9,1,3
927,344,10,1,4
927,501,11,1,1
927,178,12,1,3
927,116,13,1,1
927,361,14,1,1
927,11,15,1,1
927,131,16,1,1
927,296,17,1,1
927,561,18,1,1
927,81,19,1,1
927,466,20,1,1
928,141,1,1,1
928,576,2,1,1
928,246,3,1,1
928,331,4,1,1
928,206,5,1,1
928,526,6,1,1
928,147,7,1,2
928,436,8,1,1
928,499,9,1,4
928,386,10,1,1
928,414,11,1,4
928,261,12,1,1
928,169,13,1,4
928,543,14,1,3
928,116,15,1,1
928,276,16,1,1
928,302,17,1,2
928,283,18,1,3
928,23,19,1,3
928,556,20,1,1
929,227,1,3,2
929,379,2,3,4
929,121,3,3,1
929,402,4,3,2
929,243,5,3,3
929,503,6,3,3
929,278,7,3,3
929,199,8,3,4
929,518,9,3,3
929,57,10,3,2
929,231,11,3,1
929,158,12,3,3
929,568,13,3,3
929,498,14,3,3
929,154,15,3,4
929,244,16,3,4
929,255,17,3,0
929,141,18,3,1
929,528,19,3,3
929,468,20,3,3
930,81,1,1,1
930,13,2,1,3
930,185,3,1,0
930,458,4,1,3
930,468,5,1,3
930,275,6,1,0
930,406,7,1,1
930,242,8,1,2
930,318,9,1,3
930,6,10,1,1
930,28,11,1,3
930,451,12,1,1
930,301,13,1,1
930,461,14,1,1
930,524,15,1,4
930,404,16,1,4
930,537,17,1,2
930,281,18,1,1
930,466,19,1,1
930,206,20,1,1
931,162,1,2,2
931,439,2,2,4
931,187,3,2,2
931,440,4,2,0
931,152,5,2,2
931,170,6,2,0
931,252,7,2,2
931,163,8,2,3
931,387,9,2,2
931,393,10,2,3
931,436,11,2,1
931,567,12,2,2
931,257,13,2,2
931,338,14,2,3
931,444,15,2,4
931,582,16,2,2
931,384,17,2,4
931,267,18,2,2
931,299,19,2,4
931,449,20,2,4
932,160,1,0,0
932,17,2,0,2
932,435,3,0,0
932,530,4,0,0
932,250,5,0,0
932,460,6,0,0
932,23,7,0,3
932,405,8,0,0
932,590,9,0,0
932,252,10,0,2
932,392,11,0,2
932,103,12,0,3
932,356,13,0,1
932,509,14,0,4
932,220,15,0,0
932,78,16,0,3
932,540,17,0,0
932,365,18,0,0
932,503,19,0,3
932,231,20,0,1
933,546,1,0,1
933,150,2,0,0
933,295,3,0,0
933,455,4,0,0
933,25,5,0,0
933,225,6,0,0
933,292,7,0,2
933,242,8,0,2
933,333,9,0,3
933,145,10,0,0
933,381,11,0,1
933,185,12,0,0
933,596,13,0,1
933,99,14,0,4
933,30,15,0,0
933,206,16,0,1
933,47,17,0,2
933,51,18,0,1
933,501,19,0,1
933,117,20,0,2
934,393,1,2,3
934,549,2,2,4
934,157,3,2,2
934,145,4,2,0
934,552,5,2,2
934,445,6,2,0
934,597,7,2,2
934,411,8,2,1
934,416,9,2,1
934,537,10,2,2
934,522,11,2,2
934,410,12,2,0
934,108,13,2,3
934,326,14,2,1
934,117,15,2,2
934,422,16,2,2
934,462,17,2,2
934,257,18,2,2
934,284,19,2,4
934,177,20,2,2
935,514,1,3,4
935,323,2,3,3
935,177,3,3,2
935,597,4,3,2
935,89,5,3,4
935,23,6,3,3
935,60,7,3,0
935,149,8,3,4
935,490,9,3,0
935,449,10,3,4
935,78,11,3,3
935,393,12,3,3
935,103,13,3,3
935,466,14,3,1
935,529,15,3,4
935,265,16,3,0
935,242,17,3,2
935,246,18,3,1
935,503,19,3,3
935,313,20,3,3
936,242,1,1,2
936,116,2,1,1
936,596,3,1,1
936,228,4,1,3
936,205,5,1,0
936,14,6,1,4
936,445,7,1,0
936,94,8,1,4
936,591,9,1,1
936,253,10,1,3
936,513,11,1,3
936,25,12,1,0
936,126,13,1,1
936,67,14,1,2
936,31,15,1,1
936,266,16,1,1
936,259,17,1,4
936,401,18,1,1
936,66,19,1,1
936,522,20,1,2
937,372,1,4,2
937,137,2,4,2
937,345,3,4,0
937,30,4,4,0
937,66,5,4,1
937,456,6,4,1
937,194,7,4,4
937,444,8,4,4
937,185,9,4,0
937,314,10,4,4
937,47,11,4,2
937,512,12,4,2
937,497,13,4,2
937,233,14,4,3
937,493,15,4,3
937,211,16,4,1
937,547,17,4,2
937,594,18,4,4
937,210,19,4,0
937,564,20,4,4
938,80,1,2,0
938,573,2,2,3
938,103,3,2,3
938,421,4,2,1
938,588,5,2,3
938,327,6,2,2
938,569,7,2,4
938,13,8,2,3
938,393,9,2,3
938,197,10,2,2
938,306,11,2,1
938,597,12,2,2
938,514,13,2,4
938,95,14,2,0
938,79,15,2,4
938,100,16,2,0
938,361,17,2,1
938,30,18,2,0
938,2,19,2,2
938,517,20,2,2
939,9,1,0,4
939,169,2,0,4
939,34,3,0,4
939,396,4,0,1
939,365,5,0,0
939,565,6,0,0
939,330,7,0,0
939,135,8,0,0
939,393,9,0,3
939,103,10,0,3
939,185,11,0,0
939,25,12,0,0
939,225,13,0,0
939,478,14,0,3
939,72,15,0,2
939,429,16,0,4
939,582,17,0,2
939,115,18,0,0
939,520,19,0,0
939,170,20,0,0
940,267,1,4,2
940,353,2,4,3
940,534,3,4,4
940,219,4,4,4
940,416,5,4,1
940,68,6,4,3
940,183,7,4,3
940,124,8,4,4
940,274,9,4,4
940,599,10,4,4
940,150,11,4,0
940,242,12,4,2
940,245,13,4,0
940,104,14,4,4
940,225,15,4,0
940,518,16,4,3
940,284,17,4,4
940,379,18,4,4
940,434,19,4,4
940,174,20,4,4
941,537,1,0,2
941,195,2,0,0
941,110,3,0,0
941,480,4,0,0
941,160,5,0,0
941,286,6,0,1
941,5,7,0,0
941,185,8,0,0
941,529,9,0,4
941,141,10,0,1
941,219,11,0,4
941,391,12,0,1
941,174,13,0,4
941,220,14,0,0
941,240,15,0,0
941,103,16,0,3
941,73,17,0,3
941,275,18,0,0
941,300,19,0,0
941,45,20,0,0
942,595,1,2,0
942,111,2,2,1
942,237,3,2,2
942,327,4,2,2
942,452,5,2,2
942,161,6,2,1
942,100,7,2,0
942,217,8,2,2
942,541,9,2,1
942,102,10,2,2
942,338,11,2,3
942,257,12,2,2
942,295,13,2,0
942,156,14,2,1
942,67,15,2,2
942,48,16,2,3
942,47,17,2,2
942,117,18,2,2
942,350,19,2,0
942,577,20,2,2
943,557,1,0,2
943,545,2,0,0
943,330,3,0,0
943,365,4,0,0
943,45,5,0,0
943,194,6,0,4
943,465,7,0,0
943,588,8,0,3
943,164,9,0,4
943,503,10,0,3
943,26,11,0,1
943,325,12,0,0
943,440,13,0,0
943,548,14,0,3
943,579,15,0,4
943,525,16,0,0
943,170,17,0,0
943,80,18,0,0
943,105,19,0,0
943,469,20,0,4
944,503,1,2,3
944,4,2,2,4
944,132,3,2,2
944,80,4,2,0
944,57,5,2,2
944,527,6,2,2
944,275,7,2,0
944,267,8,2,2
944,453,9,2,3
944,152,10,2,2
944,569,11,2,4
944,197,12,2,2
944,162,13,2,2
944,37,14,2,2
944,30,15,2,0
944,469,16,2,4
944,597,17,2,2
944,454,18,2,4
944,238,19,2,3
944,256,20,2,1
945,472,1,2,2
945,117,2,2,2
945,517,3,2,2
945,257,4,2,2
945,103,5,2,3
945,297,6,2,2
945,406,7,2,1
945,597,8,2,2
945,447,9,2,2
945,243,10,2,3
945,372,11,2,2
945,399,12,2,4
945,183,13,2,3
945,352,14,2,2
945,119,15,2,4
945,145,16,2,0
945,401,17,2,1
945,141,18,2,1
945,8,19,2,3
945,582,20,2,2
946,393,1,2,3
946,592,2,2,2
946,537,3,2,2
946,242,4,2,2
946,277,5,2,2
946,70,6,2,0
946,227,7,2,2
946,281,8,2,1
946,263,9,2,3
946,575,10,2,0
946,553,11,2,3
946,272,12,2,2
946,577,13,2,2
946,497,14,2,2
946,152,15,2,2
946,517,16,2,2
946,597,17,2,2
946,382,18,2,2
946,47,19,2,2
946,150,20,2,0
947,302,1,2,2
947,27,2,2,2
947,330,3,2,0
947,548,4,2,3
947,168,5,2,3
947,597,6,2,2
947,231,7,2,1
947,25,8,2,0
947,573,9,2,3
947,305,10,2,0
947,229,11,2,4
947,212,12,2,2
947,567,13,2,2
947,22,14,2,2
947,24,15,2,4
947,257,16,2,2
947,421,17,2,1
947,192,18,2,2
947,582,19,2,2
947,249,20,2,4
948,36,1,1,1
948,73,2,1,3
948,503,3,1,3
948,173,4,1,3
948,5,5,1,0
948,311,6,1,1
948,34,7,1,4
948,14,8,1,4
948,222,9,1,2
948,516,10,1,1
948,141,11,1,1
948,71,12,1,1
948,534,13,1,4
948,295,14,1,0
948,518,15,1,3
948,416,16,1,1
948,361,17,1,1
948,555,18,1,0
948,557,19,1,2
948,450,20,1,0
949,33,1,0,3
949,569,2,0,4
949,355,3,0,0
949,453,4,0,3
949,160,5,0,0
949,576,6,0,1
949,385,7,0,0
949,80,8,0,0
949,185,9,0,0
949,502,10,0,2
949,465,11,0,0
949,170,12,0,0
949,568,13,0,3
949,106,14,0,1
949,310,15,0,0
949,285,16,0,0
949,110,17,0,0
949,334,18,0,4
949,540,19,0,0
949,336,20,0,1
950,152,1,2,2
950,257,2,2,2
950,537,3,2,2
950,437,4,2,2
950,127,5,2,2
950,559,6,2,4
950,361,7,2,1
950,327,8,2,2
950,306,9,2,1
950,529,10,2,4
950,42,11,2,2
950,497,12,2,2
950,98,13,2,3
950,17,14,2,2
950,103,15,2,3
950,153,16,2,3
950,242,17,2,2
950,353,18,2,3
950,181,19,2,1
950,20,20,2,0
951,101,1,2,1
951,433,2,2,3
951,262,3,2,2
951,295,4,2,0
951,413,5,2,3
951,439,6,2,4
951,185,7,2,0
951,103,8,2,3
951,206,9,2,1
951,432,10,2,2
951,163,11,2,3
951,263,12,2,3
951,466,13,2,1
951,42,14,2,2
951,402,15,2,2
951,149,16,2,4
951,448,17,2,3
951,247,18,2,2
951,257,19,2,2
951,393,20,2,3
952,25,1,0,0
952,250,2,0,0
952,145,3,0,0
952,69,4,0,4
952,96,5,0,1
952,454,6,0,4
952,225,7,0,0
952,565,8,0,0
952,548,9,0,3
952,417,10,0,2
952,275,11,0,0
952,197,12,0,2
952,324,13,0,4
952,515,14,0,0
952,164,15,0,4
952,285,16,0,0
952,530,17,0,0
952,130,18,0,0
952,301,19,0,1
952,560,20,0,0
953,440,1,2,0
953,497,2,2,2
953,588,3,2,3
953,280,4,2,0
953,2,5,2,2
953,169,6,2,4
953,503,7,2,3
953,412,8,2,2
953,334,9,2,4
953,13,10,2,3
953,72,11,2,2
953,277,12,2,2
953,518,13,2,3
953,349,14,2,4
953,537,15,2,2
953,416,16,2,1
953,104,17,2,4
953,47,18,2,2
953,117,19,2,2
953,242,20,2,2
954,543,1,3,3
954,345,2,3,0
954,478,3,3,3
954,278,4,3,3
954,128,5,3,3
954,553,6,3,3
954,327,7,3,2
954,548,8,3,3
954,450,9,3,0
954,403,10,3,3
954,329,11,3,4
954,484,12,3,4
954,233,13,3,3
954,338,14,3,3
954,206,15,3,1
954,171,16,3,1
954,468,17,3,3
954,14,18,3,4
954,550,19,3,0
954,33,20,3,3
955,393,1,3,3
955,63,2,3,3
955,93,3,3,3
955,33,4,3,3
955,243,5,3,3
955,225,6,3,0
955,250,7,3,0
955,257,8,3,2
955,170,9,3,0
955,64,10,3,4
955,334,11,3,4
955,428,12,3,3
955,223,13,3,3
955,503,14,3,3
955,484,15,3,4
955,108,16,3,3
955,0,17,3,0
955,511,18,3,1
955,235,19,3,0
955,548,20,3,3
956,556,1,1,1
956,135,2,1,0
956,160,3,1,0
956,400,4,1,0
956,101,5,1,1
956,361,6,1,1
956,501,7,1,1
956,401,8,1,1
956,55,9,1,0
956,47,10,1,2
956,384,11,1,4
956,269,12,1,4
956,226,13,1,1
956,146,14,1,1
956,498,15,1,3
956,11,16,1,1
956,531,17,1,1
956,331,18,1,1
956,344,19,1,4
956,561,20,1,1
957,104,1,2,4
957,117,2,2,2
957,466,3,2,1
957,359,4,2,4
957,597,5,2,2
957,152,6,2,2
957,72,7,2,2
957,6,8,2,1
957,231,9,2,1
957,537,10,2,2
957,255,11,2,0
957,517,12,2,2
957,437,13,2,2
957,209,14,2,4
957,107,15,2,2
957,233,16,2,3
957,386,17,2,1
957,252,18,2,2
957,384,19,2,4
957,472,20,2,2
958,152,1,2,2
958,235,2,2,0
958,472,3,2,2
958,562,4,2,2
958,207,5,2,2
958,527,6,2,2
958,165,7,2,0
958,206,8,2,1
958,104,9,2,4
958,452,10,2,2
958,240,11,2,0
958,42,12,2,2
958,433,13,2,3
958,356,14,2,1
958,166,15,2,1
958,537,16,2,2
958,581,17,2,1
958,2,18,2,2
958,233,19,2,3
958,440,20,2,0
959,327,1,2,2
959,493,2,2,3
959,212,3,2,2
959,130,4,2,0
959,487,5,2,2
959,552,6,2,2
959,152,7,2,2
959,472,8,2,2
959,392,9,2,2
959,414,10,2,4
959,284,11,2,4
959,103,12,2,3
959,597,13,2,2
959,141,14,2,1
959,78,15,2,3
959,509,16,2,4
959,596,17,2,1
959,69,18,2,4
959,353,19,2,3
959,467,20,2,2
960,421,1,1,1
960,81,2,1,1
960,396,3,1,1
960,586,4,1,1
960,311,5,1,1
960,221,6,1,1
960,349,7,1,4
960,25,8,1,0
960,61,9,1,1
960,526,10,1,1
960,330,11,1,0
960,588,12,1,3
960,166,13,1,1
960,276,14,1,1
960,193,15,1,3
960,141,16,1,1
960,7,17,1,2
960,110,18,1,0
960,264,19,1,4
960,158,20,1,3
961,268,1,3,3
961,4,2,3,4
961,573,3,3,3
961,133,4,3,3
961,363,5,3,3
961,28,6,3,3
961,338,7,3,3
961,51,8,3,1
961,413,9,3,3
961,416,10,3,1
961,103,11,3,3
961,47,12,3,2
961,393,13,3,3
961,334,14,3,4
961,343,15,3,3
961,48,16,3,3
961,158,17,3,3
961,202,18,3,2
961,597,19,3,2
961,104,20,3,4
962,411,1,0,1
962,99,2,0,4
962,580,3,0,0
962,284,4,0,4
962,185,5,0,0
962,325,6,0,0
962,25,7,0,0
962,365,8,0,0
962,113,9,0,3
962,414,10,0,4
962,333,11,0,3
962,330,12,0,0
962,164,13,0,4
962,275,14,0,0
962,60,15,0,0
962,425,16,0,0
962,43,17,0,3
962,80,18,0,0
962,188,19,0,3
962,283,20,0,3
963,333,1,2,3
963,537,2,2,2
963,327,3,2,2
963,395,4,2,0
963,20,5,2,0
963,576,6,2,1
963,72,7,2,2
963,22,8,2,2
963,438,9,2,3
963,237,10,2,2
963,103,11,2,3
963,387,12,2,2
963,565,13,2,0
963,257,14,2,2
963,414,15,2,4
963,177,16,2,2
963,87,17,2,2
963,299,18,2,4
963,366,19,2,1
963,52,20,2,2
964,47,1,2,2
964,407,2,2,2
964,462,3,2,2
964,377,4,2,2
964,242,5,2,2
964,195,6,2,0
964,257,7,2,2
964,436,8,2,1
964,275,9,2,0
964,591,10,2,1
964,27,11,2,2
964,292,12,2,2
964,437,13,2,2
964,227,14,2,2
964,96,15,2,1
964,412,16,2,2
964,592,17,2,2
964,302,18,2,2
964,93,19,2,3
964,330,20,2,0
965,6,1,3,1
965,548,2,3,3
965,301,3,3,1
965,424,4,3,4
965,213,5,3,3
965,235,6,3,0
965,243,7,3,3
965,439,8,3,4
965,495,9,3,0
965,471,10,3,1
965,393,11,3,3
965,361,12,3,1
965,418,13,3,3
965,475,14,3,0
965,25,15,3,0
965,191,16,3,1
965,519,17,3,4
965,318,18,3,3
965,398,19,3,3
965,53,20,3,3
966,520,1,0,0
966,22,2,0,2
966,461,3,0,1
966,354,4,0,4
966,548,5,0,3
966,185,6,0,0
966,286,7,0,1
966,170,8,0,0
966,178,9,0,3
966,25,10,0,0
966,149,11,0,4
966,305,12,0,0
966,83,13,0,3
966,109,14,0,4
966,390,15,0,0
966,359,16,0,4
966,222,17,0,2
966,174,18,0,4
966,75,19,0,0
966,225,20,0,0
967,114,1,4,4
967,267,2,4,2
967,122,3,4,2
967,230,4,4,0
967,14,5,4,4
967,206,6,4,1
967,559,7,4,4
967,56,8,4,1
967,39,9,4,4
967,17,10,4,2
967,199,11,4,4
967,164,12,4,4
967,307,13,4,2
967,176,14,4,1
967,582,15,4,2
967,329,16,4,4
967,416,17,4,1
967,548,18,4,3
967,219,19,4,4
967,325,20,4,0
968,141,1,1,1
968,100,2,1,0
968,361,3,1,1
968,342,4,1,2
968,569,5,1,4
968,294,6,1,4
968,104,7,1,4
968,282,8,1,2
968,61,9,1,1
968,76,10,1,1
968,491,11,1,1
968,199,12,1,4
968,41,13,1,1
968,188,14,1,3
968,371,15,1,1
968,69,16,1,4
968,340,17,1,0
968,206,18,1,1
968,548,19,1,3
968,211,20,1,1
969,164,1,4,4
969,264,2,4,4
969,563,3,4,3
969,386,4,4,1
969,99,5,4,4
969,149,6,4,4
969,236,7,4,1
969,161,8,4,1
969,559,9,4,4
969,47,10,4,2
969,185,11,4,0
969,562,12,4,2
969,4,13,4,4
969,104,14,4,4
969,334,15,4,4
969,136,16,4,1
969,509,17,4,4
969,30,18,4,0
969,82,19,4,2
969,319,20,4,4
970,392,1,0,2
970,145,2,0,0
970,185,3,0,0
970,420,4,0,0
970,267,5,0,2
970,116,6,0,1
970,255,7,0,0
970,575,8,0,0
970,47,9,0,2
970,85,10,0,0
970,480,11,0,0
970,164,12,0,4
970,295,13,0,0
970,72,14,0,2
970,112,15,0,2
970,330,16,0,0
970,403,17,0,3
970,275,18,0,0
970,524,19,0,4
970,327,20,0,2
971,47,1,2,2
971,277,2,2,2
971,285,3,2,0
971,393,4,2,3
971,537,5,2,2
971,287,6,2,2
971,543,7,2,3
971,388,8,2,3
971,257,9,2,2
971,560,10,2,0
971,478,11,2,3
971,2,12,2,2
971,482,13,2,2
971,122,14,2,2
971,132,15,2,2
971,555,16,2,0
971,311,17,2,1
971,141,18,2,1
971,597,19,2,2
971,361,20,2,1
972,548,1,3,3
972,196,2,3,1
972,139,3,3,4
972,547,4,3,2
972,558,5,3,3
972,228,6,3,3
972,178,7,3,3
972,150,8,3,0
972,278,9,3,3
972,329,10,3,4
972,223,11,3,3
972,103,12,3,3
972,133,13,3,3
972,578,14,3,3
972,229,15,3,4
972,284,16,3,4
972,377,17,3,2
972,242,18,3,2
972,13,19,3,3
972,247,20,3,2
973,207,1,2,2
973,99,2,2,4
973,58,3,2,3
973,347,4,2,2
973,72,5,2,2
973,95,6,2,0
973,282,7,2,2
973,164,8,2,4
973,47,9,2,2
973,37,10,2,2
973,362,11,2,2
973,187,12,2,2
973,87,13,2,2
973,498,14,2,3
973,257,15,2,2
973,206,16,2,1
973,485,17,2,0
973,565,18,2,0
973,160,19,2,0
973,185,20,2,0
974,548,1,4,3
974,369,2,4,4
974,529,3,4,4
974,364,4,4,4
974,435,5,4,0
974,185,6,4,0
974,334,7,4,4
974,222,8,4,2
974,99,9,4,4
974,216,10,4,1
974,344,11,4,4
974,169,12,4,4
974,293,13,4,3
974,384,14,4,4
974,522,15,4,2
974,459,16,4,4
974,10,17,4,0
974,594,18,4,4
974,213,19,4,3
974,359,20,4,4
975,448,1,3,3
975,81,2,3,1
975,103,3,3,3
975,119,4,3,4
975,204,5,3,4
975,453,6,3,3
975,182,7,3,2
975,320,8,3,0
975,78,9,3,3
975,33,10,3,3
975,243,11,3,3
975,483,12,3,3
975,384,13,3,4
975,156,14,3,1
975,544,15,3,4
975,594,16,3,4
975,149,17,3,4
975,138,18,3,3
975,244,19,3,4
975,338,20,3,3
976,185,1,2,0
976,97,2,2,2
976,330,3,2,0
976,417,4,2,2
976,57,5,2,2
976,142,6,2,2
976,78,7,2,3
976,196,8,2,1
976,580,9,2,0
976,200,10,2,0
976,355,11,2,0
976,152,12,2,2
976,47,13,2,2
976,497,14,2,2
976,478,15,2,3
976,227,16,2,2
976,421,17,2,1
976,257,18,2,2
976,582,19,2,2
976,407,20,2,2
977,338,1,2,3
977,547,2,2,2
977,94,3,2,4
977,302,4,2,2
977,132,5,2,2
977,61,6,2,1
977,117,7,2,2
977,286,8,2,1
977,422,9,2,2
977,342,10,2,2
977,254,11,2,4
977,47,12,2,2
977,8,13,2,3
977,28,14,2,3
977,329,15,2,4
977,497,16,2,2
977,537,17,2,2
977,42,18,2,2
977,141,19,2,1
977,548,20,2,3
978,116,1,1,1
978,586,2,1,1
978,48,3,1,3
978,361,4,1,1
978,238,5,1,3
978,476,6,1,1
978,141,7,1,1
978,481,8,1,1
978,146,9,1,1
978,284,10,1,4
978,257,11,1,2
978,159,12,1,4
978,311,13,1,1
978,449,14,1,4
978,506,15,1,1
978,501,16,1,1
978,344,17,1,4
978,369,18,1,4
978,411,19,1,1
978,352,20,1,2
979,206,1,1,1
979,361,2,1,1
979,72,3,1,2
979,101,4,1,1
979,385,5,1,0
979,384,6,1,4
979,501,7,1,1
979,146,8,1,1
979,284,9,1,4
979,6,10,1,1
979,557,11,1,2
979,371,12,1,1
979,81,13,1,1
979,433,14,1,3
979,334,15,1,4
979,532,16,1,2
979,102,17,1,2
979,164,18,1,4
979,569,19,1,4
979,163,20,1,3
980,393,1,3,3
980,253,2,3,3
980,531,3,3,1
980,318,4,3,3
980,257,5,3,2
980,166,6,3,1
980,488,7,3,3
980,387,8,3,2
980,229,9,3,4
980,416,10,3,1
980,354,11,3,4
980,528,12,3,3
980,149,13,3,4
980,483,14,3,3
980,103,15,3,3
980,158,16,3,3
980,188,17,3,3
980,598,18,3,3
980,53,19,3,3
980,78,20,3,3
981,521,1,1,1
981,166,2,1,1
981,103,3,1,3
981,534,4,1,4
981,571,5,1,1
981,206,6,1,1
981,569,7,1,4
981,164,8,1,4
981,455,9,1,0
981,211,10,1,1
981,365,11,1,0
981,441,12,1,1
981,242,13,1,2
981,576,14,1,1
981,141,15,1,1
981,381,16,1,1
981,19,17,1,4
981,99,18,1,4
981,516,19,1,1
981,555,20,1,0
982,187,1,4,2
982,444,2,4,4
982,14,3,4,4
982,471,4,4,1
982,508,5,4,3
982,243,6,4,3
982,597,7,4,2
982,164,8,4,4
982,478,9,4,3
982,547,10,4,2
982,413,11,4,3
982,337,12,4,2
982,353,13,4,3
982,569,14,4,4
982,159,15,4,4
982,9,16,4,4
982,339,17,4,4
982,32,18,4,2
982,42,19,4,2
982,169,20,4,4
983,104,1,0,4
983,388,2,0,3
983,346,3,0,1
983,185,4,0,0
983,265,5,0,0
983,166,6,0,1
983,416,7,0,1
983,81,8,0,1
983,391,9,0,1
983,140,10,0,0
983,325,11,0,0
983,240,12,0,0
983,537,13,0,2
983,451,14,0,1
983,545,15,0,0
983,72,16,0,2
983,85,17,0,0
983,165,18,0,0
983,203,19,0,3
983,340,20,0,0
984,225,1,0,0
984,170,2,0,0
984,493,3,0,3
984,5,4,0,0
984,588,5,0,3
984,105,6,0,0
984,171,7,0,1
984,548,8,0,3
984,405,9,0,0
984,399,10,0,4
984,295,11,0,0
984,206,12,0,1
984,185,13,0,0
984,235,14,0,0
984,141,15,0,1
984,420,16,0,0
984,164,17,0,4
984,50,18,0,0
984,242,19,0,2
984,149,20,0,4
985,242,1,2,2
985,226,2,2,1
985,569,3,2,4
985,267,4,2,2
985,330,5,2,0
985,537,6,2,2
985,192,7,2,2
985,355,8,2,0
985,177,9,2,2
985,72,10,2,2
985,279,11,2,4
985,372,12,2,2
985,266,13,2,1
985,79,14,2,4
985,147,15,2,2
985,548,16,2,3
985,239,17,2,4
985,75,18,2,0
985,287,19,2,2
985,57,20,2,2
986,458,1,3,3
986,28,2,3,3
986,537,3,3,2
986,168,4,3,3
986,393,5,3,3
986,466,6,3,1
986,586,7,3,1
986,451,8,3,1
986,185,9,3,0
986,576,10,3,1
986,529,11,3,4
986,355,12,3,0
986,53,13,3,3
986,160,14,3,0
986,25,15,3,0
986,158,16,3,3
986,100,17,3,0
986,472,18,3,2
986,257,19,3,2
986,298,20,3,3
987,413,1,3,3
987,257,2,3,2
987,103,3,3,3
987,196,4,3,1
987,517,5,3,2
987,398,6,3,3
987,537,7,3,2
987,295,8,3,0
987,138,9,3,3
987,150,10,3,0
987,108,11,3,3
987,327,12,3,2
987,110,13,3,0
987,278,14,3,3
987,231,15,3,1
987,18,16,3,3
987,303,17,3,3
987,393,18,3,3
987,23,19,3,3
987,193,20,3,3
988,102,1,4,2
988,339,2,4,4
988,361,3,4,1
988,257,4,4,2
988,41,5,4,1
988,444,6,4,4
988,234,7,4,4
988,23,8,4,3
988,591,9,4,1
988,376,10,4,1
988,219,11,4,4
988,164,12,4,4
988,284,13,4,4
988,548,14,4,3
988,404,15,4,4
988,501,16,4,1
988,178,17,4,3
988,129,18,4,4
988,511,19,4,1
988,170,20,4,0
989,353,1,3,3
989,178,2,3,3
989,558,3,3,3
989,551,4,3,1
989,344,5,3,4
989,528,6,3,3
989,433,7,3,3
989,103,8,3,3
989,428,9,3,3
989,442,10,3,2
989,486,11,3,1
989,440,12,3,0
989,539,13,3,4
989,160,14,3,0
989,393,15,3,3
989,23,16,3,3
989,325,17,3,0
989,333,18,3,3
989,483,19,3,3
989,273,20,3,3
990,362,1,2,2
990,34,2,2,4
990,316,3,2,1
990,182,4,2,2
990,461,5,2,1
990,430,6,2,0
990,116,7,2,1
990,172,8,2,2
990,589,9,2,4
990,537,10,2,2
990,287,11,2,2
990,132,12,2,2
990,352,13,2,2
990,137,14,2,2
990,72,15,2,2
990,57,16,2,2
990,52,17,2,2
990,327,18,2,2
990,359,19,2,4
990,77,20,2,2
991,206,1,1,1
991,127,2,1,2
991,537,3,1,2
991,476,4,1,1
991,146,5,1,1
991,123,6,1,3
991,28,7,1,3
991,585,8,1,0
991,494,9,1,4
991,36,10,1,1
991,543,11,1,3
991,207,12,1,2
991,227,13,1,2
991,16,14,1,1
991,55,15,1,0
991,514,16,1,4
991,257,17,1,2
991,62,18,1,2
991,148,19,1,3
991,356,20,1,1
992,67,1,1,2
992,418,2,1,3
992,163,3,1,3
992,79,4,1,4
992,286,5,1,1
992,101,6,1,1
992,371,7,1,1
992,206,8,1,1
992,176,9,1,1
992,257,10,1,2
992,461,11,1,1
992,26,12,1,1
992,569,13,1,4
992,47,14,1,2
992,384,15,1,4
992,468,16,1,3
992,221,17,1,1
992,327,18,1,2
992,236,19,1,1
992,242,20,1,2
993,238,1,1,3
993,25,2,1,0
993,175,3,1,0
993,311,4,1,1
993,461,5,1,1
993,61,6,1,1
993,211,7,1,1
993,255,8,1,0
993,511,9,1,1
993,206,10,1,1
993,396,11,1,1
993,591,12,1,1
993,337,13,1,2
993,466,14,1,1
993,164,15,1,4
993,465,16,1,0
993,103,17,1,3
993,306,18,1,1
993,421,19,1,1
993,386,20,1,1
994,508,1,1,3
994,306,2,1,1
994,257,3,1,2
994,355,4,1,0
994,446,5,1,1
994,111,6,1,1
994,76,7,1,1
994,251,8,1,1
994,184,9,1,4
994,125,10,1,0
994,326,11,1,1
994,258,12,1,3
994,117,13,1,2
994,441,14,1,1
994,576,15,1,1
994,557,16,1,2
994,196,17,1,1
994,580,18,1,0
994,221,19,1,1
994,549,20,1,4
995,188,1,3,3
995,63,2,3,3
995,433,3,3,3
995,527,4,3,2
995,288,5,3,3
995,523,6,3,3
995,103,7,3,3
995,169,8,3,4
995,164,9,3,4
995,563,10,3,3
995,53,11,3,3
995,101,12,3,1
995,243,13,3,3
995,25,14,3,0
995,393,15,3,3
995,269,16,3,4
995,183,17,3,3
995,359,18,3,4
995,57,19,3,2
995,468,20,3,3
996,136,1,4,1
996,468,2,4,3
996,484,3,4,4
996,549,4,4,4
996,571,5,4,1
996,79,6,4,4
996,359,7,4,4
996,275,8,4,0
996,594,9,4,4
996,263,10,4,3
996,199,11,4,4
996,338,12,4,3
996,84,13,4,4
996,479,14,4,4
996,236,15,4,1
996,149,16,4,4
996,548,17,4,3
996,152,18,4,2
996,444,19,4,4
996,78,20,4,3
997,454,1,1,4
997,576,2,1,1
997,231,3,1,1
997,355,4,1,0
997,274,5,1,4
997,171,6,1,1
997,206,7,1,1
997,215,8,1,0
997,460,9,1,0
997,405,10,1,0
997,229,11,1,4
997,95,12,1,0
997,403,13,1,3
997,416,14,1,1
997,417,15,1,2
997,146,16,1,1
997,371,17,1,1
997,185,18,1,0
997,488,19,1,3
997,93,20,1,3
998,93,1,3,3
998,483,2,3,3
998,353,3,3,3
998,355,4,3,0
998,219,5,3,4
998,329,6,3,4
998,359,7,3,4
998,543,8,3,3
998,389,9,3,4
998,58,10,3,3
998,457,11,3,2
998,48,12,3,3
998,512,13,3,2
998,397,14,3,2
998,453,15,3,3
998,266,16,3,1
998,38,17,3,3
998,164,18,3,4
998,162,19,3,2
998,385,20,3,0
999,286,1,3,1
999,485,2,3,0
999,214,3,3,4
999,548,4,3,3
999,248,5,3,3
999,206,6,3,1
999,368,7,3,3
999,84,8,3,4
999,353,9,3,3
999,193,10,3,3
999,93,11,3,3
999,523,12,3,3
999,488,13,3,3
999,114,14,3,4
999,171,15,3,1
999,303,16,3,3
999,359,17,3,4
999,103,18,3,3
999,453,19,3,3
999,362,20,3,2
