item_idx,embedding_norm,degree,degree_group,seed,node_type,user_idx
0.0,2.600572,12,head,42,item,
1.0,1.8928739,6,medium,42,item,
2.0,2.2714856,9,head,42,item,
3.0,2.051864,7,head,42,item,
4.0,7.2854567,607,head,42,item,
5.0,1.2488391,2,medium,42,item,
6.0,1.262077,2,medium,42,item,
7.0,1.8383385,4,medium,42,item,
9.0,1.4298002,3,medium,42,item,
10.0,2.0576575,5,medium,42,item,
12.0,2.2204976,7,head,42,item,
13.0,3.2937133,23,head,42,item,
14.0,2.1554074,5,medium,42,item,
15.0,1.0078651,1,tail,42,item,
16.0,1.177436,1,tail,42,item,
17.0,1.8374383,4,medium,42,item,
18.0,1.6195973,2,medium,42,item,
19.0,2.027549,5,medium,42,item,
20.0,1.7064068,5,medium,42,item,
21.0,6.7549014,472,head,42,item,
22.0,1.5454819,3,medium,42,item,
23.0,1.7605293,3,medium,42,item,
24.0,2.4113095,11,head,42,item,
25.0,1.9526235,5,medium,42,item,
26.0,1.7253325,4,medium,42,item,
27.0,1.5989686,3,medium,42,item,
28.0,1.5923414,2,medium,42,item,
29.0,5.5175185,365,head,42,item,
30.0,5.3305473,126,head,42,item,
31.0,1.2429563,2,medium,42,item,
32.0,1.3851305,2,medium,42,item,
33.0,2.0560467,17,head,42,item,
34.0,1.2666907,1,tail,42,item,
35.0,1.5765234,2,medium,42,item,
36.0,1.1539001,1,tail,42,item,
38.0,2.1181192,11,head,42,item,
40.0,1.9264846,5,medium,42,item,
41.0,1.6841179,3,medium,42,item,
42.0,2.3967059,11,head,42,item,
43.0,1.0009034,1,tail,42,item,
44.0,1.5247757,3,medium,42,item,
45.0,6.7220325,632,head,42,item,
46.0,1.6940986,5,medium,42,item,
47.0,1.8403444,6,medium,42,item,
49.0,1.1946813,1,tail,42,item,
50.0,1.0837022,1,tail,42,item,
51.0,1.0213839,1,tail,42,item,
52.0,1.98369,8,head,42,item,
53.0,1.2420036,1,tail,42,item,
54.0,3.6959128,175,head,42,item,
55.0,3.0746338,20,head,42,item,
56.0,1.4930357,2,medium,42,item,
57.0,1.9161621,4,medium,42,item,
58.0,1.5260476,3,medium,42,item,
59.0,1.9509989,7,head,42,item,
60.0,2.4060183,8,head,42,item,
62.0,2.276638,8,head,42,item,
63.0,1.1297307,1,tail,42,item,
64.0,1.2407479,1,tail,42,item,
65.0,1.5501033,5,medium,42,item,
66.0,2.2005866,14,head,42,item,
67.0,2.058757,6,medium,42,item,
68.0,1.4399981,3,medium,42,item,
69.0,1.266026,4,medium,42,item,
70.0,2.0238051,4,medium,42,item,
71.0,0.92305946,1,tail,42,item,
72.0,0.70186305,1,tail,42,item,
73.0,2.2279158,6,medium,42,item,
76.0,1.6762091,3,medium,42,item,
77.0,1.449187,4,medium,42,item,
78.0,3.2210677,32,head,42,item,
79.0,1.1254148,2,medium,42,item,
80.0,1.1026803,3,medium,42,item,
81.0,1.4862627,2,medium,42,item,
82.0,2.7587223,13,head,42,item,
83.0,1.7683561,3,medium,42,item,
84.0,1.115211,2,medium,42,item,
85.0,1.5798149,4,medium,42,item,
86.0,1.5313731,2,medium,42,item,
88.0,1.1712364,2,medium,42,item,
89.0,1.2252784,1,tail,42,item,
90.0,1.2082974,1,tail,42,item,
95.0,1.6494638,3,medium,42,item,
97.0,1.3193994,2,medium,42,item,
98.0,1.4889545,3,medium,42,item,
102.0,1.1064276,2,medium,42,item,
107.0,1.5000588,2,medium,42,item,
109.0,1.6328653,3,medium,42,item,
110.0,1.531413,2,medium,42,item,
111.0,1.3666786,2,medium,42,item,
113.0,1.906948,5,medium,42,item,
115.0,1.8371482,3,medium,42,item,
116.0,2.1541164,7,head,42,item,
117.0,1.7675372,4,medium,42,item,
118.0,1.476765,4,medium,42,item,
119.0,1.2797108,1,tail,42,item,
122.0,1.4946194,2,medium,42,item,
123.0,1.3926218,2,medium,42,item,
125.0,1.8631111,4,medium,42,item,
131.0,1.5518763,2,medium,42,item,
132.0,1.4550339,4,medium,42,item,
133.0,1.2685456,2,medium,42,item,
134.0,1.2371504,4,medium,42,item,
135.0,1.3848095,3,medium,42,item,
136.0,1.5861498,3,medium,42,item,
138.0,1.1179162,1,tail,42,item,
139.0,1.2040838,1,tail,42,item,
143.0,1.6094573,3,medium,42,item,
146.0,1.739429,3,medium,42,item,
153.0,0.9651874,1,tail,42,item,
156.0,1.1700612,1,tail,42,item,
158.0,2.0293078,5,medium,42,item,
159.0,1.8196412,9,head,42,item,
160.0,1.6584052,8,head,42,item,
162.0,1.36873,4,medium,42,item,
163.0,2.098559,7,head,42,item,
164.0,1.0252993,1,tail,42,item,
165.0,1.4887002,6,medium,42,item,
166.0,1.8969871,11,head,42,item,
168.0,2.2780802,8,head,42,item,
173.0,1.4708669,2,medium,42,item,
174.0,1.2377871,1,tail,42,item,
175.0,1.3447257,2,medium,42,item,
176.0,1.2956797,2,medium,42,item,
178.0,1.7135028,4,medium,42,item,
179.0,1.2471328,1,tail,42,item,
180.0,1.3194238,1,tail,42,item,
194.0,1.7600603,8,head,42,item,
195.0,1.2558683,1,tail,42,item,
196.0,1.2191201,2,medium,42,item,
199.0,1.6060677,8,head,42,item,
200.0,1.1674598,1,tail,42,item,
201.0,1.5527744,2,medium,42,item,
202.0,1.0916916,2,medium,42,item,
203.0,1.9370534,7,head,42,item,
206.0,1.0719893,1,tail,42,item,
209.0,1.8329746,4,medium,42,item,
210.0,1.0184916,2,medium,42,item,
212.0,0.82720286,1,tail,42,item,
216.0,1.1809657,1,tail,42,item,
219.0,1.3944484,2,medium,42,item,
222.0,1.1286757,1,tail,42,item,
225.0,3.5781546,39,head,42,item,
229.0,1.3409553,2,medium,42,item,
232.0,1.6627036,3,medium,42,item,
235.0,1.3883798,2,medium,42,item,
236.0,1.0281484,1,tail,42,item,
243.0,1.2349225,1,tail,42,item,
244.0,0.8305071,1,tail,42,item,
250.0,1.4704223,2,medium,42,item,
257.0,1.2346283,1,tail,42,item,
258.0,1.9083271,9,head,42,item,
259.0,1.1812977,3,medium,42,item,
266.0,2.0522473,7,head,42,item,
267.0,1.326102,3,medium,42,item,
270.0,1.2374462,2,medium,42,item,
271.0,1.1391903,1,tail,42,item,
273.0,1.7637802,7,head,42,item,
275.0,1.7447397,3,medium,42,item,
279.0,2.3692532,7,head,42,item,
281.0,1.4251299,2,medium,42,item,
282.0,1.4821061,2,medium,42,item,
284.0,1.9151684,10,head,42,item,
285.0,1.7275105,3,medium,42,item,
,0.8227074,1,tail,42,user,0.0
,0.7934333,3,head,42,user,1.0
,0.77222,2,head,42,user,2.0
,0.992187,2,head,42,user,3.0
,0.65593535,1,tail,42,user,4.0
,0.84663236,2,head,42,user,5.0
,1.2047458,1,tail,42,user,6.0
,1.2347896,4,head,42,user,7.0
,0.8780003,3,head,42,user,8.0
,0.85916674,3,head,42,user,9.0
,0.82489866,2,head,42,user,10.0
,1.2510531,1,tail,42,user,11.0
,0.7747989,2,head,42,user,12.0
,1.2459841,2,head,42,user,13.0
,0.8660314,1,tail,42,user,14.0
,0.7523954,2,head,42,user,15.0
,0.6647961,1,tail,42,user,16.0
,1.2281623,1,tail,42,user,17.0
,0.6794434,1,tail,42,user,18.0
,0.65235335,1,tail,42,user,19.0
,0.7006902,1,tail,42,user,20.0
,0.810844,3,head,42,user,21.0
,1.0215304,1,tail,42,user,22.0
,0.7846322,2,head,42,user,23.0
,0.76151294,2,head,42,user,24.0
,0.731581,2,head,42,user,25.0
,0.7921231,2,head,42,user,26.0
,0.7439743,2,head,42,user,27.0
,0.79492426,3,head,42,user,28.0
,0.7261867,2,head,42,user,29.0
,0.7912049,1,tail,42,user,30.0
,0.7727876,3,head,42,user,31.0
,0.79887474,2,head,42,user,32.0
,1.1714634,1,tail,42,user,33.0
,0.71769524,2,head,42,user,34.0
,0.68620574,1,tail,42,user,35.0
,1.1673557,2,head,42,user,36.0
,0.8297448,2,head,42,user,37.0
,1.0845761,1,tail,42,user,38.0
,0.702927,1,tail,42,user,39.0
,1.0438879,1,tail,42,user,40.0
,0.64467514,1,tail,42,user,41.0
,0.72897923,2,head,42,user,42.0
,0.6603886,1,tail,42,user,43.0
,0.95660686,2,head,42,user,44.0
,0.805699,2,head,42,user,45.0
,0.8364672,2,head,42,user,46.0
,1.0702475,1,tail,42,user,47.0
,0.88914865,3,head,42,user,48.0
,0.7324216,2,head,42,user,49.0
,0.7030025,1,tail,42,user,50.0
,0.78211355,2,head,42,user,51.0
,1.0209545,1,tail,42,user,52.0
,0.8005719,2,head,42,user,53.0
,0.7715562,2,head,42,user,54.0
,0.64830047,1,tail,42,user,55.0
,0.7729195,3,head,42,user,56.0
,0.78606,2,head,42,user,57.0
,0.7594259,2,head,42,user,58.0
,0.793256,3,head,42,user,59.0
,0.724988,1,tail,42,user,60.0
,0.8084184,3,head,42,user,61.0
,0.63876045,1,tail,42,user,62.0
,1.1711847,1,tail,42,user,63.0
,0.886605,1,tail,42,user,64.0
,0.85045207,2,head,42,user,65.0
,0.83614254,3,head,42,user,66.0
,0.70014393,1,tail,42,user,67.0
,0.70568854,2,head,42,user,68.0
,1.1784964,2,head,42,user,69.0
,0.8369131,2,head,42,user,70.0
,0.6987988,2,head,42,user,71.0
,0.84483105,3,head,42,user,72.0
,0.78540117,2,head,42,user,73.0
,1.0985963,1,tail,42,user,74.0
,0.83866966,2,head,42,user,75.0
,0.6984326,1,tail,42,user,76.0
,0.79138154,2,head,42,user,77.0
,0.84609157,1,tail,42,user,78.0
,1.1630325,2,head,42,user,79.0
,1.1714107,1,tail,42,user,80.0
,1.0908922,2,head,42,user,81.0
,0.97307855,1,tail,42,user,82.0
,0.76905507,2,head,42,user,83.0
,0.82853585,2,head,42,user,84.0
,1.2494222,1,tail,42,user,85.0
,0.8029214,2,head,42,user,86.0
,0.8871188,3,head,42,user,87.0
,1.0602107,1,tail,42,user,88.0
,0.6145699,1,tail,42,user,89.0
,0.77479243,2,head,42,user,90.0
,1.2212269,1,tail,42,user,91.0
,0.7475171,2,head,42,user,92.0
,0.8134415,2,head,42,user,93.0
,0.85285586,2,head,42,user,94.0
,0.6342474,1,tail,42,user,95.0
,1.0314888,1,tail,42,user,96.0
,0.83901286,2,head,42,user,97.0
,0.7495482,2,head,42,user,98.0
,0.8821291,3,head,42,user,99.0
,1.2582719,3,head,42,user,100.0
,1.0374289,1,tail,42,user,101.0
,0.7764231,3,head,42,user,102.0
,0.6861433,1,tail,42,user,103.0
,0.87018526,1,tail,42,user,104.0
,0.7209609,2,head,42,user,105.0
,1.3155652,3,head,42,user,106.0
,0.75647324,2,head,42,user,107.0
,1.1873838,4,head,42,user,108.0
,0.9623283,1,tail,42,user,109.0
,0.79486144,3,head,42,user,110.0
,1.1277752,1,tail,42,user,111.0
,1.1880352,1,tail,42,user,112.0
,0.9048677,1,tail,42,user,113.0
,1.0459613,1,tail,42,user,114.0
,1.0799215,1,tail,42,user,115.0
,0.6639805,1,tail,42,user,116.0
,0.80248386,2,head,42,user,117.0
,0.7718878,2,head,42,user,118.0
,0.7211643,1,tail,42,user,119.0
,1.276419,2,head,42,user,120.0
,1.2375683,3,head,42,user,121.0
,0.84992224,2,head,42,user,122.0
,0.8028516,2,head,42,user,123.0
,0.8296604,3,head,42,user,124.0
,0.7357466,2,head,42,user,125.0
,1.0993443,1,tail,42,user,126.0
,0.88873947,1,tail,42,user,127.0
,0.77430964,3,head,42,user,128.0
,1.1309339,1,tail,42,user,129.0
,0.81519884,2,head,42,user,130.0
,0.70580554,1,tail,42,user,131.0
,0.76991284,3,head,42,user,132.0
,1.1939298,1,tail,42,user,133.0
,0.8516315,2,head,42,user,134.0
,0.83319145,2,head,42,user,135.0
,0.87911797,1,tail,42,user,136.0
,0.9805161,1,tail,42,user,137.0
,0.62524223,1,tail,42,user,138.0
,1.0072098,1,tail,42,user,139.0
,1.0155526,2,head,42,user,140.0
,1.1616734,1,tail,42,user,141.0
,0.78843594,1,tail,42,user,142.0
,0.7303447,2,head,42,user,143.0
,0.79636353,2,head,42,user,144.0
,0.8645554,3,head,42,user,145.0
,0.7142611,1,tail,42,user,146.0
,1.0754561,1,tail,42,user,147.0
,1.203504,1,tail,42,user,148.0
,0.6889749,1,tail,42,user,149.0
,0.78726816,2,head,42,user,150.0
,1.0315816,1,tail,42,user,151.0
,0.9930921,1,tail,42,user,152.0
,0.7761806,2,head,42,user,153.0
,0.87467074,1,tail,42,user,154.0
,0.8446608,3,head,42,user,155.0
,0.76372284,2,head,42,user,156.0
,0.83713454,2,head,42,user,157.0
,0.8248415,2,head,42,user,158.0
,1.11731,1,tail,42,user,159.0
,0.77589005,2,head,42,user,160.0
,0.8674045,2,head,42,user,161.0
,0.6728707,1,tail,42,user,162.0
,1.102434,1,tail,42,user,163.0
,0.6509417,1,tail,42,user,164.0
,0.6808961,1,tail,42,user,165.0
,0.7602164,2,head,42,user,166.0
,0.8647796,2,head,42,user,167.0
,0.7505391,2,head,42,user,168.0
,0.77116144,2,head,42,user,169.0
,0.8336312,3,head,42,user,170.0
,0.68279856,1,tail,42,user,171.0
,0.6674228,1,tail,42,user,172.0
,0.8513809,2,head,42,user,173.0
,0.6893065,1,tail,42,user,174.0
,1.0283647,1,tail,42,user,175.0
,1.0730212,1,tail,42,user,176.0
,0.8175855,1,tail,42,user,177.0
,1.2591189,1,tail,42,user,178.0
,0.7569201,2,head,42,user,179.0
,1.1170853,1,tail,42,user,180.0
,0.99412566,1,tail,42,user,181.0
,0.74501306,1,tail,42,user,182.0
,0.8099644,1,tail,42,user,183.0
,0.84157234,2,head,42,user,184.0
,0.952298,2,head,42,user,185.0
,0.6962874,1,tail,42,user,186.0
,0.8443153,3,head,42,user,187.0
,1.0690271,2,head,42,user,188.0
,0.9712156,1,tail,42,user,189.0
,0.84869283,1,tail,42,user,190.0
,0.8147762,2,head,42,user,191.0
,0.7400372,1,tail,42,user,192.0
,1.1359313,1,tail,42,user,193.0
,1.48629,6,head,42,user,194.0
,0.7228588,2,head,42,user,195.0
,0.7760905,2,head,42,user,196.0
,0.77550626,2,head,42,user,197.0
,0.70904434,2,head,42,user,198.0
,0.7792145,2,head,42,user,199.0
,1.2194552,1,tail,42,user,200.0
,0.6711074,1,tail,42,user,201.0
,0.83195907,1,tail,42,user,202.0
,0.8330672,1,tail,42,user,203.0
,1.1610235,1,tail,42,user,204.0
,0.7003074,1,tail,42,user,205.0
,1.4323822,4,head,42,user,206.0
,0.68725485,1,tail,42,user,207.0
,1.1720172,1,tail,42,user,208.0
,0.9769601,1,tail,42,user,209.0
,0.7261625,1,tail,42,user,210.0
,0.8710924,2,head,42,user,211.0
,0.7957997,3,head,42,user,212.0
,1.1897362,1,tail,42,user,213.0
,0.8214335,1,tail,42,user,214.0
,0.80597335,3,head,42,user,215.0
,0.8343149,2,head,42,user,216.0
,0.73061454,2,head,42,user,217.0
,1.006157,1,tail,42,user,218.0
,0.8453315,1,tail,42,user,219.0
,1.1275221,2,head,42,user,220.0
,1.1192664,1,tail,42,user,221.0
,0.7511549,2,head,42,user,222.0
,0.6880625,1,tail,42,user,223.0
,0.71617144,2,head,42,user,224.0
,0.7592268,2,head,42,user,225.0
,1.1628565,1,tail,42,user,226.0
,0.85798156,2,head,42,user,227.0
,0.7734027,2,head,42,user,228.0
,0.8343974,2,head,42,user,229.0
,0.8602491,1,tail,42,user,230.0
,1.4398954,3,head,42,user,231.0
,0.71245646,2,head,42,user,232.0
,1.1601999,2,head,42,user,233.0
,1.341544,2,head,42,user,234.0
,1.1160208,1,tail,42,user,235.0
,1.2955972,2,head,42,user,236.0
,0.86473435,1,tail,42,user,237.0
,1.1010004,1,tail,42,user,238.0
,0.9052125,3,head,42,user,239.0
,0.85703874,3,head,42,user,240.0
,0.69384253,1,tail,42,user,241.0
,0.8081633,3,head,42,user,242.0
,0.8047104,1,tail,42,user,243.0
,0.77534837,2,head,42,user,244.0
,0.7256542,1,tail,42,user,245.0
,0.8771289,3,head,42,user,246.0
,0.61657757,1,tail,42,user,247.0
,0.8145171,2,head,42,user,248.0
,0.8034982,2,head,42,user,249.0
,0.9930081,1,tail,42,user,250.0
,0.9881412,2,head,42,user,251.0
,1.168423,1,tail,42,user,252.0
,0.75806826,3,head,42,user,253.0
,1.1887965,1,tail,42,user,254.0
,0.8043322,2,head,42,user,255.0
,0.8058299,2,head,42,user,256.0
,1.1620252,1,tail,42,user,257.0
,0.64749193,1,tail,42,user,258.0
,0.7657774,2,head,42,user,259.0
,0.6699189,1,tail,42,user,260.0
,1.0550948,1,tail,42,user,261.0
,1.1873896,1,tail,42,user,262.0
,0.66969466,1,tail,42,user,263.0
,0.8811034,1,tail,42,user,264.0
,0.99063945,1,tail,42,user,265.0
,0.8470973,4,head,42,user,266.0
,0.6483702,1,tail,42,user,267.0
,0.7569257,2,head,42,user,268.0
,0.7974365,2,head,42,user,269.0
,1.2415735,1,tail,42,user,270.0
,0.74325514,2,head,42,user,271.0
,0.9000727,1,tail,42,user,272.0
,1.1835358,1,tail,42,user,273.0
,0.971241,1,tail,42,user,274.0
,0.7304867,2,head,42,user,275.0
,0.9559079,1,tail,42,user,276.0
,0.8248694,2,head,42,user,277.0
,0.74215484,3,head,42,user,278.0
,1.1333913,1,tail,42,user,279.0
,0.6203019,1,tail,42,user,280.0
,0.6402516,1,tail,42,user,281.0
,0.8554927,3,head,42,user,282.0
,0.67425895,1,tail,42,user,283.0
,0.8775856,1,tail,42,user,284.0
,1.1611758,3,head,42,user,285.0
,0.8908652,3,head,42,user,286.0
,0.8342444,2,head,42,user,287.0
,0.96105933,1,tail,42,user,288.0
,0.7827587,3,head,42,user,289.0
,0.77428734,2,head,42,user,290.0
,0.7993787,3,head,42,user,291.0
,0.88198,3,head,42,user,292.0
,0.820912,2,head,42,user,293.0
,1.0051392,1,tail,42,user,294.0
,0.6531369,1,tail,42,user,295.0
,0.8064687,2,head,42,user,296.0
,0.98488075,1,tail,42,user,297.0
,0.80058104,2,head,42,user,298.0
,0.82195413,2,head,42,user,299.0
,0.8095266,2,head,42,user,300.0
,1.1082344,1,tail,42,user,301.0
,0.76379853,2,head,42,user,302.0
,0.82603914,2,head,42,user,303.0
,0.83736116,3,head,42,user,304.0
,0.8358039,2,head,42,user,305.0
,0.8228038,2,head,42,user,306.0
,0.83415025,3,head,42,user,307.0
,0.82785404,1,tail,42,user,308.0
,0.5938537,1,tail,42,user,309.0
,1.3835839,2,head,42,user,310.0
,0.75160795,2,head,42,user,311.0
,0.79251397,1,tail,42,user,312.0
,0.77613086,2,head,42,user,313.0
,0.76476824,3,head,42,user,314.0
,1.09517,1,tail,42,user,315.0
,1.1843779,1,tail,42,user,316.0
,0.69866544,2,head,42,user,317.0
,1.1334548,1,tail,42,user,318.0
,0.9704888,1,tail,42,user,319.0
,0.74988866,2,head,42,user,320.0
,0.86275625,3,head,42,user,321.0
,0.62761414,1,tail,42,user,322.0
,0.761404,2,head,42,user,323.0
,1.0110178,1,tail,42,user,324.0
,1.2337925,1,tail,42,user,325.0
,0.74127054,1,tail,42,user,326.0
,0.8274106,3,head,42,user,327.0
,0.96726274,1,tail,42,user,328.0
,1.1935183,1,tail,42,user,329.0
,1.0620599,1,tail,42,user,330.0
,0.6514507,1,tail,42,user,331.0
,1.2588134,4,head,42,user,332.0
,1.0182761,1,tail,42,user,333.0
,0.781633,2,head,42,user,334.0
,0.67774373,1,tail,42,user,335.0
,0.7723193,3,head,42,user,336.0
,0.8258275,2,head,42,user,337.0
,0.7489112,2,head,42,user,338.0
,1.1319258,1,tail,42,user,339.0
,0.79586923,2,head,42,user,340.0
,0.8114285,2,head,42,user,341.0
,0.8181794,3,head,42,user,342.0
,1.1152474,1,tail,42,user,343.0
,0.6760308,1,tail,42,user,344.0
,0.812576,2,head,42,user,345.0
,0.72184575,2,head,42,user,346.0
,0.7871618,2,head,42,user,347.0
,1.0635377,2,head,42,user,348.0
,0.7830268,3,head,42,user,349.0
,0.7578352,2,head,42,user,350.0
,0.65600157,1,tail,42,user,351.0
,0.7649993,3,head,42,user,352.0
,0.8225063,1,tail,42,user,353.0
,1.0986927,1,tail,42,user,354.0
,0.85943955,3,head,42,user,355.0
,0.74402076,2,head,42,user,356.0
,0.733452,1,tail,42,user,357.0
,0.75502807,3,head,42,user,358.0
,0.8141161,2,head,42,user,359.0
,0.7746343,2,head,42,user,360.0
,0.78876364,2,head,42,user,361.0
,0.6073632,1,tail,42,user,362.0
,1.2106493,1,tail,42,user,363.0
,0.8290922,2,head,42,user,364.0
,1.1960741,1,tail,42,user,365.0
,0.8478342,3,head,42,user,366.0
,1.0779516,1,tail,42,user,367.0
,0.96106535,1,tail,42,user,368.0
,0.77268946,2,head,42,user,369.0
,0.8107958,2,head,42,user,370.0
,1.0136787,1,tail,42,user,371.0
,1.1969754,1,tail,42,user,372.0
,0.87209123,1,tail,42,user,373.0
,0.8434789,3,head,42,user,374.0
,0.94025064,1,tail,42,user,375.0
,0.73557806,2,head,42,user,376.0
,0.77588636,3,head,42,user,377.0
,0.7816691,2,head,42,user,378.0
,0.6446029,1,tail,42,user,379.0
,0.79706335,2,head,42,user,380.0
,0.64357775,1,tail,42,user,381.0
,0.84672844,2,head,42,user,382.0
,0.873174,1,tail,42,user,383.0
,0.78095126,2,head,42,user,384.0
,0.8043505,2,head,42,user,385.0
,0.7045132,1,tail,42,user,386.0
,0.8182884,2,head,42,user,387.0
,1.6248156,9,head,42,user,388.0
,0.9078934,1,tail,42,user,389.0
,0.7318153,2,head,42,user,390.0
,0.89520955,3,head,42,user,391.0
,0.88861686,3,head,42,user,392.0
,0.7925476,2,head,42,user,393.0
,0.78906286,2,head,42,user,394.0
,1.2432067,2,head,42,user,395.0
,0.74333185,2,head,42,user,396.0
,0.83078015,2,head,42,user,397.0
,1.1748589,1,tail,42,user,398.0
,0.8240418,2,head,42,user,399.0
,1.0372419,1,tail,42,user,400.0
,1.0567961,1,tail,42,user,401.0
,0.8113218,3,head,42,user,402.0
,0.7924201,2,head,42,user,403.0
,1.0511942,1,tail,42,user,404.0
,1.0372992,1,tail,42,user,405.0
,0.7664639,2,head,42,user,406.0
,0.71469915,1,tail,42,user,407.0
,0.6750546,1,tail,42,user,408.0
,0.7222166,1,tail,42,user,409.0
,0.6426488,1,tail,42,user,410.0
,0.8517636,3,head,42,user,411.0
,0.78558207,2,head,42,user,412.0
,0.7515731,2,head,42,user,413.0
,0.7542515,2,head,42,user,414.0
,1.0853676,1,tail,42,user,415.0
,1.0408242,1,tail,42,user,416.0
,0.7858567,2,head,42,user,417.0
,0.6448809,1,tail,42,user,418.0
,0.7800897,2,head,42,user,419.0
,0.8131166,1,tail,42,user,420.0
,1.1415062,1,tail,42,user,421.0
,0.72617614,2,head,42,user,422.0
,1.2970656,2,head,42,user,423.0
,0.88892853,3,head,42,user,424.0
,1.2075565,1,tail,42,user,425.0
,0.70702183,2,head,42,user,426.0
,1.1533744,1,tail,42,user,427.0
,1.1529113,1,tail,42,user,428.0
,0.8260523,1,tail,42,user,429.0
,0.72622925,1,tail,42,user,430.0
,0.8217229,2,head,42,user,431.0
,0.83688056,2,head,42,user,432.0
,0.85840935,1,tail,42,user,433.0
,1.1249871,1,tail,42,user,434.0
,0.7052419,1,tail,42,user,435.0
,1.0253305,1,tail,42,user,436.0
,0.77870804,2,head,42,user,437.0
,1.1570148,1,tail,42,user,438.0
,0.6969997,1,tail,42,user,439.0
,0.65817285,1,tail,42,user,440.0
,0.64999986,1,tail,42,user,441.0
,0.7502853,2,head,42,user,442.0
,0.67437553,1,tail,42,user,443.0
,0.77164364,2,head,42,user,444.0
,1.2245157,1,tail,42,user,445.0
,0.8604652,3,head,42,user,446.0
,0.82887906,2,head,42,user,447.0
,0.86123073,2,head,42,user,448.0
,0.801244,2,head,42,user,449.0
,0.68582636,1,tail,42,user,450.0
,0.72325367,1,tail,42,user,451.0
,1.1704768,1,tail,42,user,452.0
,0.70067513,1,tail,42,user,453.0
,0.86259663,1,tail,42,user,454.0
,1.1138091,2,head,42,user,455.0
,0.882144,3,head,42,user,456.0
,0.7787716,2,head,42,user,457.0
,0.8781757,3,head,42,user,458.0
,1.1365703,1,tail,42,user,459.0
,0.8475445,2,head,42,user,460.0
,1.0452853,1,tail,42,user,461.0
,0.6871192,1,tail,42,user,462.0
,1.0513903,1,tail,42,user,463.0
,0.7351755,2,head,42,user,464.0
,1.1030548,1,tail,42,user,465.0
,0.71970695,1,tail,42,user,466.0
,0.79631174,2,head,42,user,467.0
,0.80858475,3,head,42,user,468.0
,0.6564108,1,tail,42,user,469.0
,0.8884938,3,head,42,user,470.0
,1.2372048,1,tail,42,user,471.0
,0.79164326,1,tail,42,user,472.0
,0.832353,2,head,42,user,473.0
,0.8613215,3,head,42,user,474.0
,0.86402494,3,head,42,user,475.0
,0.644483,1,tail,42,user,476.0
,0.84400755,3,head,42,user,477.0
,0.6363304,1,tail,42,user,478.0
,1.0842777,1,tail,42,user,479.0
,0.8459266,3,head,42,user,480.0
,1.2279195,1,tail,42,user,481.0
,0.751246,2,head,42,user,482.0
,1.136382,1,tail,42,user,483.0
,0.65417874,1,tail,42,user,484.0
,1.0783544,1,tail,42,user,485.0
,1.4030302,6,head,42,user,486.0
,0.88480383,1,tail,42,user,487.0
,0.9882618,2,head,42,user,488.0
,0.80617106,1,tail,42,user,489.0
,0.88271797,1,tail,42,user,490.0
,1.038987,1,tail,42,user,491.0
,0.78576404,2,head,42,user,492.0
,0.7847261,2,head,42,user,493.0
,0.806088,3,head,42,user,494.0
,0.74131054,2,head,42,user,495.0
,0.8703207,1,tail,42,user,496.0
,0.6646913,1,tail,42,user,497.0
,0.6276065,1,tail,42,user,498.0
,0.77676463,3,head,42,user,499.0
,0.8093354,2,head,42,user,500.0
,0.74267155,1,tail,42,user,501.0
,0.85882485,1,tail,42,user,502.0
,0.8031576,2,head,42,user,503.0
,0.7850918,2,head,42,user,504.0
,1.0135633,1,tail,42,user,505.0
,0.75352865,2,head,42,user,506.0
,0.7714612,3,head,42,user,507.0
,0.78262657,2,head,42,user,508.0
,0.87976307,3,head,42,user,509.0
,1.0549453,1,tail,42,user,510.0
,0.8156863,2,head,42,user,511.0
,0.85873336,3,head,42,user,512.0
,0.7084402,2,head,42,user,513.0
,0.7113859,1,tail,42,user,514.0
,0.62417734,1,tail,42,user,515.0
,0.89640135,1,tail,42,user,516.0
,1.1269007,1,tail,42,user,517.0
,0.80427843,3,head,42,user,518.0
,0.8013942,2,head,42,user,519.0
,0.667026,1,tail,42,user,520.0
,0.8635244,1,tail,42,user,521.0
,1.1915926,1,tail,42,user,522.0
,0.7652649,3,head,42,user,523.0
,1.3066989,2,head,42,user,524.0
,1.2755272,3,head,42,user,525.0
,0.77928585,3,head,42,user,526.0
,0.8008614,2,head,42,user,527.0
,0.7741462,2,head,42,user,528.0
,0.8600745,3,head,42,user,529.0
,0.72309667,1,tail,42,user,530.0
,1.1889491,4,head,42,user,531.0
,0.84208137,3,head,42,user,532.0
,1.4985784,2,head,42,user,533.0
,0.8198,2,head,42,user,534.0
,0.6416318,1,tail,42,user,535.0
,0.69563895,1,tail,42,user,536.0
,1.0102632,1,tail,42,user,537.0
,0.75977963,2,head,42,user,538.0
,0.64861023,1,tail,42,user,539.0
,1.0454952,1,tail,42,user,540.0
,1.0833895,1,tail,42,user,541.0
,0.70583344,1,tail,42,user,542.0
,0.82743496,2,head,42,user,543.0
,0.9159609,1,tail,42,user,544.0
,0.78926796,1,tail,42,user,545.0
,1.0547587,1,tail,42,user,546.0
,0.73519194,3,head,42,user,547.0
,0.75750136,2,head,42,user,548.0
,0.827895,2,head,42,user,549.0
,0.81790745,3,head,42,user,550.0
,0.8165401,2,head,42,user,551.0
,0.89947397,3,head,42,user,552.0
,0.8345488,2,head,42,user,553.0
,0.78567964,2,head,42,user,554.0
,1.1987332,2,head,42,user,555.0
,1.2818115,1,tail,42,user,556.0
,1.0573463,1,tail,42,user,557.0
,1.2079477,1,tail,42,user,558.0
,1.359379,2,head,42,user,559.0
,0.68294543,1,tail,42,user,560.0
,0.8231407,3,head,42,user,561.0
,0.866176,3,head,42,user,562.0
,0.8850769,3,head,42,user,563.0
,0.7834722,3,head,42,user,564.0
,1.240241,2,head,42,user,565.0
,0.74194443,1,tail,42,user,566.0
,0.74079204,2,head,42,user,567.0
,0.7989911,2,head,42,user,568.0
,1.2307242,1,tail,42,user,569.0
,1.0420934,1,tail,42,user,570.0
,0.73489636,3,head,42,user,571.0
,1.0975049,1,tail,42,user,572.0
,0.7199174,2,head,42,user,573.0
,1.5541385,3,head,42,user,574.0
,0.7687381,2,head,42,user,575.0
,0.7849622,2,head,42,user,576.0
,0.6398457,1,tail,42,user,577.0
,0.8553023,1,tail,42,user,578.0
,0.88575745,3,head,42,user,579.0
,0.6055985,1,tail,42,user,580.0
,1.2439811,3,head,42,user,581.0
,0.79919744,3,head,42,user,582.0
,0.69129294,1,tail,42,user,583.0
,0.8119029,3,head,42,user,584.0
,1.1501796,1,tail,42,user,585.0
,0.78448176,1,tail,42,user,586.0
,0.8987472,1,tail,42,user,587.0
,1.1242925,1,tail,42,user,588.0
,0.813759,2,head,42,user,589.0
,0.81744236,2,head,42,user,590.0
,0.7719501,2,head,42,user,591.0
,0.7968005,2,head,42,user,592.0
,1.1548778,3,head,42,user,593.0
,0.7316786,2,head,42,user,594.0
,0.8357718,3,head,42,user,595.0
,1.2763674,1,tail,42,user,596.0
,0.80044264,2,head,42,user,597.0
,0.8647828,3,head,42,user,598.0
,1.3178974,1,tail,42,user,599.0
,0.76105726,2,head,42,user,600.0
,0.9609931,1,tail,42,user,601.0
,0.7856081,2,head,42,user,602.0
,1.0442104,1,tail,42,user,603.0
,0.74334055,2,head,42,user,604.0
,0.72364223,2,head,42,user,605.0
,1.2221824,1,tail,42,user,606.0
,0.77748656,3,head,42,user,607.0
,0.9719551,1,tail,42,user,608.0
,0.7105319,1,tail,42,user,609.0
,0.83161604,1,tail,42,user,610.0
,0.7958183,2,head,42,user,611.0
,0.7406789,1,tail,42,user,612.0
,1.1419744,1,tail,42,user,613.0
,1.0778025,1,tail,42,user,614.0
,0.79049444,2,head,42,user,615.0
,0.61850303,1,tail,42,user,616.0
,1.0901161,1,tail,42,user,617.0
,1.2152326,1,tail,42,user,618.0
,0.81316453,2,head,42,user,619.0
,1.0724773,2,head,42,user,620.0
,0.85796833,1,tail,42,user,621.0
,0.785751,2,head,42,user,622.0
,0.6704884,1,tail,42,user,623.0
,1.1346085,1,tail,42,user,624.0
,0.69922316,2,head,42,user,625.0
,0.7369127,3,head,42,user,626.0
,0.7885407,3,head,42,user,627.0
,0.7714989,2,head,42,user,628.0
,0.73528767,2,head,42,user,629.0
,0.6893026,1,tail,42,user,630.0
,0.68211794,1,tail,42,user,631.0
,0.80435413,2,head,42,user,632.0
,0.85464025,3,head,42,user,633.0
,0.65552413,1,tail,42,user,634.0
,0.88916075,3,head,42,user,635.0
,1.2003801,2,head,42,user,636.0
,0.69734854,2,head,42,user,637.0
,0.8364911,2,head,42,user,638.0
,1.4146724,3,head,42,user,639.0
,0.65114254,1,tail,42,user,640.0
,0.80185336,2,head,42,user,641.0
,1.1130087,1,tail,42,user,642.0
,0.7784088,2,head,42,user,643.0
,0.63869303,1,tail,42,user,644.0
,0.76227194,2,head,42,user,645.0
,0.74498856,2,head,42,user,646.0
,0.71818084,1,tail,42,user,647.0
,0.77482456,2,head,42,user,648.0
,1.0367978,1,tail,42,user,649.0
,0.7906077,3,head,42,user,650.0
,0.7712904,2,head,42,user,651.0
,0.7621509,2,head,42,user,652.0
,0.77413785,2,head,42,user,653.0
,0.8071789,2,head,42,user,654.0
,0.7858332,3,head,42,user,655.0
,0.85288006,3,head,42,user,656.0
,1.0955776,1,tail,42,user,657.0
,0.9300579,1,tail,42,user,658.0
,0.6991316,1,tail,42,user,659.0
,0.942331,1,tail,42,user,660.0
,0.81118226,3,head,42,user,661.0
,0.8657977,3,head,42,user,662.0
,0.9238305,3,head,42,user,663.0
,0.8168123,2,head,42,user,664.0
,0.92276436,1,tail,42,user,665.0
,1.1498495,1,tail,42,user,666.0
,1.1954255,1,tail,42,user,667.0
,0.8314622,2,head,42,user,668.0
,0.76334155,2,head,42,user,669.0
,0.988822,1,tail,42,user,670.0
,0.9472479,1,tail,42,user,671.0
,0.8151136,3,head,42,user,672.0
,1.1200535,1,tail,42,user,673.0
,0.67148596,1,tail,42,user,674.0
,0.72409415,1,tail,42,user,675.0
,1.1900483,2,head,42,user,676.0
,0.63592243,1,tail,42,user,677.0
,1.1699591,1,tail,42,user,678.0
,0.8594258,3,head,42,user,679.0
,0.6688059,1,tail,42,user,680.0
,1.1704834,1,tail,42,user,681.0
,0.76142234,2,head,42,user,682.0
,0.7730795,2,head,42,user,683.0
,0.7896667,2,head,42,user,684.0
,0.75768775,2,head,42,user,685.0
,0.6883123,1,tail,42,user,686.0
,0.69970727,1,tail,42,user,687.0
,0.6350709,1,tail,42,user,688.0
,0.7616387,2,head,42,user,689.0
,1.0791655,2,head,42,user,690.0
,1.4572225,2,head,42,user,691.0
,0.85040826,2,head,42,user,692.0
,0.6750239,1,tail,42,user,693.0
,1.1717553,1,tail,42,user,694.0
,0.79118514,2,head,42,user,695.0
,0.8111541,2,head,42,user,696.0
,0.6979079,1,tail,42,user,697.0
,0.9040913,3,head,42,user,698.0
,1.2228631,1,tail,42,user,699.0
,0.69136155,1,tail,42,user,700.0
,0.7876416,2,head,42,user,701.0
,0.8788249,3,head,42,user,702.0
,0.6566589,1,tail,42,user,703.0
,0.839643,2,head,42,user,704.0
,1.0862389,1,tail,42,user,705.0
,1.0126458,1,tail,42,user,706.0
,0.763354,2,head,42,user,707.0
,0.80101746,2,head,42,user,708.0
,0.73867,2,head,42,user,709.0
,0.73897743,2,head,42,user,710.0
,1.1309614,1,tail,42,user,711.0
,0.7655413,2,head,42,user,712.0
,0.7963166,2,head,42,user,713.0
,0.687269,1,tail,42,user,714.0
,0.863834,2,head,42,user,715.0
,0.8015824,2,head,42,user,716.0
,0.6564679,1,tail,42,user,717.0
,0.82490414,3,head,42,user,718.0
,0.72324795,2,head,42,user,719.0
,1.1459423,4,head,42,user,720.0
,1.0180306,1,tail,42,user,721.0
,0.7270075,2,head,42,user,722.0
,0.83592415,3,head,42,user,723.0
,0.8158957,2,head,42,user,724.0
,0.7391829,1,tail,42,user,725.0
,0.80567944,2,head,42,user,726.0
,0.76415503,3,head,42,user,727.0
,1.3286707,2,head,42,user,728.0
,0.83703923,2,head,42,user,729.0
,0.86871654,3,head,42,user,730.0
,0.7799698,2,head,42,user,731.0
,0.7876416,2,head,42,user,732.0
,0.76544315,2,head,42,user,733.0
,0.7688757,2,head,42,user,734.0
,0.8352851,3,head,42,user,735.0
,0.93497527,3,head,42,user,736.0
,1.2355677,1,tail,42,user,737.0
,0.75915456,3,head,42,user,738.0
,0.7254466,2,head,42,user,739.0
,0.8166087,3,head,42,user,740.0
,0.7832481,2,head,42,user,741.0
,1.3532676,5,head,42,user,742.0
,0.7487157,3,head,42,user,743.0
,0.82937676,2,head,42,user,744.0
,0.87959266,1,tail,42,user,745.0
,1.1606959,1,tail,42,user,746.0
,0.6907703,1,tail,42,user,747.0
,1.0531563,2,head,42,user,748.0
,0.66932386,1,tail,42,user,749.0
,0.80369294,2,head,42,user,750.0
,1.1943914,1,tail,42,user,751.0
,0.6364418,1,tail,42,user,752.0
,0.67313504,1,tail,42,user,753.0
,1.0318656,1,tail,42,user,754.0
,0.9931561,1,tail,42,user,755.0
,0.75336397,1,tail,42,user,756.0
,0.67527264,1,tail,42,user,757.0
,0.64050406,1,tail,42,user,758.0
,0.7172117,2,head,42,user,759.0
,0.81083655,2,head,42,user,760.0
,0.85567397,3,head,42,user,761.0
,0.7395476,2,head,42,user,762.0
,0.74494326,2,head,42,user,763.0
,0.85783684,3,head,42,user,764.0
,0.80841815,2,head,42,user,765.0
,0.8320464,2,head,42,user,766.0
,0.79166317,2,head,42,user,767.0
,1.226894,1,tail,42,user,768.0
,0.7543186,3,head,42,user,769.0
,0.83842146,1,tail,42,user,770.0
,1.0826904,1,tail,42,user,771.0
,1.0566921,2,head,42,user,772.0
,1.0973889,1,tail,42,user,773.0
,1.2491932,2,head,42,user,774.0
,0.9122275,3,head,42,user,775.0
,1.059631,1,tail,42,user,776.0
,0.79884255,2,head,42,user,777.0
,0.906347,3,head,42,user,778.0
,1.3680776,3,head,42,user,779.0
,0.7967031,3,head,42,user,780.0
,1.1045301,2,head,42,user,781.0
,0.82985187,2,head,42,user,782.0
,1.1462079,1,tail,42,user,783.0
,1.1129972,1,tail,42,user,784.0
,0.75551033,2,head,42,user,785.0
,0.6718618,1,tail,42,user,786.0
,0.6590151,1,tail,42,user,787.0
,0.8320968,1,tail,42,user,788.0
,1.117401,1,tail,42,user,789.0
,0.8670979,3,head,42,user,790.0
,1.0764719,2,head,42,user,791.0
,1.2747173,1,tail,42,user,792.0
,1.114673,1,tail,42,user,793.0
,0.6071985,1,tail,42,user,794.0
,1.1838338,2,head,42,user,795.0
,1.068009,1,tail,42,user,796.0
,0.78205615,2,head,42,user,797.0
,0.83127224,2,head,42,user,798.0
,1.0364529,1,tail,42,user,799.0
,0.8235422,3,head,42,user,800.0
,1.0973219,1,tail,42,user,801.0
,0.80127877,3,head,42,user,802.0
,1.1563289,2,head,42,user,803.0
,0.8841327,2,head,42,user,804.0
,1.1216204,1,tail,42,user,805.0
,0.6553729,1,tail,42,user,806.0
,1.0783861,1,tail,42,user,807.0
,1.2195246,1,tail,42,user,808.0
,0.8133869,2,head,42,user,809.0
,1.109353,1,tail,42,user,810.0
,0.8510518,2,head,42,user,811.0
,1.0748247,2,head,42,user,812.0
,0.75944465,2,head,42,user,813.0
,0.7962128,2,head,42,user,814.0
,0.80435646,3,head,42,user,815.0
,0.7629206,2,head,42,user,816.0
,1.0617884,1,tail,42,user,817.0
,0.91391647,3,head,42,user,818.0
,0.8513371,3,head,42,user,819.0
,0.8324554,3,head,42,user,820.0
,1.1871688,1,tail,42,user,821.0
,0.8653584,2,head,42,user,822.0
,0.8352196,3,head,42,user,823.0
,0.78889877,2,head,42,user,824.0
,0.7398077,2,head,42,user,825.0
,0.86413676,3,head,42,user,826.0
,0.65646446,1,tail,42,user,827.0
,0.7779585,2,head,42,user,828.0
,0.6998035,2,head,42,user,829.0
,0.7747158,2,head,42,user,830.0
,0.6523522,1,tail,42,user,831.0
,0.88673925,3,head,42,user,832.0
,0.7155914,2,head,42,user,833.0
,0.7525807,2,head,42,user,834.0
,0.6969311,1,tail,42,user,835.0
,0.8774722,3,head,42,user,836.0
,0.77693325,2,head,42,user,837.0
,0.69433576,1,tail,42,user,838.0
,1.0845401,1,tail,42,user,839.0
,0.8852977,3,head,42,user,840.0
,0.8331768,2,head,42,user,841.0
,0.8002127,2,head,42,user,842.0
,1.2788806,2,head,42,user,843.0
,0.792225,1,tail,42,user,844.0
,0.8589183,3,head,42,user,845.0
,0.82786745,3,head,42,user,846.0
,0.6485843,1,tail,42,user,847.0
,1.0235727,1,tail,42,user,848.0
,1.0262145,2,head,42,user,849.0
,0.8161967,2,head,42,user,850.0
,0.8079263,2,head,42,user,851.0
,1.0956126,1,tail,42,user,852.0
,0.8079546,2,head,42,user,853.0
,0.8543257,2,head,42,user,854.0
,0.653267,1,tail,42,user,855.0
,0.65161103,1,tail,42,user,856.0
,0.6940848,1,tail,42,user,857.0
,0.6358194,1,tail,42,user,858.0
,0.75389886,2,head,42,user,859.0
,1.1170375,1,tail,42,user,860.0
,0.80742633,2,head,42,user,861.0
,1.0946951,1,tail,42,user,862.0
,0.78955996,2,head,42,user,863.0
,1.245807,1,tail,42,user,864.0
,1.2865529,4,head,42,user,865.0
,1.2391772,1,tail,42,user,866.0
,0.7060969,1,tail,42,user,867.0
,1.0372293,1,tail,42,user,868.0
,1.092272,2,head,42,user,869.0
,1.0987036,1,tail,42,user,870.0
,0.7285618,1,tail,42,user,871.0
,0.61965746,1,tail,42,user,872.0
,0.6321907,1,tail,42,user,873.0
,1.0344789,1,tail,42,user,874.0
,1.1365427,1,tail,42,user,875.0
,0.6471521,1,tail,42,user,876.0
,0.84128785,1,tail,42,user,877.0
,0.6525292,1,tail,42,user,878.0
,1.089952,1,tail,42,user,879.0
,0.81201,3,head,42,user,880.0
,0.9365646,1,tail,42,user,881.0
,0.7924873,2,head,42,user,882.0
,0.6415356,1,tail,42,user,883.0
,0.7523191,2,head,42,user,884.0
,0.7618246,2,head,42,user,885.0
,0.8169889,3,head,42,user,886.0
,0.7447284,2,head,42,user,887.0
,0.7324715,1,tail,42,user,888.0
,0.91138214,3,head,42,user,889.0
,0.7472199,2,head,42,user,890.0
,1.035096,1,tail,42,user,891.0
,0.82738173,1,tail,42,user,892.0
,0.8440006,2,head,42,user,893.0
,0.94133675,3,head,42,user,894.0
,0.7267405,1,tail,42,user,895.0
,0.8297146,2,head,42,user,896.0
,0.788233,2,head,42,user,897.0
,0.66561204,1,tail,42,user,898.0
,0.6929307,2,head,42,user,899.0
,0.8733412,1,tail,42,user,900.0
,1.2012359,1,tail,42,user,901.0
,0.74080443,3,head,42,user,902.0
,1.1639681,2,head,42,user,903.0
,0.84626144,1,tail,42,user,904.0
,0.7675196,2,head,42,user,905.0
,0.59568024,1,tail,42,user,906.0
,0.89894813,3,head,42,user,907.0
,1.26816,2,head,42,user,908.0
,0.8403192,3,head,42,user,909.0
,1.2667223,4,head,42,user,910.0
,0.677424,1,tail,42,user,911.0
,1.225298,1,tail,42,user,912.0
,1.2277247,4,head,42,user,913.0
,0.7268436,2,head,42,user,914.0
,1.2737128,1,tail,42,user,915.0
,0.72815704,1,tail,42,user,916.0
,1.3285545,2,head,42,user,917.0
,0.72651196,2,head,42,user,918.0
,0.8336987,3,head,42,user,919.0
,0.6298786,1,tail,42,user,920.0
,1.3791069,2,head,42,user,921.0
,0.8088478,1,tail,42,user,922.0
,0.9789646,1,tail,42,user,923.0
,0.6955792,1,tail,42,user,924.0
,0.80105823,1,tail,42,user,925.0
,0.97258574,1,tail,42,user,926.0
,1.0533065,2,head,42,user,927.0
,0.65126204,1,tail,42,user,928.0
,0.6613401,1,tail,42,user,929.0
,0.72465813,2,head,42,user,930.0
,1.0116322,1,tail,42,user,931.0
,0.61490303,1,tail,42,user,932.0
,0.62107223,1,tail,42,user,933.0
,1.2183805,5,head,42,user,934.0
,0.80605847,1,tail,42,user,935.0
,0.8699244,3,head,42,user,936.0
,0.8284436,2,head,42,user,937.0
,0.90216196,1,tail,42,user,938.0
,1.059453,2,head,42,user,939.0
,0.81134874,3,head,42,user,940.0
,0.81398386,2,head,42,user,941.0
,0.74161124,2,head,42,user,942.0
,0.66845095,1,tail,42,user,943.0
,0.7659254,2,head,42,user,944.0
,1.0102239,1,tail,42,user,945.0
,1.0979061,1,tail,42,user,946.0
,0.8719608,3,head,42,user,947.0
,0.89047885,1,tail,42,user,948.0
,0.7452267,2,head,42,user,949.0
,0.6152242,1,tail,42,user,950.0
,1.1411031,1,tail,42,user,951.0
,0.8661621,3,head,42,user,952.0
,0.9011768,3,head,42,user,953.0
,0.75465846,2,head,42,user,954.0
,0.74471486,2,head,42,user,955.0
,0.9227981,3,head,42,user,956.0
,0.88699144,3,head,42,user,957.0
,0.7285801,2,head,42,user,958.0
,0.7408699,2,head,42,user,959.0
,0.8181308,2,head,42,user,960.0
,0.7850571,2,head,42,user,961.0
,0.7134724,2,head,42,user,962.0
,1.1571554,1,tail,42,user,963.0
,0.83650786,2,head,42,user,964.0
,1.0133168,1,tail,42,user,965.0
,1.1450332,1,tail,42,user,966.0
,0.8334042,2,head,42,user,967.0
,0.7634847,3,head,42,user,968.0
,1.1957603,1,tail,42,user,969.0
,0.78701,3,head,42,user,970.0
,0.86118025,3,head,42,user,971.0
,0.7603318,2,head,42,user,972.0
,1.2016801,1,tail,42,user,973.0
,1.0108236,1,tail,42,user,974.0
,0.78789955,2,head,42,user,975.0
,0.8887586,3,head,42,user,976.0
,0.7757083,1,tail,42,user,977.0
,0.84941286,3,head,42,user,978.0
,0.9442683,1,tail,42,user,979.0
,0.6719199,1,tail,42,user,980.0
,0.6731742,1,tail,42,user,981.0
,1.1344101,1,tail,42,user,982.0
,0.77587575,2,head,42,user,983.0
,0.75731415,2,head,42,user,984.0
,0.8521081,3,head,42,user,985.0
,1.1369814,1,tail,42,user,986.0
,0.8562107,3,head,42,user,987.0
,0.81735075,2,head,42,user,988.0
,0.9268333,3,head,42,user,989.0
,0.7802246,2,head,42,user,990.0
,0.6787737,1,tail,42,user,991.0
,0.8181449,2,head,42,user,992.0
,1.114021,1,tail,42,user,993.0
,1.026208,1,tail,42,user,994.0
,0.7730447,2,head,42,user,995.0
,0.8871855,3,head,42,user,996.0
,0.8662279,3,head,42,user,997.0
,1.1165621,2,head,42,user,998.0
,0.8522034,3,head,42,user,999.0
,0.8788354,1,tail,42,user,1000.0
,0.7683464,2,head,42,user,1001.0
,0.8285119,1,tail,42,user,1002.0
,1.1726567,2,head,42,user,1003.0
,0.74543816,2,head,42,user,1004.0
,0.72742844,2,head,42,user,1005.0
,0.8218478,3,head,42,user,1006.0
,0.8418725,2,head,42,user,1007.0
,1.0852998,1,tail,42,user,1008.0
,0.79503053,2,head,42,user,1009.0
,0.84696513,1,tail,42,user,1010.0
,0.6016415,1,tail,42,user,1011.0
,1.1150001,1,tail,42,user,1012.0
,1.1779585,1,tail,42,user,1013.0
,1.1242731,1,tail,42,user,1014.0
,0.75591415,2,head,42,user,1015.0
,0.7976891,2,head,42,user,1016.0
,1.058096,1,tail,42,user,1017.0
,0.6581559,1,tail,42,user,1018.0
,1.0849288,2,head,42,user,1019.0
,0.7400655,1,tail,42,user,1020.0
,0.7587569,2,head,42,user,1021.0
,0.6682338,1,tail,42,user,1022.0
,0.7902856,2,head,42,user,1023.0
,0.69962585,1,tail,42,user,1024.0
,0.85527927,2,head,42,user,1025.0
,0.72668976,2,head,42,user,1026.0
,0.8535147,3,head,42,user,1027.0
,0.8414894,3,head,42,user,1028.0
,0.76071995,2,head,42,user,1029.0
,0.68502593,1,tail,42,user,1030.0
,0.8626303,3,head,42,user,1031.0
,0.8561283,3,head,42,user,1032.0
,0.8392349,3,head,42,user,1033.0
,0.7956395,2,head,42,user,1034.0
,0.795413,2,head,42,user,1035.0
,0.7608579,2,head,42,user,1036.0
,1.0521976,1,tail,42,user,1037.0
,0.88595223,3,head,42,user,1038.0
,0.8626716,1,tail,42,user,1039.0
,0.8669308,1,tail,42,user,1040.0
,0.680198,1,tail,42,user,1041.0
,1.1294808,1,tail,42,user,1042.0
,0.7680942,3,head,42,user,1043.0
,0.77434117,2,head,42,user,1044.0
,0.8525778,2,head,42,user,1045.0
,0.97900945,1,tail,42,user,1046.0
,1.1517324,1,tail,42,user,1047.0
,0.75611585,2,head,42,user,1048.0
,0.8387544,3,head,42,user,1049.0
,1.1653237,1,tail,42,user,1050.0
,0.8188766,2,head,42,user,1051.0
,0.7506946,2,head,42,user,1052.0
,0.748895,2,head,42,user,1053.0
,0.71047527,1,tail,42,user,1054.0
,1.129155,1,tail,42,user,1055.0
,1.1707438,1,tail,42,user,1056.0
,0.6892711,1,tail,42,user,1057.0
,1.1546957,1,tail,42,user,1058.0
,1.1350641,3,head,42,user,1059.0
,0.85148835,2,head,42,user,1060.0
,1.1044992,1,tail,42,user,1061.0
,1.1485727,1,tail,42,user,1062.0
,1.14174,1,tail,42,user,1063.0
,0.7890838,2,head,42,user,1064.0
,0.63233435,1,tail,42,user,1065.0
,1.0489439,2,head,42,user,1066.0
,1.0380707,1,tail,42,user,1067.0
,0.9558797,1,tail,42,user,1068.0
,0.7145076,2,head,42,user,1069.0
,0.6233711,1,tail,42,user,1070.0
,0.60510415,1,tail,42,user,1071.0
,1.1605252,1,tail,42,user,1072.0
,0.7898629,2,head,42,user,1073.0
,0.8239009,2,head,42,user,1074.0
,0.9876237,2,head,42,user,1075.0
,0.8010697,2,head,42,user,1076.0
,0.8843686,3,head,42,user,1077.0
,0.6918146,1,tail,42,user,1078.0
,0.76451343,2,head,42,user,1079.0
,1.2848544,2,head,42,user,1080.0
,0.79698825,2,head,42,user,1081.0
,0.83591455,2,head,42,user,1082.0
,0.7559355,2,head,42,user,1083.0
,0.6782809,1,tail,42,user,1084.0
,0.68366057,1,tail,42,user,1085.0
,0.79761976,2,head,42,user,1086.0
,0.868058,3,head,42,user,1087.0
,0.89753735,3,head,42,user,1088.0
,0.8491428,1,tail,42,user,1089.0
,0.7169175,1,tail,42,user,1090.0
,0.75136936,2,head,42,user,1091.0
,0.94648886,3,head,42,user,1092.0
,0.7122753,1,tail,42,user,1093.0
,0.64543873,1,tail,42,user,1094.0
,0.84838283,2,head,42,user,1095.0
,1.4255692,4,head,42,user,1096.0
,1.181117,1,tail,42,user,1097.0
,0.8690046,3,head,42,user,1098.0
,1.3044537,1,tail,42,user,1099.0
,1.0479345,1,tail,42,user,1100.0
,0.9089869,3,head,42,user,1101.0
,0.80750746,2,head,42,user,1102.0
,0.81661034,2,head,42,user,1103.0
,0.7092324,1,tail,42,user,1104.0
,1.0945381,1,tail,42,user,1105.0
,1.1393682,1,tail,42,user,1106.0
,0.7348464,1,tail,42,user,1107.0
,0.71743387,1,tail,42,user,1108.0
,0.78295714,2,head,42,user,1109.0
,0.8619643,1,tail,42,user,1110.0
,1.0805249,1,tail,42,user,1111.0
,0.69974357,1,tail,42,user,1112.0
,1.1675631,1,tail,42,user,1113.0
,0.8604864,3,head,42,user,1114.0
,1.1239358,1,tail,42,user,1115.0
,0.9981767,1,tail,42,user,1116.0
,0.63494986,1,tail,42,user,1117.0
,0.85679007,3,head,42,user,1118.0
,0.82509404,2,head,42,user,1119.0
,0.8280464,2,head,42,user,1120.0
,0.68529576,1,tail,42,user,1121.0
,0.68762976,1,tail,42,user,1122.0
,1.0937045,1,tail,42,user,1123.0
,1.111773,1,tail,42,user,1124.0
,0.70063746,1,tail,42,user,1125.0
,1.047004,1,tail,42,user,1126.0
,0.79276586,2,head,42,user,1127.0
,0.9498838,1,tail,42,user,1128.0
,0.84565383,1,tail,42,user,1129.0
,0.9345188,3,head,42,user,1130.0
,1.1446173,1,tail,42,user,1131.0
,0.7865424,3,head,42,user,1132.0
,0.6542831,1,tail,42,user,1133.0
,0.7872243,2,head,42,user,1134.0
,1.3069004,1,tail,42,user,1135.0
,0.63824195,1,tail,42,user,1136.0
,0.7599953,2,head,42,user,1137.0
,0.70900726,1,tail,42,user,1138.0
,0.6648862,1,tail,42,user,1139.0
,0.800117,2,head,42,user,1140.0
,1.1005695,1,tail,42,user,1141.0
,0.6459225,1,tail,42,user,1142.0
,0.79633784,2,head,42,user,1143.0
,1.0384085,1,tail,42,user,1144.0
,1.0771685,1,tail,42,user,1145.0
,1.2742606,2,head,42,user,1146.0
,0.80681115,2,head,42,user,1147.0
,0.8789638,3,head,42,user,1148.0
,0.9280408,1,tail,42,user,1149.0
,1.204254,1,tail,42,user,1150.0
,0.75755,3,head,42,user,1151.0
,0.7472797,2,head,42,user,1152.0
,0.873677,1,tail,42,user,1153.0
,0.79173803,2,head,42,user,1154.0
,1.0682617,1,tail,42,user,1155.0
,0.8426475,3,head,42,user,1156.0
,0.8166687,2,head,42,user,1157.0
,0.7508493,2,head,42,user,1158.0
,1.1815889,2,head,42,user,1159.0
,0.9743989,1,tail,42,user,1160.0
,0.8630037,1,tail,42,user,1161.0
,0.7885814,2,head,42,user,1162.0
,1.1259693,1,tail,42,user,1163.0
,1.0546159,2,head,42,user,1164.0
,0.64233243,1,tail,42,user,1165.0
,0.8149598,2,head,42,user,1166.0
,0.81094635,3,head,42,user,1167.0
,0.68218607,1,tail,42,user,1168.0
,0.7796015,2,head,42,user,1169.0
,0.76255196,2,head,42,user,1170.0
,0.7716548,2,head,42,user,1171.0
,0.7770287,2,head,42,user,1172.0
,0.6692118,1,tail,42,user,1173.0
,0.8226741,3,head,42,user,1174.0
,0.83561736,2,head,42,user,1175.0
,0.693282,1,tail,42,user,1176.0
,0.8095538,3,head,42,user,1177.0
,1.09215,1,tail,42,user,1178.0
,0.8457975,2,head,42,user,1179.0
,0.64017063,1,tail,42,user,1180.0
,0.82842356,2,head,42,user,1181.0
,0.8456884,3,head,42,user,1182.0
,0.76952106,2,head,42,user,1183.0
,0.85411835,2,head,42,user,1184.0
,0.8790064,3,head,42,user,1185.0
,1.1232941,1,tail,42,user,1186.0
,0.76715004,2,head,42,user,1187.0
,0.6779151,1,tail,42,user,1188.0
,0.8641247,2,head,42,user,1189.0
,1.0928977,1,tail,42,user,1190.0
,1.1282498,1,tail,42,user,1191.0
,0.654253,1,tail,42,user,1192.0
,0.7471088,2,head,42,user,1193.0
,0.8040675,3,head,42,user,1194.0
,0.7893687,2,head,42,user,1195.0
,0.6743988,1,tail,42,user,1196.0
,1.147892,1,tail,42,user,1197.0
,0.8649806,3,head,42,user,1198.0
,0.6235332,1,tail,42,user,1199.0
,0.7624457,2,head,42,user,1200.0
,0.76529014,2,head,42,user,1201.0
,0.7580332,2,head,42,user,1202.0
,0.7620309,2,head,42,user,1203.0
,0.7530552,2,head,42,user,1204.0
,1.016421,1,tail,42,user,1205.0
,0.6363188,1,tail,42,user,1206.0
,0.8450243,3,head,42,user,1207.0
,0.71976936,1,tail,42,user,1208.0
,0.88202053,1,tail,42,user,1209.0
,0.80013674,2,head,42,user,1210.0
,0.85250485,3,head,42,user,1211.0
,0.6717589,1,tail,42,user,1212.0
,1.1367354,1,tail,42,user,1213.0
,0.67859644,1,tail,42,user,1214.0
,1.1768919,2,head,42,user,1215.0
,0.87943006,1,tail,42,user,1216.0
,0.6427831,1,tail,42,user,1217.0
,0.8292304,1,tail,42,user,1218.0
,0.8378988,2,head,42,user,1219.0
,1.1139276,1,tail,42,user,1220.0
,0.7956774,2,head,42,user,1221.0
,1.1540867,1,tail,42,user,1222.0
,0.8065386,2,head,42,user,1223.0
,0.64637613,1,tail,42,user,1224.0
,0.759299,2,head,42,user,1225.0
,1.1160417,1,tail,42,user,1226.0
,1.259453,3,head,42,user,1227.0
,0.84071505,1,tail,42,user,1228.0
,0.85060155,3,head,42,user,1229.0
,0.75171995,2,head,42,user,1230.0
,0.8116279,2,head,42,user,1231.0
,1.0998511,2,head,42,user,1232.0
,1.1435392,3,head,42,user,1233.0
,0.77478755,2,head,42,user,1234.0
,0.79432714,2,head,42,user,1235.0
,0.7767391,3,head,42,user,1236.0
,1.1994617,2,head,42,user,1237.0
,0.79085845,2,head,42,user,1238.0
,1.2158839,3,head,42,user,1239.0
,0.77148336,2,head,42,user,1240.0
,1.1186925,1,tail,42,user,1241.0
,0.8061695,2,head,42,user,1242.0
,1.0366405,1,tail,42,user,1243.0
,0.71296066,1,tail,42,user,1244.0
,0.8292393,2,head,42,user,1245.0
,0.8172058,1,tail,42,user,1246.0
,1.1949127,1,tail,42,user,1247.0
,0.7421549,2,head,42,user,1248.0
,0.6782035,1,tail,42,user,1249.0
,0.67640644,1,tail,42,user,1250.0
,1.3268522,3,head,42,user,1251.0
,0.76886964,1,tail,42,user,1252.0
,0.629716,1,tail,42,user,1253.0
,0.8456758,2,head,42,user,1254.0
,0.79112035,2,head,42,user,1255.0
,1.06838,1,tail,42,user,1256.0
,0.71995515,2,head,42,user,1257.0
,0.8432491,3,head,42,user,1258.0
,0.67949885,1,tail,42,user,1259.0
,1.01815,1,tail,42,user,1260.0
,1.2406482,1,tail,42,user,1261.0
,0.7812602,2,head,42,user,1262.0
,1.097859,2,head,42,user,1263.0
,0.8198471,3,head,42,user,1264.0
,0.64888626,1,tail,42,user,1265.0
,0.7874201,2,head,42,user,1266.0
,0.8100947,2,head,42,user,1267.0
,0.82467806,1,tail,42,user,1268.0
,0.8249295,3,head,42,user,1269.0
,0.6671291,1,tail,42,user,1270.0
,1.6184877,3,head,42,user,1271.0
,0.86128694,1,tail,42,user,1272.0
,1.0645677,2,head,42,user,1273.0
,0.8886461,1,tail,42,user,1274.0
,0.7971092,2,head,42,user,1275.0
,0.774852,2,head,42,user,1276.0
,0.6438457,1,tail,42,user,1277.0
,1.1174731,1,tail,42,user,1278.0
,0.8162222,2,head,42,user,1279.0
,0.8886509,3,head,42,user,1280.0
,0.80045253,1,tail,42,user,1281.0
,0.7533807,2,head,42,user,1282.0
,0.65833694,1,tail,42,user,1283.0
,0.8354311,3,head,42,user,1284.0
,1.1329914,1,tail,42,user,1285.0
,0.63904995,1,tail,42,user,1286.0
,0.8575656,3,head,42,user,1287.0
,0.9007223,1,tail,42,user,1288.0
,1.250546,1,tail,42,user,1289.0
,0.7781057,2,head,42,user,1290.0
,0.74327457,2,head,42,user,1291.0
,0.6506161,1,tail,42,user,1292.0
,0.7877537,2,head,42,user,1293.0
,1.1416606,1,tail,42,user,1294.0
,0.7103011,1,tail,42,user,1295.0
,0.80569255,2,head,42,user,1296.0
,1.350136,6,head,42,user,1297.0
,0.8355559,2,head,42,user,1298.0
,0.77481896,2,head,42,user,1299.0
,0.62764966,1,tail,42,user,1300.0
,0.7126347,1,tail,42,user,1301.0
,0.85069436,1,tail,42,user,1302.0
,0.6783367,1,tail,42,user,1303.0
,0.73302037,3,head,42,user,1304.0
,0.64727706,1,tail,42,user,1305.0
,0.7523328,2,head,42,user,1306.0
,0.82326144,2,head,42,user,1307.0
,1.0832788,1,tail,42,user,1308.0
,0.7917461,3,head,42,user,1309.0
,1.1045692,1,tail,42,user,1310.0
,1.0902877,1,tail,42,user,1311.0
,0.8235198,2,head,42,user,1312.0
,1.0833536,1,tail,42,user,1313.0
,0.7693482,3,head,42,user,1314.0
,0.85954607,3,head,42,user,1315.0
,0.6449638,1,tail,42,user,1316.0
,0.812385,3,head,42,user,1317.0
,0.9262171,1,tail,42,user,1318.0
,0.7399082,2,head,42,user,1319.0
,0.80493057,2,head,42,user,1320.0
,0.84735006,1,tail,42,user,1321.0
,1.0575619,1,tail,42,user,1322.0
,1.0396441,1,tail,42,user,1323.0
,1.1019942,1,tail,42,user,1324.0
,0.8708355,3,head,42,user,1325.0
,0.78035885,2,head,42,user,1326.0
,0.78513604,2,head,42,user,1327.0
,0.80897087,3,head,42,user,1328.0
,0.7307987,1,tail,42,user,1329.0
,0.8701233,3,head,42,user,1330.0
,0.7583847,2,head,42,user,1331.0
,0.7429608,2,head,42,user,1332.0
,0.71544075,2,head,42,user,1333.0
,0.8133015,2,head,42,user,1334.0
,0.7951906,2,head,42,user,1335.0
,0.83113873,2,head,42,user,1336.0
,1.212564,2,head,42,user,1337.0
,0.8447864,1,tail,42,user,1338.0
,0.711205,2,head,42,user,1339.0
,1.0763423,1,tail,42,user,1340.0
,0.78993,2,head,42,user,1341.0
,0.7449181,1,tail,42,user,1342.0
,1.1119882,1,tail,42,user,1343.0
,0.99396545,1,tail,42,user,1344.0
,0.8707999,3,head,42,user,1345.0
,0.74574894,2,head,42,user,1346.0
,0.63614964,1,tail,42,user,1347.0
,0.7427107,3,head,42,user,1348.0
,0.83861446,2,head,42,user,1349.0
,0.9107097,3,head,42,user,1350.0
,1.0240302,1,tail,42,user,1351.0
,0.68954736,1,tail,42,user,1352.0
,1.221934,2,head,42,user,1353.0
,0.72415394,2,head,42,user,1354.0
,0.8414267,2,head,42,user,1355.0
,0.84119195,2,head,42,user,1356.0
,0.88459414,1,tail,42,user,1357.0
,0.7490287,1,tail,42,user,1358.0
,1.2737522,2,head,42,user,1359.0
,1.1211338,1,tail,42,user,1360.0
,0.8054641,2,head,42,user,1361.0
,1.3887136,3,head,42,user,1362.0
,0.9377659,1,tail,42,user,1363.0
,0.7150456,1,tail,42,user,1364.0
,0.64850354,1,tail,42,user,1365.0
,0.75943154,2,head,42,user,1366.0
,0.7596041,2,head,42,user,1367.0
,0.67831546,1,tail,42,user,1368.0
,0.88663375,3,head,42,user,1369.0
,1.0042883,2,head,42,user,1370.0
,1.1262834,1,tail,42,user,1371.0
,0.85253227,1,tail,42,user,1372.0
,1.0300329,1,tail,42,user,1373.0
,0.60682714,1,tail,42,user,1374.0
,1.092983,1,tail,42,user,1375.0
,0.6299784,1,tail,42,user,1376.0
,0.8230282,3,head,42,user,1377.0
,1.1623263,1,tail,42,user,1378.0
,0.83182776,2,head,42,user,1379.0
,0.83924276,2,head,42,user,1380.0
,0.66328347,1,tail,42,user,1381.0
,1.0957761,3,head,42,user,1382.0
,0.8523961,3,head,42,user,1383.0
,0.6907793,1,tail,42,user,1384.0
,0.75923854,2,head,42,user,1385.0
,0.8608351,3,head,42,user,1386.0
,0.8062858,2,head,42,user,1387.0
,0.79651093,3,head,42,user,1388.0
,0.7754829,2,head,42,user,1389.0
,1.0363897,1,tail,42,user,1390.0
,0.706378,2,head,42,user,1391.0
,0.8744141,3,head,42,user,1392.0
,0.8404992,3,head,42,user,1393.0
,0.76662654,2,head,42,user,1394.0
,0.7238765,2,head,42,user,1395.0
,0.8278306,2,head,42,user,1396.0
,0.6650006,1,tail,42,user,1397.0
,0.854073,3,head,42,user,1398.0
,0.85664546,1,tail,42,user,1399.0
,0.87075204,1,tail,42,user,1400.0
,0.7668405,2,head,42,user,1401.0
,0.67880344,1,tail,42,user,1402.0
,0.77827877,3,head,42,user,1403.0
,1.324527,1,tail,42,user,1404.0
,1.2456198,2,head,42,user,1405.0
,1.1921575,1,tail,42,user,1406.0
,1.4465002,4,head,42,user,1407.0
,1.136613,1,tail,42,user,1408.0
,1.3799602,2,head,42,user,1409.0
,1.0878234,1,tail,42,user,1410.0
,1.1251458,1,tail,42,user,1411.0
,0.8960184,1,tail,42,user,1412.0
,1.1201584,1,tail,42,user,1413.0
,0.7908519,2,head,42,user,1414.0
,0.6346885,1,tail,42,user,1415.0
,0.7118146,1,tail,42,user,1416.0
,0.8130532,2,head,42,user,1417.0
,1.0245272,1,tail,42,user,1418.0
,0.9722906,1,tail,42,user,1419.0
,0.7664461,2,head,42,user,1420.0
,0.78932524,2,head,42,user,1421.0
,1.1322961,1,tail,42,user,1422.0
,0.7399248,2,head,42,user,1423.0
,0.665437,1,tail,42,user,1424.0
,0.7249656,2,head,42,user,1425.0
,1.1375347,1,tail,42,user,1426.0
,0.7589739,2,head,42,user,1427.0
,0.8307065,3,head,42,user,1428.0
,0.6960127,1,tail,42,user,1429.0
,0.7422576,2,head,42,user,1430.0
,1.0387548,2,head,42,user,1431.0
,1.0271509,1,tail,42,user,1432.0
,0.7302275,2,head,42,user,1433.0
,1.1670824,3,head,42,user,1434.0
,1.2693872,1,tail,42,user,1435.0
,0.64391845,1,tail,42,user,1436.0
,1.1796086,3,head,42,user,1437.0
,0.66476715,1,tail,42,user,1438.0
,0.7531252,3,head,42,user,1439.0
,0.7822814,2,head,42,user,1440.0
,1.112116,1,tail,42,user,1441.0
,0.68622136,1,tail,42,user,1442.0
,0.831428,3,head,42,user,1443.0
,0.77665704,2,head,42,user,1444.0
,0.6882825,1,tail,42,user,1445.0
,1.0477574,1,tail,42,user,1446.0
,0.8409942,3,head,42,user,1447.0
,0.67293024,1,tail,42,user,1448.0
,1.0119094,1,tail,42,user,1449.0
,1.1353617,1,tail,42,user,1450.0
,0.82775956,2,head,42,user,1451.0
,1.1020277,2,head,42,user,1452.0
,0.7959837,3,head,42,user,1453.0
,0.7292196,2,head,42,user,1454.0
,0.76877326,2,head,42,user,1455.0
,0.7625317,2,head,42,user,1456.0
,0.6947677,1,tail,42,user,1457.0
,1.3204883,2,head,42,user,1458.0
,0.7772388,2,head,42,user,1459.0
,0.7518236,2,head,42,user,1460.0
,0.8924691,1,tail,42,user,1461.0
,0.82281196,2,head,42,user,1462.0
,0.6834202,1,tail,42,user,1463.0
,0.65467393,1,tail,42,user,1464.0
,0.77821726,2,head,42,user,1465.0
,0.82645494,2,head,42,user,1466.0
,0.6872719,2,head,42,user,1467.0
,0.88411605,2,head,42,user,1468.0
,0.6134909,1,tail,42,user,1469.0
,0.7258403,1,tail,42,user,1470.0
,0.82257646,1,tail,42,user,1471.0
,0.79793924,2,head,42,user,1472.0
,0.82211375,3,head,42,user,1473.0
,0.8730897,2,head,42,user,1474.0
,0.7320606,1,tail,42,user,1475.0
,0.6765911,1,tail,42,user,1476.0
,1.1034199,1,tail,42,user,1477.0
,0.760183,2,head,42,user,1478.0
,0.8038266,3,head,42,user,1479.0
,1.0667591,2,head,42,user,1480.0
,0.9268108,3,head,42,user,1481.0
,0.8327527,1,tail,42,user,1482.0
,0.6751264,1,tail,42,user,1483.0
,1.0674285,1,tail,42,user,1484.0
,0.6827858,1,tail,42,user,1485.0
,0.7912694,2,head,42,user,1486.0
,0.6522075,1,tail,42,user,1487.0
,1.2118504,1,tail,42,user,1488.0
,1.1563272,1,tail,42,user,1489.0
,1.0241772,1,tail,42,user,1490.0
,1.1316129,1,tail,42,user,1491.0
,1.1888177,2,head,42,user,1492.0
,0.9116999,3,head,42,user,1493.0
,0.78160363,3,head,42,user,1494.0
,0.7473365,2,head,42,user,1495.0
,1.3921279,5,head,42,user,1496.0
,0.8101038,2,head,42,user,1497.0
,0.9716052,1,tail,42,user,1498.0
,0.67030394,1,tail,42,user,1499.0
,1.1702555,1,tail,42,user,1500.0
,1.2039769,1,tail,42,user,1501.0
,0.7778811,2,head,42,user,1502.0
,0.83362126,2,head,42,user,1503.0
,0.8132106,2,head,42,user,1504.0
,0.7047221,1,tail,42,user,1505.0
,0.670319,1,tail,42,user,1506.0
,1.3955655,2,head,42,user,1507.0
,1.1774477,1,tail,42,user,1508.0
,1.1403153,1,tail,42,user,1509.0
,0.86767626,3,head,42,user,1510.0
,1.4322366,2,head,42,user,1511.0
,0.6467723,1,tail,42,user,1512.0
,0.6371224,1,tail,42,user,1513.0
,0.98780507,4,head,42,user,1514.0
,0.7490951,3,head,42,user,1515.0
,0.7269241,2,head,42,user,1516.0
,0.76573074,2,head,42,user,1517.0
,0.6399264,1,tail,42,user,1518.0
,0.6975813,1,tail,42,user,1519.0
,1.1269863,1,tail,42,user,1520.0
,1.0583302,2,head,42,user,1521.0
,1.0339744,1,tail,42,user,1522.0
,0.6625499,1,tail,42,user,1523.0
,0.8522318,3,head,42,user,1524.0
,0.9097372,3,head,42,user,1525.0
,0.7919348,2,head,42,user,1526.0
,0.7025255,1,tail,42,user,1527.0
,0.92293507,3,head,42,user,1528.0
,1.0712422,1,tail,42,user,1529.0
,0.81128347,3,head,42,user,1530.0
,1.0023128,1,tail,42,user,1531.0
,0.80253947,2,head,42,user,1532.0
,1.0881202,3,head,42,user,1533.0
,0.87563825,1,tail,42,user,1534.0
,0.73661613,2,head,42,user,1535.0
,0.69936156,1,tail,42,user,1536.0
,0.8475525,3,head,42,user,1537.0
,0.79908764,3,head,42,user,1538.0
,0.97601897,5,head,42,user,1539.0
,0.64660174,1,tail,42,user,1540.0
,0.7788014,2,head,42,user,1541.0
,0.76870924,2,head,42,user,1542.0
,0.84886014,2,head,42,user,1543.0
,0.66424525,1,tail,42,user,1544.0
,0.8626244,3,head,42,user,1545.0
,0.7579173,2,head,42,user,1546.0
,0.7701722,2,head,42,user,1547.0
,0.76898676,2,head,42,user,1548.0
,0.8700432,1,tail,42,user,1549.0
,0.86508006,1,tail,42,user,1550.0
,0.88693744,2,head,42,user,1551.0
,1.006956,1,tail,42,user,1552.0
,0.7691922,2,head,42,user,1553.0
,1.0821743,1,tail,42,user,1554.0
,1.0752934,1,tail,42,user,1555.0
,1.097286,2,head,42,user,1556.0
,0.78494936,2,head,42,user,1557.0
,0.72692513,2,head,42,user,1558.0
,0.6717806,1,tail,42,user,1559.0
,0.96900904,1,tail,42,user,1560.0
,0.8058672,2,head,42,user,1561.0
,1.058519,1,tail,42,user,1562.0
,1.1154469,1,tail,42,user,1563.0
,0.8926531,3,head,42,user,1564.0
,0.8892103,1,tail,42,user,1565.0
,0.6311725,1,tail,42,user,1566.0
,0.8195802,1,tail,42,user,1567.0
,0.6571033,1,tail,42,user,1568.0
,0.7404589,2,head,42,user,1569.0
,1.1688288,1,tail,42,user,1570.0
,0.8737464,2,head,42,user,1571.0
,0.6936972,1,tail,42,user,1572.0
,0.8385864,2,head,42,user,1573.0
,0.81756014,2,head,42,user,1574.0
,0.8035146,3,head,42,user,1575.0
,1.3780131,4,head,42,user,1576.0
,0.78348655,2,head,42,user,1577.0
,0.8590656,3,head,42,user,1578.0
,1.1138041,2,head,42,user,1579.0
,0.83329076,2,head,42,user,1580.0
,0.74225044,2,head,42,user,1581.0
,0.778051,2,head,42,user,1582.0
,0.76553196,2,head,42,user,1583.0
,0.780262,2,head,42,user,1584.0
,0.78253734,2,head,42,user,1585.0
,1.2854105,2,head,42,user,1586.0
,1.2225385,2,head,42,user,1587.0
,0.69852453,1,tail,42,user,1588.0
,0.7260545,2,head,42,user,1589.0
,1.0841357,2,head,42,user,1590.0
,0.74189174,2,head,42,user,1591.0
,1.0209202,1,tail,42,user,1592.0
,0.8221706,2,head,42,user,1593.0
,0.77830875,2,head,42,user,1594.0
,0.99717015,1,tail,42,user,1595.0
,0.8406482,2,head,42,user,1596.0
,0.70926994,1,tail,42,user,1597.0
,0.84054685,3,head,42,user,1598.0
,0.7329183,2,head,42,user,1599.0
,0.82106745,1,tail,42,user,1600.0
,0.801284,3,head,42,user,1601.0
,0.8102931,3,head,42,user,1602.0
,1.0211016,1,tail,42,user,1603.0
,0.679084,1,tail,42,user,1604.0
,0.91060823,3,head,42,user,1605.0
,1.1619592,5,head,42,user,1606.0
,0.7331949,2,head,42,user,1607.0
,0.64748204,1,tail,42,user,1608.0
,1.126376,1,tail,42,user,1609.0
,1.0730734,1,tail,42,user,1610.0
,0.6476622,1,tail,42,user,1611.0
,0.80631286,2,head,42,user,1612.0
,1.1335869,1,tail,42,user,1613.0
,0.75128186,2,head,42,user,1614.0
,1.3665162,2,head,42,user,1615.0
,0.7379279,2,head,42,user,1616.0
,0.7790126,2,head,42,user,1617.0
,0.7751946,2,head,42,user,1618.0
,0.7404967,2,head,42,user,1619.0
,1.2381952,1,tail,42,user,1620.0
,1.0919436,1,tail,42,user,1621.0
,0.7788409,3,head,42,user,1622.0
,0.6682579,1,tail,42,user,1623.0
,1.2306077,1,tail,42,user,1624.0
,0.7652584,2,head,42,user,1625.0
,0.73798096,1,tail,42,user,1626.0
,0.90437233,3,head,42,user,1627.0
,0.81523913,3,head,42,user,1628.0
,0.74258405,2,head,42,user,1629.0
,0.6761767,1,tail,42,user,1630.0
,0.7579557,2,head,42,user,1631.0
,1.2870024,4,head,42,user,1632.0
,0.7260164,1,tail,42,user,1633.0
,1.282782,1,tail,42,user,1634.0
,0.88770366,3,head,42,user,1635.0
,0.7506674,2,head,42,user,1636.0
,1.1145195,1,tail,42,user,1637.0
,0.7712558,2,head,42,user,1638.0
,1.1404682,1,tail,42,user,1639.0
,0.8309653,3,head,42,user,1640.0
,0.8123215,2,head,42,user,1641.0
,0.9624028,1,tail,42,user,1642.0
,1.1169341,1,tail,42,user,1643.0
,0.87740916,3,head,42,user,1644.0
,0.8155428,2,head,42,user,1645.0
,0.64194155,1,tail,42,user,1646.0
,1.1396109,1,tail,42,user,1647.0
,0.85403657,3,head,42,user,1648.0
,0.63605976,1,tail,42,user,1649.0
,0.8873118,1,tail,42,user,1650.0
,1.148559,1,tail,42,user,1651.0
,1.0658836,1,tail,42,user,1652.0
,0.766167,2,head,42,user,1653.0
,0.9665683,1,tail,42,user,1654.0
,0.821587,1,tail,42,user,1655.0
,0.6911477,1,tail,42,user,1656.0
,1.0486027,1,tail,42,user,1657.0
,0.82834184,3,head,42,user,1658.0
,0.60271895,1,tail,42,user,1659.0
,0.72119945,2,head,42,user,1660.0
,0.74702996,2,head,42,user,1661.0
,0.7966796,2,head,42,user,1662.0
,0.782462,2,head,42,user,1663.0
,1.2605491,2,head,42,user,1664.0
,0.8240286,3,head,42,user,1665.0
,0.82541543,2,head,42,user,1666.0
,0.67218876,1,tail,42,user,1667.0
,0.7238903,2,head,42,user,1668.0
,0.79866105,2,head,42,user,1669.0
,0.64584005,1,tail,42,user,1670.0
,0.8355225,2,head,42,user,1671.0
,0.82158214,3,head,42,user,1672.0
,0.9491123,1,tail,42,user,1673.0
,0.7082585,2,head,42,user,1674.0
,0.8891453,3,head,42,user,1675.0
,1.0069878,1,tail,42,user,1676.0
,0.72322595,2,head,42,user,1677.0
,0.8793457,3,head,42,user,1678.0
,0.7003778,1,tail,42,user,1679.0
,1.1627403,1,tail,42,user,1680.0
,0.7910062,2,head,42,user,1681.0
,1.0985768,1,tail,42,user,1682.0
,0.67089367,1,tail,42,user,1683.0
,0.7512561,2,head,42,user,1684.0
,0.70814437,1,tail,42,user,1685.0
,1.1945047,1,tail,42,user,1686.0
,0.94394296,3,head,42,user,1687.0
,1.0322379,1,tail,42,user,1688.0
,0.6624053,1,tail,42,user,1689.0
,0.639967,1,tail,42,user,1690.0
,0.8361903,2,head,42,user,1691.0
,0.78313965,2,head,42,user,1692.0
,0.7269156,2,head,42,user,1693.0
,1.1145338,1,tail,42,user,1694.0
,0.77598566,2,head,42,user,1695.0
,0.81084055,2,head,42,user,1696.0
,0.7533059,2,head,42,user,1697.0
,0.68391746,1,tail,42,user,1698.0
,0.71417844,1,tail,42,user,1699.0
,0.8291268,3,head,42,user,1700.0
,0.8863532,1,tail,42,user,1701.0
,0.63433236,1,tail,42,user,1702.0
,0.6401283,1,tail,42,user,1703.0
,0.87924236,1,tail,42,user,1704.0
,0.8107938,3,head,42,user,1705.0
,0.75324166,3,head,42,user,1706.0
,0.7804639,2,head,42,user,1707.0
,1.5421852,4,head,42,user,1708.0
,1.1847575,1,tail,42,user,1709.0
,0.62060267,1,tail,42,user,1710.0
,1.201807,1,tail,42,user,1711.0
,0.6410037,1,tail,42,user,1712.0
,1.1874261,1,tail,42,user,1713.0
,0.77062845,2,head,42,user,1714.0
,0.8788468,1,tail,42,user,1715.0
,0.76545733,2,head,42,user,1716.0
,1.1547397,1,tail,42,user,1717.0
,0.7935802,2,head,42,user,1718.0
,0.73679173,1,tail,42,user,1719.0
,0.8541331,2,head,42,user,1720.0
,0.84314024,2,head,42,user,1721.0
,0.82731116,2,head,42,user,1722.0
,0.7568506,2,head,42,user,1723.0
,0.79628396,2,head,42,user,1724.0
,0.73356056,2,head,42,user,1725.0
,0.8116916,2,head,42,user,1726.0
,1.2059283,1,tail,42,user,1727.0
,0.8383466,1,tail,42,user,1728.0
,0.7593807,2,head,42,user,1729.0
,0.869626,3,head,42,user,1730.0
,0.77159107,2,head,42,user,1731.0
,0.73196787,2,head,42,user,1732.0
,1.2711341,3,head,42,user,1733.0
,0.89122504,3,head,42,user,1734.0
,1.0198904,1,tail,42,user,1735.0
,1.0144395,2,head,42,user,1736.0
,0.7625517,3,head,42,user,1737.0
,0.66632086,1,tail,42,user,1738.0
,0.7183109,2,head,42,user,1739.0
,0.847494,3,head,42,user,1740.0
,0.8869239,3,head,42,user,1741.0
,0.74879676,2,head,42,user,1742.0
,0.79693764,2,head,42,user,1743.0
,0.7801256,2,head,42,user,1744.0
,0.6566683,1,tail,42,user,1745.0
,0.80470264,2,head,42,user,1746.0
,0.81984204,1,tail,42,user,1747.0
,1.1616812,1,tail,42,user,1748.0
,0.81505376,3,head,42,user,1749.0
,1.0977519,1,tail,42,user,1750.0
0.0,2.5504594,12,head,43,item,
1.0,1.7404797,6,medium,43,item,
2.0,2.2891293,9,head,43,item,
3.0,2.0844355,7,head,43,item,
4.0,7.2952013,607,head,43,item,
5.0,1.2834194,2,medium,43,item,
6.0,1.2776175,2,medium,43,item,
7.0,1.9014586,4,medium,43,item,
9.0,1.4428128,3,medium,43,item,
10.0,2.1799033,5,medium,43,item,
12.0,2.1650786,7,head,43,item,
13.0,3.2089994,23,head,43,item,
14.0,2.1041095,5,medium,43,item,
15.0,1.0754611,1,tail,43,item,
16.0,1.1198614,1,tail,43,item,
17.0,1.8957186,4,medium,43,item,
18.0,1.4884031,2,medium,43,item,
19.0,2.1143355,5,medium,43,item,
20.0,1.880076,5,medium,43,item,
21.0,6.774924,472,head,43,item,
22.0,1.4946883,3,medium,43,item,
23.0,1.7947681,3,medium,43,item,
24.0,2.4661825,11,head,43,item,
25.0,2.0525856,5,medium,43,item,
26.0,1.7450348,4,medium,43,item,
27.0,1.7805458,3,medium,43,item,
28.0,1.4668511,2,medium,43,item,
29.0,5.5138297,365,head,43,item,
30.0,5.3107934,126,head,43,item,
31.0,1.2885039,2,medium,43,item,
32.0,1.3409156,2,medium,43,item,
33.0,2.0756578,17,head,43,item,
34.0,1.1743263,1,tail,43,item,
35.0,1.5593847,2,medium,43,item,
36.0,1.3576463,1,tail,43,item,
38.0,2.1331613,11,head,43,item,
40.0,1.9291573,5,medium,43,item,
41.0,1.7914953,3,medium,43,item,
42.0,2.4031749,11,head,43,item,
43.0,1.0066867,1,tail,43,item,
44.0,1.5316263,3,medium,43,item,
45.0,6.731159,632,head,43,item,
46.0,1.7141998,5,medium,43,item,
47.0,1.8027656,6,medium,43,item,
49.0,1.2607038,1,tail,43,item,
50.0,1.0532507,1,tail,43,item,
51.0,1.063056,1,tail,43,item,
52.0,1.9899045,8,head,43,item,
53.0,1.2210282,1,tail,43,item,
54.0,3.7177417,175,head,43,item,
55.0,2.9936328,20,head,43,item,
56.0,1.5870054,2,medium,43,item,
57.0,1.8815634,4,medium,43,item,
58.0,1.5757542,3,medium,43,item,
59.0,1.879447,7,head,43,item,
60.0,2.379706,8,head,43,item,
62.0,2.2924852,8,head,43,item,
63.0,1.0117267,1,tail,43,item,
64.0,1.2591494,1,tail,43,item,
65.0,1.520379,5,medium,43,item,
66.0,2.1378522,14,head,43,item,
67.0,1.9430789,6,medium,43,item,
68.0,1.5422958,3,medium,43,item,
69.0,1.2323779,4,medium,43,item,
70.0,1.9209287,4,medium,43,item,
71.0,0.9402821,1,tail,43,item,
72.0,0.7494965,1,tail,43,item,
73.0,2.2030563,6,medium,43,item,
76.0,1.6193794,3,medium,43,item,
77.0,1.3815724,4,medium,43,item,
78.0,3.2076633,32,head,43,item,
79.0,1.1366297,2,medium,43,item,
80.0,1.1361259,3,medium,43,item,
81.0,1.510517,2,medium,43,item,
82.0,2.77865,13,head,43,item,
83.0,1.7526727,3,medium,43,item,
84.0,1.1373559,2,medium,43,item,
85.0,1.5854186,4,medium,43,item,
86.0,1.53799,2,medium,43,item,
88.0,1.2436448,2,medium,43,item,
89.0,1.1594735,1,tail,43,item,
90.0,1.2392899,1,tail,43,item,
95.0,1.6641035,3,medium,43,item,
97.0,1.2976394,2,medium,43,item,
98.0,1.3849801,3,medium,43,item,
102.0,1.1271982,2,medium,43,item,
107.0,1.4873831,2,medium,43,item,
109.0,1.6585879,3,medium,43,item,
110.0,1.5248287,2,medium,43,item,
111.0,1.4490707,2,medium,43,item,
113.0,1.9420193,5,medium,43,item,
115.0,1.8065432,3,medium,43,item,
116.0,2.2168992,7,head,43,item,
117.0,1.7799939,4,medium,43,item,
118.0,1.4918787,4,medium,43,item,
119.0,1.2394059,1,tail,43,item,
122.0,1.5060551,2,medium,43,item,
123.0,1.3685557,2,medium,43,item,
125.0,1.892247,4,medium,43,item,
131.0,1.4895445,2,medium,43,item,
132.0,1.4246538,4,medium,43,item,
133.0,1.3432902,2,medium,43,item,
134.0,1.3288708,4,medium,43,item,
135.0,1.4348626,3,medium,43,item,
136.0,1.4903083,3,medium,43,item,
138.0,1.1456621,1,tail,43,item,
139.0,1.2392924,1,tail,43,item,
143.0,1.5294622,3,medium,43,item,
146.0,1.7496004,3,medium,43,item,
153.0,0.9953096,1,tail,43,item,
156.0,1.2209226,1,tail,43,item,
158.0,2.0136216,5,medium,43,item,
159.0,1.8010815,9,head,43,item,
160.0,1.6088706,8,head,43,item,
162.0,1.3037149,4,medium,43,item,
163.0,2.0103817,7,head,43,item,
164.0,0.98775315,1,tail,43,item,
165.0,1.7039903,6,medium,43,item,
166.0,1.983015,11,head,43,item,
168.0,2.3567648,8,head,43,item,
173.0,1.485703,2,medium,43,item,
174.0,1.0923827,1,tail,43,item,
175.0,1.2956543,2,medium,43,item,
176.0,1.250914,2,medium,43,item,
178.0,1.7910707,4,medium,43,item,
179.0,1.1611636,1,tail,43,item,
180.0,1.1355919,1,tail,43,item,
194.0,1.7733502,8,head,43,item,
195.0,1.2549009,1,tail,43,item,
196.0,1.1823705,2,medium,43,item,
199.0,1.6775749,8,head,43,item,
200.0,1.218527,1,tail,43,item,
201.0,1.5267433,2,medium,43,item,
202.0,1.235312,2,medium,43,item,
203.0,1.8904346,7,head,43,item,
206.0,1.0708368,1,tail,43,item,
209.0,1.8448833,4,medium,43,item,
210.0,0.93026215,2,medium,43,item,
212.0,0.8426549,1,tail,43,item,
216.0,1.1198703,1,tail,43,item,
219.0,1.4812721,2,medium,43,item,
222.0,1.1302027,1,tail,43,item,
225.0,3.5320907,39,head,43,item,
229.0,1.3818496,2,medium,43,item,
232.0,1.6511494,3,medium,43,item,
235.0,1.4457392,2,medium,43,item,
236.0,1.0967333,1,tail,43,item,
243.0,1.2340726,1,tail,43,item,
244.0,0.7481747,1,tail,43,item,
250.0,1.6061007,2,medium,43,item,
257.0,1.181265,1,tail,43,item,
258.0,1.855161,9,head,43,item,
259.0,1.2506307,3,medium,43,item,
266.0,2.0491064,7,head,43,item,
267.0,1.4080013,3,medium,43,item,
270.0,1.075895,2,medium,43,item,
271.0,1.20543,1,tail,43,item,
273.0,1.6732159,7,head,43,item,
275.0,1.7805196,3,medium,43,item,
279.0,2.3683834,7,head,43,item,
281.0,1.4014647,2,medium,43,item,
282.0,1.4340178,2,medium,43,item,
284.0,1.9258373,10,head,43,item,
285.0,1.8161426,3,medium,43,item,
,0.8488038,1,tail,43,user,0.0
,0.7555098,3,head,43,user,1.0
,0.82630813,2,head,43,user,2.0
,1.0541638,2,head,43,user,3.0
,0.6210502,1,tail,43,user,4.0
,0.7970985,2,head,43,user,5.0
,1.2600104,1,tail,43,user,6.0
,1.1562536,4,head,43,user,7.0
,0.82585263,3,head,43,user,8.0
,0.86303824,3,head,43,user,9.0
,0.8069015,2,head,43,user,10.0
,1.2722144,1,tail,43,user,11.0
,0.76076615,2,head,43,user,12.0
,1.2998751,2,head,43,user,13.0
,0.86233807,1,tail,43,user,14.0
,0.78450555,2,head,43,user,15.0
,0.6998867,1,tail,43,user,16.0
,1.313747,1,tail,43,user,17.0
,0.6580795,1,tail,43,user,18.0
,0.7179055,1,tail,43,user,19.0
,0.6435582,1,tail,43,user,20.0
,0.75507337,3,head,43,user,21.0
,1.0693282,1,tail,43,user,22.0
,0.7349792,2,head,43,user,23.0
,0.74511534,2,head,43,user,24.0
,0.7449105,2,head,43,user,25.0
,0.76010317,2,head,43,user,26.0
,0.7258123,2,head,43,user,27.0
,0.7758388,3,head,43,user,28.0
,0.7237828,2,head,43,user,29.0
,0.8688604,1,tail,43,user,30.0
,0.72041535,3,head,43,user,31.0
,0.8442118,2,head,43,user,32.0
,1.1400613,1,tail,43,user,33.0
,0.7671774,2,head,43,user,34.0
,0.670111,1,tail,43,user,35.0
,1.1761503,2,head,43,user,36.0
,0.7786147,2,head,43,user,37.0
,1.2049893,1,tail,43,user,38.0
,0.70497805,1,tail,43,user,39.0
,1.0771596,1,tail,43,user,40.0
,0.66849655,1,tail,43,user,41.0
,0.7364115,2,head,43,user,42.0
,0.62581354,1,tail,43,user,43.0
,0.9751799,2,head,43,user,44.0
,0.7875078,2,head,43,user,45.0
,0.84392977,2,head,43,user,46.0
,1.0333279,1,tail,43,user,47.0
,0.80530715,3,head,43,user,48.0
,0.7589496,2,head,43,user,49.0
,0.6928134,1,tail,43,user,50.0
,0.9095082,2,head,43,user,51.0
,1.0299042,1,tail,43,user,52.0
,0.78602463,2,head,43,user,53.0
,0.8545981,2,head,43,user,54.0
,0.67065865,1,tail,43,user,55.0
,0.7716198,3,head,43,user,56.0
,0.7272672,2,head,43,user,57.0
,0.7586133,2,head,43,user,58.0
,0.76356506,3,head,43,user,59.0
,0.6961603,1,tail,43,user,60.0
,0.79535186,3,head,43,user,61.0
,0.6879105,1,tail,43,user,62.0
,1.1760397,1,tail,43,user,63.0
,0.8080487,1,tail,43,user,64.0
,0.81988317,2,head,43,user,65.0
,0.87737405,3,head,43,user,66.0
,0.71047,1,tail,43,user,67.0
,0.7537953,2,head,43,user,68.0
,1.1694368,2,head,43,user,69.0
,0.8173666,2,head,43,user,70.0
,0.788828,2,head,43,user,71.0
,0.8183016,3,head,43,user,72.0
,0.7871166,2,head,43,user,73.0
,1.1170855,1,tail,43,user,74.0
,0.8058667,2,head,43,user,75.0
,0.6638517,1,tail,43,user,76.0
,0.7533762,2,head,43,user,77.0
,0.812751,1,tail,43,user,78.0
,1.0550506,2,head,43,user,79.0
,1.1855764,1,tail,43,user,80.0
,1.115066,2,head,43,user,81.0
,0.9701763,1,tail,43,user,82.0
,0.7703259,2,head,43,user,83.0
,0.7727828,2,head,43,user,84.0
,1.1903136,1,tail,43,user,85.0
,0.80309075,2,head,43,user,86.0
,0.82733965,3,head,43,user,87.0
,0.97033644,1,tail,43,user,88.0
,0.64174753,1,tail,43,user,89.0
,0.7873205,2,head,43,user,90.0
,1.2327558,1,tail,43,user,91.0
,0.7696986,2,head,43,user,92.0
,0.73638624,2,head,43,user,93.0
,0.80122143,2,head,43,user,94.0
,0.7173495,1,tail,43,user,95.0
,0.9921026,1,tail,43,user,96.0
,0.82908154,2,head,43,user,97.0
,0.7670663,2,head,43,user,98.0
,0.8882303,3,head,43,user,99.0
,1.1430831,3,head,43,user,100.0
,1.0524819,1,tail,43,user,101.0
,0.9344826,3,head,43,user,102.0
,0.68545085,1,tail,43,user,103.0
,0.8258248,1,tail,43,user,104.0
,0.7457872,2,head,43,user,105.0
,1.2597558,3,head,43,user,106.0
,0.7661683,2,head,43,user,107.0
,1.3311565,4,head,43,user,108.0
,0.9644574,1,tail,43,user,109.0
,0.76556444,3,head,43,user,110.0
,1.1457771,1,tail,43,user,111.0
,1.1608777,1,tail,43,user,112.0
,0.821714,1,tail,43,user,113.0
,1.1194568,1,tail,43,user,114.0
,1.0856485,1,tail,43,user,115.0
,0.72670764,1,tail,43,user,116.0
,0.73865336,2,head,43,user,117.0
,0.76149476,2,head,43,user,118.0
,0.6753075,1,tail,43,user,119.0
,1.2749025,2,head,43,user,120.0
,1.2623297,3,head,43,user,121.0
,0.7939499,2,head,43,user,122.0
,0.78331953,2,head,43,user,123.0
,0.86232716,3,head,43,user,124.0
,0.7907206,2,head,43,user,125.0
,1.0506883,1,tail,43,user,126.0
,0.88508666,1,tail,43,user,127.0
,0.84480214,3,head,43,user,128.0
,1.1404703,1,tail,43,user,129.0
,0.76287043,2,head,43,user,130.0
,0.78017205,1,tail,43,user,131.0
,0.81151426,3,head,43,user,132.0
,1.2732558,1,tail,43,user,133.0
,0.7618403,2,head,43,user,134.0
,0.799361,2,head,43,user,135.0
,0.8023152,1,tail,43,user,136.0
,0.91666025,1,tail,43,user,137.0
,0.6185054,1,tail,43,user,138.0
,1.1347255,1,tail,43,user,139.0
,1.0273846,2,head,43,user,140.0
,1.0627927,1,tail,43,user,141.0
,0.69815624,1,tail,43,user,142.0
,0.78358126,2,head,43,user,143.0
,0.7548713,2,head,43,user,144.0
,0.84919494,3,head,43,user,145.0
,0.6699828,1,tail,43,user,146.0
,1.0383523,1,tail,43,user,147.0
,1.0920388,1,tail,43,user,148.0
,0.66923475,1,tail,43,user,149.0
,0.7292915,2,head,43,user,150.0
,1.070607,1,tail,43,user,151.0
,1.1087221,1,tail,43,user,152.0
,0.72509444,2,head,43,user,153.0
,0.8890964,1,tail,43,user,154.0
,0.8553751,3,head,43,user,155.0
,0.72195476,2,head,43,user,156.0
,0.8596411,2,head,43,user,157.0
,0.8086264,2,head,43,user,158.0
,1.1351602,1,tail,43,user,159.0
,0.77141327,2,head,43,user,160.0
,0.8117825,2,head,43,user,161.0
,0.7027094,1,tail,43,user,162.0
,1.0100546,1,tail,43,user,163.0
,0.636546,1,tail,43,user,164.0
,0.69336104,1,tail,43,user,165.0
,0.8433654,2,head,43,user,166.0
,0.81458676,2,head,43,user,167.0
,0.74702233,2,head,43,user,168.0
,0.77495915,2,head,43,user,169.0
,0.81762904,3,head,43,user,170.0
,0.76280665,1,tail,43,user,171.0
,0.66300684,1,tail,43,user,172.0
,0.8304442,2,head,43,user,173.0
,0.7029593,1,tail,43,user,174.0
,1.0128585,1,tail,43,user,175.0
,1.0867132,1,tail,43,user,176.0
,0.8542502,1,tail,43,user,177.0
,1.1303766,1,tail,43,user,178.0
,0.7789996,2,head,43,user,179.0
,1.0660111,1,tail,43,user,180.0
,0.9513507,1,tail,43,user,181.0
,0.5941237,1,tail,43,user,182.0
,0.88834965,1,tail,43,user,183.0
,0.77922523,2,head,43,user,184.0
,0.968009,2,head,43,user,185.0
,0.67829895,1,tail,43,user,186.0
,0.8324777,3,head,43,user,187.0
,1.041881,2,head,43,user,188.0
,0.99007165,1,tail,43,user,189.0
,0.8040635,1,tail,43,user,190.0
,0.7754156,2,head,43,user,191.0
,0.64027447,1,tail,43,user,192.0
,1.0751489,1,tail,43,user,193.0
,1.4098419,6,head,43,user,194.0
,0.82328135,2,head,43,user,195.0
,0.8587558,2,head,43,user,196.0
,0.783635,2,head,43,user,197.0
,0.77530384,2,head,43,user,198.0
,0.782919,2,head,43,user,199.0
,1.1316897,1,tail,43,user,200.0
,0.64822125,1,tail,43,user,201.0
,0.81029606,1,tail,43,user,202.0
,0.88878006,1,tail,43,user,203.0
,1.1919631,1,tail,43,user,204.0
,0.6322446,1,tail,43,user,205.0
,1.3865335,4,head,43,user,206.0
,0.6862601,1,tail,43,user,207.0
,1.1303948,1,tail,43,user,208.0
,0.98163056,1,tail,43,user,209.0
,0.72327507,1,tail,43,user,210.0
,0.78537154,2,head,43,user,211.0
,0.80790734,3,head,43,user,212.0
,1.167886,1,tail,43,user,213.0
,0.8522284,1,tail,43,user,214.0
,0.85021055,3,head,43,user,215.0
,0.83394265,2,head,43,user,216.0
,0.7776036,2,head,43,user,217.0
,1.0657922,1,tail,43,user,218.0
,0.79648316,1,tail,43,user,219.0
,1.1710835,2,head,43,user,220.0
,1.0836023,1,tail,43,user,221.0
,0.7861509,2,head,43,user,222.0
,0.6748179,1,tail,43,user,223.0
,0.722698,2,head,43,user,224.0
,0.77250695,2,head,43,user,225.0
,1.2054738,1,tail,43,user,226.0
,0.8592824,2,head,43,user,227.0
,0.73785055,2,head,43,user,228.0
,0.8110594,2,head,43,user,229.0
,0.8401955,1,tail,43,user,230.0
,1.4546405,3,head,43,user,231.0
,0.6966962,2,head,43,user,232.0
,1.1361291,2,head,43,user,233.0
,1.3803264,2,head,43,user,234.0
,1.041103,1,tail,43,user,235.0
,1.3338327,2,head,43,user,236.0
,0.8293399,1,tail,43,user,237.0
,1.0960423,1,tail,43,user,238.0
,0.90251464,3,head,43,user,239.0
,0.8417054,3,head,43,user,240.0
,0.75565577,1,tail,43,user,241.0
,0.8225139,3,head,43,user,242.0
,0.9174663,1,tail,43,user,243.0
,0.77391607,2,head,43,user,244.0
,0.62482864,1,tail,43,user,245.0
,0.8273145,3,head,43,user,246.0
,0.6450631,1,tail,43,user,247.0
,0.83750004,2,head,43,user,248.0
,0.7703906,2,head,43,user,249.0
,1.1193556,1,tail,43,user,250.0
,1.0785316,2,head,43,user,251.0
,1.2054371,1,tail,43,user,252.0
,0.7546826,3,head,43,user,253.0
,1.1528499,1,tail,43,user,254.0
,0.7241532,2,head,43,user,255.0
,0.7675013,2,head,43,user,256.0
,1.225936,1,tail,43,user,257.0
,0.6868168,1,tail,43,user,258.0
,0.7067087,2,head,43,user,259.0
,0.6639131,1,tail,43,user,260.0
,1.1768197,1,tail,43,user,261.0
,1.0920514,1,tail,43,user,262.0
,0.671026,1,tail,43,user,263.0
,0.8801259,1,tail,43,user,264.0
,1.0833814,1,tail,43,user,265.0
,0.81464076,4,head,43,user,266.0
,0.6485347,1,tail,43,user,267.0
,0.73515415,2,head,43,user,268.0
,0.79289985,2,head,43,user,269.0
,1.122931,1,tail,43,user,270.0
,0.7013582,2,head,43,user,271.0
,1.0150557,1,tail,43,user,272.0
,1.1728606,1,tail,43,user,273.0
,0.8857239,1,tail,43,user,274.0
,0.74124986,2,head,43,user,275.0
,0.9756746,1,tail,43,user,276.0
,0.8523737,2,head,43,user,277.0
,0.7782362,3,head,43,user,278.0
,1.2360499,1,tail,43,user,279.0
,0.650843,1,tail,43,user,280.0
,0.688988,1,tail,43,user,281.0
,0.9011331,3,head,43,user,282.0
,0.6845268,1,tail,43,user,283.0
,0.8703491,1,tail,43,user,284.0
,1.0945096,3,head,43,user,285.0
,0.8786303,3,head,43,user,286.0
,0.79264486,2,head,43,user,287.0
,1.0371501,1,tail,43,user,288.0
,0.8222107,3,head,43,user,289.0
,0.7670992,2,head,43,user,290.0
,0.7498045,3,head,43,user,291.0
,0.87585706,3,head,43,user,292.0
,0.78116155,2,head,43,user,293.0
,1.0524439,1,tail,43,user,294.0
,0.6640426,1,tail,43,user,295.0
,0.75024396,2,head,43,user,296.0
,1.042539,1,tail,43,user,297.0
,0.84697115,2,head,43,user,298.0
,0.8645145,2,head,43,user,299.0
,0.80599624,2,head,43,user,300.0
,1.0578299,1,tail,43,user,301.0
,0.82740873,2,head,43,user,302.0
,0.7732297,2,head,43,user,303.0
,0.855522,3,head,43,user,304.0
,0.81162804,2,head,43,user,305.0
,0.787169,2,head,43,user,306.0
,0.75108874,3,head,43,user,307.0
,0.87374973,1,tail,43,user,308.0
,0.6540324,1,tail,43,user,309.0
,1.3545815,2,head,43,user,310.0
,0.81026083,2,head,43,user,311.0
,0.8572386,1,tail,43,user,312.0
,0.8262924,2,head,43,user,313.0
,0.796998,3,head,43,user,314.0
,1.0965136,1,tail,43,user,315.0
,1.109878,1,tail,43,user,316.0
,0.7390219,2,head,43,user,317.0
,1.1393518,1,tail,43,user,318.0
,0.98574144,1,tail,43,user,319.0
,0.79708666,2,head,43,user,320.0
,0.85102236,3,head,43,user,321.0
,0.62125784,1,tail,43,user,322.0
,0.77583957,2,head,43,user,323.0
,1.042461,1,tail,43,user,324.0
,1.1441162,1,tail,43,user,325.0
,0.74187404,1,tail,43,user,326.0
,0.812275,3,head,43,user,327.0
,0.96589774,1,tail,43,user,328.0
,1.1784576,1,tail,43,user,329.0
,1.0962265,1,tail,43,user,330.0
,0.68779784,1,tail,43,user,331.0
,1.1336149,4,head,43,user,332.0
,1.0409716,1,tail,43,user,333.0
,0.7945654,2,head,43,user,334.0
,0.7430567,1,tail,43,user,335.0
,0.76646453,3,head,43,user,336.0
,0.7784039,2,head,43,user,337.0
,0.7364743,2,head,43,user,338.0
,1.1932317,1,tail,43,user,339.0
,0.7619503,2,head,43,user,340.0
,0.7633648,2,head,43,user,341.0
,0.87456095,3,head,43,user,342.0
,1.0966495,1,tail,43,user,343.0
,0.70683354,1,tail,43,user,344.0
,0.83176506,2,head,43,user,345.0
,0.77245855,2,head,43,user,346.0
,0.78699255,2,head,43,user,347.0
,1.0768557,2,head,43,user,348.0
,0.7779373,3,head,43,user,349.0
,0.7752805,2,head,43,user,350.0
,0.7460864,1,tail,43,user,351.0
,0.77267265,3,head,43,user,352.0
,0.8663848,1,tail,43,user,353.0
,1.0920587,1,tail,43,user,354.0
,0.8479859,3,head,43,user,355.0
,0.7513261,2,head,43,user,356.0
,0.73300993,1,tail,43,user,357.0
,0.7787843,3,head,43,user,358.0
,0.8322461,2,head,43,user,359.0
,0.80218345,2,head,43,user,360.0
,0.73853356,2,head,43,user,361.0
,0.66264606,1,tail,43,user,362.0
,1.17875,1,tail,43,user,363.0
,0.7978751,2,head,43,user,364.0
,1.132871,1,tail,43,user,365.0
,0.8581507,3,head,43,user,366.0
,1.1397454,1,tail,43,user,367.0
,0.9868835,1,tail,43,user,368.0
,0.7615504,2,head,43,user,369.0
,0.8510545,2,head,43,user,370.0
,0.9337269,1,tail,43,user,371.0
,1.2765402,1,tail,43,user,372.0
,0.8553768,1,tail,43,user,373.0
,0.8812333,3,head,43,user,374.0
,1.0010037,1,tail,43,user,375.0
,0.7190665,2,head,43,user,376.0
,0.84187925,3,head,43,user,377.0
,0.78809184,2,head,43,user,378.0
,0.66771203,1,tail,43,user,379.0
,0.7730516,2,head,43,user,380.0
,0.6730634,1,tail,43,user,381.0
,0.7968948,2,head,43,user,382.0
,0.8577815,1,tail,43,user,383.0
,0.8767,2,head,43,user,384.0
,0.8257621,2,head,43,user,385.0
,0.73549384,1,tail,43,user,386.0
,0.82825583,2,head,43,user,387.0
,1.5998657,9,head,43,user,388.0
,0.9331008,1,tail,43,user,389.0
,0.7466765,2,head,43,user,390.0
,0.83905405,3,head,43,user,391.0
,0.92421746,3,head,43,user,392.0
,0.8202824,2,head,43,user,393.0
,0.8199675,2,head,43,user,394.0
,1.2678527,2,head,43,user,395.0
,0.75132,2,head,43,user,396.0
,0.80492604,2,head,43,user,397.0
,1.2010355,1,tail,43,user,398.0
,0.7698729,2,head,43,user,399.0
,1.0545684,1,tail,43,user,400.0
,1.0874935,1,tail,43,user,401.0
,0.82031626,3,head,43,user,402.0
,0.8502779,2,head,43,user,403.0
,0.98470753,1,tail,43,user,404.0
,0.956421,1,tail,43,user,405.0
,0.7647015,2,head,43,user,406.0
,0.66247237,1,tail,43,user,407.0
,0.636766,1,tail,43,user,408.0
,0.7213276,1,tail,43,user,409.0
,0.6981814,1,tail,43,user,410.0
,0.8882048,3,head,43,user,411.0
,0.7922824,2,head,43,user,412.0
,0.76051253,2,head,43,user,413.0
,0.79651713,2,head,43,user,414.0
,1.0878334,1,tail,43,user,415.0
,1.1097695,1,tail,43,user,416.0
,0.7730692,2,head,43,user,417.0
,0.6569625,1,tail,43,user,418.0
,0.81149274,2,head,43,user,419.0
,0.8630929,1,tail,43,user,420.0
,1.0964158,1,tail,43,user,421.0
,0.7595474,2,head,43,user,422.0
,1.2557219,2,head,43,user,423.0
,0.85021645,3,head,43,user,424.0
,1.1942836,1,tail,43,user,425.0
,0.79572445,2,head,43,user,426.0
,1.1326195,1,tail,43,user,427.0
,1.1428752,1,tail,43,user,428.0
,0.856948,1,tail,43,user,429.0
,0.6762983,1,tail,43,user,430.0
,0.78563,2,head,43,user,431.0
,0.8317335,2,head,43,user,432.0
,0.8282142,1,tail,43,user,433.0
,1.1581506,1,tail,43,user,434.0
,0.6862845,1,tail,43,user,435.0
,1.0389655,1,tail,43,user,436.0
,0.8223688,2,head,43,user,437.0
,1.2500242,1,tail,43,user,438.0
,0.68385214,1,tail,43,user,439.0
,0.6284744,1,tail,43,user,440.0
,0.63169426,1,tail,43,user,441.0
,0.785976,2,head,43,user,442.0
,0.61120224,1,tail,43,user,443.0
,0.77656657,2,head,43,user,444.0
,1.0716931,1,tail,43,user,445.0
,0.89508325,3,head,43,user,446.0
,0.7740597,2,head,43,user,447.0
,0.7843736,2,head,43,user,448.0
,0.8190686,2,head,43,user,449.0
,0.7033244,1,tail,43,user,450.0
,0.619902,1,tail,43,user,451.0
,1.1744293,1,tail,43,user,452.0
,0.72565913,1,tail,43,user,453.0
,0.8575952,1,tail,43,user,454.0
,1.1528645,2,head,43,user,455.0
,0.8847846,3,head,43,user,456.0
,0.76909375,2,head,43,user,457.0
,0.845262,3,head,43,user,458.0
,1.1930223,1,tail,43,user,459.0
,0.74432635,2,head,43,user,460.0
,1.0065775,1,tail,43,user,461.0
,0.68136454,1,tail,43,user,462.0
,1.0120142,1,tail,43,user,463.0
,0.8117509,2,head,43,user,464.0
,1.1061825,1,tail,43,user,465.0
,0.70206046,1,tail,43,user,466.0
,0.789788,2,head,43,user,467.0
,0.7794581,3,head,43,user,468.0
,0.6682344,1,tail,43,user,469.0
,0.79459816,3,head,43,user,470.0
,1.1931865,1,tail,43,user,471.0
,0.8912423,1,tail,43,user,472.0
,0.7668621,2,head,43,user,473.0
,0.89592797,3,head,43,user,474.0
,0.8636242,3,head,43,user,475.0
,0.6980206,1,tail,43,user,476.0
,0.77020365,3,head,43,user,477.0
,0.6776166,1,tail,43,user,478.0
,1.1869243,1,tail,43,user,479.0
,0.80770624,3,head,43,user,480.0
,1.1751297,1,tail,43,user,481.0
,0.7807104,2,head,43,user,482.0
,1.1966062,1,tail,43,user,483.0
,0.65092146,1,tail,43,user,484.0
,1.101381,1,tail,43,user,485.0
,1.3845234,6,head,43,user,486.0
,0.8906511,1,tail,43,user,487.0
,0.89987934,2,head,43,user,488.0
,0.87772363,1,tail,43,user,489.0
,0.86825496,1,tail,43,user,490.0
,1.0335637,1,tail,43,user,491.0
,0.755937,2,head,43,user,492.0
,0.77816546,2,head,43,user,493.0
,0.7833803,3,head,43,user,494.0
,0.74356896,2,head,43,user,495.0
,0.86687404,1,tail,43,user,496.0
,0.6434777,1,tail,43,user,497.0
,0.6298919,1,tail,43,user,498.0
,0.77405626,3,head,43,user,499.0
,0.76249975,2,head,43,user,500.0
,0.6780645,1,tail,43,user,501.0
,0.88941824,1,tail,43,user,502.0
,0.7700319,2,head,43,user,503.0
,0.7536872,2,head,43,user,504.0
,1.0133256,1,tail,43,user,505.0
,0.72585523,2,head,43,user,506.0
,0.8311036,3,head,43,user,507.0
,0.7765095,2,head,43,user,508.0
,0.90218633,3,head,43,user,509.0
,1.0106026,1,tail,43,user,510.0
,0.83399475,2,head,43,user,511.0
,0.8551399,3,head,43,user,512.0
,0.7777048,2,head,43,user,513.0
,0.7258968,1,tail,43,user,514.0
,0.6772901,1,tail,43,user,515.0
,0.929117,1,tail,43,user,516.0
,1.1491951,1,tail,43,user,517.0
,0.8268286,3,head,43,user,518.0
,0.8154473,2,head,43,user,519.0
,0.71077204,1,tail,43,user,520.0
,0.7885776,1,tail,43,user,521.0
,1.2331579,1,tail,43,user,522.0
,0.75694627,3,head,43,user,523.0
,1.262045,2,head,43,user,524.0
,1.3094634,3,head,43,user,525.0
,0.8191295,3,head,43,user,526.0
,0.8312065,2,head,43,user,527.0
,0.80097634,2,head,43,user,528.0
,0.8546349,3,head,43,user,529.0
,0.7418393,1,tail,43,user,530.0
,1.024813,4,head,43,user,531.0
,0.8612053,3,head,43,user,532.0
,1.3620155,2,head,43,user,533.0
,0.7931098,2,head,43,user,534.0
,0.64950454,1,tail,43,user,535.0
,0.71364564,1,tail,43,user,536.0
,1.0045146,1,tail,43,user,537.0
,0.7487578,2,head,43,user,538.0
,0.63016367,1,tail,43,user,539.0
,0.9402031,1,tail,43,user,540.0
,1.1530455,1,tail,43,user,541.0
,0.68552583,1,tail,43,user,542.0
,0.82678455,2,head,43,user,543.0
,0.8460034,1,tail,43,user,544.0
,0.831782,1,tail,43,user,545.0
,1.0986493,1,tail,43,user,546.0
,0.7911287,3,head,43,user,547.0
,0.7316276,2,head,43,user,548.0
,0.86751705,2,head,43,user,549.0
,0.7398549,3,head,43,user,550.0
,0.78716123,2,head,43,user,551.0
,0.86569345,3,head,43,user,552.0
,0.8246135,2,head,43,user,553.0
,0.7979189,2,head,43,user,554.0
,1.1359906,2,head,43,user,555.0
,1.203719,1,tail,43,user,556.0
,1.0329789,1,tail,43,user,557.0
,1.3038294,1,tail,43,user,558.0
,1.3071537,2,head,43,user,559.0
,0.6711305,1,tail,43,user,560.0
,0.74596137,3,head,43,user,561.0
,0.8853621,3,head,43,user,562.0
,0.8507831,3,head,43,user,563.0
,0.7801427,3,head,43,user,564.0
,1.2286109,2,head,43,user,565.0
,0.66410637,1,tail,43,user,566.0
,0.8041176,2,head,43,user,567.0
,0.80726177,2,head,43,user,568.0
,1.1694758,1,tail,43,user,569.0
,1.1196845,1,tail,43,user,570.0
,0.7454409,3,head,43,user,571.0
,1.2472794,1,tail,43,user,572.0
,0.79616493,2,head,43,user,573.0
,1.541534,3,head,43,user,574.0
,0.90400994,2,head,43,user,575.0
,0.7134329,2,head,43,user,576.0
,0.7003655,1,tail,43,user,577.0
,0.8396571,1,tail,43,user,578.0
,0.8537642,3,head,43,user,579.0
,0.6339897,1,tail,43,user,580.0
,1.2031634,3,head,43,user,581.0
,0.75087106,3,head,43,user,582.0
,0.69735694,1,tail,43,user,583.0
,0.7758182,3,head,43,user,584.0
,1.1260635,1,tail,43,user,585.0
,0.8781466,1,tail,43,user,586.0
,0.8608213,1,tail,43,user,587.0
,1.1140782,1,tail,43,user,588.0
,0.7819499,2,head,43,user,589.0
,0.8337049,2,head,43,user,590.0
,0.7621002,2,head,43,user,591.0
,0.77752197,2,head,43,user,592.0
,1.1197108,3,head,43,user,593.0
,0.72049624,2,head,43,user,594.0
,0.8367431,3,head,43,user,595.0
,1.1573247,1,tail,43,user,596.0
,0.68264526,2,head,43,user,597.0
,0.81645304,3,head,43,user,598.0
,1.150051,1,tail,43,user,599.0
,0.73158693,2,head,43,user,600.0
,1.0128202,1,tail,43,user,601.0
,0.7138918,2,head,43,user,602.0
,1.1038759,1,tail,43,user,603.0
,0.8279043,2,head,43,user,604.0
,0.8592753,2,head,43,user,605.0
,1.2074741,1,tail,43,user,606.0
,0.7772351,3,head,43,user,607.0
,0.9753541,1,tail,43,user,608.0
,0.685341,1,tail,43,user,609.0
,0.8340033,1,tail,43,user,610.0
,0.7194766,2,head,43,user,611.0
,0.6827871,1,tail,43,user,612.0
,1.1428761,1,tail,43,user,613.0
,1.1207327,1,tail,43,user,614.0
,0.77048916,2,head,43,user,615.0
,0.74837434,1,tail,43,user,616.0
,1.0100042,1,tail,43,user,617.0
,1.1576297,1,tail,43,user,618.0
,0.80137813,2,head,43,user,619.0
,1.1409206,2,head,43,user,620.0
,0.8372775,1,tail,43,user,621.0
,0.8177058,2,head,43,user,622.0
,0.72094953,1,tail,43,user,623.0
,1.0814104,1,tail,43,user,624.0
,0.7417161,2,head,43,user,625.0
,0.78685045,3,head,43,user,626.0
,0.7339085,3,head,43,user,627.0
,0.85555553,2,head,43,user,628.0
,0.78791827,2,head,43,user,629.0
,0.60883015,1,tail,43,user,630.0
,0.71664774,1,tail,43,user,631.0
,0.7786925,2,head,43,user,632.0
,0.87740004,3,head,43,user,633.0
,0.7065436,1,tail,43,user,634.0
,0.8940405,3,head,43,user,635.0
,1.1835979,2,head,43,user,636.0
,0.75071,2,head,43,user,637.0
,0.8024312,2,head,43,user,638.0
,1.2382889,3,head,43,user,639.0
,0.6740109,1,tail,43,user,640.0
,0.7902606,2,head,43,user,641.0
,1.1698055,1,tail,43,user,642.0
,0.71019906,2,head,43,user,643.0
,0.65493155,1,tail,43,user,644.0
,0.7130996,2,head,43,user,645.0
,0.74069804,2,head,43,user,646.0
,0.6804916,1,tail,43,user,647.0
,0.7603625,2,head,43,user,648.0
,1.092465,1,tail,43,user,649.0
,0.79551136,3,head,43,user,650.0
,0.73587435,2,head,43,user,651.0
,0.7644821,2,head,43,user,652.0
,0.80505466,2,head,43,user,653.0
,0.76867694,2,head,43,user,654.0
,0.7979376,3,head,43,user,655.0
,0.84978807,3,head,43,user,656.0
,1.0101238,1,tail,43,user,657.0
,0.9493291,1,tail,43,user,658.0
,0.69648665,1,tail,43,user,659.0
,0.9662373,1,tail,43,user,660.0
,0.8001466,3,head,43,user,661.0
,0.86887795,3,head,43,user,662.0
,0.8234785,3,head,43,user,663.0
,0.8210927,2,head,43,user,664.0
,0.8115343,1,tail,43,user,665.0
,1.0820389,1,tail,43,user,666.0
,1.1916234,1,tail,43,user,667.0
,0.84267575,2,head,43,user,668.0
,0.71659154,2,head,43,user,669.0
,1.0133849,1,tail,43,user,670.0
,1.0015732,1,tail,43,user,671.0
,0.88955706,3,head,43,user,672.0
,1.070397,1,tail,43,user,673.0
,0.7187735,1,tail,43,user,674.0
,0.7535214,1,tail,43,user,675.0
,1.1551744,2,head,43,user,676.0
,0.6593482,1,tail,43,user,677.0
,1.130932,1,tail,43,user,678.0
,0.8491139,3,head,43,user,679.0
,0.6864377,1,tail,43,user,680.0
,1.1561203,1,tail,43,user,681.0
,0.7794751,2,head,43,user,682.0
,0.8199505,2,head,43,user,683.0
,0.7667571,2,head,43,user,684.0
,0.8374945,2,head,43,user,685.0
,0.6302862,1,tail,43,user,686.0
,0.75695133,1,tail,43,user,687.0
,0.6510607,1,tail,43,user,688.0
,0.7470104,2,head,43,user,689.0
,1.1378608,2,head,43,user,690.0
,1.3271513,2,head,43,user,691.0
,0.83431524,2,head,43,user,692.0
,0.7087887,1,tail,43,user,693.0
,1.1919067,1,tail,43,user,694.0
,0.8243684,2,head,43,user,695.0
,0.7764659,2,head,43,user,696.0
,0.6647574,1,tail,43,user,697.0
,0.81464237,3,head,43,user,698.0
,1.1990342,1,tail,43,user,699.0
,0.7189978,1,tail,43,user,700.0
,0.7439376,2,head,43,user,701.0
,0.8515476,3,head,43,user,702.0
,0.64014393,1,tail,43,user,703.0
,0.8199299,2,head,43,user,704.0
,1.007947,1,tail,43,user,705.0
,0.9636972,1,tail,43,user,706.0
,0.80437064,2,head,43,user,707.0
,0.7317541,2,head,43,user,708.0
,0.76730263,2,head,43,user,709.0
,0.7492864,2,head,43,user,710.0
,1.2017349,1,tail,43,user,711.0
,0.80904156,2,head,43,user,712.0
,0.8370507,2,head,43,user,713.0
,0.69205475,1,tail,43,user,714.0
,0.7825294,2,head,43,user,715.0
,0.7660574,2,head,43,user,716.0
,0.6538758,1,tail,43,user,717.0
,0.78526694,3,head,43,user,718.0
,0.7704704,2,head,43,user,719.0
,1.0215994,4,head,43,user,720.0
,0.9756166,1,tail,43,user,721.0
,0.7840806,2,head,43,user,722.0
,0.87217313,3,head,43,user,723.0
,0.71839285,2,head,43,user,724.0
,0.72094166,1,tail,43,user,725.0
,0.7407625,2,head,43,user,726.0
,0.7836191,3,head,43,user,727.0
,1.2920412,2,head,43,user,728.0
,0.82395333,2,head,43,user,729.0
,0.8584587,3,head,43,user,730.0
,0.78057253,2,head,43,user,731.0
,0.8576611,2,head,43,user,732.0
,0.80230933,2,head,43,user,733.0
,0.72647166,2,head,43,user,734.0
,0.73718905,3,head,43,user,735.0
,0.8871349,3,head,43,user,736.0
,1.2674794,1,tail,43,user,737.0
,0.7601524,3,head,43,user,738.0
,0.7511331,2,head,43,user,739.0
,0.79995084,3,head,43,user,740.0
,0.81410116,2,head,43,user,741.0
,1.2810798,5,head,43,user,742.0
,0.8062099,3,head,43,user,743.0
,0.8045092,2,head,43,user,744.0
,0.81870073,1,tail,43,user,745.0
,1.2662617,1,tail,43,user,746.0
,0.68935966,1,tail,43,user,747.0
,1.0792551,2,head,43,user,748.0
,0.728861,1,tail,43,user,749.0
,0.85692793,2,head,43,user,750.0
,1.2102773,1,tail,43,user,751.0
,0.6640525,1,tail,43,user,752.0
,0.653103,1,tail,43,user,753.0
,1.0587751,1,tail,43,user,754.0
,1.0019431,1,tail,43,user,755.0
,0.7195999,1,tail,43,user,756.0
,0.71137315,1,tail,43,user,757.0
,0.6522825,1,tail,43,user,758.0
,0.801158,2,head,43,user,759.0
,0.8249286,2,head,43,user,760.0
,0.82759666,3,head,43,user,761.0
,0.7568563,2,head,43,user,762.0
,0.75188375,2,head,43,user,763.0
,0.914485,3,head,43,user,764.0
,0.8216497,2,head,43,user,765.0
,0.73002225,2,head,43,user,766.0
,0.7955132,2,head,43,user,767.0
,1.2492534,1,tail,43,user,768.0
,0.805598,3,head,43,user,769.0
,0.8964569,1,tail,43,user,770.0
,1.0849531,1,tail,43,user,771.0
,1.095552,2,head,43,user,772.0
,1.1302216,1,tail,43,user,773.0
,1.2744875,2,head,43,user,774.0
,0.85262537,3,head,43,user,775.0
,1.1383857,1,tail,43,user,776.0
,0.80019635,2,head,43,user,777.0
,0.8527088,3,head,43,user,778.0
,1.4244107,3,head,43,user,779.0
,0.809769,3,head,43,user,780.0
,1.1384563,2,head,43,user,781.0
,0.78860784,2,head,43,user,782.0
,1.1617284,1,tail,43,user,783.0
,1.1759655,1,tail,43,user,784.0
,0.75724274,2,head,43,user,785.0
,0.6405359,1,tail,43,user,786.0
,0.6530565,1,tail,43,user,787.0
,0.8649999,1,tail,43,user,788.0
,1.1295592,1,tail,43,user,789.0
,0.85195255,3,head,43,user,790.0
,1.0366384,2,head,43,user,791.0
,1.2584828,1,tail,43,user,792.0
,1.1738137,1,tail,43,user,793.0
,0.66460013,1,tail,43,user,794.0
,1.2648965,2,head,43,user,795.0
,1.0213104,1,tail,43,user,796.0
,0.8585998,2,head,43,user,797.0
,0.826696,2,head,43,user,798.0
,1.0156027,1,tail,43,user,799.0
,0.92455035,3,head,43,user,800.0
,1.2164884,1,tail,43,user,801.0
,0.8048416,3,head,43,user,802.0
,1.2050732,2,head,43,user,803.0
,0.8026685,2,head,43,user,804.0
,1.1253787,1,tail,43,user,805.0
,0.6340953,1,tail,43,user,806.0
,1.0602223,1,tail,43,user,807.0
,1.1987708,1,tail,43,user,808.0
,0.82766676,2,head,43,user,809.0
,1.1468818,1,tail,43,user,810.0
,0.8283868,2,head,43,user,811.0
,1.1729047,2,head,43,user,812.0
,0.7135988,2,head,43,user,813.0
,0.8184156,2,head,43,user,814.0
,0.7283227,3,head,43,user,815.0
,0.83432543,2,head,43,user,816.0
,1.0886375,1,tail,43,user,817.0
,0.81385374,3,head,43,user,818.0
,0.81843716,3,head,43,user,819.0
,0.92835665,3,head,43,user,820.0
,1.1272463,1,tail,43,user,821.0
,0.7604804,2,head,43,user,822.0
,0.882621,3,head,43,user,823.0
,0.6369314,2,head,43,user,824.0
,0.7756367,2,head,43,user,825.0
,0.87417936,3,head,43,user,826.0
,0.7112935,1,tail,43,user,827.0
,0.7687579,2,head,43,user,828.0
,0.7048495,2,head,43,user,829.0
,0.79794186,2,head,43,user,830.0
,0.6486222,1,tail,43,user,831.0
,0.8644333,3,head,43,user,832.0
,0.747401,2,head,43,user,833.0
,0.73827237,2,head,43,user,834.0
,0.72060746,1,tail,43,user,835.0
,0.8792376,3,head,43,user,836.0
,0.8074794,2,head,43,user,837.0
,0.7005072,1,tail,43,user,838.0
,1.0720211,1,tail,43,user,839.0
,0.86585003,3,head,43,user,840.0
,0.763908,2,head,43,user,841.0
,0.80683666,2,head,43,user,842.0
,1.3254224,2,head,43,user,843.0
,0.84336895,1,tail,43,user,844.0
,0.87265253,3,head,43,user,845.0
,0.8707731,3,head,43,user,846.0
,0.6449671,1,tail,43,user,847.0
,1.0243459,1,tail,43,user,848.0
,1.1554708,2,head,43,user,849.0
,0.8049421,2,head,43,user,850.0
,0.78862363,2,head,43,user,851.0
,1.0597361,1,tail,43,user,852.0
,0.7520574,2,head,43,user,853.0
,0.82523525,2,head,43,user,854.0
,0.679812,1,tail,43,user,855.0
,0.6513604,1,tail,43,user,856.0
,0.7049528,1,tail,43,user,857.0
,0.69052434,1,tail,43,user,858.0
,0.7385833,2,head,43,user,859.0
,1.1179115,1,tail,43,user,860.0
,0.83941716,2,head,43,user,861.0
,1.1223828,1,tail,43,user,862.0
,0.7649038,2,head,43,user,863.0
,1.0781064,1,tail,43,user,864.0
,1.2584736,4,head,43,user,865.0
,1.1625444,1,tail,43,user,866.0
,0.73818034,1,tail,43,user,867.0
,1.0549268,1,tail,43,user,868.0
,1.0522045,2,head,43,user,869.0
,1.1546344,1,tail,43,user,870.0
,0.7016938,1,tail,43,user,871.0
,0.65181625,1,tail,43,user,872.0
,0.6926671,1,tail,43,user,873.0
,1.076075,1,tail,43,user,874.0
,1.1513147,1,tail,43,user,875.0
,0.65207887,1,tail,43,user,876.0
,0.8150183,1,tail,43,user,877.0
,0.69520247,1,tail,43,user,878.0
,1.0649881,1,tail,43,user,879.0
,0.83776677,3,head,43,user,880.0
,0.92415667,1,tail,43,user,881.0
,0.8691119,2,head,43,user,882.0
,0.6316266,1,tail,43,user,883.0
,0.80482733,2,head,43,user,884.0
,0.7454544,2,head,43,user,885.0
,0.8374446,3,head,43,user,886.0
,0.7650024,2,head,43,user,887.0
,0.7087096,1,tail,43,user,888.0
,0.8316464,3,head,43,user,889.0
,0.7665507,2,head,43,user,890.0
,1.0386693,1,tail,43,user,891.0
,0.83627164,1,tail,43,user,892.0
,0.7980927,2,head,43,user,893.0
,0.89909333,3,head,43,user,894.0
,0.6619423,1,tail,43,user,895.0
,0.8144393,2,head,43,user,896.0
,0.7699215,2,head,43,user,897.0
,0.71852833,1,tail,43,user,898.0
,0.76783246,2,head,43,user,899.0
,0.85593075,1,tail,43,user,900.0
,1.145747,1,tail,43,user,901.0
,0.776527,3,head,43,user,902.0
,1.2362443,2,head,43,user,903.0
,0.8412894,1,tail,43,user,904.0
,0.80632985,2,head,43,user,905.0
,0.6754022,1,tail,43,user,906.0
,0.8666869,3,head,43,user,907.0
,1.242107,2,head,43,user,908.0
,0.8980859,3,head,43,user,909.0
,1.1895701,4,head,43,user,910.0
,0.6630986,1,tail,43,user,911.0
,1.1681108,1,tail,43,user,912.0
,1.2658017,4,head,43,user,913.0
,0.77203244,2,head,43,user,914.0
,1.2505502,1,tail,43,user,915.0
,0.7116679,1,tail,43,user,916.0
,1.3992045,2,head,43,user,917.0
,0.7277075,2,head,43,user,918.0
,0.84607446,3,head,43,user,919.0
,0.6377424,1,tail,43,user,920.0
,1.5316113,2,head,43,user,921.0
,0.7156929,1,tail,43,user,922.0
,0.9880651,1,tail,43,user,923.0
,0.6850898,1,tail,43,user,924.0
,0.84786856,1,tail,43,user,925.0
,0.97497034,1,tail,43,user,926.0
,1.0183148,2,head,43,user,927.0
,0.71677357,1,tail,43,user,928.0
,0.7399418,1,tail,43,user,929.0
,0.72307247,2,head,43,user,930.0
,1.015482,1,tail,43,user,931.0
,0.6288853,1,tail,43,user,932.0
,0.68750876,1,tail,43,user,933.0
,1.2288771,5,head,43,user,934.0
,0.8462813,1,tail,43,user,935.0
,0.76895386,3,head,43,user,936.0
,0.79153967,2,head,43,user,937.0
,0.8681029,1,tail,43,user,938.0
,1.0753169,2,head,43,user,939.0
,0.8196431,3,head,43,user,940.0
,0.7693542,2,head,43,user,941.0
,0.74813676,2,head,43,user,942.0
,0.65253466,1,tail,43,user,943.0
,0.7660007,2,head,43,user,944.0
,0.9258127,1,tail,43,user,945.0
,1.1023972,1,tail,43,user,946.0
,0.82970434,3,head,43,user,947.0
,0.86220944,1,tail,43,user,948.0
,0.74686944,2,head,43,user,949.0
,0.63264626,1,tail,43,user,950.0
,1.1940801,1,tail,43,user,951.0
,0.8247251,3,head,43,user,952.0
,0.8608086,3,head,43,user,953.0
,0.8017106,2,head,43,user,954.0
,0.80237323,2,head,43,user,955.0
,0.84993815,3,head,43,user,956.0
,0.8846371,3,head,43,user,957.0
,0.71259665,2,head,43,user,958.0
,0.80565476,2,head,43,user,959.0
,0.8615512,2,head,43,user,960.0
,0.7815353,2,head,43,user,961.0
,0.79711086,2,head,43,user,962.0
,1.2328703,1,tail,43,user,963.0
,0.82271266,2,head,43,user,964.0
,0.9736348,1,tail,43,user,965.0
,1.2663444,1,tail,43,user,966.0
,0.83688486,2,head,43,user,967.0
,0.7443482,3,head,43,user,968.0
,1.1888219,1,tail,43,user,969.0
,0.7570383,3,head,43,user,970.0
,0.7812012,3,head,43,user,971.0
,0.8105044,2,head,43,user,972.0
,1.0572925,1,tail,43,user,973.0
,1.083762,1,tail,43,user,974.0
,0.7936614,2,head,43,user,975.0
,0.82018703,3,head,43,user,976.0
,0.59673315,1,tail,43,user,977.0
,0.8554116,3,head,43,user,978.0
,1.0263824,1,tail,43,user,979.0
,0.7088779,1,tail,43,user,980.0
,0.7009873,1,tail,43,user,981.0
,1.1694671,1,tail,43,user,982.0
,0.8185252,2,head,43,user,983.0
,0.79881775,2,head,43,user,984.0
,0.8884379,3,head,43,user,985.0
,1.1557022,1,tail,43,user,986.0
,0.7769454,3,head,43,user,987.0
,0.7914733,2,head,43,user,988.0
,0.86427087,3,head,43,user,989.0
,0.77888215,2,head,43,user,990.0
,0.71240044,1,tail,43,user,991.0
,0.76107675,2,head,43,user,992.0
,1.0541571,1,tail,43,user,993.0
,0.98481035,1,tail,43,user,994.0
,0.74285054,2,head,43,user,995.0
,0.85957843,3,head,43,user,996.0
,0.86392325,3,head,43,user,997.0
,1.112003,2,head,43,user,998.0
,0.8051035,3,head,43,user,999.0
,0.85258746,1,tail,43,user,1000.0
,0.7966744,2,head,43,user,1001.0
,0.818897,1,tail,43,user,1002.0
,1.2157834,2,head,43,user,1003.0
,0.8065146,2,head,43,user,1004.0
,0.7201596,2,head,43,user,1005.0
,0.85631454,3,head,43,user,1006.0
,0.75718063,2,head,43,user,1007.0
,1.1071485,1,tail,43,user,1008.0
,0.7980425,2,head,43,user,1009.0
,0.85326934,1,tail,43,user,1010.0
,0.67032254,1,tail,43,user,1011.0
,1.1632178,1,tail,43,user,1012.0
,1.1823872,1,tail,43,user,1013.0
,1.1375928,1,tail,43,user,1014.0
,0.77009445,2,head,43,user,1015.0
,0.8104826,2,head,43,user,1016.0
,1.115089,1,tail,43,user,1017.0
,0.67522067,1,tail,43,user,1018.0
,1.0839918,2,head,43,user,1019.0
,0.68000525,1,tail,43,user,1020.0
,0.8459412,2,head,43,user,1021.0
,0.64973897,1,tail,43,user,1022.0
,0.7320348,2,head,43,user,1023.0
,0.68389755,1,tail,43,user,1024.0
,0.8427032,2,head,43,user,1025.0
,0.7009634,2,head,43,user,1026.0
,0.856366,3,head,43,user,1027.0
,0.86012167,3,head,43,user,1028.0
,0.7676793,2,head,43,user,1029.0
,0.7094308,1,tail,43,user,1030.0
,0.8403563,3,head,43,user,1031.0
,0.8316501,3,head,43,user,1032.0
,0.8765649,3,head,43,user,1033.0
,0.7704395,2,head,43,user,1034.0
,0.7656009,2,head,43,user,1035.0
,0.7567241,2,head,43,user,1036.0
,1.1143109,1,tail,43,user,1037.0
,0.8853192,3,head,43,user,1038.0
,0.91892135,1,tail,43,user,1039.0
,0.8143437,1,tail,43,user,1040.0
,0.67388,1,tail,43,user,1041.0
,1.1826397,1,tail,43,user,1042.0
,0.8351619,3,head,43,user,1043.0
,0.73367715,2,head,43,user,1044.0
,0.84599745,2,head,43,user,1045.0
,0.9330584,1,tail,43,user,1046.0
,1.2209318,1,tail,43,user,1047.0
,0.77491814,2,head,43,user,1048.0
,0.8660666,3,head,43,user,1049.0
,1.0879931,1,tail,43,user,1050.0
,0.8699011,2,head,43,user,1051.0
,0.8124825,2,head,43,user,1052.0
,0.75929874,2,head,43,user,1053.0
,0.6516318,1,tail,43,user,1054.0
,1.1754445,1,tail,43,user,1055.0
,1.177717,1,tail,43,user,1056.0
,0.655052,1,tail,43,user,1057.0
,1.0892922,1,tail,43,user,1058.0
,1.2502835,3,head,43,user,1059.0
,0.81450194,2,head,43,user,1060.0
,1.1540428,1,tail,43,user,1061.0
,1.04598,1,tail,43,user,1062.0
,1.208489,1,tail,43,user,1063.0
,0.8312817,2,head,43,user,1064.0
,0.6311661,1,tail,43,user,1065.0
,0.98955095,2,head,43,user,1066.0
,1.0649159,1,tail,43,user,1067.0
,0.9989282,1,tail,43,user,1068.0
,0.7391692,2,head,43,user,1069.0
,0.67522585,1,tail,43,user,1070.0
,0.67513645,1,tail,43,user,1071.0
,1.1725931,1,tail,43,user,1072.0
,0.7560216,2,head,43,user,1073.0
,0.7771596,2,head,43,user,1074.0
,1.0406616,2,head,43,user,1075.0
,0.7420417,2,head,43,user,1076.0
,0.84852135,3,head,43,user,1077.0
,0.66531867,1,tail,43,user,1078.0
,0.7474286,2,head,43,user,1079.0
,1.2372469,2,head,43,user,1080.0
,0.8092361,2,head,43,user,1081.0
,0.77238286,2,head,43,user,1082.0
,0.841164,2,head,43,user,1083.0
,0.6670067,1,tail,43,user,1084.0
,0.661053,1,tail,43,user,1085.0
,0.8040901,2,head,43,user,1086.0
,0.8450929,3,head,43,user,1087.0
,0.8769874,3,head,43,user,1088.0
,0.8188813,1,tail,43,user,1089.0
,0.65057147,1,tail,43,user,1090.0
,0.7450409,2,head,43,user,1091.0
,0.8693605,3,head,43,user,1092.0
,0.6692177,1,tail,43,user,1093.0
,0.62764424,1,tail,43,user,1094.0
,0.83753544,2,head,43,user,1095.0
,1.3996543,4,head,43,user,1096.0
,1.1992635,1,tail,43,user,1097.0
,0.8334444,3,head,43,user,1098.0
,1.1472398,1,tail,43,user,1099.0
,1.003011,1,tail,43,user,1100.0
,0.8896853,3,head,43,user,1101.0
,0.7755412,2,head,43,user,1102.0
,0.8224272,2,head,43,user,1103.0
,0.63851327,1,tail,43,user,1104.0
,1.0513917,1,tail,43,user,1105.0
,1.1663219,1,tail,43,user,1106.0
,0.57796055,1,tail,43,user,1107.0
,0.73910296,1,tail,43,user,1108.0
,0.74229807,2,head,43,user,1109.0
,0.8236519,1,tail,43,user,1110.0
,1.1630661,1,tail,43,user,1111.0
,0.64994323,1,tail,43,user,1112.0
,1.1681023,1,tail,43,user,1113.0
,0.84048474,3,head,43,user,1114.0
,1.2113277,1,tail,43,user,1115.0
,0.97447324,1,tail,43,user,1116.0
,0.68353564,1,tail,43,user,1117.0
,0.8473452,3,head,43,user,1118.0
,0.7779075,2,head,43,user,1119.0
,0.8491311,2,head,43,user,1120.0
,0.6629802,1,tail,43,user,1121.0
,0.6729609,1,tail,43,user,1122.0
,1.0838863,1,tail,43,user,1123.0
,1.203481,1,tail,43,user,1124.0
,0.70301354,1,tail,43,user,1125.0
,1.0111753,1,tail,43,user,1126.0
,0.8525468,2,head,43,user,1127.0
,0.92243683,1,tail,43,user,1128.0
,0.8451202,1,tail,43,user,1129.0
,0.8158729,3,head,43,user,1130.0
,1.2516868,1,tail,43,user,1131.0
,0.7269574,3,head,43,user,1132.0
,0.635333,1,tail,43,user,1133.0
,0.8070041,2,head,43,user,1134.0
,1.2643769,1,tail,43,user,1135.0
,0.6416897,1,tail,43,user,1136.0
,0.792572,2,head,43,user,1137.0
,0.7380274,1,tail,43,user,1138.0
,0.6549641,1,tail,43,user,1139.0
,0.8328593,2,head,43,user,1140.0
,1.1320981,1,tail,43,user,1141.0
,0.65706307,1,tail,43,user,1142.0
,0.84015214,2,head,43,user,1143.0
,0.9574042,1,tail,43,user,1144.0
,1.1746652,1,tail,43,user,1145.0
,1.3577143,2,head,43,user,1146.0
,0.8033324,2,head,43,user,1147.0
,0.88288313,3,head,43,user,1148.0
,0.83662784,1,tail,43,user,1149.0
,1.248488,1,tail,43,user,1150.0
,0.8066499,3,head,43,user,1151.0
,0.7235672,2,head,43,user,1152.0
,0.8670633,1,tail,43,user,1153.0
,0.7911029,2,head,43,user,1154.0
,1.0448313,1,tail,43,user,1155.0
,0.7761775,3,head,43,user,1156.0
,0.8563857,2,head,43,user,1157.0
,0.75438285,2,head,43,user,1158.0
,1.2767992,2,head,43,user,1159.0
,0.86144996,1,tail,43,user,1160.0
,0.8388205,1,tail,43,user,1161.0
,0.777276,2,head,43,user,1162.0
,1.0953443,1,tail,43,user,1163.0
,1.116003,2,head,43,user,1164.0
,0.63918,1,tail,43,user,1165.0
,0.74053377,2,head,43,user,1166.0
,0.90247947,3,head,43,user,1167.0
,0.65490365,1,tail,43,user,1168.0
,0.7891861,2,head,43,user,1169.0
,0.766377,2,head,43,user,1170.0
,0.777792,2,head,43,user,1171.0
,0.7803196,2,head,43,user,1172.0
,0.60249263,1,tail,43,user,1173.0
,0.8701924,3,head,43,user,1174.0
,0.771935,2,head,43,user,1175.0
,0.6907877,1,tail,43,user,1176.0
,0.743486,3,head,43,user,1177.0
,1.083045,1,tail,43,user,1178.0
,0.8082608,2,head,43,user,1179.0
,0.6256042,1,tail,43,user,1180.0
,0.8207734,2,head,43,user,1181.0
,0.8679758,3,head,43,user,1182.0
,0.8126034,2,head,43,user,1183.0
,0.7623881,2,head,43,user,1184.0
,0.9012534,3,head,43,user,1185.0
,1.0731355,1,tail,43,user,1186.0
,0.7724618,2,head,43,user,1187.0
,0.65092444,1,tail,43,user,1188.0
,0.7522411,2,head,43,user,1189.0
,1.0782145,1,tail,43,user,1190.0
,1.1478919,1,tail,43,user,1191.0
,0.6666758,1,tail,43,user,1192.0
,0.7273409,2,head,43,user,1193.0
,0.7829279,3,head,43,user,1194.0
,0.6995275,2,head,43,user,1195.0
,0.6662181,1,tail,43,user,1196.0
,1.1346031,1,tail,43,user,1197.0
,0.89287,3,head,43,user,1198.0
,0.64123505,1,tail,43,user,1199.0
,0.73512167,2,head,43,user,1200.0
,0.7923384,2,head,43,user,1201.0
,0.813825,2,head,43,user,1202.0
,0.76809597,2,head,43,user,1203.0
,0.7920854,2,head,43,user,1204.0
,1.0737923,1,tail,43,user,1205.0
,0.64015436,1,tail,43,user,1206.0
,0.87553364,3,head,43,user,1207.0
,0.70113766,1,tail,43,user,1208.0
,0.7943269,1,tail,43,user,1209.0
,0.83671916,2,head,43,user,1210.0
,0.84755504,3,head,43,user,1211.0
,0.69946456,1,tail,43,user,1212.0
,1.0823259,1,tail,43,user,1213.0
,0.68128204,1,tail,43,user,1214.0
,1.1625206,2,head,43,user,1215.0
,0.82547307,1,tail,43,user,1216.0
,0.693618,1,tail,43,user,1217.0
,0.8512463,1,tail,43,user,1218.0
,0.7457941,2,head,43,user,1219.0
,1.0325491,1,tail,43,user,1220.0
,0.81984204,2,head,43,user,1221.0
,1.1637454,1,tail,43,user,1222.0
,0.82695454,2,head,43,user,1223.0
,0.6585215,1,tail,43,user,1224.0
,0.79953265,2,head,43,user,1225.0
,1.0913056,1,tail,43,user,1226.0
,1.2317169,3,head,43,user,1227.0
,0.82674867,1,tail,43,user,1228.0
,0.8503973,3,head,43,user,1229.0
,0.72829413,2,head,43,user,1230.0
,0.8060169,2,head,43,user,1231.0
,1.111373,2,head,43,user,1232.0
,1.0819024,3,head,43,user,1233.0
,0.8021423,2,head,43,user,1234.0
,0.7864893,2,head,43,user,1235.0
,0.8891509,3,head,43,user,1236.0
,1.1454146,2,head,43,user,1237.0
,0.82221437,2,head,43,user,1238.0
,1.2828993,3,head,43,user,1239.0
,0.7537638,2,head,43,user,1240.0
,1.1555817,1,tail,43,user,1241.0
,0.7962481,2,head,43,user,1242.0
,0.9750493,1,tail,43,user,1243.0
,0.69429046,1,tail,43,user,1244.0
,0.77921313,2,head,43,user,1245.0
,0.85068554,1,tail,43,user,1246.0
,1.154887,1,tail,43,user,1247.0
,0.7786713,2,head,43,user,1248.0
,0.6952785,1,tail,43,user,1249.0
,0.67742985,1,tail,43,user,1250.0
,1.3620741,3,head,43,user,1251.0
,0.8490288,1,tail,43,user,1252.0
,0.65878,1,tail,43,user,1253.0
,0.7555366,2,head,43,user,1254.0
,0.7670831,2,head,43,user,1255.0
,1.0511473,1,tail,43,user,1256.0
,0.74253875,2,head,43,user,1257.0
,0.914248,3,head,43,user,1258.0
,0.73310894,1,tail,43,user,1259.0
,1.016426,1,tail,43,user,1260.0
,1.2963248,1,tail,43,user,1261.0
,0.7989076,2,head,43,user,1262.0
,1.0793016,2,head,43,user,1263.0
,0.7692196,3,head,43,user,1264.0
,0.6699264,1,tail,43,user,1265.0
,0.72782105,2,head,43,user,1266.0
,0.7977998,2,head,43,user,1267.0
,0.8460239,1,tail,43,user,1268.0
,0.892595,3,head,43,user,1269.0
,0.68860734,1,tail,43,user,1270.0
,1.6052904,3,head,43,user,1271.0
,0.83523625,1,tail,43,user,1272.0
,1.1280335,2,head,43,user,1273.0
,0.86764216,1,tail,43,user,1274.0
,0.7820162,2,head,43,user,1275.0
,0.7182884,2,head,43,user,1276.0
,0.66663605,1,tail,43,user,1277.0
,1.0463748,1,tail,43,user,1278.0
,0.7826842,2,head,43,user,1279.0
,0.82897854,3,head,43,user,1280.0
,0.84323287,1,tail,43,user,1281.0
,0.72930646,2,head,43,user,1282.0
,0.68168384,1,tail,43,user,1283.0
,0.86344683,3,head,43,user,1284.0
,1.058448,1,tail,43,user,1285.0
,0.6990747,1,tail,43,user,1286.0
,0.8710647,3,head,43,user,1287.0
,0.84341586,1,tail,43,user,1288.0
,1.1457376,1,tail,43,user,1289.0
,0.7211506,2,head,43,user,1290.0
,0.7952481,2,head,43,user,1291.0
,0.6101725,1,tail,43,user,1292.0
,0.816233,2,head,43,user,1293.0
,1.1806402,1,tail,43,user,1294.0
,0.7161369,1,tail,43,user,1295.0
,0.8331943,2,head,43,user,1296.0
,1.4142721,6,head,43,user,1297.0
,0.8242533,2,head,43,user,1298.0
,0.8314326,2,head,43,user,1299.0
,0.6455833,1,tail,43,user,1300.0
,0.65136456,1,tail,43,user,1301.0
,0.87436265,1,tail,43,user,1302.0
,0.64128995,1,tail,43,user,1303.0
,0.80795175,3,head,43,user,1304.0
,0.6797161,1,tail,43,user,1305.0
,0.74502486,2,head,43,user,1306.0
,0.7852758,2,head,43,user,1307.0
,1.1661441,1,tail,43,user,1308.0
,0.7845492,3,head,43,user,1309.0
,1.0443174,1,tail,43,user,1310.0
,1.2205513,1,tail,43,user,1311.0
,0.7985377,2,head,43,user,1312.0
,1.0692999,1,tail,43,user,1313.0
,0.7664717,3,head,43,user,1314.0
,0.9001297,3,head,43,user,1315.0
,0.672628,1,tail,43,user,1316.0
,0.8458197,3,head,43,user,1317.0
,1.0054084,1,tail,43,user,1318.0
,0.71753114,2,head,43,user,1319.0
,0.7207167,2,head,43,user,1320.0
,0.7929925,1,tail,43,user,1321.0
,1.0535748,1,tail,43,user,1322.0
,1.1236447,1,tail,43,user,1323.0
,1.1966081,1,tail,43,user,1324.0
,0.8627237,3,head,43,user,1325.0
,0.8548134,2,head,43,user,1326.0
,0.7713263,2,head,43,user,1327.0
,0.7869077,3,head,43,user,1328.0
,0.69356436,1,tail,43,user,1329.0
,0.8728904,3,head,43,user,1330.0
,0.8063935,2,head,43,user,1331.0
,0.7907307,2,head,43,user,1332.0
,0.76832867,2,head,43,user,1333.0
,0.87628245,2,head,43,user,1334.0
,0.84614307,2,head,43,user,1335.0
,0.80066246,2,head,43,user,1336.0
,1.1956207,2,head,43,user,1337.0
,0.8818257,1,tail,43,user,1338.0
,0.7589808,2,head,43,user,1339.0
,1.0795513,1,tail,43,user,1340.0
,0.7970307,2,head,43,user,1341.0
,0.69114536,1,tail,43,user,1342.0
,1.0659838,1,tail,43,user,1343.0
,1.0153344,1,tail,43,user,1344.0
,0.9124511,3,head,43,user,1345.0
,0.75689274,2,head,43,user,1346.0
,0.685502,1,tail,43,user,1347.0
,0.8418113,3,head,43,user,1348.0
,0.8382573,2,head,43,user,1349.0
,0.8861427,3,head,43,user,1350.0
,1.0529807,1,tail,43,user,1351.0
,0.6795588,1,tail,43,user,1352.0
,1.1212214,2,head,43,user,1353.0
,0.76570857,2,head,43,user,1354.0
,0.79190576,2,head,43,user,1355.0
,0.76442486,2,head,43,user,1356.0
,0.8828015,1,tail,43,user,1357.0
,0.65185994,1,tail,43,user,1358.0
,1.2188985,2,head,43,user,1359.0
,1.0847725,1,tail,43,user,1360.0
,0.80081004,2,head,43,user,1361.0
,1.3994476,3,head,43,user,1362.0
,1.0241493,1,tail,43,user,1363.0
,0.6661068,1,tail,43,user,1364.0
,0.6379744,1,tail,43,user,1365.0
,0.8060115,2,head,43,user,1366.0
,0.7899698,2,head,43,user,1367.0
,0.68450314,1,tail,43,user,1368.0
,0.84549373,3,head,43,user,1369.0
,0.9687253,2,head,43,user,1370.0
,1.2408466,1,tail,43,user,1371.0
,0.88197654,1,tail,43,user,1372.0
,0.99685496,1,tail,43,user,1373.0
,0.6279463,1,tail,43,user,1374.0
,1.0885355,1,tail,43,user,1375.0
,0.69261545,1,tail,43,user,1376.0
,0.7682501,3,head,43,user,1377.0
,1.1922055,1,tail,43,user,1378.0
,0.84414,2,head,43,user,1379.0
,0.78416336,2,head,43,user,1380.0
,0.6741453,1,tail,43,user,1381.0
,1.0987047,3,head,43,user,1382.0
,0.89858836,3,head,43,user,1383.0
,0.716662,1,tail,43,user,1384.0
,0.75672054,2,head,43,user,1385.0
,0.8255092,3,head,43,user,1386.0
,0.81546324,2,head,43,user,1387.0
,0.8046538,3,head,43,user,1388.0
,0.7668302,2,head,43,user,1389.0
,1.0869766,1,tail,43,user,1390.0
,0.7253335,2,head,43,user,1391.0
,0.8784285,3,head,43,user,1392.0
,0.8861984,3,head,43,user,1393.0
,0.83999217,2,head,43,user,1394.0
,0.7792841,2,head,43,user,1395.0
,0.8230268,2,head,43,user,1396.0
,0.71462554,1,tail,43,user,1397.0
,0.869847,3,head,43,user,1398.0
,0.8328702,1,tail,43,user,1399.0
,0.8455386,1,tail,43,user,1400.0
,0.76635754,2,head,43,user,1401.0
,0.64349127,1,tail,43,user,1402.0
,0.80970466,3,head,43,user,1403.0
,1.1893355,1,tail,43,user,1404.0
,1.2207395,2,head,43,user,1405.0
,1.1194998,1,tail,43,user,1406.0
,1.429308,4,head,43,user,1407.0
,1.167163,1,tail,43,user,1408.0
,1.3394245,2,head,43,user,1409.0
,1.1605308,1,tail,43,user,1410.0
,1.090056,1,tail,43,user,1411.0
,0.8836327,1,tail,43,user,1412.0
,1.1274451,1,tail,43,user,1413.0
,0.7983454,2,head,43,user,1414.0
,0.639248,1,tail,43,user,1415.0
,0.646126,1,tail,43,user,1416.0
,0.7851799,2,head,43,user,1417.0
,0.97216755,1,tail,43,user,1418.0
,0.9994998,1,tail,43,user,1419.0
,0.7712161,2,head,43,user,1420.0
,0.79549223,2,head,43,user,1421.0
,1.2170854,1,tail,43,user,1422.0
,0.7403163,2,head,43,user,1423.0
,0.6832948,1,tail,43,user,1424.0
,0.78851974,2,head,43,user,1425.0
,1.1770997,1,tail,43,user,1426.0
,0.76944333,2,head,43,user,1427.0
,0.91038305,3,head,43,user,1428.0
,0.75443166,1,tail,43,user,1429.0
,0.75132704,2,head,43,user,1430.0
,0.989321,2,head,43,user,1431.0
,1.0615538,1,tail,43,user,1432.0
,0.7959352,2,head,43,user,1433.0
,1.0717136,3,head,43,user,1434.0
,1.245147,1,tail,43,user,1435.0
,0.67255384,1,tail,43,user,1436.0
,1.2175119,3,head,43,user,1437.0
,0.602597,1,tail,43,user,1438.0
,0.79770887,3,head,43,user,1439.0
,0.7952444,2,head,43,user,1440.0
,1.2199832,1,tail,43,user,1441.0
,0.69814074,1,tail,43,user,1442.0
,0.83922863,3,head,43,user,1443.0
,0.7626676,2,head,43,user,1444.0
,0.6920548,1,tail,43,user,1445.0
,1.1173015,1,tail,43,user,1446.0
,0.8536272,3,head,43,user,1447.0
,0.6599805,1,tail,43,user,1448.0
,0.9558855,1,tail,43,user,1449.0
,1.1646972,1,tail,43,user,1450.0
,0.74042666,2,head,43,user,1451.0
,1.1227547,2,head,43,user,1452.0
,0.76933646,3,head,43,user,1453.0
,0.7662179,2,head,43,user,1454.0
,0.7964815,2,head,43,user,1455.0
,0.81490964,2,head,43,user,1456.0
,0.6593273,1,tail,43,user,1457.0
,1.2556876,2,head,43,user,1458.0
,0.77850735,2,head,43,user,1459.0
,0.8019208,2,head,43,user,1460.0
,0.8710791,1,tail,43,user,1461.0
,0.7281304,2,head,43,user,1462.0
,0.6739684,1,tail,43,user,1463.0
,0.6657405,1,tail,43,user,1464.0
,0.75942105,2,head,43,user,1465.0
,0.8161419,2,head,43,user,1466.0
,0.7615086,2,head,43,user,1467.0
,0.86320907,2,head,43,user,1468.0
,0.6828475,1,tail,43,user,1469.0
,0.6751865,1,tail,43,user,1470.0
,0.8416943,1,tail,43,user,1471.0
,0.76522523,2,head,43,user,1472.0
,0.773813,3,head,43,user,1473.0
,0.8056704,2,head,43,user,1474.0
,0.7181008,1,tail,43,user,1475.0
,0.6720659,1,tail,43,user,1476.0
,1.18983,1,tail,43,user,1477.0
,0.83942306,2,head,43,user,1478.0
,0.7400993,3,head,43,user,1479.0
,1.1160277,2,head,43,user,1480.0
,0.87566906,3,head,43,user,1481.0
,0.857656,1,tail,43,user,1482.0
,0.69643503,1,tail,43,user,1483.0
,1.0292597,1,tail,43,user,1484.0
,0.68993765,1,tail,43,user,1485.0
,0.7900978,2,head,43,user,1486.0
,0.6951405,1,tail,43,user,1487.0
,1.2223378,1,tail,43,user,1488.0
,1.3396794,1,tail,43,user,1489.0
,1.0217798,1,tail,43,user,1490.0
,1.2381786,1,tail,43,user,1491.0
,1.1142735,2,head,43,user,1492.0
,0.87771434,3,head,43,user,1493.0
,0.8373737,3,head,43,user,1494.0
,0.85419106,2,head,43,user,1495.0
,1.3099592,5,head,43,user,1496.0
,0.81939447,2,head,43,user,1497.0
,0.92938757,1,tail,43,user,1498.0
,0.6428676,1,tail,43,user,1499.0
,1.130485,1,tail,43,user,1500.0
,1.056084,1,tail,43,user,1501.0
,0.8283946,2,head,43,user,1502.0
,0.816364,2,head,43,user,1503.0
,0.8668778,2,head,43,user,1504.0
,0.6954871,1,tail,43,user,1505.0
,0.69726175,1,tail,43,user,1506.0
,1.3639792,2,head,43,user,1507.0
,1.0866162,1,tail,43,user,1508.0
,1.0450535,1,tail,43,user,1509.0
,0.89837277,3,head,43,user,1510.0
,1.499356,2,head,43,user,1511.0
,0.6745976,1,tail,43,user,1512.0
,0.58448696,1,tail,43,user,1513.0
,0.90987504,4,head,43,user,1514.0
,0.82665265,3,head,43,user,1515.0
,0.79513544,2,head,43,user,1516.0
,0.7660198,2,head,43,user,1517.0
,0.71173054,1,tail,43,user,1518.0
,0.6540082,1,tail,43,user,1519.0
,1.1033537,1,tail,43,user,1520.0
,1.0155894,2,head,43,user,1521.0
,0.98889333,1,tail,43,user,1522.0
,0.6349478,1,tail,43,user,1523.0
,0.79132485,3,head,43,user,1524.0
,0.86803335,3,head,43,user,1525.0
,0.7922236,2,head,43,user,1526.0
,0.6911092,1,tail,43,user,1527.0
,0.9157295,3,head,43,user,1528.0
,1.043814,1,tail,43,user,1529.0
,0.78391534,3,head,43,user,1530.0
,1.0704929,1,tail,43,user,1531.0
,0.85967,2,head,43,user,1532.0
,1.0450462,3,head,43,user,1533.0
,0.8228825,1,tail,43,user,1534.0
,0.75207156,2,head,43,user,1535.0
,0.63866746,1,tail,43,user,1536.0
,0.87117285,3,head,43,user,1537.0
,0.7786678,3,head,43,user,1538.0
,0.9937735,5,head,43,user,1539.0
,0.67659485,1,tail,43,user,1540.0
,0.7443534,2,head,43,user,1541.0
,0.72446585,2,head,43,user,1542.0
,0.80582553,2,head,43,user,1543.0
,0.6448322,1,tail,43,user,1544.0
,0.91224927,3,head,43,user,1545.0
,0.7442657,2,head,43,user,1546.0
,0.775779,2,head,43,user,1547.0
,0.71947014,2,head,43,user,1548.0
,0.89325583,1,tail,43,user,1549.0
,0.82209975,1,tail,43,user,1550.0
,0.81604815,2,head,43,user,1551.0
,0.9257814,1,tail,43,user,1552.0
,0.7752956,2,head,43,user,1553.0
,1.1341943,1,tail,43,user,1554.0
,1.1923,1,tail,43,user,1555.0
,1.0617983,2,head,43,user,1556.0
,0.74936277,2,head,43,user,1557.0
,0.7064424,2,head,43,user,1558.0
,0.69033813,1,tail,43,user,1559.0
,1.0306519,1,tail,43,user,1560.0
,0.8437608,2,head,43,user,1561.0
,1.066553,1,tail,43,user,1562.0
,1.1193777,1,tail,43,user,1563.0
,0.87765026,3,head,43,user,1564.0
,0.8308406,1,tail,43,user,1565.0
,0.7176908,1,tail,43,user,1566.0
,0.8786423,1,tail,43,user,1567.0
,0.638895,1,tail,43,user,1568.0
,0.7989785,2,head,43,user,1569.0
,1.163741,1,tail,43,user,1570.0
,0.7512528,2,head,43,user,1571.0
,0.6634753,1,tail,43,user,1572.0
,0.7937375,2,head,43,user,1573.0
,0.80342275,2,head,43,user,1574.0
,0.8049048,3,head,43,user,1575.0
,1.3619916,4,head,43,user,1576.0
,0.8027813,2,head,43,user,1577.0
,0.85917145,3,head,43,user,1578.0
,1.0578958,2,head,43,user,1579.0
,0.8460502,2,head,43,user,1580.0
,0.71928746,2,head,43,user,1581.0
,0.77382326,2,head,43,user,1582.0
,0.75371104,2,head,43,user,1583.0
,0.8249214,2,head,43,user,1584.0
,0.72604764,2,head,43,user,1585.0
,1.2532542,2,head,43,user,1586.0
,1.2338991,2,head,43,user,1587.0
,0.66551864,1,tail,43,user,1588.0
,0.7495767,2,head,43,user,1589.0
,1.238486,2,head,43,user,1590.0
,0.7342141,2,head,43,user,1591.0
,1.0048618,1,tail,43,user,1592.0
,0.7675582,2,head,43,user,1593.0
,0.740583,2,head,43,user,1594.0
,0.98384506,1,tail,43,user,1595.0
,0.7989734,2,head,43,user,1596.0
,0.6720844,1,tail,43,user,1597.0
,0.88077295,3,head,43,user,1598.0
,0.7537345,2,head,43,user,1599.0
,0.8821322,1,tail,43,user,1600.0
,0.87372684,3,head,43,user,1601.0
,0.788167,3,head,43,user,1602.0
,0.9705761,1,tail,43,user,1603.0
,0.7223718,1,tail,43,user,1604.0
,0.84111905,3,head,43,user,1605.0
,1.2046918,5,head,43,user,1606.0
,0.80331206,2,head,43,user,1607.0
,0.7137025,1,tail,43,user,1608.0
,1.0652876,1,tail,43,user,1609.0
,1.1134185,1,tail,43,user,1610.0
,0.7114235,1,tail,43,user,1611.0
,0.76991504,2,head,43,user,1612.0
,1.1581856,1,tail,43,user,1613.0
,0.7466023,2,head,43,user,1614.0
,1.3540176,2,head,43,user,1615.0
,0.7315638,2,head,43,user,1616.0
,0.83431166,2,head,43,user,1617.0
,0.75810575,2,head,43,user,1618.0
,0.72432935,2,head,43,user,1619.0
,1.1236242,1,tail,43,user,1620.0
,1.0833796,1,tail,43,user,1621.0
,0.7991267,3,head,43,user,1622.0
,0.677577,1,tail,43,user,1623.0
,1.1958919,1,tail,43,user,1624.0
,0.85005337,2,head,43,user,1625.0
,0.6876263,1,tail,43,user,1626.0
,0.92964584,3,head,43,user,1627.0
,0.77755475,3,head,43,user,1628.0
,0.8144064,2,head,43,user,1629.0
,0.6316935,1,tail,43,user,1630.0
,0.7815705,2,head,43,user,1631.0
,1.3149817,4,head,43,user,1632.0
,0.72461593,1,tail,43,user,1633.0
,1.2758176,1,tail,43,user,1634.0
,0.85483986,3,head,43,user,1635.0
,0.70214087,2,head,43,user,1636.0
,1.1173054,1,tail,43,user,1637.0
,0.7068081,2,head,43,user,1638.0
,1.116346,1,tail,43,user,1639.0
,0.81696784,3,head,43,user,1640.0
,0.78230655,2,head,43,user,1641.0
,0.9707804,1,tail,43,user,1642.0
,1.1933304,1,tail,43,user,1643.0
,0.8377009,3,head,43,user,1644.0
,0.7318229,2,head,43,user,1645.0
,0.67679745,1,tail,43,user,1646.0
,1.0228755,1,tail,43,user,1647.0
,0.82326925,3,head,43,user,1648.0
,0.65478414,1,tail,43,user,1649.0
,0.8130411,1,tail,43,user,1650.0
,1.1430522,1,tail,43,user,1651.0
,1.077771,1,tail,43,user,1652.0
,0.7488377,2,head,43,user,1653.0
,0.9366048,1,tail,43,user,1654.0
,0.84051627,1,tail,43,user,1655.0
,0.6736626,1,tail,43,user,1656.0
,1.1628553,1,tail,43,user,1657.0
,0.77905786,3,head,43,user,1658.0
,0.6597522,1,tail,43,user,1659.0
,0.7218485,2,head,43,user,1660.0
,0.7673262,2,head,43,user,1661.0
,0.8661995,2,head,43,user,1662.0
,0.83382994,2,head,43,user,1663.0
,1.2793941,2,head,43,user,1664.0
,0.8503583,3,head,43,user,1665.0
,0.81746566,2,head,43,user,1666.0
,0.62432575,1,tail,43,user,1667.0
,0.81052464,2,head,43,user,1668.0
,0.77002376,2,head,43,user,1669.0
,0.58243906,1,tail,43,user,1670.0
,0.82044256,2,head,43,user,1671.0
,0.83673555,3,head,43,user,1672.0
,1.0016217,1,tail,43,user,1673.0
,0.734378,2,head,43,user,1674.0
,0.7993789,3,head,43,user,1675.0
,1.0638837,1,tail,43,user,1676.0
,0.74266475,2,head,43,user,1677.0
,0.8522287,3,head,43,user,1678.0
,0.65610814,1,tail,43,user,1679.0
,1.1471448,1,tail,43,user,1680.0
,0.7748332,2,head,43,user,1681.0
,1.0933334,1,tail,43,user,1682.0
,0.69266045,1,tail,43,user,1683.0
,0.7180737,2,head,43,user,1684.0
,0.7023272,1,tail,43,user,1685.0
,1.2303135,1,tail,43,user,1686.0
,0.8231012,3,head,43,user,1687.0
,1.0391876,1,tail,43,user,1688.0
,0.64460677,1,tail,43,user,1689.0
,0.66619766,1,tail,43,user,1690.0
,0.79688406,2,head,43,user,1691.0
,0.76275975,2,head,43,user,1692.0
,0.775059,2,head,43,user,1693.0
,1.1224526,1,tail,43,user,1694.0
,0.7442581,2,head,43,user,1695.0
,0.8061085,2,head,43,user,1696.0
,0.739525,2,head,43,user,1697.0
,0.6622595,1,tail,43,user,1698.0
,0.6716253,1,tail,43,user,1699.0
,0.8506353,3,head,43,user,1700.0
,0.8693431,1,tail,43,user,1701.0
,0.65496516,1,tail,43,user,1702.0
,0.6661363,1,tail,43,user,1703.0
,0.89571893,1,tail,43,user,1704.0
,0.7374692,3,head,43,user,1705.0
,0.8035513,3,head,43,user,1706.0
,0.767137,2,head,43,user,1707.0
,1.487522,4,head,43,user,1708.0
,1.12963,1,tail,43,user,1709.0
,0.67162883,1,tail,43,user,1710.0
,1.1720934,1,tail,43,user,1711.0
,0.65217006,1,tail,43,user,1712.0
,1.1193603,1,tail,43,user,1713.0
,0.73665315,2,head,43,user,1714.0
,0.8432449,1,tail,43,user,1715.0
,0.7781156,2,head,43,user,1716.0
,1.2261062,1,tail,43,user,1717.0
,0.77410704,2,head,43,user,1718.0
,0.7501637,1,tail,43,user,1719.0
,0.7818626,2,head,43,user,1720.0
,0.7976314,2,head,43,user,1721.0
,0.7988171,2,head,43,user,1722.0
,0.85924953,2,head,43,user,1723.0
,0.7425759,2,head,43,user,1724.0
,0.7044736,2,head,43,user,1725.0
,0.7966053,2,head,43,user,1726.0
,1.1372558,1,tail,43,user,1727.0
,0.8556314,1,tail,43,user,1728.0
,0.7745038,2,head,43,user,1729.0
,0.8381804,3,head,43,user,1730.0
,0.7772014,2,head,43,user,1731.0
,0.73962224,2,head,43,user,1732.0
,1.1708165,3,head,43,user,1733.0
,0.8028848,3,head,43,user,1734.0
,0.9827235,1,tail,43,user,1735.0
,1.0419382,2,head,43,user,1736.0
,0.80514127,3,head,43,user,1737.0
,0.67516994,1,tail,43,user,1738.0
,0.73939955,2,head,43,user,1739.0
,0.874375,3,head,43,user,1740.0
,0.84501064,3,head,43,user,1741.0
,0.734701,2,head,43,user,1742.0
,0.77404714,2,head,43,user,1743.0
,0.79596186,2,head,43,user,1744.0
,0.68975013,1,tail,43,user,1745.0
,0.8393179,2,head,43,user,1746.0
,0.8719631,1,tail,43,user,1747.0
,1.1363811,1,tail,43,user,1748.0
,0.724208,3,head,43,user,1749.0
,1.1594045,1,tail,43,user,1750.0
0.0,2.5197058,12,head,44,item,
1.0,1.7441955,6,medium,44,item,
2.0,2.2244205,9,head,44,item,
3.0,2.0302088,7,head,44,item,
4.0,7.3445444,607,head,44,item,
5.0,1.1658837,2,medium,44,item,
6.0,1.2859603,2,medium,44,item,
7.0,1.7992063,4,medium,44,item,
9.0,1.4435259,3,medium,44,item,
10.0,2.0693944,5,medium,44,item,
12.0,2.2800276,7,head,44,item,
13.0,3.25051,23,head,44,item,
14.0,2.1391888,5,medium,44,item,
15.0,1.0781364,1,tail,44,item,
16.0,1.2375637,1,tail,44,item,
17.0,1.8148831,4,medium,44,item,
18.0,1.4993763,2,medium,44,item,
19.0,2.0570643,5,medium,44,item,
20.0,1.8346012,5,medium,44,item,
21.0,6.7903337,472,head,44,item,
22.0,1.5938593,3,medium,44,item,
23.0,1.7576402,3,medium,44,item,
24.0,2.419794,11,head,44,item,
25.0,1.9722346,5,medium,44,item,
26.0,1.7366773,4,medium,44,item,
27.0,1.7906114,3,medium,44,item,
28.0,1.6069822,2,medium,44,item,
29.0,5.5663495,365,head,44,item,
30.0,5.314449,126,head,44,item,
31.0,1.1832191,2,medium,44,item,
32.0,1.3337271,2,medium,44,item,
33.0,2.1216104,17,head,44,item,
34.0,1.2771918,1,tail,44,item,
35.0,1.5678561,2,medium,44,item,
36.0,1.2229313,1,tail,44,item,
38.0,2.0744255,11,head,44,item,
40.0,1.9497163,5,medium,44,item,
41.0,1.782687,3,medium,44,item,
42.0,2.4231763,11,head,44,item,
43.0,0.9291219,1,tail,44,item,
44.0,1.4818301,3,medium,44,item,
45.0,6.714249,632,head,44,item,
46.0,1.7007779,5,medium,44,item,
47.0,1.788371,6,medium,44,item,
49.0,1.2445327,1,tail,44,item,
50.0,1.0901207,1,tail,44,item,
51.0,1.0369546,1,tail,44,item,
52.0,2.071507,8,head,44,item,
53.0,1.1886241,1,tail,44,item,
54.0,3.62354,175,head,44,item,
55.0,3.0374978,20,head,44,item,
56.0,1.6081811,2,medium,44,item,
57.0,1.731503,4,medium,44,item,
58.0,1.5816743,3,medium,44,item,
59.0,1.9057997,7,head,44,item,
60.0,2.3965824,8,head,44,item,
62.0,2.2931058,8,head,44,item,
63.0,1.1091994,1,tail,44,item,
64.0,1.1670847,1,tail,44,item,
65.0,1.6073103,5,medium,44,item,
66.0,2.203496,14,head,44,item,
67.0,1.9831954,6,medium,44,item,
68.0,1.5065755,3,medium,44,item,
69.0,1.2430223,4,medium,44,item,
70.0,1.864099,4,medium,44,item,
71.0,0.94064945,1,tail,44,item,
72.0,0.7557145,1,tail,44,item,
73.0,2.2824073,6,medium,44,item,
76.0,1.5815238,3,medium,44,item,
77.0,1.3649473,4,medium,44,item,
78.0,3.2505863,32,head,44,item,
79.0,1.128357,2,medium,44,item,
80.0,1.0904187,3,medium,44,item,
81.0,1.5736458,2,medium,44,item,
82.0,2.7437227,13,head,44,item,
83.0,1.7804966,3,medium,44,item,
84.0,1.056502,2,medium,44,item,
85.0,1.6453223,4,medium,44,item,
86.0,1.5246224,2,medium,44,item,
88.0,1.0776504,2,medium,44,item,
89.0,1.2372993,1,tail,44,item,
90.0,1.1805443,1,tail,44,item,
95.0,1.7085081,3,medium,44,item,
97.0,1.2651144,2,medium,44,item,
98.0,1.4740809,3,medium,44,item,
102.0,1.0802932,2,medium,44,item,
107.0,1.47559,2,medium,44,item,
109.0,1.6512039,3,medium,44,item,
110.0,1.616827,2,medium,44,item,
111.0,1.4114884,2,medium,44,item,
113.0,1.9294326,5,medium,44,item,
115.0,1.7893986,3,medium,44,item,
116.0,2.1149805,7,head,44,item,
117.0,1.840673,4,medium,44,item,
118.0,1.5180485,4,medium,44,item,
119.0,1.1015512,1,tail,44,item,
122.0,1.6116292,2,medium,44,item,
123.0,1.5112625,2,medium,44,item,
125.0,1.8640118,4,medium,44,item,
131.0,1.4324553,2,medium,44,item,
132.0,1.4128444,4,medium,44,item,
133.0,1.3309728,2,medium,44,item,
134.0,1.3439348,4,medium,44,item,
135.0,1.3761193,3,medium,44,item,
136.0,1.5767429,3,medium,44,item,
138.0,1.2193874,1,tail,44,item,
139.0,1.1618149,1,tail,44,item,
143.0,1.505593,3,medium,44,item,
146.0,1.5547918,3,medium,44,item,
153.0,1.0250597,1,tail,44,item,
156.0,1.263566,1,tail,44,item,
158.0,1.7905504,5,medium,44,item,
159.0,1.7965016,9,head,44,item,
160.0,1.5680935,8,head,44,item,
162.0,1.42275,4,medium,44,item,
163.0,2.0290616,7,head,44,item,
164.0,1.0787238,1,tail,44,item,
165.0,1.6101547,6,medium,44,item,
166.0,1.8286607,11,head,44,item,
168.0,2.3638997,8,head,44,item,
173.0,1.47051,2,medium,44,item,
174.0,1.2149398,1,tail,44,item,
175.0,1.3330731,2,medium,44,item,
176.0,1.2045639,2,medium,44,item,
178.0,1.863581,4,medium,44,item,
179.0,1.2512534,1,tail,44,item,
180.0,1.1694384,1,tail,44,item,
194.0,1.8651719,8,head,44,item,
195.0,1.292528,1,tail,44,item,
196.0,1.2391397,2,medium,44,item,
199.0,1.6436757,8,head,44,item,
200.0,1.1815622,1,tail,44,item,
201.0,1.5410262,2,medium,44,item,
202.0,1.2697985,2,medium,44,item,
203.0,1.9319742,7,head,44,item,
206.0,1.0657924,1,tail,44,item,
209.0,1.9410046,4,medium,44,item,
210.0,1.0267085,2,medium,44,item,
212.0,0.8637551,1,tail,44,item,
216.0,1.2045578,1,tail,44,item,
219.0,1.378985,2,medium,44,item,
222.0,1.2257317,1,tail,44,item,
225.0,3.5376549,39,head,44,item,
229.0,1.3687967,2,medium,44,item,
232.0,1.704587,3,medium,44,item,
235.0,1.340313,2,medium,44,item,
236.0,1.006305,1,tail,44,item,
243.0,1.1775614,1,tail,44,item,
244.0,0.7749177,1,tail,44,item,
250.0,1.5635821,2,medium,44,item,
257.0,1.2317955,1,tail,44,item,
258.0,1.8113922,9,head,44,item,
259.0,1.3508757,3,medium,44,item,
266.0,1.9147104,7,head,44,item,
267.0,1.3596464,3,medium,44,item,
270.0,1.2628357,2,medium,44,item,
271.0,1.0950267,1,tail,44,item,
273.0,1.7017406,7,head,44,item,
275.0,1.792666,3,medium,44,item,
279.0,2.3616683,7,head,44,item,
281.0,1.3686979,2,medium,44,item,
282.0,1.4807509,2,medium,44,item,
284.0,1.9634137,10,head,44,item,
285.0,1.7486188,3,medium,44,item,
,0.8506853,1,tail,44,user,0.0
,0.75616395,3,head,44,user,1.0
,0.80358744,2,head,44,user,2.0
,1.0514472,2,head,44,user,3.0
,0.6553956,1,tail,44,user,4.0
,0.8069339,2,head,44,user,5.0
,1.2002906,1,tail,44,user,6.0
,1.2030745,4,head,44,user,7.0
,0.8417889,3,head,44,user,8.0
,0.8619576,3,head,44,user,9.0
,0.8095707,2,head,44,user,10.0
,1.1383317,1,tail,44,user,11.0
,0.7788685,2,head,44,user,12.0
,1.1835376,2,head,44,user,13.0
,0.84458405,1,tail,44,user,14.0
,0.7712291,2,head,44,user,15.0
,0.6743534,1,tail,44,user,16.0
,1.2525054,1,tail,44,user,17.0
,0.59373343,1,tail,44,user,18.0
,0.6834767,1,tail,44,user,19.0
,0.6726937,1,tail,44,user,20.0
,0.7494757,3,head,44,user,21.0
,1.0791776,1,tail,44,user,22.0
,0.7769456,2,head,44,user,23.0
,0.7684028,2,head,44,user,24.0
,0.7473624,2,head,44,user,25.0
,0.7807807,2,head,44,user,26.0
,0.7791508,2,head,44,user,27.0
,0.75386494,3,head,44,user,28.0
,0.7228113,2,head,44,user,29.0
,0.89062977,1,tail,44,user,30.0
,0.8107682,3,head,44,user,31.0
,0.7807392,2,head,44,user,32.0
,1.2479032,1,tail,44,user,33.0
,0.7223323,2,head,44,user,34.0
,0.69430685,1,tail,44,user,35.0
,1.1911288,2,head,44,user,36.0
,0.81125814,2,head,44,user,37.0
,1.1427867,1,tail,44,user,38.0
,0.7116444,1,tail,44,user,39.0
,1.0622152,1,tail,44,user,40.0
,0.6171072,1,tail,44,user,41.0
,0.7006698,2,head,44,user,42.0
,0.6904105,1,tail,44,user,43.0
,0.9642864,2,head,44,user,44.0
,0.87751347,2,head,44,user,45.0
,0.7968497,2,head,44,user,46.0
,1.049524,1,tail,44,user,47.0
,0.8420049,3,head,44,user,48.0
,0.7969626,2,head,44,user,49.0
,0.7714605,1,tail,44,user,50.0
,0.85339916,2,head,44,user,51.0
,1.0583247,1,tail,44,user,52.0
,0.7558632,2,head,44,user,53.0
,0.8527717,2,head,44,user,54.0
,0.6303735,1,tail,44,user,55.0
,0.76401556,3,head,44,user,56.0
,0.7546226,2,head,44,user,57.0
,0.70520985,2,head,44,user,58.0
,0.804347,3,head,44,user,59.0
,0.6550098,1,tail,44,user,60.0
,0.7760681,3,head,44,user,61.0
,0.7347783,1,tail,44,user,62.0
,1.134455,1,tail,44,user,63.0
,0.89385253,1,tail,44,user,64.0
,0.77210677,2,head,44,user,65.0
,0.8710357,3,head,44,user,66.0
,0.64572424,1,tail,44,user,67.0
,0.78639024,2,head,44,user,68.0
,1.2061504,2,head,44,user,69.0
,0.8233762,2,head,44,user,70.0
,0.79154664,2,head,44,user,71.0
,0.8244111,3,head,44,user,72.0
,0.73362035,2,head,44,user,73.0
,1.082903,1,tail,44,user,74.0
,0.75691456,2,head,44,user,75.0
,0.70385545,1,tail,44,user,76.0
,0.74900424,2,head,44,user,77.0
,0.8794527,1,tail,44,user,78.0
,1.1288822,2,head,44,user,79.0
,1.143105,1,tail,44,user,80.0
,1.1413865,2,head,44,user,81.0
,0.9744014,1,tail,44,user,82.0
,0.8046092,2,head,44,user,83.0
,0.75036794,2,head,44,user,84.0
,1.2374048,1,tail,44,user,85.0
,0.8029087,2,head,44,user,86.0
,0.841046,3,head,44,user,87.0
,1.0344669,1,tail,44,user,88.0
,0.698319,1,tail,44,user,89.0
,0.7244588,2,head,44,user,90.0
,1.2210898,1,tail,44,user,91.0
,0.8057442,2,head,44,user,92.0
,0.81283015,2,head,44,user,93.0
,0.85307807,2,head,44,user,94.0
,0.6988659,1,tail,44,user,95.0
,1.0570025,1,tail,44,user,96.0
,0.823724,2,head,44,user,97.0
,0.72314835,2,head,44,user,98.0
,0.86621857,3,head,44,user,99.0
,1.139504,3,head,44,user,100.0
,1.1152915,1,tail,44,user,101.0
,0.8873518,3,head,44,user,102.0
,0.6839365,1,tail,44,user,103.0
,0.86318326,1,tail,44,user,104.0
,0.8081151,2,head,44,user,105.0
,1.2606847,3,head,44,user,106.0
,0.72779244,2,head,44,user,107.0
,1.3867325,4,head,44,user,108.0
,1.0249043,1,tail,44,user,109.0
,0.7819989,3,head,44,user,110.0
,1.1927651,1,tail,44,user,111.0
,1.1850688,1,tail,44,user,112.0
,0.852119,1,tail,44,user,113.0
,1.0700521,1,tail,44,user,114.0
,1.0675981,1,tail,44,user,115.0
,0.6431707,1,tail,44,user,116.0
,0.8301405,2,head,44,user,117.0
,0.8210604,2,head,44,user,118.0
,0.65652555,1,tail,44,user,119.0
,1.2352794,2,head,44,user,120.0
,1.2786944,3,head,44,user,121.0
,0.806383,2,head,44,user,122.0
,0.8006264,2,head,44,user,123.0
,0.8197325,3,head,44,user,124.0
,0.830228,2,head,44,user,125.0
,1.0819507,1,tail,44,user,126.0
,0.842978,1,tail,44,user,127.0
,0.7839611,3,head,44,user,128.0
,1.1229352,1,tail,44,user,129.0
,0.7606111,2,head,44,user,130.0
,0.6938726,1,tail,44,user,131.0
,0.76526487,3,head,44,user,132.0
,1.1827818,1,tail,44,user,133.0
,0.8069021,2,head,44,user,134.0
,0.83903,2,head,44,user,135.0
,0.8347195,1,tail,44,user,136.0
,0.97014415,1,tail,44,user,137.0
,0.6946322,1,tail,44,user,138.0
,1.1136065,1,tail,44,user,139.0
,0.97948533,2,head,44,user,140.0
,1.0802851,1,tail,44,user,141.0
,0.6958739,1,tail,44,user,142.0
,0.7480777,2,head,44,user,143.0
,0.82090634,2,head,44,user,144.0
,0.906554,3,head,44,user,145.0
,0.68572134,1,tail,44,user,146.0
,1.0992806,1,tail,44,user,147.0
,1.1993694,1,tail,44,user,148.0
,0.665068,1,tail,44,user,149.0
,0.7552511,2,head,44,user,150.0
,1.0198554,1,tail,44,user,151.0
,1.1556649,1,tail,44,user,152.0
,0.74192405,2,head,44,user,153.0
,0.83899313,1,tail,44,user,154.0
,0.84304285,3,head,44,user,155.0
,0.71083736,2,head,44,user,156.0
,0.8217384,2,head,44,user,157.0
,0.72889817,2,head,44,user,158.0
,1.0175469,1,tail,44,user,159.0
,0.76134783,2,head,44,user,160.0
,0.86739916,2,head,44,user,161.0
,0.66977274,1,tail,44,user,162.0
,1.0465876,1,tail,44,user,163.0
,0.63740534,1,tail,44,user,164.0
,0.69250286,1,tail,44,user,165.0
,0.7482692,2,head,44,user,166.0
,0.797909,2,head,44,user,167.0
,0.736284,2,head,44,user,168.0
,0.8097649,2,head,44,user,169.0
,0.8133587,3,head,44,user,170.0
,0.6947564,1,tail,44,user,171.0
,0.63530374,1,tail,44,user,172.0
,0.7952833,2,head,44,user,173.0
,0.66036624,1,tail,44,user,174.0
,0.9244595,1,tail,44,user,175.0
,1.0806183,1,tail,44,user,176.0
,0.8620728,1,tail,44,user,177.0
,1.19917,1,tail,44,user,178.0
,0.7550735,2,head,44,user,179.0
,1.0729389,1,tail,44,user,180.0
,1.015021,1,tail,44,user,181.0
,0.6776318,1,tail,44,user,182.0
,0.83241415,1,tail,44,user,183.0
,0.85810417,2,head,44,user,184.0
,0.9245793,2,head,44,user,185.0
,0.7024335,1,tail,44,user,186.0
,0.865848,3,head,44,user,187.0
,1.0907781,2,head,44,user,188.0
,1.0164689,1,tail,44,user,189.0
,0.8833796,1,tail,44,user,190.0
,0.8113351,2,head,44,user,191.0
,0.6746597,1,tail,44,user,192.0
,1.1464164,1,tail,44,user,193.0
,1.4367665,6,head,44,user,194.0
,0.75265163,2,head,44,user,195.0
,0.7674199,2,head,44,user,196.0
,0.77778566,2,head,44,user,197.0
,0.80147505,2,head,44,user,198.0
,0.7391574,2,head,44,user,199.0
,1.1579098,1,tail,44,user,200.0
,0.65234697,1,tail,44,user,201.0
,0.8711571,1,tail,44,user,202.0
,0.83067757,1,tail,44,user,203.0
,1.1128886,1,tail,44,user,204.0
,0.64063144,1,tail,44,user,205.0
,1.3835989,4,head,44,user,206.0
,0.68076473,1,tail,44,user,207.0
,1.2217206,1,tail,44,user,208.0
,0.99136,1,tail,44,user,209.0
,0.7387454,1,tail,44,user,210.0
,0.77752984,2,head,44,user,211.0
,0.77167416,3,head,44,user,212.0
,1.1844585,1,tail,44,user,213.0
,0.88336307,1,tail,44,user,214.0
,0.8399788,3,head,44,user,215.0
,0.74914575,2,head,44,user,216.0
,0.74155885,2,head,44,user,217.0
,1.0602294,1,tail,44,user,218.0
,0.85830843,1,tail,44,user,219.0
,1.1798102,2,head,44,user,220.0
,0.9997218,1,tail,44,user,221.0
,0.74372053,2,head,44,user,222.0
,0.6794028,1,tail,44,user,223.0
,0.7089423,2,head,44,user,224.0
,0.73330903,2,head,44,user,225.0
,1.1257757,1,tail,44,user,226.0
,0.81376034,2,head,44,user,227.0
,0.77093047,2,head,44,user,228.0
,0.7956494,2,head,44,user,229.0
,0.91085017,1,tail,44,user,230.0
,1.4113547,3,head,44,user,231.0
,0.7618371,2,head,44,user,232.0
,1.1361232,2,head,44,user,233.0
,1.2953327,2,head,44,user,234.0
,1.0549786,1,tail,44,user,235.0
,1.2180281,2,head,44,user,236.0
,0.78109795,1,tail,44,user,237.0
,1.1040872,1,tail,44,user,238.0
,0.87412053,3,head,44,user,239.0
,0.8467295,3,head,44,user,240.0
,0.6814393,1,tail,44,user,241.0
,0.77427274,3,head,44,user,242.0
,0.85991716,1,tail,44,user,243.0
,0.80532694,2,head,44,user,244.0
,0.6585021,1,tail,44,user,245.0
,0.86192214,3,head,44,user,246.0
,0.6786638,1,tail,44,user,247.0
,0.7892383,2,head,44,user,248.0
,0.75350916,2,head,44,user,249.0
,1.1321177,1,tail,44,user,250.0
,1.0831279,2,head,44,user,251.0
,1.210823,1,tail,44,user,252.0
,0.7410095,3,head,44,user,253.0
,1.1746228,1,tail,44,user,254.0
,0.75919104,2,head,44,user,255.0
,0.7321461,2,head,44,user,256.0
,1.1708518,1,tail,44,user,257.0
,0.6810377,1,tail,44,user,258.0
,0.7127333,2,head,44,user,259.0
,0.64863235,1,tail,44,user,260.0
,1.0582172,1,tail,44,user,261.0
,1.1207988,1,tail,44,user,262.0
,0.6733074,1,tail,44,user,263.0
,0.8357052,1,tail,44,user,264.0
,0.9938346,1,tail,44,user,265.0
,0.7699234,4,head,44,user,266.0
,0.7113434,1,tail,44,user,267.0
,0.7530587,2,head,44,user,268.0
,0.772899,2,head,44,user,269.0
,1.1950693,1,tail,44,user,270.0
,0.76798946,2,head,44,user,271.0
,0.9710728,1,tail,44,user,272.0
,1.1358143,1,tail,44,user,273.0
,0.9385523,1,tail,44,user,274.0
,0.77754456,2,head,44,user,275.0
,1.0201843,1,tail,44,user,276.0
,0.8081008,2,head,44,user,277.0
,0.7347463,3,head,44,user,278.0
,1.2118629,1,tail,44,user,279.0
,0.6193836,1,tail,44,user,280.0
,0.72437143,1,tail,44,user,281.0
,0.893349,3,head,44,user,282.0
,0.674687,1,tail,44,user,283.0
,0.8886391,1,tail,44,user,284.0
,1.2047597,3,head,44,user,285.0
,0.8298786,3,head,44,user,286.0
,0.83664733,2,head,44,user,287.0
,0.9654612,1,tail,44,user,288.0
,0.8079457,3,head,44,user,289.0
,0.76106644,2,head,44,user,290.0
,0.77896297,3,head,44,user,291.0
,0.85378194,3,head,44,user,292.0
,0.7874695,2,head,44,user,293.0
,1.0718658,1,tail,44,user,294.0
,0.63549566,1,tail,44,user,295.0
,0.7451238,2,head,44,user,296.0
,0.9992131,1,tail,44,user,297.0
,0.8526831,2,head,44,user,298.0
,0.76537645,2,head,44,user,299.0
,0.84197,2,head,44,user,300.0
,1.070937,1,tail,44,user,301.0
,0.78652626,2,head,44,user,302.0
,0.7997798,2,head,44,user,303.0
,0.8612117,3,head,44,user,304.0
,0.82598925,2,head,44,user,305.0
,0.82115376,2,head,44,user,306.0
,0.810599,3,head,44,user,307.0
,0.8927819,1,tail,44,user,308.0
,0.643355,1,tail,44,user,309.0
,1.3650775,2,head,44,user,310.0
,0.7981827,2,head,44,user,311.0
,0.8377608,1,tail,44,user,312.0
,0.80593497,2,head,44,user,313.0
,0.7812159,3,head,44,user,314.0
,1.0293702,1,tail,44,user,315.0
,1.1153958,1,tail,44,user,316.0
,0.72005165,2,head,44,user,317.0
,1.1890901,1,tail,44,user,318.0
,0.9466586,1,tail,44,user,319.0
,0.805513,2,head,44,user,320.0
,0.8621817,3,head,44,user,321.0
,0.62775826,1,tail,44,user,322.0
,0.8089579,2,head,44,user,323.0
,1.0263956,1,tail,44,user,324.0
,1.1870337,1,tail,44,user,325.0
,0.72402793,1,tail,44,user,326.0
,0.7711491,3,head,44,user,327.0
,1.0245332,1,tail,44,user,328.0
,1.1938457,1,tail,44,user,329.0
,1.1204135,1,tail,44,user,330.0
,0.6157814,1,tail,44,user,331.0
,1.0796896,4,head,44,user,332.0
,0.996877,1,tail,44,user,333.0
,0.7448729,2,head,44,user,334.0
,0.77021086,1,tail,44,user,335.0
,0.75914115,3,head,44,user,336.0
,0.85819805,2,head,44,user,337.0
,0.80033123,2,head,44,user,338.0
,1.1159254,1,tail,44,user,339.0
,0.8160431,2,head,44,user,340.0
,0.7826492,2,head,44,user,341.0
,0.86274296,3,head,44,user,342.0
,1.1167454,1,tail,44,user,343.0
,0.7332458,1,tail,44,user,344.0
,0.78854585,2,head,44,user,345.0
,0.7601287,2,head,44,user,346.0
,0.7223531,2,head,44,user,347.0
,1.1660533,2,head,44,user,348.0
,0.8019811,3,head,44,user,349.0
,0.76420635,2,head,44,user,350.0
,0.68260056,1,tail,44,user,351.0
,0.81595325,3,head,44,user,352.0
,0.84354496,1,tail,44,user,353.0
,1.1412389,1,tail,44,user,354.0
,0.89730144,3,head,44,user,355.0
,0.74277836,2,head,44,user,356.0
,0.66057533,1,tail,44,user,357.0
,0.769331,3,head,44,user,358.0
,0.75321454,2,head,44,user,359.0
,0.827779,2,head,44,user,360.0
,0.7862078,2,head,44,user,361.0
,0.6121214,1,tail,44,user,362.0
,1.1898569,1,tail,44,user,363.0
,0.7962222,2,head,44,user,364.0
,1.1437508,1,tail,44,user,365.0
,0.9015855,3,head,44,user,366.0
,1.1864879,1,tail,44,user,367.0
,0.98134524,1,tail,44,user,368.0
,0.7876318,2,head,44,user,369.0
,0.81935614,2,head,44,user,370.0
,0.973048,1,tail,44,user,371.0
,1.2576228,1,tail,44,user,372.0
,0.83946437,1,tail,44,user,373.0
,0.8683954,3,head,44,user,374.0
,0.9126952,1,tail,44,user,375.0
,0.7456839,2,head,44,user,376.0
,0.83521295,3,head,44,user,377.0
,0.7364603,2,head,44,user,378.0
,0.6529301,1,tail,44,user,379.0
,0.7682267,2,head,44,user,380.0
,0.6792616,1,tail,44,user,381.0
,0.78012973,2,head,44,user,382.0
,0.8535284,1,tail,44,user,383.0
,0.7675796,2,head,44,user,384.0
,0.8019947,2,head,44,user,385.0
,0.7353621,1,tail,44,user,386.0
,0.7451238,2,head,44,user,387.0
,1.5756075,9,head,44,user,388.0
,0.9513464,1,tail,44,user,389.0
,0.7391653,2,head,44,user,390.0
,0.80429906,3,head,44,user,391.0
,0.8805388,3,head,44,user,392.0
,0.8693785,2,head,44,user,393.0
,0.86233646,2,head,44,user,394.0
,1.2875639,2,head,44,user,395.0
,0.79329157,2,head,44,user,396.0
,0.8277006,2,head,44,user,397.0
,1.208754,1,tail,44,user,398.0
,0.83677524,2,head,44,user,399.0
,1.0445291,1,tail,44,user,400.0
,0.9431835,1,tail,44,user,401.0
,0.7617326,3,head,44,user,402.0
,0.82457626,2,head,44,user,403.0
,1.0154418,1,tail,44,user,404.0
,1.0982981,1,tail,44,user,405.0
,0.7948905,2,head,44,user,406.0
,0.6705719,1,tail,44,user,407.0
,0.6877445,1,tail,44,user,408.0
,0.6648328,1,tail,44,user,409.0
,0.7014292,1,tail,44,user,410.0
,0.87255496,3,head,44,user,411.0
,0.8210598,2,head,44,user,412.0
,0.7599458,2,head,44,user,413.0
,0.82220423,2,head,44,user,414.0
,1.025326,1,tail,44,user,415.0
,1.059468,1,tail,44,user,416.0
,0.81331545,2,head,44,user,417.0
,0.68754524,1,tail,44,user,418.0
,0.7343618,2,head,44,user,419.0
,0.89519167,1,tail,44,user,420.0
,1.0848261,1,tail,44,user,421.0
,0.7654008,2,head,44,user,422.0
,1.2449772,2,head,44,user,423.0
,0.83561754,3,head,44,user,424.0
,1.2012393,1,tail,44,user,425.0
,0.77782667,2,head,44,user,426.0
,1.0968577,1,tail,44,user,427.0
,1.1800964,1,tail,44,user,428.0
,0.88851094,1,tail,44,user,429.0
,0.65014523,1,tail,44,user,430.0
,0.83580923,2,head,44,user,431.0
,0.80362797,2,head,44,user,432.0
,0.8818569,1,tail,44,user,433.0
,1.0723329,1,tail,44,user,434.0
,0.7035707,1,tail,44,user,435.0
,1.0379224,1,tail,44,user,436.0
,0.83239275,2,head,44,user,437.0
,1.1973976,1,tail,44,user,438.0
,0.63301647,1,tail,44,user,439.0
,0.6321746,1,tail,44,user,440.0
,0.6797403,1,tail,44,user,441.0
,0.747245,2,head,44,user,442.0
,0.67209494,1,tail,44,user,443.0
,0.72194433,2,head,44,user,444.0
,1.1956214,1,tail,44,user,445.0
,0.8512081,3,head,44,user,446.0
,0.732969,2,head,44,user,447.0
,0.7739458,2,head,44,user,448.0
,0.78439957,2,head,44,user,449.0
,0.5843051,1,tail,44,user,450.0
,0.67337596,1,tail,44,user,451.0
,1.19305,1,tail,44,user,452.0
,0.7068299,1,tail,44,user,453.0
,0.8445895,1,tail,44,user,454.0
,1.1974016,2,head,44,user,455.0
,0.9056997,3,head,44,user,456.0
,0.7488898,2,head,44,user,457.0
,0.82542366,3,head,44,user,458.0
,1.0168822,1,tail,44,user,459.0
,0.8572502,2,head,44,user,460.0
,0.97920376,1,tail,44,user,461.0
,0.6635982,1,tail,44,user,462.0
,0.9701729,1,tail,44,user,463.0
,0.8021868,2,head,44,user,464.0
,1.0990229,1,tail,44,user,465.0
,0.6495599,1,tail,44,user,466.0
,0.78997636,2,head,44,user,467.0
,0.8303676,3,head,44,user,468.0
,0.63819575,1,tail,44,user,469.0
,0.8494375,3,head,44,user,470.0
,1.1308333,1,tail,44,user,471.0
,0.8763495,1,tail,44,user,472.0
,0.8019786,2,head,44,user,473.0
,0.86938584,3,head,44,user,474.0
,0.87114316,3,head,44,user,475.0
,0.6438152,1,tail,44,user,476.0
,0.78115726,3,head,44,user,477.0
,0.6211861,1,tail,44,user,478.0
,1.1333777,1,tail,44,user,479.0
,0.87081087,3,head,44,user,480.0
,1.1948633,1,tail,44,user,481.0
,0.74748325,2,head,44,user,482.0
,1.2331927,1,tail,44,user,483.0
,0.65444666,1,tail,44,user,484.0
,1.13103,1,tail,44,user,485.0
,1.4505093,6,head,44,user,486.0
,0.8342902,1,tail,44,user,487.0
,0.8113169,2,head,44,user,488.0
,0.85357314,1,tail,44,user,489.0
,0.8390181,1,tail,44,user,490.0
,0.9813077,1,tail,44,user,491.0
,0.7578142,2,head,44,user,492.0
,0.76783943,2,head,44,user,493.0
,0.7338627,3,head,44,user,494.0
,0.7781133,2,head,44,user,495.0
,0.8309932,1,tail,44,user,496.0
,0.70731914,1,tail,44,user,497.0
,0.65300435,1,tail,44,user,498.0
,0.82935226,3,head,44,user,499.0
,0.76578444,2,head,44,user,500.0
,0.67661035,1,tail,44,user,501.0
,0.8633934,1,tail,44,user,502.0
,0.80233055,2,head,44,user,503.0
,0.7378218,2,head,44,user,504.0
,0.9899042,1,tail,44,user,505.0
,0.7731019,2,head,44,user,506.0
,0.79048216,3,head,44,user,507.0
,0.7384066,2,head,44,user,508.0
,0.85788924,3,head,44,user,509.0
,1.0309199,1,tail,44,user,510.0
,0.7753229,2,head,44,user,511.0
,0.87636304,3,head,44,user,512.0
,0.7769637,2,head,44,user,513.0
,0.6925929,1,tail,44,user,514.0
,0.66915977,1,tail,44,user,515.0
,0.9829262,1,tail,44,user,516.0
,1.1292942,1,tail,44,user,517.0
,0.75925577,3,head,44,user,518.0
,0.82797486,2,head,44,user,519.0
,0.59279555,1,tail,44,user,520.0
,0.8019436,1,tail,44,user,521.0
,1.226607,1,tail,44,user,522.0
,0.76230735,3,head,44,user,523.0
,1.247545,2,head,44,user,524.0
,1.1069449,3,head,44,user,525.0
,0.8167388,3,head,44,user,526.0
,0.7846264,2,head,44,user,527.0
,0.8232499,2,head,44,user,528.0
,0.90270996,3,head,44,user,529.0
,0.72718847,1,tail,44,user,530.0
,1.1492258,4,head,44,user,531.0
,0.83939177,3,head,44,user,532.0
,1.3665578,2,head,44,user,533.0
,0.8244214,2,head,44,user,534.0
,0.6858193,1,tail,44,user,535.0
,0.713604,1,tail,44,user,536.0
,0.9409606,1,tail,44,user,537.0
,0.7767154,2,head,44,user,538.0
,0.755368,1,tail,44,user,539.0
,1.0100588,1,tail,44,user,540.0
,1.1495174,1,tail,44,user,541.0
,0.61424696,1,tail,44,user,542.0
,0.7752414,2,head,44,user,543.0
,0.8472893,1,tail,44,user,544.0
,0.8445175,1,tail,44,user,545.0
,1.1025456,1,tail,44,user,546.0
,0.7753282,3,head,44,user,547.0
,0.7329345,2,head,44,user,548.0
,0.7598675,2,head,44,user,549.0
,0.81519854,3,head,44,user,550.0
,0.81241006,2,head,44,user,551.0
,0.8865793,3,head,44,user,552.0
,0.8183934,2,head,44,user,553.0
,0.8347127,2,head,44,user,554.0
,1.0430859,2,head,44,user,555.0
,1.2395928,1,tail,44,user,556.0
,1.0015365,1,tail,44,user,557.0
,1.2151318,1,tail,44,user,558.0
,1.2617928,2,head,44,user,559.0
,0.6528849,1,tail,44,user,560.0
,0.72112596,3,head,44,user,561.0
,0.8750041,3,head,44,user,562.0
,0.8528077,3,head,44,user,563.0
,0.7654028,3,head,44,user,564.0
,1.2781992,2,head,44,user,565.0
,0.6806894,1,tail,44,user,566.0
,0.8002301,2,head,44,user,567.0
,0.77500916,2,head,44,user,568.0
,1.2093004,1,tail,44,user,569.0
,1.0388789,1,tail,44,user,570.0
,0.8172301,3,head,44,user,571.0
,1.270404,1,tail,44,user,572.0
,0.78201705,2,head,44,user,573.0
,1.5242826,3,head,44,user,574.0
,0.8464651,2,head,44,user,575.0
,0.74332035,2,head,44,user,576.0
,0.63345987,1,tail,44,user,577.0
,0.8799645,1,tail,44,user,578.0
,0.85180974,3,head,44,user,579.0
,0.6386021,1,tail,44,user,580.0
,1.0732206,3,head,44,user,581.0
,0.7984745,3,head,44,user,582.0
,0.6656811,1,tail,44,user,583.0
,0.7205814,3,head,44,user,584.0
,1.0990131,1,tail,44,user,585.0
,0.87517405,1,tail,44,user,586.0
,0.84203994,1,tail,44,user,587.0
,1.1663942,1,tail,44,user,588.0
,0.8182802,2,head,44,user,589.0
,0.7497687,2,head,44,user,590.0
,0.7957377,2,head,44,user,591.0
,0.81721365,2,head,44,user,592.0
,1.2401011,3,head,44,user,593.0
,0.76800525,2,head,44,user,594.0
,0.8755053,3,head,44,user,595.0
,1.2304294,1,tail,44,user,596.0
,0.69655246,2,head,44,user,597.0
,0.8386619,3,head,44,user,598.0
,1.2825738,1,tail,44,user,599.0
,0.7421236,2,head,44,user,600.0
,0.9695706,1,tail,44,user,601.0
,0.76032394,2,head,44,user,602.0
,1.0537157,1,tail,44,user,603.0
,0.7977251,2,head,44,user,604.0
,0.76091343,2,head,44,user,605.0
,1.1784124,1,tail,44,user,606.0
,0.7304846,3,head,44,user,607.0
,0.9363652,1,tail,44,user,608.0
,0.70910746,1,tail,44,user,609.0
,0.8100545,1,tail,44,user,610.0
,0.7425829,2,head,44,user,611.0
,0.69229466,1,tail,44,user,612.0
,1.0887747,1,tail,44,user,613.0
,1.1321291,1,tail,44,user,614.0
,0.8312467,2,head,44,user,615.0
,0.7076449,1,tail,44,user,616.0
,0.993679,1,tail,44,user,617.0
,1.2666864,1,tail,44,user,618.0
,0.8372443,2,head,44,user,619.0
,1.1347659,2,head,44,user,620.0
,0.86114955,1,tail,44,user,621.0
,0.8153705,2,head,44,user,622.0
,0.748058,1,tail,44,user,623.0
,1.1300162,1,tail,44,user,624.0
,0.8244297,2,head,44,user,625.0
,0.84668744,3,head,44,user,626.0
,0.7244436,3,head,44,user,627.0
,0.8007463,2,head,44,user,628.0
,0.739431,2,head,44,user,629.0
,0.658067,1,tail,44,user,630.0
,0.7045788,1,tail,44,user,631.0
,0.7738734,2,head,44,user,632.0
,0.8403914,3,head,44,user,633.0
,0.7372606,1,tail,44,user,634.0
,0.87694347,3,head,44,user,635.0
,1.201111,2,head,44,user,636.0
,0.73876214,2,head,44,user,637.0
,0.8124827,2,head,44,user,638.0
,1.3938761,3,head,44,user,639.0
,0.6749065,1,tail,44,user,640.0
,0.81179386,2,head,44,user,641.0
,1.0606812,1,tail,44,user,642.0
,0.7934474,2,head,44,user,643.0
,0.66521305,1,tail,44,user,644.0
,0.7463137,2,head,44,user,645.0
,0.74180233,2,head,44,user,646.0
,0.67457044,1,tail,44,user,647.0
,0.8017323,2,head,44,user,648.0
,1.0679288,1,tail,44,user,649.0
,0.801821,3,head,44,user,650.0
,0.7687959,2,head,44,user,651.0
,0.7740858,2,head,44,user,652.0
,0.79734343,2,head,44,user,653.0
,0.7207834,2,head,44,user,654.0
,0.7567106,3,head,44,user,655.0
,0.9029756,3,head,44,user,656.0
,1.0499259,1,tail,44,user,657.0
,0.9416691,1,tail,44,user,658.0
,0.62472874,1,tail,44,user,659.0
,0.98771495,1,tail,44,user,660.0
,0.7912833,3,head,44,user,661.0
,0.79726064,3,head,44,user,662.0
,0.8362238,3,head,44,user,663.0
,0.82323605,2,head,44,user,664.0
,0.89843225,1,tail,44,user,665.0
,1.0805607,1,tail,44,user,666.0
,1.2094359,1,tail,44,user,667.0
,0.767072,2,head,44,user,668.0
,0.78102964,2,head,44,user,669.0
,1.0029558,1,tail,44,user,670.0
,0.95430213,1,tail,44,user,671.0
,0.80323184,3,head,44,user,672.0
,1.0464156,1,tail,44,user,673.0
,0.65005463,1,tail,44,user,674.0
,0.7308713,1,tail,44,user,675.0
,1.1831572,2,head,44,user,676.0
,0.65763307,1,tail,44,user,677.0
,1.1411372,1,tail,44,user,678.0
,0.8978879,3,head,44,user,679.0
,0.6535799,1,tail,44,user,680.0
,1.1201444,1,tail,44,user,681.0
,0.8433506,2,head,44,user,682.0
,0.79405445,2,head,44,user,683.0
,0.8198361,2,head,44,user,684.0
,0.805479,2,head,44,user,685.0
,0.684489,1,tail,44,user,686.0
,0.6836,1,tail,44,user,687.0
,0.6885962,1,tail,44,user,688.0
,0.7827267,2,head,44,user,689.0
,1.0227263,2,head,44,user,690.0
,1.442986,2,head,44,user,691.0
,0.83298224,2,head,44,user,692.0
,0.6509183,1,tail,44,user,693.0
,1.1890756,1,tail,44,user,694.0
,0.760911,2,head,44,user,695.0
,0.8222226,2,head,44,user,696.0
,0.63618684,1,tail,44,user,697.0
,0.8879531,3,head,44,user,698.0
,1.1479568,1,tail,44,user,699.0
,0.68414634,1,tail,44,user,700.0
,0.74580604,2,head,44,user,701.0
,0.85198957,3,head,44,user,702.0
,0.6954528,1,tail,44,user,703.0
,0.8204263,2,head,44,user,704.0
,1.0216404,1,tail,44,user,705.0
,1.0543201,1,tail,44,user,706.0
,0.8446488,2,head,44,user,707.0
,0.7620292,2,head,44,user,708.0
,0.7576654,2,head,44,user,709.0
,0.74883133,2,head,44,user,710.0
,1.1582315,1,tail,44,user,711.0
,0.8151239,2,head,44,user,712.0
,0.85770273,2,head,44,user,713.0
,0.6838823,1,tail,44,user,714.0
,0.78352034,2,head,44,user,715.0
,0.83280206,2,head,44,user,716.0
,0.6871664,1,tail,44,user,717.0
,0.7502427,3,head,44,user,718.0
,0.80671597,2,head,44,user,719.0
,1.0914369,4,head,44,user,720.0
,0.98842996,1,tail,44,user,721.0
,0.7278055,2,head,44,user,722.0
,0.8559574,3,head,44,user,723.0
,0.7325995,2,head,44,user,724.0
,0.69482684,1,tail,44,user,725.0
,0.7016932,2,head,44,user,726.0
,0.7368508,3,head,44,user,727.0
,1.239789,2,head,44,user,728.0
,0.840009,2,head,44,user,729.0
,0.8539168,3,head,44,user,730.0
,0.71388614,2,head,44,user,731.0
,0.8226725,2,head,44,user,732.0
,0.75137544,2,head,44,user,733.0
,0.7778079,2,head,44,user,734.0
,0.73937136,3,head,44,user,735.0
,0.85070217,3,head,44,user,736.0
,1.2040888,1,tail,44,user,737.0
,0.77799165,3,head,44,user,738.0
,0.80519205,2,head,44,user,739.0
,0.78143024,3,head,44,user,740.0
,0.80987674,2,head,44,user,741.0
,1.2913688,5,head,44,user,742.0
,0.7579278,3,head,44,user,743.0
,0.83443445,2,head,44,user,744.0
,0.8528467,1,tail,44,user,745.0
,1.1094015,1,tail,44,user,746.0
,0.62753475,1,tail,44,user,747.0
,1.1051664,2,head,44,user,748.0
,0.6821238,1,tail,44,user,749.0
,0.8474468,2,head,44,user,750.0
,1.2276379,1,tail,44,user,751.0
,0.7023606,1,tail,44,user,752.0
,0.6176903,1,tail,44,user,753.0
,1.0455606,1,tail,44,user,754.0
,0.9269088,1,tail,44,user,755.0
,0.7026923,1,tail,44,user,756.0
,0.70334834,1,tail,44,user,757.0
,0.66719496,1,tail,44,user,758.0
,0.74015766,2,head,44,user,759.0
,0.7271943,2,head,44,user,760.0
,0.89703107,3,head,44,user,761.0
,0.77596277,2,head,44,user,762.0
,0.8321757,2,head,44,user,763.0
,0.88183796,3,head,44,user,764.0
,0.8137883,2,head,44,user,765.0
,0.6978208,2,head,44,user,766.0
,0.79071534,2,head,44,user,767.0
,1.167947,1,tail,44,user,768.0
,0.8175609,3,head,44,user,769.0
,0.8409642,1,tail,44,user,770.0
,1.0456836,1,tail,44,user,771.0
,0.9858618,2,head,44,user,772.0
,1.0984653,1,tail,44,user,773.0
,1.3444744,2,head,44,user,774.0
,0.80116075,3,head,44,user,775.0
,1.0840838,1,tail,44,user,776.0
,0.84810066,2,head,44,user,777.0
,0.88354665,3,head,44,user,778.0
,1.4389877,3,head,44,user,779.0
,0.74767125,3,head,44,user,780.0
,1.1384952,2,head,44,user,781.0
,0.82058674,2,head,44,user,782.0
,1.0614612,1,tail,44,user,783.0
,1.1141368,1,tail,44,user,784.0
,0.790345,2,head,44,user,785.0
,0.6494001,1,tail,44,user,786.0
,0.6761097,1,tail,44,user,787.0
,0.8757421,1,tail,44,user,788.0
,1.0610658,1,tail,44,user,789.0
,0.8733074,3,head,44,user,790.0
,1.1366664,2,head,44,user,791.0
,1.2358845,1,tail,44,user,792.0
,1.2219083,1,tail,44,user,793.0
,0.75125897,1,tail,44,user,794.0
,1.1329793,2,head,44,user,795.0
,1.1313664,1,tail,44,user,796.0
,0.78740776,2,head,44,user,797.0
,0.8138556,2,head,44,user,798.0
,1.0603822,1,tail,44,user,799.0
,0.88690954,3,head,44,user,800.0
,1.2056006,1,tail,44,user,801.0
,0.8232487,3,head,44,user,802.0
,1.1672465,2,head,44,user,803.0
,0.8203766,2,head,44,user,804.0
,1.0973159,1,tail,44,user,805.0
,0.70084536,1,tail,44,user,806.0
,1.0407109,1,tail,44,user,807.0
,1.2207175,1,tail,44,user,808.0
,0.8488787,2,head,44,user,809.0
,1.053689,1,tail,44,user,810.0
,0.79555845,2,head,44,user,811.0
,1.1489269,2,head,44,user,812.0
,0.75749576,2,head,44,user,813.0
,0.8494917,2,head,44,user,814.0
,0.75645226,3,head,44,user,815.0
,0.85167336,2,head,44,user,816.0
,1.0871643,1,tail,44,user,817.0
,0.84089094,3,head,44,user,818.0
,0.84247756,3,head,44,user,819.0
,0.81033254,3,head,44,user,820.0
,1.0710518,1,tail,44,user,821.0
,0.82542586,2,head,44,user,822.0
,0.85922384,3,head,44,user,823.0
,0.7761234,2,head,44,user,824.0
,0.7741324,2,head,44,user,825.0
,0.8952443,3,head,44,user,826.0
,0.6763962,1,tail,44,user,827.0
,0.76129687,2,head,44,user,828.0
,0.7707584,2,head,44,user,829.0
,0.74406475,2,head,44,user,830.0
,0.6384391,1,tail,44,user,831.0
,0.8289168,3,head,44,user,832.0
,0.75334877,2,head,44,user,833.0
,0.75811064,2,head,44,user,834.0
,0.65494525,1,tail,44,user,835.0
,0.8606685,3,head,44,user,836.0
,0.78719693,2,head,44,user,837.0
,0.71442914,1,tail,44,user,838.0
,1.1246544,1,tail,44,user,839.0
,0.8800419,3,head,44,user,840.0
,0.8325362,2,head,44,user,841.0
,0.80376226,2,head,44,user,842.0
,1.2849854,2,head,44,user,843.0
,0.8717269,1,tail,44,user,844.0
,0.88473064,3,head,44,user,845.0
,0.8633247,3,head,44,user,846.0
,0.68072516,1,tail,44,user,847.0
,0.9140187,1,tail,44,user,848.0
,1.0920776,2,head,44,user,849.0
,0.77900535,2,head,44,user,850.0
,0.7994096,2,head,44,user,851.0
,1.0681347,1,tail,44,user,852.0
,0.8274227,2,head,44,user,853.0
,0.7950839,2,head,44,user,854.0
,0.6876566,1,tail,44,user,855.0
,0.67598563,1,tail,44,user,856.0
,0.7028103,1,tail,44,user,857.0
,0.6550615,1,tail,44,user,858.0
,0.7597094,2,head,44,user,859.0
,1.1337761,1,tail,44,user,860.0
,0.8619419,2,head,44,user,861.0
,1.2104267,1,tail,44,user,862.0
,0.7463047,2,head,44,user,863.0
,1.1739719,1,tail,44,user,864.0
,1.3333672,4,head,44,user,865.0
,1.1307819,1,tail,44,user,866.0
,0.66345084,1,tail,44,user,867.0
,1.0698773,1,tail,44,user,868.0
,1.0507501,2,head,44,user,869.0
,1.1248201,1,tail,44,user,870.0
,0.7051786,1,tail,44,user,871.0
,0.71631926,1,tail,44,user,872.0
,0.6943115,1,tail,44,user,873.0
,1.0178916,1,tail,44,user,874.0
,1.1725062,1,tail,44,user,875.0
,0.68425256,1,tail,44,user,876.0
,0.8679031,1,tail,44,user,877.0
,0.6653682,1,tail,44,user,878.0
,1.0558066,1,tail,44,user,879.0
,0.8243559,3,head,44,user,880.0
,0.948213,1,tail,44,user,881.0
,0.77263236,2,head,44,user,882.0
,0.6881065,1,tail,44,user,883.0
,0.71374524,2,head,44,user,884.0
,0.7834298,2,head,44,user,885.0
,0.840724,3,head,44,user,886.0
,0.7522908,2,head,44,user,887.0
,0.7164253,1,tail,44,user,888.0
,0.8766833,3,head,44,user,889.0
,0.7689735,2,head,44,user,890.0
,1.099434,1,tail,44,user,891.0
,0.85253537,1,tail,44,user,892.0
,0.8586689,2,head,44,user,893.0
,0.87307596,3,head,44,user,894.0
,0.62221915,1,tail,44,user,895.0
,0.8260733,2,head,44,user,896.0
,0.77836925,2,head,44,user,897.0
,0.71488327,1,tail,44,user,898.0
,0.7436497,2,head,44,user,899.0
,0.8372209,1,tail,44,user,900.0
,1.0916907,1,tail,44,user,901.0
,0.75337696,3,head,44,user,902.0
,1.0625839,2,head,44,user,903.0
,0.8160582,1,tail,44,user,904.0
,0.75495225,2,head,44,user,905.0
,0.64833665,1,tail,44,user,906.0
,0.8603772,3,head,44,user,907.0
,1.2340887,2,head,44,user,908.0
,0.89275146,3,head,44,user,909.0
,1.2656765,4,head,44,user,910.0
,0.6701599,1,tail,44,user,911.0
,1.1759468,1,tail,44,user,912.0
,1.3874346,4,head,44,user,913.0
,0.7845968,2,head,44,user,914.0
,1.1765738,1,tail,44,user,915.0
,0.6891145,1,tail,44,user,916.0
,1.346141,2,head,44,user,917.0
,0.736128,2,head,44,user,918.0
,0.88233167,3,head,44,user,919.0
,0.6737046,1,tail,44,user,920.0
,1.4381119,2,head,44,user,921.0
,0.71877474,1,tail,44,user,922.0
,0.98019487,1,tail,44,user,923.0
,0.67911303,1,tail,44,user,924.0
,0.8107175,1,tail,44,user,925.0
,0.97312933,1,tail,44,user,926.0
,1.0247071,2,head,44,user,927.0
,0.61930394,1,tail,44,user,928.0
,0.68570375,1,tail,44,user,929.0
,0.809267,2,head,44,user,930.0
,1.0048805,1,tail,44,user,931.0
,0.6134653,1,tail,44,user,932.0
,0.7140299,1,tail,44,user,933.0
,1.2738853,5,head,44,user,934.0
,0.85030425,1,tail,44,user,935.0
,0.83615685,3,head,44,user,936.0
,0.8207953,2,head,44,user,937.0
,0.8482111,1,tail,44,user,938.0
,1.0914935,2,head,44,user,939.0
,0.8537423,3,head,44,user,940.0
,0.7541446,2,head,44,user,941.0
,0.7627448,2,head,44,user,942.0
,0.68745035,1,tail,44,user,943.0
,0.7711495,2,head,44,user,944.0
,0.9750754,1,tail,44,user,945.0
,1.1024127,1,tail,44,user,946.0
,0.89716893,3,head,44,user,947.0
,0.8581578,1,tail,44,user,948.0
,0.7485622,2,head,44,user,949.0
,0.693277,1,tail,44,user,950.0
,1.0384111,1,tail,44,user,951.0
,0.93248624,3,head,44,user,952.0
,0.8844601,3,head,44,user,953.0
,0.7403095,2,head,44,user,954.0
,0.76476043,2,head,44,user,955.0
,0.85954666,3,head,44,user,956.0
,0.879844,3,head,44,user,957.0
,0.7828078,2,head,44,user,958.0
,0.7822734,2,head,44,user,959.0
,0.8318511,2,head,44,user,960.0
,0.7689158,2,head,44,user,961.0
,0.7033511,2,head,44,user,962.0
,1.0482428,1,tail,44,user,963.0
,0.88100195,2,head,44,user,964.0
,1.0252409,1,tail,44,user,965.0
,1.2508483,1,tail,44,user,966.0
,0.8302342,2,head,44,user,967.0
,0.761398,3,head,44,user,968.0
,1.1715282,1,tail,44,user,969.0
,0.8134364,3,head,44,user,970.0
,0.8023909,3,head,44,user,971.0
,0.819405,2,head,44,user,972.0
,1.102777,1,tail,44,user,973.0
,1.0908269,1,tail,44,user,974.0
,0.7989567,2,head,44,user,975.0
,0.8760737,3,head,44,user,976.0
,0.6607331,1,tail,44,user,977.0
,0.8059305,3,head,44,user,978.0
,0.9918648,1,tail,44,user,979.0
,0.6754597,1,tail,44,user,980.0
,0.6628787,1,tail,44,user,981.0
,1.0969486,1,tail,44,user,982.0
,0.7514318,2,head,44,user,983.0
,0.8096991,2,head,44,user,984.0
,0.8760584,3,head,44,user,985.0
,1.116907,1,tail,44,user,986.0
,0.80664176,3,head,44,user,987.0
,0.81728494,2,head,44,user,988.0
,0.8748185,3,head,44,user,989.0
,0.7552791,2,head,44,user,990.0
,0.69402325,1,tail,44,user,991.0
,0.7445514,2,head,44,user,992.0
,1.0968003,1,tail,44,user,993.0
,0.9079079,1,tail,44,user,994.0
,0.75167733,2,head,44,user,995.0
,0.8611099,3,head,44,user,996.0
,0.888856,3,head,44,user,997.0
,1.1290236,2,head,44,user,998.0
,0.7696286,3,head,44,user,999.0
,0.8856204,1,tail,44,user,1000.0
,0.84138495,2,head,44,user,1001.0
,0.84836,1,tail,44,user,1002.0
,1.2273601,2,head,44,user,1003.0
,0.7601457,2,head,44,user,1004.0
,0.76767975,2,head,44,user,1005.0
,0.8283896,3,head,44,user,1006.0
,0.85477763,2,head,44,user,1007.0
,1.1431476,1,tail,44,user,1008.0
,0.8371559,2,head,44,user,1009.0
,0.85384023,1,tail,44,user,1010.0
,0.6419794,1,tail,44,user,1011.0
,1.1060537,1,tail,44,user,1012.0
,1.122819,1,tail,44,user,1013.0
,1.152242,1,tail,44,user,1014.0
,0.7715749,2,head,44,user,1015.0
,0.7779458,2,head,44,user,1016.0
,0.94959646,1,tail,44,user,1017.0
,0.7006908,1,tail,44,user,1018.0
,0.9873243,2,head,44,user,1019.0
,0.64278543,1,tail,44,user,1020.0
,0.7814688,2,head,44,user,1021.0
,0.6736951,1,tail,44,user,1022.0
,0.7582383,2,head,44,user,1023.0
,0.66962564,1,tail,44,user,1024.0
,0.77670044,2,head,44,user,1025.0
,0.70675194,2,head,44,user,1026.0
,0.81533694,3,head,44,user,1027.0
,0.8278429,3,head,44,user,1028.0
,0.7208685,2,head,44,user,1029.0
,0.6761748,1,tail,44,user,1030.0
,0.89228404,3,head,44,user,1031.0
,0.8733632,3,head,44,user,1032.0
,0.86994267,3,head,44,user,1033.0
,0.7577809,2,head,44,user,1034.0
,0.7520721,2,head,44,user,1035.0
,0.78996235,2,head,44,user,1036.0
,1.0655323,1,tail,44,user,1037.0
,0.8812792,3,head,44,user,1038.0
,0.8091124,1,tail,44,user,1039.0
,0.8611728,1,tail,44,user,1040.0
,0.6202686,1,tail,44,user,1041.0
,1.1628168,1,tail,44,user,1042.0
,0.758251,3,head,44,user,1043.0
,0.70561934,2,head,44,user,1044.0
,0.8131264,2,head,44,user,1045.0
,0.9166285,1,tail,44,user,1046.0
,1.174332,1,tail,44,user,1047.0
,0.8098791,2,head,44,user,1048.0
,0.932049,3,head,44,user,1049.0
,1.1756583,1,tail,44,user,1050.0
,0.8218374,2,head,44,user,1051.0
,0.83030236,2,head,44,user,1052.0
,0.7371237,2,head,44,user,1053.0
,0.70162815,1,tail,44,user,1054.0
,1.055315,1,tail,44,user,1055.0
,1.1503643,1,tail,44,user,1056.0
,0.7213459,1,tail,44,user,1057.0
,1.1524609,1,tail,44,user,1058.0
,1.2817118,3,head,44,user,1059.0
,0.73121196,2,head,44,user,1060.0
,1.15034,1,tail,44,user,1061.0
,1.1333666,1,tail,44,user,1062.0
,1.1832768,1,tail,44,user,1063.0
,0.85447586,2,head,44,user,1064.0
,0.67487067,1,tail,44,user,1065.0
,1.1150951,2,head,44,user,1066.0
,1.032454,1,tail,44,user,1067.0
,1.0417955,1,tail,44,user,1068.0
,0.7665075,2,head,44,user,1069.0
,0.69645303,1,tail,44,user,1070.0
,0.7244434,1,tail,44,user,1071.0
,1.1532483,1,tail,44,user,1072.0
,0.74392784,2,head,44,user,1073.0
,0.7320696,2,head,44,user,1074.0
,0.9916548,2,head,44,user,1075.0
,0.75406605,2,head,44,user,1076.0
,0.88353413,3,head,44,user,1077.0
,0.7151147,1,tail,44,user,1078.0
,0.8061406,2,head,44,user,1079.0
,1.2664113,2,head,44,user,1080.0
,0.79711115,2,head,44,user,1081.0
,0.7859642,2,head,44,user,1082.0
,0.8053578,2,head,44,user,1083.0
,0.76830375,1,tail,44,user,1084.0
,0.72391427,1,tail,44,user,1085.0
,0.77040315,2,head,44,user,1086.0
,0.8192358,3,head,44,user,1087.0
,0.840652,3,head,44,user,1088.0
,0.8214596,1,tail,44,user,1089.0
,0.6520143,1,tail,44,user,1090.0
,0.82508546,2,head,44,user,1091.0
,0.85788065,3,head,44,user,1092.0
,0.6665592,1,tail,44,user,1093.0
,0.6911414,1,tail,44,user,1094.0
,0.75066596,2,head,44,user,1095.0
,1.3507586,4,head,44,user,1096.0
,1.1673917,1,tail,44,user,1097.0
,0.7962731,3,head,44,user,1098.0
,1.1908071,1,tail,44,user,1099.0
,1.0190784,1,tail,44,user,1100.0
,0.9136582,3,head,44,user,1101.0
,0.77822983,2,head,44,user,1102.0
,0.8199521,2,head,44,user,1103.0
,0.6744627,1,tail,44,user,1104.0
,1.0672313,1,tail,44,user,1105.0
,1.074516,1,tail,44,user,1106.0
,0.63432676,1,tail,44,user,1107.0
,0.72940576,1,tail,44,user,1108.0
,0.7440595,2,head,44,user,1109.0
,0.8341861,1,tail,44,user,1110.0
,1.1387659,1,tail,44,user,1111.0
,0.72711295,1,tail,44,user,1112.0
,1.1153954,1,tail,44,user,1113.0
,0.9074788,3,head,44,user,1114.0
,1.1556902,1,tail,44,user,1115.0
,0.9658748,1,tail,44,user,1116.0
,0.6849509,1,tail,44,user,1117.0
,0.8507527,3,head,44,user,1118.0
,0.7774927,2,head,44,user,1119.0
,0.8221333,2,head,44,user,1120.0
,0.65883934,1,tail,44,user,1121.0
,0.6713644,1,tail,44,user,1122.0
,1.0467944,1,tail,44,user,1123.0
,1.1436874,1,tail,44,user,1124.0
,0.67363095,1,tail,44,user,1125.0
,1.0413315,1,tail,44,user,1126.0
,0.8273279,2,head,44,user,1127.0
,0.94575834,1,tail,44,user,1128.0
,0.8665108,1,tail,44,user,1129.0
,0.8469167,3,head,44,user,1130.0
,1.1816853,1,tail,44,user,1131.0
,0.7260505,3,head,44,user,1132.0
,0.6447528,1,tail,44,user,1133.0
,0.8139076,2,head,44,user,1134.0
,1.1779965,1,tail,44,user,1135.0
,0.63754743,1,tail,44,user,1136.0
,0.7503226,2,head,44,user,1137.0
,0.62089086,1,tail,44,user,1138.0
,0.7022399,1,tail,44,user,1139.0
,0.7818555,2,head,44,user,1140.0
,1.0696208,1,tail,44,user,1141.0
,0.67585593,1,tail,44,user,1142.0
,0.8103801,2,head,44,user,1143.0
,1.0178114,1,tail,44,user,1144.0
,1.1383616,1,tail,44,user,1145.0
,1.2630583,2,head,44,user,1146.0
,0.8195552,2,head,44,user,1147.0
,0.8830542,3,head,44,user,1148.0
,0.87869596,1,tail,44,user,1149.0
,1.294946,1,tail,44,user,1150.0
,0.7444938,3,head,44,user,1151.0
,0.8136394,2,head,44,user,1152.0
,0.89798236,1,tail,44,user,1153.0
,0.80472356,2,head,44,user,1154.0
,1.0409608,1,tail,44,user,1155.0
,0.7598676,3,head,44,user,1156.0
,0.76175475,2,head,44,user,1157.0
,0.70439154,2,head,44,user,1158.0
,1.2216488,2,head,44,user,1159.0
,1.0532713,1,tail,44,user,1160.0
,0.8537132,1,tail,44,user,1161.0
,0.7882012,2,head,44,user,1162.0
,1.1776016,1,tail,44,user,1163.0
,1.0699153,2,head,44,user,1164.0
,0.66430634,1,tail,44,user,1165.0
,0.7448507,2,head,44,user,1166.0
,0.8646515,3,head,44,user,1167.0
,0.70753545,1,tail,44,user,1168.0
,0.8193144,2,head,44,user,1169.0
,0.86509544,2,head,44,user,1170.0
,0.7224556,2,head,44,user,1171.0
,0.74706405,2,head,44,user,1172.0
,0.64874446,1,tail,44,user,1173.0
,0.8473095,3,head,44,user,1174.0
,0.80256695,2,head,44,user,1175.0
,0.63155776,1,tail,44,user,1176.0
,0.7979457,3,head,44,user,1177.0
,1.0370659,1,tail,44,user,1178.0
,0.7971827,2,head,44,user,1179.0
,0.63891816,1,tail,44,user,1180.0
,0.8517437,2,head,44,user,1181.0
,0.87899446,3,head,44,user,1182.0
,0.73218495,2,head,44,user,1183.0
,0.7821816,2,head,44,user,1184.0
,0.91350394,3,head,44,user,1185.0
,1.1079048,1,tail,44,user,1186.0
,0.73012394,2,head,44,user,1187.0
,0.65088177,1,tail,44,user,1188.0
,0.8398387,2,head,44,user,1189.0
,1.1451124,1,tail,44,user,1190.0
,1.1089591,1,tail,44,user,1191.0
,0.6213091,1,tail,44,user,1192.0
,0.764259,2,head,44,user,1193.0
,0.7729602,3,head,44,user,1194.0
,0.77207416,2,head,44,user,1195.0
,0.74911207,1,tail,44,user,1196.0
,1.1514817,1,tail,44,user,1197.0
,0.8822624,3,head,44,user,1198.0
,0.62223494,1,tail,44,user,1199.0
,0.69739217,2,head,44,user,1200.0
,0.7229316,2,head,44,user,1201.0
,0.8200056,2,head,44,user,1202.0
,0.82165873,2,head,44,user,1203.0
,0.7753266,2,head,44,user,1204.0
,1.0752044,1,tail,44,user,1205.0
,0.64632374,1,tail,44,user,1206.0
,0.8568719,3,head,44,user,1207.0
,0.7430536,1,tail,44,user,1208.0
,0.8862182,1,tail,44,user,1209.0
,0.816774,2,head,44,user,1210.0
,0.8600547,3,head,44,user,1211.0
,0.67487174,1,tail,44,user,1212.0
,1.18096,1,tail,44,user,1213.0
,0.6730163,1,tail,44,user,1214.0
,1.1622097,2,head,44,user,1215.0
,0.8643201,1,tail,44,user,1216.0
,0.6617694,1,tail,44,user,1217.0
,0.91404617,1,tail,44,user,1218.0
,0.8516994,2,head,44,user,1219.0
,1.1627504,1,tail,44,user,1220.0
,0.8208638,2,head,44,user,1221.0
,1.1511,1,tail,44,user,1222.0
,0.8068086,2,head,44,user,1223.0
,0.67703164,1,tail,44,user,1224.0
,0.8089524,2,head,44,user,1225.0
,1.1068816,1,tail,44,user,1226.0
,1.3016312,3,head,44,user,1227.0
,0.87740993,1,tail,44,user,1228.0
,0.84615785,3,head,44,user,1229.0
,0.75401723,2,head,44,user,1230.0
,0.8155488,2,head,44,user,1231.0
,1.100683,2,head,44,user,1232.0
,1.1134007,3,head,44,user,1233.0
,0.7719128,2,head,44,user,1234.0
,0.7722347,2,head,44,user,1235.0
,0.9067519,3,head,44,user,1236.0
,1.2231017,2,head,44,user,1237.0
,0.7933699,2,head,44,user,1238.0
,1.1371942,3,head,44,user,1239.0
,0.7488818,2,head,44,user,1240.0
,1.2024425,1,tail,44,user,1241.0
,0.8171079,2,head,44,user,1242.0
,1.0429109,1,tail,44,user,1243.0
,0.7445087,1,tail,44,user,1244.0
,0.7796261,2,head,44,user,1245.0
,0.8518696,1,tail,44,user,1246.0
,1.0977076,1,tail,44,user,1247.0
,0.81579894,2,head,44,user,1248.0
,0.7010718,1,tail,44,user,1249.0
,0.6977223,1,tail,44,user,1250.0
,1.2651999,3,head,44,user,1251.0
,0.8516533,1,tail,44,user,1252.0
,0.6566007,1,tail,44,user,1253.0
,0.7575727,2,head,44,user,1254.0
,0.7253316,2,head,44,user,1255.0
,1.1043699,1,tail,44,user,1256.0
,0.75838,2,head,44,user,1257.0
,0.90999573,3,head,44,user,1258.0
,0.6880926,1,tail,44,user,1259.0
,1.0717849,1,tail,44,user,1260.0
,1.2430563,1,tail,44,user,1261.0
,0.78591615,2,head,44,user,1262.0
,1.0179803,2,head,44,user,1263.0
,0.7797552,3,head,44,user,1264.0
,0.7567172,1,tail,44,user,1265.0
,0.77149665,2,head,44,user,1266.0
,0.79627794,2,head,44,user,1267.0
,0.849532,1,tail,44,user,1268.0
,0.84331214,3,head,44,user,1269.0
,0.6641551,1,tail,44,user,1270.0
,1.5666492,3,head,44,user,1271.0
,0.8558334,1,tail,44,user,1272.0
,1.064528,2,head,44,user,1273.0
,0.8548402,1,tail,44,user,1274.0
,0.7977109,2,head,44,user,1275.0
,0.77037954,2,head,44,user,1276.0
,0.65805167,1,tail,44,user,1277.0
,1.0542697,1,tail,44,user,1278.0
,0.7765564,2,head,44,user,1279.0
,0.8552513,3,head,44,user,1280.0
,0.8306865,1,tail,44,user,1281.0
,0.7330411,2,head,44,user,1282.0
,0.64219236,1,tail,44,user,1283.0
,0.9334613,3,head,44,user,1284.0
,1.1089644,1,tail,44,user,1285.0
,0.6562508,1,tail,44,user,1286.0
,0.8743084,3,head,44,user,1287.0
,0.8761791,1,tail,44,user,1288.0
,1.1208637,1,tail,44,user,1289.0
,0.832148,2,head,44,user,1290.0
,0.79591966,2,head,44,user,1291.0
,0.637446,1,tail,44,user,1292.0
,0.820788,2,head,44,user,1293.0
,1.1373818,1,tail,44,user,1294.0
,0.74572706,1,tail,44,user,1295.0
,0.82507545,2,head,44,user,1296.0
,1.4495032,6,head,44,user,1297.0
,0.8203937,2,head,44,user,1298.0
,0.78719527,2,head,44,user,1299.0
,0.678778,1,tail,44,user,1300.0
,0.6586159,1,tail,44,user,1301.0
,0.8863597,1,tail,44,user,1302.0
,0.64115185,1,tail,44,user,1303.0
,0.7265156,3,head,44,user,1304.0
,0.610031,1,tail,44,user,1305.0
,0.75810486,2,head,44,user,1306.0
,0.80562675,2,head,44,user,1307.0
,1.1433754,1,tail,44,user,1308.0
,0.75591964,3,head,44,user,1309.0
,1.1155,1,tail,44,user,1310.0
,1.2107638,1,tail,44,user,1311.0
,0.7495551,2,head,44,user,1312.0
,1.0964533,1,tail,44,user,1313.0
,0.7863163,3,head,44,user,1314.0
,0.8058696,3,head,44,user,1315.0
,0.6787049,1,tail,44,user,1316.0
,0.85706306,3,head,44,user,1317.0
,0.96576154,1,tail,44,user,1318.0
,0.773668,2,head,44,user,1319.0
,0.7726266,2,head,44,user,1320.0
,0.8078885,1,tail,44,user,1321.0
,1.044407,1,tail,44,user,1322.0
,1.0809522,1,tail,44,user,1323.0
,1.1663842,1,tail,44,user,1324.0
,0.85823715,3,head,44,user,1325.0
,0.8013684,2,head,44,user,1326.0
,0.7840714,2,head,44,user,1327.0
,0.8902093,3,head,44,user,1328.0
,0.65279645,1,tail,44,user,1329.0
,0.85263395,3,head,44,user,1330.0
,0.7602819,2,head,44,user,1331.0
,0.81619173,2,head,44,user,1332.0
,0.7649488,2,head,44,user,1333.0
,0.778648,2,head,44,user,1334.0
,0.83387226,2,head,44,user,1335.0
,0.82524616,2,head,44,user,1336.0
,1.1473954,2,head,44,user,1337.0
,0.874128,1,tail,44,user,1338.0
,0.71019137,2,head,44,user,1339.0
,1.1096439,1,tail,44,user,1340.0
,0.8053523,2,head,44,user,1341.0
,0.67790323,1,tail,44,user,1342.0
,1.1042199,1,tail,44,user,1343.0
,0.9732134,1,tail,44,user,1344.0
,0.91932285,3,head,44,user,1345.0
,0.76610595,2,head,44,user,1346.0
,0.61213595,1,tail,44,user,1347.0
,0.7317763,3,head,44,user,1348.0
,0.7879494,2,head,44,user,1349.0
,0.88304865,3,head,44,user,1350.0
,1.042754,1,tail,44,user,1351.0
,0.5839464,1,tail,44,user,1352.0
,1.1347089,2,head,44,user,1353.0
,0.75619656,2,head,44,user,1354.0
,0.78457445,2,head,44,user,1355.0
,0.8123609,2,head,44,user,1356.0
,0.8839765,1,tail,44,user,1357.0
,0.7351726,1,tail,44,user,1358.0
,1.2130212,2,head,44,user,1359.0
,1.1102117,1,tail,44,user,1360.0
,0.7804748,2,head,44,user,1361.0
,1.4186295,3,head,44,user,1362.0
,0.9790094,1,tail,44,user,1363.0
,0.6557408,1,tail,44,user,1364.0
,0.6976898,1,tail,44,user,1365.0
,0.7933945,2,head,44,user,1366.0
,0.7648284,2,head,44,user,1367.0
,0.61975145,1,tail,44,user,1368.0
,0.90263695,3,head,44,user,1369.0
,1.0416464,2,head,44,user,1370.0
,1.1506366,1,tail,44,user,1371.0
,0.9088766,1,tail,44,user,1372.0
,1.0088421,1,tail,44,user,1373.0
,0.69431317,1,tail,44,user,1374.0
,1.030137,1,tail,44,user,1375.0
,0.66720337,1,tail,44,user,1376.0
,0.76409173,3,head,44,user,1377.0
,1.1373895,1,tail,44,user,1378.0
,0.76968634,2,head,44,user,1379.0
,0.78898406,2,head,44,user,1380.0
,0.6688904,1,tail,44,user,1381.0
,1.2424518,3,head,44,user,1382.0
,0.84073263,3,head,44,user,1383.0
,0.73995405,1,tail,44,user,1384.0
,0.7769001,2,head,44,user,1385.0
,0.82979596,3,head,44,user,1386.0
,0.74344784,2,head,44,user,1387.0
,0.80089355,3,head,44,user,1388.0
,0.7268973,2,head,44,user,1389.0
,1.0471143,1,tail,44,user,1390.0
,0.69525665,2,head,44,user,1391.0
,0.8446395,3,head,44,user,1392.0
,0.8375664,3,head,44,user,1393.0
,0.77388495,2,head,44,user,1394.0
,0.75666195,2,head,44,user,1395.0
,0.8503587,2,head,44,user,1396.0
,0.6946781,1,tail,44,user,1397.0
,0.86506516,3,head,44,user,1398.0
,0.87716675,1,tail,44,user,1399.0
,0.8565856,1,tail,44,user,1400.0
,0.7283474,2,head,44,user,1401.0
,0.6635764,1,tail,44,user,1402.0
,0.77030915,3,head,44,user,1403.0
,1.2173506,1,tail,44,user,1404.0
,1.1580493,2,head,44,user,1405.0
,1.1300805,1,tail,44,user,1406.0
,1.3430095,4,head,44,user,1407.0
,1.1717441,1,tail,44,user,1408.0
,1.2977178,2,head,44,user,1409.0
,1.1663193,1,tail,44,user,1410.0
,1.1572945,1,tail,44,user,1411.0
,0.82816494,1,tail,44,user,1412.0
,1.2218347,1,tail,44,user,1413.0
,0.76272666,2,head,44,user,1414.0
,0.7106787,1,tail,44,user,1415.0
,0.6733197,1,tail,44,user,1416.0
,0.7636542,2,head,44,user,1417.0
,1.012379,1,tail,44,user,1418.0
,0.9931011,1,tail,44,user,1419.0
,0.74799997,2,head,44,user,1420.0
,0.8025125,2,head,44,user,1421.0
,1.114939,1,tail,44,user,1422.0
,0.7832721,2,head,44,user,1423.0
,0.64555776,1,tail,44,user,1424.0
,0.6962481,2,head,44,user,1425.0
,1.1376538,1,tail,44,user,1426.0
,0.79648453,2,head,44,user,1427.0
,0.8455232,3,head,44,user,1428.0
,0.65117234,1,tail,44,user,1429.0
,0.7710412,2,head,44,user,1430.0
,1.0291626,2,head,44,user,1431.0
,0.99810266,1,tail,44,user,1432.0
,0.805285,2,head,44,user,1433.0
,1.1094432,3,head,44,user,1434.0
,1.2732073,1,tail,44,user,1435.0
,0.6303766,1,tail,44,user,1436.0
,1.2683293,3,head,44,user,1437.0
,0.6550188,1,tail,44,user,1438.0
,0.7820573,3,head,44,user,1439.0
,0.80874014,2,head,44,user,1440.0
,1.1341176,1,tail,44,user,1441.0
,0.6394489,1,tail,44,user,1442.0
,0.84890425,3,head,44,user,1443.0
,0.73542255,2,head,44,user,1444.0
,0.6438976,1,tail,44,user,1445.0
,1.2295339,1,tail,44,user,1446.0
,0.82288027,3,head,44,user,1447.0
,0.68319035,1,tail,44,user,1448.0
,0.9771724,1,tail,44,user,1449.0
,1.0307426,1,tail,44,user,1450.0
,0.78579247,2,head,44,user,1451.0
,1.0601497,2,head,44,user,1452.0
,0.8058566,3,head,44,user,1453.0
,0.7233383,2,head,44,user,1454.0
,0.8110137,2,head,44,user,1455.0
,0.752642,2,head,44,user,1456.0
,0.7222188,1,tail,44,user,1457.0
,1.3415027,2,head,44,user,1458.0
,0.77325046,2,head,44,user,1459.0
,0.8365449,2,head,44,user,1460.0
,0.84248984,1,tail,44,user,1461.0
,0.7859641,2,head,44,user,1462.0
,0.67856145,1,tail,44,user,1463.0
,0.6642004,1,tail,44,user,1464.0
,0.7501347,2,head,44,user,1465.0
,0.8243953,2,head,44,user,1466.0
,0.84619534,2,head,44,user,1467.0
,0.83636016,2,head,44,user,1468.0
,0.7275477,1,tail,44,user,1469.0
,0.7474508,1,tail,44,user,1470.0
,0.8198352,1,tail,44,user,1471.0
,0.7377726,2,head,44,user,1472.0
,0.78199595,3,head,44,user,1473.0
,0.7788574,2,head,44,user,1474.0
,0.6660891,1,tail,44,user,1475.0
,0.6737796,1,tail,44,user,1476.0
,1.1536492,1,tail,44,user,1477.0
,0.77939075,2,head,44,user,1478.0
,0.76905507,3,head,44,user,1479.0
,0.97884595,2,head,44,user,1480.0
,0.846271,3,head,44,user,1481.0
,0.9215226,1,tail,44,user,1482.0
,0.6175265,1,tail,44,user,1483.0
,1.0698352,1,tail,44,user,1484.0
,0.6353265,1,tail,44,user,1485.0
,0.78970164,2,head,44,user,1486.0
,0.69513565,1,tail,44,user,1487.0
,1.2058091,1,tail,44,user,1488.0
,1.2075446,1,tail,44,user,1489.0
,1.0373244,1,tail,44,user,1490.0
,1.1539336,1,tail,44,user,1491.0
,1.2296199,2,head,44,user,1492.0
,0.8690153,3,head,44,user,1493.0
,0.776191,3,head,44,user,1494.0
,0.77199596,2,head,44,user,1495.0
,1.3203006,5,head,44,user,1496.0
,0.77255,2,head,44,user,1497.0
,1.0142372,1,tail,44,user,1498.0
,0.7181107,1,tail,44,user,1499.0
,1.1472298,1,tail,44,user,1500.0
,1.1125641,1,tail,44,user,1501.0
,0.75617844,2,head,44,user,1502.0
,0.78573716,2,head,44,user,1503.0
,0.8402403,2,head,44,user,1504.0
,0.73192024,1,tail,44,user,1505.0
,0.71506757,1,tail,44,user,1506.0
,1.2598981,2,head,44,user,1507.0
,1.110842,1,tail,44,user,1508.0
,1.0275805,1,tail,44,user,1509.0
,0.8900424,3,head,44,user,1510.0
,1.3805647,2,head,44,user,1511.0
,0.6699457,1,tail,44,user,1512.0
,0.64261097,1,tail,44,user,1513.0
,1.0179121,4,head,44,user,1514.0
,0.79284334,3,head,44,user,1515.0
,0.7504838,2,head,44,user,1516.0
,0.7462927,2,head,44,user,1517.0
,0.7277716,1,tail,44,user,1518.0
,0.62226677,1,tail,44,user,1519.0
,1.1221638,1,tail,44,user,1520.0
,1.1138242,2,head,44,user,1521.0
,1.0384622,1,tail,44,user,1522.0
,0.7260142,1,tail,44,user,1523.0
,0.82405394,3,head,44,user,1524.0
,0.7849809,3,head,44,user,1525.0
,0.7653484,2,head,44,user,1526.0
,0.65295756,1,tail,44,user,1527.0
,0.84843105,3,head,44,user,1528.0
,1.0540906,1,tail,44,user,1529.0
,0.72877717,3,head,44,user,1530.0
,1.0279264,1,tail,44,user,1531.0
,0.80143464,2,head,44,user,1532.0
,0.9068295,3,head,44,user,1533.0
,0.8471686,1,tail,44,user,1534.0
,0.8104257,2,head,44,user,1535.0
,0.67066765,1,tail,44,user,1536.0
,0.8348475,3,head,44,user,1537.0
,0.7971077,3,head,44,user,1538.0
,0.88131356,5,head,44,user,1539.0
,0.6660669,1,tail,44,user,1540.0
,0.7371236,2,head,44,user,1541.0
,0.83701956,2,head,44,user,1542.0
,0.8288412,2,head,44,user,1543.0
,0.63153017,1,tail,44,user,1544.0
,0.8857397,3,head,44,user,1545.0
,0.77524334,2,head,44,user,1546.0
,0.727109,2,head,44,user,1547.0
,0.80843323,2,head,44,user,1548.0
,0.8538842,1,tail,44,user,1549.0
,0.8206057,1,tail,44,user,1550.0
,0.766781,2,head,44,user,1551.0
,0.9912535,1,tail,44,user,1552.0
,0.79556525,2,head,44,user,1553.0
,1.1200217,1,tail,44,user,1554.0
,1.1503438,1,tail,44,user,1555.0
,1.1203681,2,head,44,user,1556.0
,0.8147543,2,head,44,user,1557.0
,0.7686129,2,head,44,user,1558.0
,0.64909166,1,tail,44,user,1559.0
,0.9982736,1,tail,44,user,1560.0
,0.84383154,2,head,44,user,1561.0
,1.035775,1,tail,44,user,1562.0
,1.1148679,1,tail,44,user,1563.0
,0.83823353,3,head,44,user,1564.0
,0.83552164,1,tail,44,user,1565.0
,0.708964,1,tail,44,user,1566.0
,0.9005563,1,tail,44,user,1567.0
,0.63599825,1,tail,44,user,1568.0
,0.7831591,2,head,44,user,1569.0
,1.1267976,1,tail,44,user,1570.0
,0.80397636,2,head,44,user,1571.0
,0.667476,1,tail,44,user,1572.0
,0.8961571,2,head,44,user,1573.0
,0.812363,2,head,44,user,1574.0
,0.78734463,3,head,44,user,1575.0
,1.2863293,4,head,44,user,1576.0
,0.80085576,2,head,44,user,1577.0
,0.90553164,3,head,44,user,1578.0
,1.0169449,2,head,44,user,1579.0
,0.80199,2,head,44,user,1580.0
,0.7524946,2,head,44,user,1581.0
,0.7888689,2,head,44,user,1582.0
,0.7697015,2,head,44,user,1583.0
,0.80968297,2,head,44,user,1584.0
,0.7195426,2,head,44,user,1585.0
,1.2997646,2,head,44,user,1586.0
,1.182067,2,head,44,user,1587.0
,0.6912253,1,tail,44,user,1588.0
,0.78746355,2,head,44,user,1589.0
,1.1110176,2,head,44,user,1590.0
,0.7341051,2,head,44,user,1591.0
,0.9308365,1,tail,44,user,1592.0
,0.76698077,2,head,44,user,1593.0
,0.75068325,2,head,44,user,1594.0
,0.99966055,1,tail,44,user,1595.0
,0.81514335,2,head,44,user,1596.0
,0.6595876,1,tail,44,user,1597.0
,0.8822541,3,head,44,user,1598.0
,0.7855144,2,head,44,user,1599.0
,0.8538168,1,tail,44,user,1600.0
,0.84048885,3,head,44,user,1601.0
,0.74081755,3,head,44,user,1602.0
,1.0489832,1,tail,44,user,1603.0
,0.640313,1,tail,44,user,1604.0
,0.8350631,3,head,44,user,1605.0
,1.2247113,5,head,44,user,1606.0
,0.7675122,2,head,44,user,1607.0
,0.6559672,1,tail,44,user,1608.0
,1.0377798,1,tail,44,user,1609.0
,1.1062826,1,tail,44,user,1610.0
,0.735947,1,tail,44,user,1611.0
,0.7871292,2,head,44,user,1612.0
,1.0607994,1,tail,44,user,1613.0
,0.72817886,2,head,44,user,1614.0
,1.3772206,2,head,44,user,1615.0
,0.79133755,2,head,44,user,1616.0
,0.77488655,2,head,44,user,1617.0
,0.8143305,2,head,44,user,1618.0
,0.75078547,2,head,44,user,1619.0
,1.2226678,1,tail,44,user,1620.0
,1.0779303,1,tail,44,user,1621.0
,0.79655075,3,head,44,user,1622.0
,0.6735189,1,tail,44,user,1623.0
,1.1030904,1,tail,44,user,1624.0
,0.814525,2,head,44,user,1625.0
,0.6844565,1,tail,44,user,1626.0
,0.83109784,3,head,44,user,1627.0
,0.7787913,3,head,44,user,1628.0
,0.77876484,2,head,44,user,1629.0
,0.68965656,1,tail,44,user,1630.0
,0.7405452,2,head,44,user,1631.0
,1.227811,4,head,44,user,1632.0
,0.6615874,1,tail,44,user,1633.0
,1.153685,1,tail,44,user,1634.0
,0.8758037,3,head,44,user,1635.0
,0.7564918,2,head,44,user,1636.0
,1.0195521,1,tail,44,user,1637.0
,0.74200654,2,head,44,user,1638.0
,1.157928,1,tail,44,user,1639.0
,0.891814,3,head,44,user,1640.0
,0.8267634,2,head,44,user,1641.0
,0.9577541,1,tail,44,user,1642.0
,1.1724648,1,tail,44,user,1643.0
,0.92054266,3,head,44,user,1644.0
,0.7292896,2,head,44,user,1645.0
,0.6821859,1,tail,44,user,1646.0
,1.0070714,1,tail,44,user,1647.0
,0.86784416,3,head,44,user,1648.0
,0.664598,1,tail,44,user,1649.0
,0.83178735,1,tail,44,user,1650.0
,1.062618,1,tail,44,user,1651.0
,1.0802627,1,tail,44,user,1652.0
,0.77750415,2,head,44,user,1653.0
,0.98338693,1,tail,44,user,1654.0
,0.85414344,1,tail,44,user,1655.0
,0.604985,1,tail,44,user,1656.0
,1.1838067,1,tail,44,user,1657.0
,0.7630652,3,head,44,user,1658.0
,0.63024145,1,tail,44,user,1659.0
,0.7229913,2,head,44,user,1660.0
,0.74418527,2,head,44,user,1661.0
,0.8044465,2,head,44,user,1662.0
,0.87097394,2,head,44,user,1663.0
,1.2396075,2,head,44,user,1664.0
,0.8571813,3,head,44,user,1665.0
,0.8191766,2,head,44,user,1666.0
,0.6847672,1,tail,44,user,1667.0
,0.74120605,2,head,44,user,1668.0
,0.80398786,2,head,44,user,1669.0
,0.6583648,1,tail,44,user,1670.0
,0.77527857,2,head,44,user,1671.0
,0.8052966,3,head,44,user,1672.0
,0.99384975,1,tail,44,user,1673.0
,0.7443307,2,head,44,user,1674.0
,0.85695654,3,head,44,user,1675.0
,1.0292566,1,tail,44,user,1676.0
,0.7647408,2,head,44,user,1677.0
,0.8384464,3,head,44,user,1678.0
,0.6208078,1,tail,44,user,1679.0
,1.1467465,1,tail,44,user,1680.0
,0.7186615,2,head,44,user,1681.0
,1.1156472,1,tail,44,user,1682.0
,0.69413346,1,tail,44,user,1683.0
,0.77205074,2,head,44,user,1684.0
,0.6609827,1,tail,44,user,1685.0
,1.1550249,1,tail,44,user,1686.0
,0.8518301,3,head,44,user,1687.0
,0.99656034,1,tail,44,user,1688.0
,0.641563,1,tail,44,user,1689.0
,0.6336888,1,tail,44,user,1690.0
,0.8316029,2,head,44,user,1691.0
,0.75437236,2,head,44,user,1692.0
,0.75172216,2,head,44,user,1693.0
,1.094787,1,tail,44,user,1694.0
,0.76292664,2,head,44,user,1695.0
,0.78517777,2,head,44,user,1696.0
,0.77593815,2,head,44,user,1697.0
,0.6592145,1,tail,44,user,1698.0
,0.74651706,1,tail,44,user,1699.0
,0.8771299,3,head,44,user,1700.0
,0.85277563,1,tail,44,user,1701.0
,0.6260871,1,tail,44,user,1702.0
,0.6639563,1,tail,44,user,1703.0
,0.83284664,1,tail,44,user,1704.0
,0.7346991,3,head,44,user,1705.0
,0.78822094,3,head,44,user,1706.0
,0.78982574,2,head,44,user,1707.0
,1.4841732,4,head,44,user,1708.0
,1.1782807,1,tail,44,user,1709.0
,0.6982798,1,tail,44,user,1710.0
,1.1904079,1,tail,44,user,1711.0
,0.67631686,1,tail,44,user,1712.0
,1.1688337,1,tail,44,user,1713.0
,0.7725559,2,head,44,user,1714.0
,0.8512521,1,tail,44,user,1715.0
,0.7684986,2,head,44,user,1716.0
,1.2387036,1,tail,44,user,1717.0
,0.85462636,2,head,44,user,1718.0
,0.74653804,1,tail,44,user,1719.0
,0.78683025,2,head,44,user,1720.0
,0.7368009,2,head,44,user,1721.0
,0.78688127,2,head,44,user,1722.0
,0.80209965,2,head,44,user,1723.0
,0.7751109,2,head,44,user,1724.0
,0.7453908,2,head,44,user,1725.0
,0.8146849,2,head,44,user,1726.0
,1.2023668,1,tail,44,user,1727.0
,0.83365417,1,tail,44,user,1728.0
,0.8004267,2,head,44,user,1729.0
,0.8482589,3,head,44,user,1730.0
,0.7655556,2,head,44,user,1731.0
,0.74522007,2,head,44,user,1732.0
,1.1375885,3,head,44,user,1733.0
,0.83845884,3,head,44,user,1734.0
,0.9674432,1,tail,44,user,1735.0
,1.0705101,2,head,44,user,1736.0
,0.7690288,3,head,44,user,1737.0
,0.71404266,1,tail,44,user,1738.0
,0.768404,2,head,44,user,1739.0
,0.8942292,3,head,44,user,1740.0
,0.8579669,3,head,44,user,1741.0
,0.7872091,2,head,44,user,1742.0
,0.8124943,2,head,44,user,1743.0
,0.7312468,2,head,44,user,1744.0
,0.74432176,1,tail,44,user,1745.0
,0.7900006,2,head,44,user,1746.0
,0.81156427,1,tail,44,user,1747.0
,1.1741024,1,tail,44,user,1748.0
,0.7762482,3,head,44,user,1749.0
,1.0686225,1,tail,44,user,1750.0
