item_idx,degree,degree_group,embedding_norm_mean,embedding_norm_std,dataset,log1p_degree
0,1630,high,4.625383,0.006397988,MovieLens-1M,7.396948602621014
1,275,high,3.2413943,0.04056866,MovieLens-1M,5.62040086571715
2,134,medium,3.0546188,0.08906145,MovieLens-1M,4.90527477843843
3,36,medium,2.7076137,0.123659715,MovieLens-1M,3.6109179126442243
4,94,medium,3.0659573,0.049265128,MovieLens-1M,4.553876891600541
5,642,high,3.8320522,0.02329718,MovieLens-1M,6.466144724237619
6,207,medium,3.1668282,0.07497626,MovieLens-1M,5.337538079701318
7,19,medium,2.6269734,0.045001816,MovieLens-1M,2.995732273553991
8,24,medium,3.282589,0.06904846,MovieLens-1M,3.2188758248682006
9,480,high,3.6167154,0.034290385,MovieLens-1M,6.175867270105761
10,689,high,3.8071945,0.033763956,MovieLens-1M,6.536691597591305
11,27,medium,2.7947712,0.09397013,MovieLens-1M,3.332204510175204
12,43,medium,3.0278976,0.057512984,MovieLens-1M,3.784189633918261
13,85,medium,2.585034,0.047424793,MovieLens-1M,4.454347296253507
14,29,medium,2.7418804,0.16562264,MovieLens-1M,3.4011973816621555
15,433,high,3.440611,0.04867371,MovieLens-1M,6.073044534100405
16,622,high,3.975735,0.07184679,MovieLens-1M,6.434546518787453
17,67,medium,2.631501,0.14342591,MovieLens-1M,4.219507705176107
18,71,medium,3.3000832,0.0465865,MovieLens-1M,4.276666119016055
19,19,medium,2.8359125,0.0724839,MovieLens-1M,2.995732273553991
20,773,high,3.815644,0.05578388,MovieLens-1M,6.651571873589727
21,173,medium,2.987593,0.070868336,MovieLens-1M,5.159055299214529
22,33,medium,2.5369022,0.053527933,MovieLens-1M,3.5263605246161616
23,247,high,3.545393,0.05497071,MovieLens-1M,5.5134287461649825
24,597,high,3.4705772,0.01946539,MovieLens-1M,6.393590753950631
25,55,medium,2.3954258,0.06985195,MovieLens-1M,4.02535169073515
26,16,medium,2.9417999,0.07289176,MovieLens-1M,2.833213344056216
27,133,medium,3.4347389,0.07104249,MovieLens-1M,4.897839799950911
28,299,high,3.4931095,0.04424099,MovieLens-1M,5.703782474656201
29,38,medium,2.6265965,0.037846457,MovieLens-1M,3.6635616461296463
30,44,medium,2.5651157,0.05319333,MovieLens-1M,3.8066624897703196
31,1065,high,4.154951,0.047828022,MovieLens-1M,6.97166860472579
32,1,low,2.7762804,0.021071568,MovieLens-1M,0.6931471805599453
33,1211,high,4.1651726,0.11527634,MovieLens-1M,7.10002716662926
34,28,medium,2.7737052,0.13537142,MovieLens-1M,3.367295829986474
35,658,high,3.705532,0.022418378,MovieLens-1M,6.490723534502507
36,5,low,2.8936627,0.33220702,MovieLens-1M,1.791759469228055
37,9,low,3.524436,0.055882443,MovieLens-1M,2.302585092994046
38,809,high,3.9096012,0.07597307,MovieLens-1M,6.697034247666484
39,24,medium,2.6873894,0.019276602,MovieLens-1M,3.2188758248682006
40,188,medium,2.9757347,0.04634053,MovieLens-1M,5.241747015059643
41,56,medium,2.956115,0.09720034,MovieLens-1M,4.04305126783455
42,82,medium,2.8841126,0.05496775,MovieLens-1M,4.418840607796598
43,76,medium,2.8155158,0.03719473,MovieLens-1M,4.343805421853684
44,271,high,3.0648165,0.036577325,MovieLens-1M,5.605802066295998
45,54,medium,2.7573493,0.07334244,MovieLens-1M,4.007333185232471
46,881,high,4.0882115,0.061553206,MovieLens-1M,6.782192056006791
47,121,medium,3.2362,0.023004683,MovieLens-1M,4.804021044733257
48,16,medium,2.9196901,0.17385039,MovieLens-1M,2.833213344056216
49,1587,high,4.458856,0.019982975,MovieLens-1M,7.370230641807081
50,256,high,2.9499302,0.032413915,MovieLens-1M,5.54907608489522
51,8,low,3.3594997,0.11289338,MovieLens-1M,2.1972245773362196
52,8,low,3.7325327,0.089545846,MovieLens-1M,2.1972245773362196
53,19,medium,2.959016,0.05440057,MovieLens-1M,2.995732273553991
54,2,low,3.6027348,0.13813509,MovieLens-1M,1.0986122886681098
55,46,medium,2.5881522,0.16716535,MovieLens-1M,3.8501476017100584
56,378,high,3.3557913,0.07079412,MovieLens-1M,5.937536205082426
57,2,low,3.2853136,0.07316612,MovieLens-1M,1.0986122886681098
58,139,medium,2.92103,0.051644515,MovieLens-1M,4.941642422609304
59,19,medium,3.0433705,0.106411874,MovieLens-1M,2.995732273553991
60,343,high,3.439618,0.019388117,MovieLens-1M,5.840641657373398
61,33,medium,3.2270668,0.14371169,MovieLens-1M,3.5263605246161616
62,5,low,3.1375914,0.10698154,MovieLens-1M,1.791759469228055
63,18,medium,3.1920116,0.10899895,MovieLens-1M,2.9444389791664403
64,5,low,2.822791,0.13380516,MovieLens-1M,1.791759469228055
65,2,low,3.8851788,0.26354676,MovieLens-1M,1.0986122886681098
66,31,medium,2.637599,0.04336552,MovieLens-1M,3.4657359027997265
67,186,medium,3.4215715,0.038107324,MovieLens-1M,5.231108616854587
68,377,high,3.730529,0.10010736,MovieLens-1M,5.934894195619588
69,11,medium,3.4165516,0.081919655,MovieLens-1M,2.4849066497880004
70,57,medium,2.5726368,0.057718344,MovieLens-1M,4.060443010546419
71,147,medium,3.0065012,0.14121972,MovieLens-1M,4.997212273764115
72,40,medium,3.1432283,0.05649633,MovieLens-1M,3.713572066704308
73,1,low,3.3765404,0.057936203,MovieLens-1M,0.6931471805599453
74,44,medium,2.8102207,0.036972187,MovieLens-1M,3.8066624897703196
75,21,medium,2.609434,0.11580517,MovieLens-1M,3.091042453358316
76,23,medium,2.749719,0.11096414,MovieLens-1M,3.1780538303479458
77,21,medium,2.5841906,0.09834657,MovieLens-1M,3.091042453358316
78,35,medium,3.0044396,0.2561126,MovieLens-1M,3.58351893845611
79,70,medium,2.4641745,0.08147082,MovieLens-1M,4.2626798770413155
80,57,medium,2.8440158,0.08560172,MovieLens-1M,4.060443010546419
81,19,medium,2.919246,0.11482853,MovieLens-1M,2.995732273553991
82,6,low,3.6342585,0.07308348,MovieLens-1M,1.9459101490553132
83,98,medium,2.9136364,0.09924108,MovieLens-1M,4.59511985013459
84,91,medium,2.775787,0.051398437,MovieLens-1M,4.5217885770490405
85,6,low,3.4792602,0.056763522,MovieLens-1M,1.9459101490553132
86,55,medium,3.2445967,0.021948064,MovieLens-1M,4.02535169073515
87,73,medium,2.5098913,0.057377033,MovieLens-1M,4.30406509320417
88,4,low,3.0595353,0.14784434,MovieLens-1M,1.6094379124341003
89,9,low,2.5989282,0.1736803,MovieLens-1M,2.302585092994046
90,9,low,2.851867,0.108435325,MovieLens-1M,2.302585092994046
91,106,medium,2.7000782,0.15618423,MovieLens-1M,4.672828834461906
92,180,medium,3.0590737,0.0898363,MovieLens-1M,5.198497031265826
93,10,medium,2.5543258,0.16411749,MovieLens-1M,2.3978952727983707
94,32,medium,2.8314724,0.08024983,MovieLens-1M,3.4965075614664802
95,27,medium,3.0820332,0.089797266,MovieLens-1M,3.332204510175204
96,38,medium,2.4572375,0.10216524,MovieLens-1M,3.6635616461296463
97,170,medium,3.1934958,0.08229,MovieLens-1M,5.14166355650266
98,4,low,3.1004245,0.09512986,MovieLens-1M,1.6094379124341003
99,13,medium,2.5400803,0.0741127,MovieLens-1M,2.6390573296152584
100,388,high,3.6229022,0.04983891,MovieLens-1M,5.963579343618446
101,159,medium,3.0616398,0.028285304,MovieLens-1M,5.075173815233827
102,8,low,3.563357,0.11451143,MovieLens-1M,2.1972245773362196
103,104,medium,3.0032558,0.028747447,MovieLens-1M,4.653960350157523
104,3,low,3.307768,0.06817041,MovieLens-1M,1.3862943611198906
105,1951,high,4.7672124,0.085936695,MovieLens-1M,7.5766097669730375
106,993,high,4.0677295,0.02746436,MovieLens-1M,6.901737206656574
107,287,high,3.3097365,0.036245618,MovieLens-1M,5.662960480135946
108,12,medium,2.8945847,0.04544093,MovieLens-1M,2.5649493574615367
109,3,low,3.0384114,0.042752147,MovieLens-1M,1.3862943611198906
110,33,medium,2.8702037,0.1117057,MovieLens-1M,3.5263605246161616
111,45,medium,2.5427208,0.04791049,MovieLens-1M,3.828641396489095
112,23,medium,2.6226232,0.08046081,MovieLens-1M,3.1780538303479458
113,2,low,3.1293056,0.1687429,MovieLens-1M,1.0986122886681098
114,30,medium,2.8045552,0.15111579,MovieLens-1M,3.4339872044851463
115,42,medium,2.3261774,0.06347246,MovieLens-1M,3.7612001156935624
116,81,medium,2.7578328,0.056735754,MovieLens-1M,4.406719247264253
117,5,low,3.343377,0.19466205,MovieLens-1M,1.791759469228055
118,214,medium,3.1209326,0.015738718,MovieLens-1M,5.3706380281276624
119,13,medium,2.5893373,0.1868128,MovieLens-1M,2.6390573296152584
120,10,medium,3.1199398,0.15820542,MovieLens-1M,2.3978952727983707
121,7,low,2.4208834,0.07784927,MovieLens-1M,2.0794415416798357
122,1,low,3.4807384,0.022515373,MovieLens-1M,0.6931471805599453
123,4,low,2.9999125,0.02462947,MovieLens-1M,1.6094379124341003
124,13,medium,2.7148495,0.08335861,MovieLens-1M,2.6390573296152584
125,1,low,3.5711024,0.09270247,MovieLens-1M,0.6931471805599453
126,37,medium,2.856229,0.07312698,MovieLens-1M,3.6375861597263857
127,5,low,3.0619576,0.07343963,MovieLens-1M,1.791759469228055
128,3,low,3.30116,0.08788972,MovieLens-1M,1.3862943611198906
129,1,low,4.1937428,0.15496792,MovieLens-1M,0.6931471805599453
130,1,low,3.0999432,0.026410777,MovieLens-1M,0.6931471805599453
131,54,medium,2.7307818,0.14618558,MovieLens-1M,4.007333185232471
132,371,high,3.2258623,0.061449848,MovieLens-1M,5.918893854273146
133,202,medium,3.1218913,0.1055817,MovieLens-1M,5.313205979041787
134,163,medium,3.0796206,0.0734144,MovieLens-1M,5.099866427824199
135,5,low,3.7176282,0.13384865,MovieLens-1M,1.791759469228055
136,99,medium,2.8249671,0.12669452,MovieLens-1M,4.605170185988092
137,6,low,2.6412337,0.2580449,MovieLens-1M,1.9459101490553132
138,30,medium,2.9259014,0.119993694,MovieLens-1M,3.4339872044851463
139,974,high,4.0633044,0.029877344,MovieLens-1M,6.882437470997847
140,319,high,3.1342623,0.09356348,MovieLens-1M,5.768320995793772
141,22,medium,2.6846569,0.09550938,MovieLens-1M,3.1354942159291497
142,156,medium,3.0265377,0.075552724,MovieLens-1M,5.056245805348308
143,105,medium,2.8581212,0.1216206,MovieLens-1M,4.663439094112067
144,44,medium,2.3813906,0.13326007,MovieLens-1M,3.8066624897703196
145,32,medium,2.771784,0.10186517,MovieLens-1M,3.4965075614664802
146,52,medium,2.5877268,0.19647345,MovieLens-1M,3.970291913552122
147,78,medium,2.9492629,0.1065793,MovieLens-1M,4.3694478524670215
148,48,medium,2.7159557,0.022138031,MovieLens-1M,3.8918202981106265
149,58,medium,2.823058,0.08425456,MovieLens-1M,4.07753744390572
150,478,high,3.4792063,0.004112209,MovieLens-1M,6.171700597410915
151,364,high,3.569857,0.022126205,MovieLens-1M,5.8998973535824915
152,272,high,3.1952343,0.018197378,MovieLens-1M,5.60947179518496
153,209,medium,3.2759378,0.07586222,MovieLens-1M,5.3471075307174685
154,457,high,3.5447998,0.050525945,MovieLens-1M,6.126869184114185
155,15,medium,3.2043345,0.017462729,MovieLens-1M,2.772588722239781
156,1,low,3.2957451,0.16325279,MovieLens-1M,0.6931471805599453
157,120,medium,3.0961065,0.060086887,MovieLens-1M,4.795790545596741
158,8,low,3.2288973,0.119895436,MovieLens-1M,2.1972245773362196
159,117,medium,2.8755283,0.0946213,MovieLens-1M,4.770684624465665
160,55,medium,2.7400105,0.13848859,MovieLens-1M,4.02535169073515
161,88,medium,3.2459857,0.08421227,MovieLens-1M,4.48863636973214
162,73,medium,3.0511305,0.08107548,MovieLens-1M,4.30406509320417
163,14,medium,3.049967,0.09493976,MovieLens-1M,2.70805020110221
164,119,medium,2.918073,0.10859142,MovieLens-1M,4.787491742782046
165,149,medium,3.0862968,0.064408526,MovieLens-1M,5.0106352940962555
166,39,medium,2.9514,0.15435034,MovieLens-1M,3.6888794541139363
167,10,medium,2.6806831,0.08659183,MovieLens-1M,2.3978952727983707
168,2,low,3.1038342,0.13197197,MovieLens-1M,1.0986122886681098
169,251,high,3.4854145,0.08249216,MovieLens-1M,5.529429087511423
170,6,low,3.100879,0.11003893,MovieLens-1M,1.9459101490553132
171,18,medium,3.00465,0.10449196,MovieLens-1M,2.9444389791664403
172,15,medium,2.7778842,0.077314235,MovieLens-1M,2.772588722239781
173,10,medium,2.9855268,0.2035278,MovieLens-1M,2.3978952727983707
174,151,medium,3.0668678,0.09341065,MovieLens-1M,5.0238805208462765
175,44,medium,2.7393353,0.03652327,MovieLens-1M,3.8066624897703196
176,42,medium,2.6617823,0.17786095,MovieLens-1M,3.7612001156935624
177,79,medium,2.7957747,0.08587868,MovieLens-1M,4.382026634673881
178,7,low,2.8326538,0.18190083,MovieLens-1M,2.0794415416798357
179,64,medium,3.011153,0.037001505,MovieLens-1M,4.174387269895637
180,12,medium,2.9191844,0.10614549,MovieLens-1M,2.5649493574615367
181,1,low,3.362915,0.08651012,MovieLens-1M,0.6931471805599453
182,22,medium,2.5719593,0.03215678,MovieLens-1M,3.1354942159291497
183,137,medium,2.7887065,0.058050547,MovieLens-1M,4.927253685157205
184,34,medium,2.6526387,0.03912183,MovieLens-1M,3.5553480614894135
185,140,medium,3.1508787,0.03645423,MovieLens-1M,4.948759890378168
186,5,low,2.7571533,0.08296625,MovieLens-1M,1.791759469228055
187,267,high,3.2455986,0.043870226,MovieLens-1M,5.5909869805108565
188,81,medium,3.0780704,0.10274142,MovieLens-1M,4.406719247264253
189,2,low,3.4967737,0.06711126,MovieLens-1M,1.0986122886681098
190,8,low,2.3752415,0.18948917,MovieLens-1M,2.1972245773362196
191,7,low,3.0459347,0.188624,MovieLens-1M,2.0794415416798357
192,75,medium,2.8413563,0.07007041,MovieLens-1M,4.330733340286331
193,63,medium,3.3156204,0.06333689,MovieLens-1M,4.1588830833596715
194,49,medium,2.5692422,0.095423065,MovieLens-1M,3.912023005428146
195,52,medium,3.0171182,0.1670155,MovieLens-1M,3.970291913552122
196,91,medium,2.8914776,0.048353054,MovieLens-1M,4.5217885770490405
197,148,medium,2.8116596,0.04451761,MovieLens-1M,5.003946305945459
198,9,low,2.8639495,0.079533994,MovieLens-1M,2.302585092994046
199,12,medium,2.5602424,0.016004825,MovieLens-1M,2.5649493574615367
200,20,medium,2.4108784,0.10705166,MovieLens-1M,3.044522437723423
201,1,low,3.4033177,0.1093227,MovieLens-1M,0.6931471805599453
202,95,medium,3.0945776,0.034936156,MovieLens-1M,4.564348191467836
203,23,medium,2.574125,0.14304057,MovieLens-1M,3.1780538303479458
204,106,medium,2.6651828,0.012942558,MovieLens-1M,4.672828834461906
205,139,medium,3.3926563,0.027623104,MovieLens-1M,4.941642422609304
206,12,medium,2.5740495,0.07680287,MovieLens-1M,2.5649493574615367
207,66,medium,2.6838453,0.13595246,MovieLens-1M,4.204692619390966
208,9,low,2.2274344,0.06280151,MovieLens-1M,2.302585092994046
209,1,low,3.5890992,0.030340394,MovieLens-1M,0.6931471805599453
210,177,medium,3.1336477,0.10671666,MovieLens-1M,5.181783550292085
211,995,high,4.3845997,0.026849661,MovieLens-1M,6.903747257584598
212,173,medium,2.754152,0.044311956,MovieLens-1M,5.159055299214529
213,96,medium,2.8032587,0.04968779,MovieLens-1M,4.574710978503383
214,25,medium,3.035262,0.08077197,MovieLens-1M,3.258096538021482
216,56,medium,2.446459,0.027895836,MovieLens-1M,4.04305126783455
217,178,medium,3.0058486,0.057743978,MovieLens-1M,5.187385805840755
218,287,high,3.4407594,0.013130056,MovieLens-1M,5.662960480135946
219,270,high,3.2239227,0.03253201,MovieLens-1M,5.602118820879701
220,135,medium,3.0865471,0.014424894,MovieLens-1M,4.912654885736052
221,22,medium,2.652751,0.06522721,MovieLens-1M,3.1354942159291497
222,582,high,3.6019707,0.052045353,MovieLens-1M,6.368187186350492
223,128,medium,3.1047466,0.035600066,MovieLens-1M,4.859812404361672
224,72,medium,2.7043617,0.026251841,MovieLens-1M,4.290459441148391
225,9,low,2.297843,0.07216646,MovieLens-1M,2.302585092994046
226,50,medium,3.111514,0.08993449,MovieLens-1M,3.9318256327243257
227,8,low,3.2798007,0.10109046,MovieLens-1M,2.1972245773362196
228,11,medium,2.7561512,0.14497215,MovieLens-1M,2.4849066497880004
229,47,medium,2.6541588,0.1286779,MovieLens-1M,3.871201010907891
230,3,low,3.4885604,0.19748938,MovieLens-1M,1.3862943611198906
231,581,high,3.7859075,0.028282812,MovieLens-1M,6.366470447731438
232,326,high,3.2766926,0.03320746,MovieLens-1M,5.7899601708972535
233,38,medium,2.520576,0.13224043,MovieLens-1M,3.6635616461296463
234,165,medium,2.787093,0.0952533,MovieLens-1M,5.111987788356544
235,5,low,2.8678634,0.07507826,MovieLens-1M,1.791759469228055
236,8,low,2.792269,0.041447718,MovieLens-1M,2.1972245773362196
237,142,medium,3.0250368,0.04839673,MovieLens-1M,4.962844630259907
238,391,high,3.4741879,0.040931787,MovieLens-1M,5.971261839790462
239,11,medium,2.7677727,0.067220375,MovieLens-1M,2.4849066497880004
240,7,low,3.3642075,0.10185643,MovieLens-1M,2.0794415416798357
241,47,medium,2.3976898,0.061869502,MovieLens-1M,3.871201010907891
242,50,medium,2.8657076,0.12696487,MovieLens-1M,3.9318256327243257
243,31,medium,3.3373272,0.106798455,MovieLens-1M,3.4657359027997265
244,28,medium,2.558337,0.05239818,MovieLens-1M,3.367295829986474
245,2587,high,5.2151847,0.053753454,MovieLens-1M,7.858640655620791
246,166,medium,3.244509,0.09167007,MovieLens-1M,5.117993812416755
247,118,medium,3.0495043,0.053088937,MovieLens-1M,4.77912349311153
248,23,medium,2.9925764,0.020342965,MovieLens-1M,3.1780538303479458
249,3,low,3.4518871,0.14486587,MovieLens-1M,1.3862943611198906
250,541,high,3.6848266,0.061994337,MovieLens-1M,6.295266001439646
251,341,high,3.5124996,0.04961327,MovieLens-1M,5.834810737062605
252,38,medium,2.7887194,0.19247857,MovieLens-1M,3.6635616461296463
253,26,medium,2.850437,0.25571042,MovieLens-1M,3.295836866004329
254,30,medium,2.3877404,0.14176129,MovieLens-1M,3.4339872044851463
255,28,medium,2.937664,0.06528191,MovieLens-1M,3.367295829986474
256,25,medium,2.7546806,0.12205865,MovieLens-1M,3.258096538021482
257,240,high,2.9252846,0.09398018,MovieLens-1M,5.484796933490655
258,72,medium,2.678254,0.07517694,MovieLens-1M,4.290459441148391
259,2,low,3.5677357,0.090001695,MovieLens-1M,1.0986122886681098
260,14,medium,2.5106504,0.1357161,MovieLens-1M,2.70805020110221
261,45,medium,2.7237327,0.08045435,MovieLens-1M,3.828641396489095
262,63,medium,3.0996351,0.14930809,MovieLens-1M,4.1588830833596715
263,7,low,2.6687114,0.15406111,MovieLens-1M,2.0794415416798357
264,30,medium,2.7274303,0.10896555,MovieLens-1M,3.4339872044851463
265,125,medium,2.9783373,0.14332534,MovieLens-1M,4.836281906951478
266,129,medium,2.576557,0.067706965,MovieLens-1M,4.867534450455582
267,90,medium,2.7910042,0.09627776,MovieLens-1M,4.51085950651685
268,7,low,3.3823292,0.066072896,MovieLens-1M,2.0794415416798357
269,4,low,3.2142007,0.23024866,MovieLens-1M,1.6094379124341003
270,299,high,3.1160305,0.014054626,MovieLens-1M,5.703782474656201
271,67,medium,2.843317,0.16675644,MovieLens-1M,4.219507705176107
272,118,medium,3.0756428,0.08666777,MovieLens-1M,4.77912349311153
273,5,low,2.8537931,0.06865235,MovieLens-1M,1.791759469228055
274,295,high,3.1762302,0.03314243,MovieLens-1M,5.69035945432406
275,721,high,3.6794815,0.021288844,MovieLens-1M,6.582025138892826
276,16,medium,2.5784063,0.092387766,MovieLens-1M,2.833213344056216
277,5,low,2.730116,0.12846957,MovieLens-1M,1.791759469228055
278,1738,high,4.707001,0.014917821,MovieLens-1M,7.461065514354283
279,13,medium,2.6020896,0.11180605,MovieLens-1M,2.6390573296152584
280,19,medium,2.8054693,0.1703496,MovieLens-1M,2.995732273553991
281,90,medium,3.3237936,0.07149241,MovieLens-1M,4.51085950651685
282,463,high,3.3100183,0.026807096,MovieLens-1M,6.139884552226255
283,19,medium,2.7405393,0.025576591,MovieLens-1M,2.995732273553991
284,57,medium,2.5832214,0.10405226,MovieLens-1M,4.060443010546419
285,125,medium,2.7989404,0.03254006,MovieLens-1M,4.836281906951478
286,13,medium,2.2078087,0.050530847,MovieLens-1M,2.6390573296152584
287,20,medium,2.591853,0.09736058,MovieLens-1M,3.044522437723423
288,269,high,3.245798,0.028355133,MovieLens-1M,5.598421958998375
289,189,medium,3.2332947,0.111518286,MovieLens-1M,5.247024072160486
290,146,medium,3.0860767,0.07395388,MovieLens-1M,4.990432586778736
291,32,medium,3.0343177,0.13964577,MovieLens-1M,3.4965075614664802
292,2,low,3.5624354,0.010815531,MovieLens-1M,1.0986122886681098
293,19,medium,2.3007634,0.09871572,MovieLens-1M,2.995732273553991
294,15,medium,3.346219,0.06185454,MovieLens-1M,2.772588722239781
295,199,medium,3.159259,0.059170265,MovieLens-1M,5.298317366548036
296,42,medium,2.9526432,0.081020795,MovieLens-1M,3.7612001156935624
297,579,high,3.8488836,0.060494706,MovieLens-1M,6.363028103540465
298,263,high,3.1668665,0.021770928,MovieLens-1M,5.575949103146316
299,2017,high,4.952433,0.02826865,MovieLens-1M,7.609862200913554
300,194,medium,2.9555256,0.08235351,MovieLens-1M,5.272999558563747
301,15,medium,2.6268666,0.112640314,MovieLens-1M,2.772588722239781
302,39,medium,2.7564318,0.092252515,MovieLens-1M,3.6888794541139363
303,123,medium,2.736429,0.05324749,MovieLens-1M,4.820281565605037
304,24,medium,2.7531192,0.03335037,MovieLens-1M,3.2188758248682006
305,8,low,3.1998265,0.039322637,MovieLens-1M,2.1972245773362196
306,49,medium,2.8635206,0.07485025,MovieLens-1M,3.912023005428146
307,91,medium,3.186879,0.07259354,MovieLens-1M,4.5217885770490405
308,56,medium,3.2673461,0.06362552,MovieLens-1M,4.04305126783455
309,454,high,3.7109134,0.043230683,MovieLens-1M,6.12029741895095
310,34,medium,2.8979042,0.055106025,MovieLens-1M,3.5553480614894135
311,5,low,3.1363666,0.1096752,MovieLens-1M,1.791759469228055
312,27,medium,2.7837093,0.12776083,MovieLens-1M,3.332204510175204
313,219,medium,3.22708,0.04143146,MovieLens-1M,5.393627546352362
314,77,medium,3.099803,0.1251348,MovieLens-1M,4.356708826689592
315,22,medium,2.8076646,0.13415429,MovieLens-1M,3.1354942159291497
316,6,low,3.0645945,0.24937811,MovieLens-1M,1.9459101490553132
317,466,high,3.3327677,0.120455086,MovieLens-1M,6.1463292576688975
318,54,medium,2.8526661,0.026933793,MovieLens-1M,4.007333185232471
319,337,high,3.5770547,0.09022465,MovieLens-1M,5.823045895483019
320,34,medium,2.4457178,0.1089617,MovieLens-1M,3.5553480614894135
321,19,medium,2.5636842,0.022091754,MovieLens-1M,2.995732273553991
322,319,high,3.1630974,0.033339337,MovieLens-1M,5.768320995793772
323,7,low,3.118305,0.1227987,MovieLens-1M,2.0794415416798357
324,312,high,3.5038006,0.15014479,MovieLens-1M,5.746203190540153
325,312,high,3.2793026,0.1103755,MovieLens-1M,5.746203190540153
326,66,medium,2.364037,0.069297574,MovieLens-1M,4.204692619390966
327,20,medium,2.7260287,0.15579996,MovieLens-1M,3.044522437723423
328,284,high,3.1918604,0.08501086,MovieLens-1M,5.652489180268651
329,680,high,3.8340998,0.049606178,MovieLens-1M,6.523562306149512
330,230,medium,3.2315776,0.053920254,MovieLens-1M,5.442417710521793
331,119,medium,3.084015,0.059104163,MovieLens-1M,4.787491742782046
332,42,medium,2.7050025,0.11033842,MovieLens-1M,3.7612001156935624
333,367,high,3.4299183,0.07527716,MovieLens-1M,5.908082938168931
334,25,medium,2.75221,0.06308056,MovieLens-1M,3.258096538021482
335,31,medium,3.2948494,0.0653692,MovieLens-1M,3.4657359027997265
336,1643,high,4.60264,0.003878926,MovieLens-1M,7.404887575616125
337,781,high,3.8900874,0.02526993,MovieLens-1M,6.661854740545311
338,53,medium,2.7546253,0.045931842,MovieLens-1M,3.9889840465642745
339,5,low,3.244462,0.16571127,MovieLens-1M,1.791759469228055
340,23,medium,2.869683,0.08643882,MovieLens-1M,3.1780538303479458
341,123,medium,2.8726485,0.040244136,MovieLens-1M,4.820281565605037
342,106,medium,2.7419612,0.049535166,MovieLens-1M,4.672828834461906
343,55,medium,3.0687037,0.12276233,MovieLens-1M,4.02535169073515
344,751,high,4.1565146,0.029795429,MovieLens-1M,6.62273632394984
345,29,medium,2.1344442,0.19079126,MovieLens-1M,3.4011973816621555
346,81,medium,3.2279642,0.066927105,MovieLens-1M,4.406719247264253
347,497,high,3.406305,0.04004012,MovieLens-1M,6.210600077024653
348,413,high,3.4501953,0.028592926,MovieLens-1M,6.025865973825314
349,23,medium,2.5434382,0.12301274,MovieLens-1M,3.1780538303479458
350,109,medium,2.9343956,0.14195001,MovieLens-1M,4.700480365792417
351,77,medium,2.4345658,0.08320084,MovieLens-1M,4.356708826689592
352,155,medium,2.9839818,0.09107774,MovieLens-1M,5.049856007249537
353,176,medium,2.9377925,0.0414916,MovieLens-1M,5.176149732573829
354,20,medium,3.1089725,0.033990305,MovieLens-1M,3.044522437723423
355,7,low,3.0499103,0.13400702,MovieLens-1M,2.0794415416798357
356,133,medium,2.6806395,0.042867407,MovieLens-1M,4.897839799950911
357,921,high,4.129748,0.083934836,MovieLens-1M,6.826545223556594
358,37,medium,2.86874,0.17851153,MovieLens-1M,3.6375861597263857
359,117,medium,2.9081547,0.053004224,MovieLens-1M,4.770684624465665
360,805,high,3.898613,0.04153997,MovieLens-1M,6.692083742506628
361,86,medium,2.8806388,0.10885178,MovieLens-1M,4.465908118654584
362,85,medium,2.6782906,0.024756683,MovieLens-1M,4.454347296253507
363,113,medium,3.0090525,0.10429914,MovieLens-1M,4.736198448394496
364,11,medium,2.8020353,0.15458669,MovieLens-1M,2.4849066497880004
365,4,low,3.1038532,0.10779827,MovieLens-1M,1.6094379124341003
366,9,low,2.4434774,0.0834029,MovieLens-1M,2.302585092994046
367,23,medium,2.7079484,0.08642041,MovieLens-1M,3.1780538303479458
368,59,medium,2.7149534,0.030665744,MovieLens-1M,4.0943445622221
369,13,medium,3.1544464,0.12414568,MovieLens-1M,2.6390573296152584
370,31,medium,2.713136,0.061031587,MovieLens-1M,3.4657359027997265
371,15,medium,2.776331,0.1999002,MovieLens-1M,2.772588722239781
372,8,low,2.632509,0.11886707,MovieLens-1M,2.1972245773362196
373,6,low,3.581824,0.014069111,MovieLens-1M,1.9459101490553132
374,9,low,3.019699,0.17319207,MovieLens-1M,2.302585092994046
375,1,low,3.6976376,0.18173535,MovieLens-1M,0.6931471805599453
376,2,low,3.8037777,0.12052388,MovieLens-1M,1.0986122886681098
377,1,low,3.158677,0.12852901,MovieLens-1M,0.6931471805599453
378,1,low,3.127313,0.13229218,MovieLens-1M,0.6931471805599453
379,2,low,3.8281858,0.05324856,MovieLens-1M,1.0986122886681098
380,22,medium,3.2667425,0.13507386,MovieLens-1M,3.1354942159291497
381,6,low,2.7305577,0.109548345,MovieLens-1M,1.9459101490553132
382,65,medium,3.0864725,0.026450176,MovieLens-1M,4.189654742026425
383,30,medium,2.7977946,0.27021766,MovieLens-1M,3.4339872044851463
384,15,medium,3.6866477,0.12632589,MovieLens-1M,2.772588722239781
385,134,medium,2.804549,0.13006428,MovieLens-1M,4.90527477843843
386,3,low,2.9703948,0.031418752,MovieLens-1M,1.3862943611198906
387,155,medium,2.9152396,0.03672055,MovieLens-1M,5.049856007249537
388,42,medium,2.8585289,0.00660119,MovieLens-1M,3.7612001156935624
389,21,medium,2.9610007,0.06147193,MovieLens-1M,3.091042453358316
390,22,medium,2.53026,0.013390591,MovieLens-1M,3.1354942159291497
391,10,medium,2.8393104,0.08612495,MovieLens-1M,2.3978952727983707
392,107,medium,2.9836485,0.022039155,MovieLens-1M,4.68213122712422
393,6,low,3.1765776,0.20835878,MovieLens-1M,1.9459101490553132
394,15,medium,3.02686,0.081559345,MovieLens-1M,2.772588722239781
395,59,medium,2.7812479,0.03293509,MovieLens-1M,4.0943445622221
396,42,medium,2.5067713,0.25260815,MovieLens-1M,3.7612001156935624
397,20,medium,2.369857,0.2089324,MovieLens-1M,3.044522437723423
398,76,medium,2.8421535,0.064466424,MovieLens-1M,4.343805421853684
399,14,medium,2.677234,0.059752844,MovieLens-1M,2.70805020110221
400,59,medium,2.6679192,0.13594986,MovieLens-1M,4.0943445622221
401,89,medium,2.878893,0.110400476,MovieLens-1M,4.499809670330265
402,27,medium,2.3334064,0.08009284,MovieLens-1M,3.332204510175204
403,192,medium,2.9959671,0.058723472,MovieLens-1M,5.262690188904886
404,33,medium,2.930773,0.07950503,MovieLens-1M,3.5263605246161616
405,3,low,2.6765096,0.070319176,MovieLens-1M,1.3862943611198906
406,228,medium,3.1628487,0.03831072,MovieLens-1M,5.43372200355424
407,59,medium,2.6599145,0.030957725,MovieLens-1M,4.0943445622221
408,7,low,2.6081812,0.13099656,MovieLens-1M,2.0794415416798357
409,242,high,3.215702,0.030120637,MovieLens-1M,5.493061443340548
410,109,medium,3.055212,0.101265036,MovieLens-1M,4.700480365792417
411,31,medium,2.714783,0.09327241,MovieLens-1M,3.4657359027997265
412,4,low,3.4952173,0.13311055,MovieLens-1M,1.6094379124341003
413,29,medium,2.7535236,0.057252917,MovieLens-1M,3.4011973816621555
414,2,low,2.941496,0.1649148,MovieLens-1M,1.0986122886681098
415,632,high,3.6978,0.07364226,MovieLens-1M,6.450470422144176
416,381,high,3.3581498,0.054786313,MovieLens-1M,5.945420608606575
417,203,medium,3.0520384,0.01383776,MovieLens-1M,5.318119993844216
418,14,medium,2.3492296,0.07944396,MovieLens-1M,2.70805020110221
419,11,medium,2.3412414,0.09624505,MovieLens-1M,2.4849066497880004
420,20,medium,2.0289423,0.015051549,MovieLens-1M,3.044522437723423
421,197,medium,3.1280715,0.03621907,MovieLens-1M,5.288267030694535
422,3,low,3.5991318,0.14571019,MovieLens-1M,1.3862943611198906
423,128,medium,2.5064046,0.03469462,MovieLens-1M,4.859812404361672
424,45,medium,2.862169,0.017556023,MovieLens-1M,3.828641396489095
425,92,medium,2.781222,0.02012831,MovieLens-1M,4.532599493153256
426,38,medium,2.6054397,0.056705426,MovieLens-1M,3.6635616461296463
427,18,medium,2.5506086,0.1484307,MovieLens-1M,2.9444389791664403
428,22,medium,2.780555,0.08885351,MovieLens-1M,3.1354942159291497
429,453,high,3.5779903,0.09390986,MovieLens-1M,6.118097198041348
430,51,medium,2.9652455,0.1056423,MovieLens-1M,3.9512437185814275
431,67,medium,2.4894412,0.09981301,MovieLens-1M,4.219507705176107
432,1592,high,4.576675,0.032616474,MovieLens-1M,7.373374309910049
433,35,medium,2.9818752,0.0835979,MovieLens-1M,3.58351893845611
434,36,medium,2.6570437,0.09840566,MovieLens-1M,3.6109179126442243
435,4,low,3.341649,0.17820433,MovieLens-1M,1.6094379124341003
436,38,medium,2.9815834,0.1004484,MovieLens-1M,3.6635616461296463
437,5,low,2.7345474,0.19672455,MovieLens-1M,1.791759469228055
438,10,medium,2.8552504,0.1390838,MovieLens-1M,2.3978952727983707
439,48,medium,2.9247615,0.0592506,MovieLens-1M,3.8918202981106265
440,48,medium,2.1691272,0.1801815,MovieLens-1M,3.8918202981106265
441,144,medium,2.9892433,0.06783733,MovieLens-1M,4.976733742420574
442,23,medium,2.2635136,0.17083538,MovieLens-1M,3.1780538303479458
443,143,medium,2.8168144,0.0646927,MovieLens-1M,4.969813299576001
444,21,medium,2.9969184,0.041892003,MovieLens-1M,3.091042453358316
445,1,low,3.7778022,0.17648648,MovieLens-1M,0.6931471805599453
446,350,high,3.1485355,0.041632712,MovieLens-1M,5.860786223465865
447,10,medium,2.2723155,0.33552843,MovieLens-1M,2.3978952727983707
448,14,medium,3.0204468,0.120356634,MovieLens-1M,2.70805020110221
449,672,high,3.8277552,0.053870652,MovieLens-1M,6.511745329644728
450,227,medium,3.0313408,0.03661795,MovieLens-1M,5.429345628954441
451,8,low,2.7203865,0.05892538,MovieLens-1M,2.1972245773362196
452,103,medium,2.7352343,0.11759922,MovieLens-1M,4.6443908991413725
453,2,low,3.0391798,0.043222543,MovieLens-1M,1.0986122886681098
454,29,medium,2.5638487,0.07105328,MovieLens-1M,3.4011973816621555
455,1698,high,4.6596336,0.04608953,MovieLens-1M,7.4377951216719325
456,137,medium,2.9975197,0.048243392,MovieLens-1M,4.927253685157205
457,89,medium,3.117195,0.1343388,MovieLens-1M,4.499809670330265
458,46,medium,2.7865896,0.17599227,MovieLens-1M,3.8501476017100584
459,7,low,3.8957732,0.07425235,MovieLens-1M,2.0794415416798357
460,84,medium,2.8258793,0.121233225,MovieLens-1M,4.442651256490317
461,17,medium,3.0876553,0.030408865,MovieLens-1M,2.8903717578961645
462,14,medium,3.0917747,0.06847288,MovieLens-1M,2.70805020110221
463,18,medium,2.6327398,0.12618966,MovieLens-1M,2.9444389791664403
464,11,medium,2.370365,0.032489296,MovieLens-1M,2.4849066497880004
465,86,medium,2.613536,0.035308532,MovieLens-1M,4.465908118654584
466,92,medium,2.7835283,0.014109273,MovieLens-1M,4.532599493153256
467,211,medium,3.0950956,0.038331933,MovieLens-1M,5.356586274672012
468,174,medium,3.202407,0.021621484,MovieLens-1M,5.1647859739235145
469,194,medium,3.1734636,0.08369574,MovieLens-1M,5.272999558563747
470,21,medium,2.7472827,0.015402229,MovieLens-1M,3.091042453358316
471,15,medium,2.9503314,0.16300419,MovieLens-1M,2.772588722239781
472,487,high,3.6625273,0.03137167,MovieLens-1M,6.1903154058531475
473,12,medium,2.6444006,0.14459705,MovieLens-1M,2.5649493574615367
474,8,low,2.660449,0.04484853,MovieLens-1M,2.1972245773362196
475,400,high,3.398081,0.0343141,MovieLens-1M,5.993961427306569
476,50,medium,3.2065487,0.10025688,MovieLens-1M,3.9318256327243257
477,10,medium,3.1958094,0.18422395,MovieLens-1M,2.3978952727983707
478,8,low,2.84762,0.2478871,MovieLens-1M,2.1972245773362196
479,54,medium,2.5389733,0.09869536,MovieLens-1M,4.007333185232471
480,10,medium,2.4346101,0.093851626,MovieLens-1M,2.3978952727983707
481,62,medium,2.7287734,0.09642584,MovieLens-1M,4.143134726391533
482,166,medium,2.8204882,0.05584342,MovieLens-1M,5.117993812416755
483,390,high,3.33332,0.01566992,MovieLens-1M,5.968707559985366
484,383,high,3.3659794,0.04905517,MovieLens-1M,5.950642552587727
485,5,low,3.3109887,0.12555055,MovieLens-1M,1.791759469228055
486,54,medium,3.218178,0.15879393,MovieLens-1M,4.007333185232471
487,49,medium,3.0471628,0.026791282,MovieLens-1M,3.912023005428146
488,26,medium,2.2733202,0.08440675,MovieLens-1M,3.295836866004329
489,191,medium,2.895647,0.06375374,MovieLens-1M,5.2574953720277815
490,319,high,3.1120632,0.041801393,MovieLens-1M,5.768320995793772
491,62,medium,2.6215932,0.11320679,MovieLens-1M,4.143134726391533
492,138,medium,2.8785036,0.09621244,MovieLens-1M,4.9344739331306915
493,26,medium,2.333851,0.06880977,MovieLens-1M,3.295836866004329
494,11,medium,3.057649,0.1138412,MovieLens-1M,2.4849066497880004
495,121,medium,3.1048052,0.051057834,MovieLens-1M,4.804021044733257
496,59,medium,2.679054,0.10072601,MovieLens-1M,4.0943445622221
497,47,medium,2.6242046,0.059926976,MovieLens-1M,3.871201010907891
498,70,medium,2.7386906,0.04895692,MovieLens-1M,4.2626798770413155
499,264,high,3.512378,0.06733915,MovieLens-1M,5.579729825986222
500,9,low,2.8419254,0.06132005,MovieLens-1M,2.302585092994046
501,2,low,3.4609687,0.051452845,MovieLens-1M,1.0986122886681098
502,2041,high,4.7122517,0.03082228,MovieLens-1M,7.621684998724611
503,11,medium,2.3311558,0.06704489,MovieLens-1M,2.4849066497880004
504,520,high,3.354455,0.050306063,MovieLens-1M,6.255750041753367
505,1,low,4.057489,0.11607481,MovieLens-1M,0.6931471805599453
506,213,medium,3.2942762,0.093795195,MovieLens-1M,5.365976015021851
507,154,medium,3.0474606,0.026011609,MovieLens-1M,5.043425116919247
508,46,medium,2.709628,0.09787644,MovieLens-1M,3.8501476017100584
509,192,medium,2.887226,0.047530625,MovieLens-1M,5.262690188904886
510,201,medium,3.0241928,0.06933798,MovieLens-1M,5.308267697401205
511,24,medium,2.4101884,0.11780731,MovieLens-1M,3.2188758248682006
512,65,medium,2.6388717,0.04173012,MovieLens-1M,4.189654742026425
513,200,medium,2.80456,0.08991215,MovieLens-1M,5.303304908059076
514,613,high,4.0007873,0.10419679,MovieLens-1M,6.419994928147142
515,14,medium,3.0144336,0.17492147,MovieLens-1M,2.70805020110221
516,1455,high,4.6309495,0.05507945,MovieLens-1M,7.283448228756631
517,51,medium,2.879734,0.031603705,MovieLens-1M,3.9512437185814275
518,326,high,3.1958904,0.042833563,MovieLens-1M,5.7899601708972535
519,23,medium,2.8653328,0.07894454,MovieLens-1M,3.1780538303479458
520,24,medium,3.0213563,0.13072312,MovieLens-1M,3.2188758248682006
521,38,medium,2.4531868,0.053876996,MovieLens-1M,3.6635616461296463
522,21,medium,2.7660408,0.083072014,MovieLens-1M,3.091042453358316
523,100,medium,2.8733795,0.055640575,MovieLens-1M,4.61512051684126
524,58,medium,2.588193,0.08569873,MovieLens-1M,4.07753744390572
525,612,high,3.849018,0.05255431,MovieLens-1M,6.418364935936212
526,217,medium,3.051012,0.07915988,MovieLens-1M,5.384495062789089
527,364,high,3.385196,0.078577094,MovieLens-1M,5.8998973535824915
528,5,low,2.4471982,0.0099055935,MovieLens-1M,1.791759469228055
529,458,high,3.6254704,0.032698236,MovieLens-1M,6.129050210060545
530,114,medium,3.0039206,0.103484094,MovieLens-1M,4.74493212836325
531,2,low,3.6052904,0.08631666,MovieLens-1M,1.0986122886681098
532,33,medium,3.0313864,0.181286,MovieLens-1M,3.5263605246161616
533,2,low,3.290411,0.17825922,MovieLens-1M,1.0986122886681098
534,5,low,2.758968,0.08971008,MovieLens-1M,1.791759469228055
535,8,low,2.596905,0.1499972,MovieLens-1M,2.1972245773362196
536,319,high,3.4317245,0.04965011,MovieLens-1M,5.768320995793772
537,7,low,2.7282493,0.17064393,MovieLens-1M,2.0794415416798357
538,6,low,2.7300646,0.14115766,MovieLens-1M,1.9459101490553132
539,24,medium,2.4997156,0.058555294,MovieLens-1M,3.2188758248682006
540,3,low,3.2531273,0.08411348,MovieLens-1M,1.3862943611198906
541,7,low,3.7899406,0.09724133,MovieLens-1M,2.0794415416798357
542,27,medium,2.7590911,0.12823786,MovieLens-1M,3.332204510175204
543,30,medium,2.4553995,0.096181236,MovieLens-1M,3.4339872044851463
544,10,medium,3.1475334,0.067223094,MovieLens-1M,2.3978952727983707
545,19,medium,2.449384,0.09421143,MovieLens-1M,2.995732273553991
546,1,low,3.2402878,0.042718597,MovieLens-1M,0.6931471805599453
547,10,medium,2.7504776,0.15881164,MovieLens-1M,2.3978952727983707
548,92,medium,2.5575523,0.04300232,MovieLens-1M,4.532599493153256
549,29,medium,2.951638,0.11594574,MovieLens-1M,3.4011973816621555
550,20,medium,2.9277537,0.06626465,MovieLens-1M,3.044522437723423
551,2,low,3.1634424,0.09122979,MovieLens-1M,1.0986122886681098
552,26,medium,2.1439419,0.021399904,MovieLens-1M,3.295836866004329
553,107,medium,3.1249266,0.13187154,MovieLens-1M,4.68213122712422
554,16,medium,2.997823,0.11964088,MovieLens-1M,2.833213344056216
555,1,low,4.2716975,0.17957678,MovieLens-1M,0.6931471805599453
556,128,medium,3.0631244,0.029072143,MovieLens-1M,4.859812404361672
557,254,high,3.2395916,0.104175955,MovieLens-1M,5.541263545158426
558,588,high,3.6355972,0.037123073,MovieLens-1M,6.3784261836515865
559,891,high,4.22814,0.03781096,MovieLens-1M,6.79346613258001
560,2020,high,4.942865,0.064379305,MovieLens-1M,7.611347717403621
561,993,high,4.028566,0.05043685,MovieLens-1M,6.901737206656574
562,811,high,3.7509625,0.06977982,MovieLens-1M,6.699500340161678
563,2219,high,4.8755274,0.032534704,MovieLens-1M,7.705262474866325
564,502,high,3.90108,0.0354599,MovieLens-1M,6.220590170099739
565,719,high,4.1284394,0.05279955,MovieLens-1M,6.579251212010101
566,314,high,3.6276407,0.056527406,MovieLens-1M,5.752572638825633
567,621,high,4.01578,0.039045453,MovieLens-1M,6.432940092739179
568,6,low,2.818036,0.14543611,MovieLens-1M,1.9459101490553132
569,208,medium,3.4822052,0.039476454,MovieLens-1M,5.342334251964811
570,13,medium,2.8697147,0.10988357,MovieLens-1M,2.6390573296152584
571,29,medium,2.7093365,0.09803761,MovieLens-1M,3.4011973816621555
572,17,medium,2.8067408,0.082614675,MovieLens-1M,2.8903717578961645
573,93,medium,3.0641568,0.08442533,MovieLens-1M,4.543294782270004
574,11,medium,3.1560838,0.049308263,MovieLens-1M,2.4849066497880004
575,2038,high,4.7507358,0.03708346,MovieLens-1M,7.620214770574455
576,17,medium,2.504824,0.09042828,MovieLens-1M,2.8903717578961645
577,315,high,3.5291138,0.035049886,MovieLens-1M,5.755742213586912
578,46,medium,3.166455,0.04765695,MovieLens-1M,3.8501476017100584
579,10,medium,2.1711757,0.34976006,MovieLens-1M,2.3978952727983707
580,50,medium,2.854782,0.12027327,MovieLens-1M,3.9318256327243257
581,1,low,4.4781694,0.14993119,MovieLens-1M,0.6931471805599453
582,53,medium,3.2006524,0.05497074,MovieLens-1M,3.9889840465642745
583,131,medium,3.0558033,0.12593223,MovieLens-1M,4.882801922586371
584,8,low,3.218175,0.16614427,MovieLens-1M,2.1972245773362196
585,1,low,3.5096254,0.04748297,MovieLens-1M,0.6931471805599453
586,7,low,2.2634125,0.14202543,MovieLens-1M,2.0794415416798357
587,24,medium,2.806956,0.15899482,MovieLens-1M,3.2188758248682006
588,1,low,3.6416829,0.03681513,MovieLens-1M,0.6931471805599453
589,1,low,3.5729675,0.009918424,MovieLens-1M,0.6931471805599453
590,4,low,3.2826452,0.05444328,MovieLens-1M,1.6094379124341003
591,66,medium,2.4525912,0.079248294,MovieLens-1M,4.204692619390966
592,341,high,3.3377275,0.05772291,MovieLens-1M,5.834810737062605
593,3,low,3.1880963,0.084211715,MovieLens-1M,1.3862943611198906
594,11,medium,3.5164278,0.111364216,MovieLens-1M,2.4849066497880004
595,10,medium,2.7523308,0.14159779,MovieLens-1M,2.3978952727983707
596,11,medium,2.8684719,0.08609705,MovieLens-1M,2.4849066497880004
597,39,medium,2.4412448,0.1048179,MovieLens-1M,3.6888794541139363
598,31,medium,2.7227278,0.023498377,MovieLens-1M,3.4657359027997265
599,9,low,2.9752572,0.024067512,MovieLens-1M,2.302585092994046
600,20,medium,2.629668,0.12746188,MovieLens-1M,3.044522437723423
601,12,medium,2.773117,0.0329149,MovieLens-1M,2.5649493574615367
602,10,medium,3.2982852,0.15342925,MovieLens-1M,2.3978952727983707
603,233,medium,2.8945029,0.039172232,MovieLens-1M,5.455321115357702
604,746,high,3.76293,0.04469172,MovieLens-1M,6.616065185132817
605,12,medium,3.1882331,0.11704014,MovieLens-1M,2.5649493574615367
606,46,medium,2.5540109,0.047302574,MovieLens-1M,3.8501476017100584
607,2,low,3.373763,0.10199221,MovieLens-1M,1.0986122886681098
608,243,high,3.242735,0.088813394,MovieLens-1M,5.497168225293202
609,9,low,3.2717934,0.07421363,MovieLens-1M,2.302585092994046
610,15,medium,2.7525742,0.060630333,MovieLens-1M,2.772588722239781
611,266,high,3.537671,0.013503278,MovieLens-1M,5.58724865840025
612,42,medium,2.4286127,0.07893376,MovieLens-1M,3.7612001156935624
613,133,medium,2.9428003,0.069604866,MovieLens-1M,4.897839799950911
614,2,low,3.4651043,0.11364359,MovieLens-1M,1.0986122886681098
615,22,medium,3.122008,0.10920416,MovieLens-1M,3.1354942159291497
616,1,low,4.1128697,0.17055403,MovieLens-1M,0.6931471805599453
617,6,low,3.5067034,0.29138792,MovieLens-1M,1.9459101490553132
618,37,medium,3.4288948,0.0465012,MovieLens-1M,3.6375861597263857
619,19,medium,3.1775723,0.1481973,MovieLens-1M,2.995732273553991
620,48,medium,3.5175524,0.048123263,MovieLens-1M,3.8918202981106265
621,290,high,3.387825,0.03147308,MovieLens-1M,5.673323267171493
622,97,medium,2.779423,0.08632162,MovieLens-1M,4.584967478670572
623,135,medium,3.2797434,0.058014415,MovieLens-1M,4.912654885736052
624,251,high,2.8670514,0.045479283,MovieLens-1M,5.529429087511423
625,1,low,3.6170604,0.06800568,MovieLens-1M,0.6931471805599453
626,29,medium,2.9748945,0.07798251,MovieLens-1M,3.4011973816621555
627,11,medium,3.384545,0.045128476,MovieLens-1M,2.4849066497880004
628,3,low,3.2588751,0.09552534,MovieLens-1M,1.3862943611198906
629,13,medium,3.3112729,0.08299445,MovieLens-1M,2.6390573296152584
630,1,low,3.4079826,0.12779139,MovieLens-1M,0.6931471805599453
631,21,medium,2.438656,0.07980261,MovieLens-1M,3.091042453358316
632,43,medium,3.0962982,0.035416,MovieLens-1M,3.784189633918261
633,13,medium,3.4369354,0.16570668,MovieLens-1M,2.6390573296152584
634,26,medium,2.858287,0.07364852,MovieLens-1M,3.295836866004329
635,52,medium,2.5831811,0.031113153,MovieLens-1M,3.970291913552122
636,1,low,3.595995,0.011303996,MovieLens-1M,0.6931471805599453
637,15,medium,2.313166,0.16990466,MovieLens-1M,2.772588722239781
638,63,medium,2.380286,0.0067251804,MovieLens-1M,4.1588830833596715
639,1,low,4.149329,0.17379545,MovieLens-1M,0.6931471805599453
640,15,medium,2.7352397,0.10416717,MovieLens-1M,2.772588722239781
641,8,low,2.5802977,0.036817238,MovieLens-1M,2.1972245773362196
642,27,medium,2.8707821,0.037965756,MovieLens-1M,3.332204510175204
643,1,low,2.9948266,0.16757241,MovieLens-1M,0.6931471805599453
644,90,medium,2.6739185,0.103848994,MovieLens-1M,4.51085950651685
645,334,high,3.4065933,0.07977828,MovieLens-1M,5.814130531825066
646,52,medium,2.8308694,0.108481236,MovieLens-1M,3.970291913552122
647,6,low,3.1128318,0.08830564,MovieLens-1M,1.9459101490553132
648,8,low,3.1550748,0.123992756,MovieLens-1M,2.1972245773362196
649,1,low,3.2457144,0.045313742,MovieLens-1M,0.6931471805599453
650,102,medium,2.8121536,0.019838104,MovieLens-1M,4.634728988229636
651,31,medium,2.776986,0.036564317,MovieLens-1M,3.4657359027997265
652,6,low,3.0212085,0.16289666,MovieLens-1M,1.9459101490553132
653,1,low,3.8345807,0.2440493,MovieLens-1M,0.6931471805599453
654,19,medium,2.5543063,0.11560311,MovieLens-1M,2.995732273553991
655,65,medium,2.5777197,0.005711829,MovieLens-1M,4.189654742026425
656,389,high,3.6423767,0.016686806,MovieLens-1M,5.966146739123692
657,18,medium,2.7595565,0.17304716,MovieLens-1M,2.9444389791664403
658,138,medium,3.178767,0.045394063,MovieLens-1M,4.9344739331306915
659,20,medium,2.4196393,0.1700188,MovieLens-1M,3.044522437723423
660,1,low,4.1211076,0.2364624,MovieLens-1M,0.6931471805599453
661,137,medium,2.876229,0.076852135,MovieLens-1M,4.927253685157205
662,2,low,3.2100995,0.08685482,MovieLens-1M,1.0986122886681098
663,10,medium,2.4127767,0.07033832,MovieLens-1M,2.3978952727983707
664,1,low,3.8933518,0.052668087,MovieLens-1M,0.6931471805599453
665,816,high,4.0370727,0.07360681,MovieLens-1M,6.705639094860003
666,1,low,3.625518,0.02025632,MovieLens-1M,0.6931471805599453
667,51,medium,3.2847226,0.1488288,MovieLens-1M,3.9512437185814275
668,443,high,3.6242874,0.075490125,MovieLens-1M,6.095824562432225
669,32,medium,2.7469676,0.054162093,MovieLens-1M,3.4965075614664802
670,238,medium,3.753186,0.040979672,MovieLens-1M,5.476463551931511
671,33,medium,2.935236,0.10059105,MovieLens-1M,3.5263605246161616
672,22,medium,3.1809778,0.1395309,MovieLens-1M,3.1354942159291497
673,601,high,4.1741157,0.027051007,MovieLens-1M,6.400257445308821
674,22,medium,2.955815,0.12540168,MovieLens-1M,3.1354942159291497
675,8,low,3.017318,0.104707696,MovieLens-1M,2.1972245773362196
676,143,medium,3.0818188,0.041470103,MovieLens-1M,4.969813299576001
677,1,low,3.3705103,0.03125296,MovieLens-1M,0.6931471805599453
678,1197,high,4.350838,0.07826883,MovieLens-1M,7.088408778675395
679,8,low,2.8860445,0.10162146,MovieLens-1M,2.1972245773362196
680,13,medium,3.0508316,0.07692386,MovieLens-1M,2.6390573296152584
681,5,low,3.2861164,0.061749585,MovieLens-1M,1.791759469228055
682,7,low,3.2420702,0.040555265,MovieLens-1M,2.0794415416798357
683,1,low,3.7443447,0.19322045,MovieLens-1M,0.6931471805599453
684,3,low,3.1185677,0.055995587,MovieLens-1M,1.3862943611198906
685,1,low,3.6137874,0.035758443,MovieLens-1M,0.6931471805599453
686,46,medium,2.9723787,0.06805479,MovieLens-1M,3.8501476017100584
687,15,medium,2.967657,0.11501617,MovieLens-1M,2.772588722239781
688,29,medium,2.5913851,0.07016549,MovieLens-1M,3.4011973816621555
689,32,medium,2.7146275,0.0018061668,MovieLens-1M,3.4965075614664802
690,28,medium,2.6252573,0.13643086,MovieLens-1M,3.367295829986474
691,37,medium,2.7272136,0.09481902,MovieLens-1M,3.6375861597263857
692,55,medium,2.9248226,0.06496791,MovieLens-1M,4.02535169073515
693,8,low,3.039551,0.050461516,MovieLens-1M,2.1972245773362196
694,5,low,2.6785076,0.20980616,MovieLens-1M,1.791759469228055
695,11,medium,2.7500522,0.35929933,MovieLens-1M,2.4849066497880004
696,1,low,3.8985968,0.2734577,MovieLens-1M,0.6931471805599453
697,2,low,3.432637,0.118868254,MovieLens-1M,1.0986122886681098
698,2,low,3.2542083,0.078180246,MovieLens-1M,1.0986122886681098
699,558,high,3.649701,0.045123648,MovieLens-1M,6.326149473155099
700,12,medium,3.061635,0.10847498,MovieLens-1M,2.5649493574615367
701,927,high,4.2337575,0.05501519,MovieLens-1M,6.833031732786201
702,52,medium,2.4492261,0.018846648,MovieLens-1M,3.970291913552122
703,25,medium,2.6868865,0.06313314,MovieLens-1M,3.258096538021482
704,158,medium,3.129284,0.048471592,MovieLens-1M,5.0689042022202315
705,91,medium,2.7686036,0.04824513,MovieLens-1M,4.5217885770490405
706,418,high,3.931383,0.050436296,MovieLens-1M,6.037870919922137
707,167,medium,3.1550972,0.02201395,MovieLens-1M,5.123963979403259
708,3,low,2.990095,0.18765971,MovieLens-1M,1.3862943611198906
709,309,high,3.132351,0.01162856,MovieLens-1M,5.736572297479192
710,1,low,3.21717,0.04177055,MovieLens-1M,0.6931471805599453
711,1,low,3.746731,0.046284575,MovieLens-1M,0.6931471805599453
712,1,low,3.536825,0.059385132,MovieLens-1M,0.6931471805599453
713,2,low,3.6875093,0.07246032,MovieLens-1M,1.0986122886681098
714,2,low,3.4781907,0.07400255,MovieLens-1M,1.0986122886681098
715,43,medium,2.6896245,0.040584266,MovieLens-1M,3.784189633918261
716,159,medium,3.147205,0.016030377,MovieLens-1M,5.075173815233827
717,482,high,3.456499,0.06111116,MovieLens-1M,6.180016653652572
718,42,medium,3.1617115,0.026919413,MovieLens-1M,3.7612001156935624
719,227,medium,3.0306282,0.032442335,MovieLens-1M,5.429345628954441
720,33,medium,2.5399091,0.08827207,MovieLens-1M,3.5263605246161616
721,63,medium,2.6169071,0.19051404,MovieLens-1M,4.1588830833596715
722,196,medium,3.0995743,0.08156611,MovieLens-1M,5.2832037287379885
723,20,medium,2.7929447,0.038416695,MovieLens-1M,3.044522437723423
724,6,low,3.2513382,0.1801571,MovieLens-1M,1.9459101490553132
725,19,medium,3.2985432,0.10171047,MovieLens-1M,2.995732273553991
726,17,medium,3.0104609,0.030337285,MovieLens-1M,2.8903717578961645
727,1,low,3.5339816,0.118777014,MovieLens-1M,0.6931471805599453
728,5,low,3.1337535,0.108392954,MovieLens-1M,1.791759469228055
729,6,low,2.7581024,0.14377782,MovieLens-1M,1.9459101490553132
730,1,low,3.1719341,0.030416135,MovieLens-1M,0.6931471805599453
731,43,medium,2.784893,0.21055186,MovieLens-1M,3.784189633918261
732,3,low,3.1496603,0.31745255,MovieLens-1M,1.3862943611198906
733,2,low,3.2861803,0.08298452,MovieLens-1M,1.0986122886681098
734,20,medium,2.9671326,0.07577749,MovieLens-1M,3.044522437723423
735,17,medium,2.4850636,0.046185512,MovieLens-1M,2.8903717578961645
736,18,medium,2.7374842,0.0894076,MovieLens-1M,2.9444389791664403
737,97,medium,3.2283936,0.08582275,MovieLens-1M,4.584967478670572
738,15,medium,3.349095,0.10298787,MovieLens-1M,2.772588722239781
739,299,high,3.1853588,0.075185515,MovieLens-1M,5.703782474656201
740,8,low,3.1676304,0.015134897,MovieLens-1M,2.1972245773362196
741,36,medium,2.3203669,0.09837381,MovieLens-1M,3.6109179126442243
742,45,medium,2.832389,0.043829925,MovieLens-1M,3.828641396489095
743,111,medium,3.0043278,0.08491831,MovieLens-1M,4.718498871295094
744,359,high,3.5462043,0.091624625,MovieLens-1M,5.886104031450156
745,17,medium,2.921196,0.077396475,MovieLens-1M,2.8903717578961645
746,9,low,3.4514809,0.15085137,MovieLens-1M,2.302585092994046
747,12,medium,3.126666,0.08854139,MovieLens-1M,2.5649493574615367
748,32,medium,3.141861,0.03620521,MovieLens-1M,3.4965075614664802
749,4,low,3.1104536,0.027107904,MovieLens-1M,1.6094379124341003
750,25,medium,2.8480618,0.08504679,MovieLens-1M,3.258096538021482
751,81,medium,2.7434826,0.021077106,MovieLens-1M,4.406719247264253
752,99,medium,2.8049784,0.055028457,MovieLens-1M,4.605170185988092
753,16,medium,2.9683812,0.105154105,MovieLens-1M,2.833213344056216
754,62,medium,2.5357897,0.05637465,MovieLens-1M,4.143134726391533
755,246,high,3.1141825,0.07880709,MovieLens-1M,5.5093883366279774
756,2,low,2.8183515,0.28167996,MovieLens-1M,1.0986122886681098
757,5,low,3.2862384,0.054759737,MovieLens-1M,1.791759469228055
758,1967,high,4.75768,0.045014158,MovieLens-1M,7.584773077612199
759,6,low,2.3404553,0.0875144,MovieLens-1M,1.9459101490553132
760,152,medium,3.097481,0.08415958,MovieLens-1M,5.030437921392435
761,18,medium,2.627486,0.109201156,MovieLens-1M,2.9444389791664403
762,5,low,3.5772,0.08351806,MovieLens-1M,1.791759469228055
763,7,low,3.6917953,0.05019698,MovieLens-1M,2.0794415416798357
764,390,high,3.3026893,0.040744487,MovieLens-1M,5.968707559985366
765,4,low,3.1972792,0.0435939,MovieLens-1M,1.6094379124341003
766,15,medium,2.4123106,0.048065692,MovieLens-1M,2.772588722239781
767,8,low,2.8539886,0.1927945,MovieLens-1M,2.1972245773362196
768,3,low,3.411706,0.0449324,MovieLens-1M,1.3862943611198906
769,24,medium,2.532274,0.07402208,MovieLens-1M,3.2188758248682006
770,6,low,2.7466755,0.21458165,MovieLens-1M,1.9459101490553132
771,10,medium,2.9654887,0.066428095,MovieLens-1M,2.3978952727983707
772,1,low,3.4328473,0.018990422,MovieLens-1M,0.6931471805599453
773,64,medium,2.9216716,0.11484109,MovieLens-1M,4.174387269895637
774,38,medium,2.5649621,0.018233009,MovieLens-1M,3.6635616461296463
775,18,medium,3.130455,0.035843365,MovieLens-1M,2.9444389791664403
776,15,medium,2.6227684,0.057325244,MovieLens-1M,2.772588722239781
777,10,medium,2.6153653,0.1830475,MovieLens-1M,2.3978952727983707
778,27,medium,3.4233959,0.087604664,MovieLens-1M,3.332204510175204
779,1,low,3.2702596,0.13858522,MovieLens-1M,0.6931471805599453
780,9,low,3.5540457,0.099029385,MovieLens-1M,2.302585092994046
781,34,medium,3.070154,0.08785914,MovieLens-1M,3.5553480614894135
782,101,medium,2.8691447,0.036134217,MovieLens-1M,4.624972813284271
783,44,medium,2.6789484,0.07776925,MovieLens-1M,3.8066624897703196
784,27,medium,3.2252643,0.12704839,MovieLens-1M,3.332204510175204
785,61,medium,2.5907416,0.08368629,MovieLens-1M,4.127134385045092
786,495,high,3.8609047,0.031487137,MovieLens-1M,6.206575926724928
787,609,high,3.9196703,0.052966062,MovieLens-1M,6.413458957167357
788,225,medium,3.3858788,0.08221623,MovieLens-1M,5.420534999272286
789,101,medium,3.034217,0.12910292,MovieLens-1M,4.624972813284271
790,468,high,3.4863129,0.04372503,MovieLens-1M,6.150602768446279
791,753,high,3.9113314,0.035864487,MovieLens-1M,6.625392368007956
792,947,high,4.1309967,0.054599132,MovieLens-1M,6.854354502255021
793,312,high,3.4927452,0.016719064,MovieLens-1M,5.746203190540153
794,144,medium,2.9784849,0.06830771,MovieLens-1M,4.976733742420574
795,76,medium,3.6923873,0.0154905245,MovieLens-1M,4.343805421853684
796,1156,high,4.3806853,0.023887182,MovieLens-1M,7.053585727193677
797,332,high,3.1334178,0.0604924,MovieLens-1M,5.808142489980444
798,693,high,3.794382,0.046654183,MovieLens-1M,6.542471960506805
799,248,high,3.4646044,0.083144166,MovieLens-1M,5.517452896464707
800,1413,high,4.4104533,0.05613449,MovieLens-1M,7.254177846456518
801,908,high,4.4505754,0.08280344,MovieLens-1M,6.812345094177479
802,495,high,3.8244088,0.05463651,MovieLens-1M,6.206575926724928
803,265,high,3.3437274,0.04418335,MovieLens-1M,5.583496308781699
804,342,high,3.6243222,0.036329675,MovieLens-1M,5.8377304471659395
805,49,medium,2.6637602,0.0906702,MovieLens-1M,3.912023005428146
806,121,medium,3.4724834,0.09174413,MovieLens-1M,4.804021044733257
807,1368,high,4.3138995,0.11936039,MovieLens-1M,7.221835825288449
808,803,high,3.8907738,0.068385944,MovieLens-1M,6.6895992691789665
809,213,medium,3.2306626,0.10700383,MovieLens-1M,5.365976015021851
810,411,high,3.7839587,0.11116674,MovieLens-1M,6.021023349349527
811,933,high,4.0302005,0.08291498,MovieLens-1M,6.839476438228843
812,1249,high,4.5608606,0.039931178,MovieLens-1M,7.1308988302963465
813,5,low,3.003705,0.23545858,MovieLens-1M,1.791759469228055
814,334,high,3.756442,0.033743016,MovieLens-1M,5.814130531825066
815,63,medium,3.1712818,0.088046,MovieLens-1M,4.1588830833596715
816,308,high,3.6979885,0.015447397,MovieLens-1M,5.733341276897746
817,60,medium,3.1041276,0.0281993,MovieLens-1M,4.110873864173311
818,384,high,3.9717972,0.030767925,MovieLens-1M,5.953243334287785
819,141,medium,3.1575987,0.108301714,MovieLens-1M,4.955827057601261
820,129,medium,3.5087583,0.15207313,MovieLens-1M,4.867534450455582
821,337,high,3.4673722,0.0759192,MovieLens-1M,5.823045895483019
822,173,medium,2.8197546,0.04146154,MovieLens-1M,5.159055299214529
823,42,medium,3.4618988,0.07633038,MovieLens-1M,3.7612001156935624
824,104,medium,3.1701872,0.0546434,MovieLens-1M,4.653960350157523
825,28,medium,2.99379,0.14242503,MovieLens-1M,3.367295829986474
826,111,medium,3.2278385,0.030017098,MovieLens-1M,4.718498871295094
827,4,low,2.8996518,0.09320403,MovieLens-1M,1.6094379124341003
828,283,high,3.431429,0.07177255,MovieLens-1M,5.648974238161206
829,64,medium,2.7303345,0.04156003,MovieLens-1M,4.174387269895637
830,229,medium,3.7862797,0.025001882,MovieLens-1M,5.438079308923196
831,125,medium,3.1120737,0.07110767,MovieLens-1M,4.836281906951478
832,66,medium,2.5748158,0.074695274,MovieLens-1M,4.204692619390966
833,206,medium,3.4749467,0.035636865,MovieLens-1M,5.332718793265369
834,109,medium,2.847627,0.03711036,MovieLens-1M,4.700480365792417
835,150,medium,3.2144012,0.07401349,MovieLens-1M,5.017279836814924
836,84,medium,2.5410507,0.103825316,MovieLens-1M,4.442651256490317
837,154,medium,2.8762996,0.07423991,MovieLens-1M,5.043425116919247
838,244,high,3.1902688,0.03736391,MovieLens-1M,5.501258210544727
839,322,high,3.620001,0.022331066,MovieLens-1M,5.777652323222656
840,152,medium,3.1175554,0.043723073,MovieLens-1M,5.030437921392435
841,590,high,3.5265887,0.0510405,MovieLens-1M,6.3818160174060985
842,316,high,3.0877132,0.06529035,MovieLens-1M,5.75890177387728
843,318,high,3.4759703,0.0373082,MovieLens-1M,5.765191102784844
844,20,medium,3.1802242,0.079243705,MovieLens-1M,3.044522437723423
845,17,medium,2.338053,0.06643573,MovieLens-1M,2.8903717578961645
846,6,low,3.2336273,0.05816654,MovieLens-1M,1.9459101490553132
847,37,medium,2.8227756,0.031103129,MovieLens-1M,3.6375861597263857
848,10,medium,2.8486502,0.04389333,MovieLens-1M,2.3978952727983707
849,15,medium,2.562765,0.11380169,MovieLens-1M,2.772588722239781
850,7,low,2.7924693,0.06345135,MovieLens-1M,2.0794415416798357
851,29,medium,2.758234,0.10382145,MovieLens-1M,3.4011973816621555
852,21,medium,2.9126613,0.06947786,MovieLens-1M,3.091042453358316
853,195,medium,3.1593406,0.09932243,MovieLens-1M,5.278114659230517
854,5,low,3.036597,0.07949534,MovieLens-1M,1.791759469228055
855,8,low,3.4142907,0.08321571,MovieLens-1M,2.1972245773362196
856,417,high,4.0327334,0.057524074,MovieLens-1M,6.035481432524756
857,878,high,4.058918,0.042452835,MovieLens-1M,6.778784897685177
858,18,medium,3.1969516,0.14888702,MovieLens-1M,2.9444389791664403
859,199,medium,2.811804,0.07727055,MovieLens-1M,5.298317366548036
860,2,low,3.464976,0.02663804,MovieLens-1M,1.0986122886681098
861,58,medium,2.828289,0.053343616,MovieLens-1M,4.07753744390572
862,11,medium,2.5395536,0.06324166,MovieLens-1M,2.4849066497880004
863,33,medium,2.6108978,0.048288677,MovieLens-1M,3.5263605246161616
864,70,medium,2.6468194,0.1046069,MovieLens-1M,4.2626798770413155
865,2,low,3.173794,0.37184352,MovieLens-1M,1.0986122886681098
866,1,low,3.7714558,0.14330386,MovieLens-1M,0.6931471805599453
867,52,medium,2.9404113,0.0322831,MovieLens-1M,3.970291913552122
868,8,low,2.4589717,0.11253792,MovieLens-1M,2.1972245773362196
869,3,low,3.4935095,0.11221367,MovieLens-1M,1.3862943611198906
870,138,medium,3.262637,0.11036817,MovieLens-1M,4.9344739331306915
871,9,low,2.4807434,0.09630055,MovieLens-1M,2.302585092994046
872,29,medium,2.4032414,0.0937028,MovieLens-1M,3.4011973816621555
874,9,low,3.235552,0.018697307,MovieLens-1M,2.302585092994046
875,88,medium,2.7469158,0.054227464,MovieLens-1M,4.48863636973214
876,3,low,3.32378,0.105900325,MovieLens-1M,1.3862943611198906
877,2,low,3.4612675,0.20179103,MovieLens-1M,1.0986122886681098
878,353,high,3.1756074,0.012283759,MovieLens-1M,5.869296913133774
879,66,medium,2.8184748,0.09672876,MovieLens-1M,4.204692619390966
880,13,medium,2.7659378,0.10273404,MovieLens-1M,2.6390573296152584
881,29,medium,2.439951,0.05096883,MovieLens-1M,3.4011973816621555
882,122,medium,2.915376,0.17791481,MovieLens-1M,4.812184355372417
883,8,low,3.1693928,0.26955593,MovieLens-1M,2.1972245773362196
884,6,low,3.1884346,0.12575264,MovieLens-1M,1.9459101490553132
885,31,medium,2.4060547,0.055783145,MovieLens-1M,3.4657359027997265
886,25,medium,3.1839473,0.07393098,MovieLens-1M,3.258096538021482
887,23,medium,3.371618,0.10405107,MovieLens-1M,3.1780538303479458
888,22,medium,2.5293467,0.14757125,MovieLens-1M,3.1354942159291497
889,64,medium,2.7649505,0.11987338,MovieLens-1M,4.174387269895637
890,39,medium,2.730564,0.09600142,MovieLens-1M,3.6888794541139363
891,109,medium,2.7828674,0.15954399,MovieLens-1M,4.700480365792417
892,100,medium,2.7990608,0.10198657,MovieLens-1M,4.61512051684126
893,23,medium,3.0483484,0.10067912,MovieLens-1M,3.1780538303479458
894,189,medium,3.0034015,0.01777943,MovieLens-1M,5.247024072160486
895,136,medium,2.800657,0.10417895,MovieLens-1M,4.919980925828125
896,63,medium,2.92622,0.06644734,MovieLens-1M,4.1588830833596715
897,113,medium,3.0819085,0.017412988,MovieLens-1M,4.736198448394496
898,57,medium,2.6865156,0.095376596,MovieLens-1M,4.060443010546419
899,154,medium,2.8071253,0.05507048,MovieLens-1M,5.043425116919247
900,52,medium,2.8607075,0.101300456,MovieLens-1M,3.970291913552122
901,342,high,3.571,0.03807949,MovieLens-1M,5.8377304471659395
902,154,medium,2.8310692,0.12997788,MovieLens-1M,5.043425116919247
903,63,medium,3.196396,0.10655666,MovieLens-1M,4.1588830833596715
904,364,high,4.0269055,0.008968144,MovieLens-1M,5.8998973535824915
905,165,medium,3.1020594,0.037973844,MovieLens-1M,5.111987788356544
906,47,medium,3.1529486,0.038043197,MovieLens-1M,3.871201010907891
907,159,medium,3.2077892,0.028017668,MovieLens-1M,5.075173815233827
908,5,low,3.1773813,0.13123891,MovieLens-1M,1.791759469228055
909,133,medium,2.8925707,0.038639676,MovieLens-1M,4.897839799950911
910,676,high,3.9052508,0.0076299356,MovieLens-1M,6.517671272912275
911,336,high,3.6813982,0.06485381,MovieLens-1M,5.820082930352362
912,106,medium,2.9260147,0.080136,MovieLens-1M,4.672828834461906
913,162,medium,2.8391864,0.055682525,MovieLens-1M,5.093750200806762
914,314,high,3.6635592,0.037436996,MovieLens-1M,5.752572638825633
915,136,medium,3.2680109,0.021913577,MovieLens-1M,4.919980925828125
916,99,medium,2.6832864,0.044955626,MovieLens-1M,4.605170185988092
917,592,high,4.0422783,0.08199778,MovieLens-1M,6.385194398997726
918,1312,high,4.4037423,0.009879469,MovieLens-1M,7.180069874302796
919,133,medium,2.974098,0.03291605,MovieLens-1M,4.897839799950911
920,4,low,2.9947395,0.16557272,MovieLens-1M,1.6094379124341003
921,2,low,3.7134068,0.023431921,MovieLens-1M,1.0986122886681098
922,2,low,3.6518204,0.099767335,MovieLens-1M,1.0986122886681098
923,353,high,3.520532,0.09330526,MovieLens-1M,5.869296913133774
924,265,high,3.1139116,0.02210887,MovieLens-1M,5.583496308781699
925,31,medium,3.090557,0.03281677,MovieLens-1M,3.4657359027997265
926,15,medium,2.4874494,0.06776656,MovieLens-1M,2.772588722239781
927,69,medium,3.4590533,0.14238968,MovieLens-1M,4.248495242049359
928,231,medium,3.032821,0.089014724,MovieLens-1M,5.44673737166631
929,206,medium,2.9852116,0.059893563,MovieLens-1M,5.332718793265369
930,103,medium,2.492307,0.035564646,MovieLens-1M,4.6443908991413725
931,51,medium,2.7579443,0.035092656,MovieLens-1M,3.9512437185814275
932,11,medium,2.1994526,0.12719227,MovieLens-1M,2.4849066497880004
933,44,medium,2.5949934,0.074688,MovieLens-1M,3.8066624897703196
934,4,low,2.9242032,0.06724908,MovieLens-1M,1.6094379124341003
935,28,medium,2.6408951,0.049504332,MovieLens-1M,3.367295829986474
936,152,medium,2.922726,0.079972625,MovieLens-1M,5.030437921392435
937,5,low,2.988041,0.14383562,MovieLens-1M,1.791759469228055
938,236,medium,2.9940956,0.06948993,MovieLens-1M,5.4680601411351315
939,555,high,3.6686726,0.020144327,MovieLens-1M,6.320768294250582
940,212,medium,3.158293,0.06765609,MovieLens-1M,5.3612921657094255
941,11,medium,3.0537875,0.15482347,MovieLens-1M,2.4849066497880004
942,52,medium,2.6796777,0.15423699,MovieLens-1M,3.970291913552122
943,142,medium,3.1412537,0.1226237,MovieLens-1M,4.962844630259907
944,14,medium,3.4566667,0.07142688,MovieLens-1M,2.70805020110221
945,22,medium,3.24078,0.037529394,MovieLens-1M,3.1354942159291497
946,80,medium,3.4451215,0.079684526,MovieLens-1M,4.394449154672439
947,2,low,3.1953862,0.25121695,MovieLens-1M,1.0986122886681098
948,860,high,3.8381999,0.070608184,MovieLens-1M,6.7580945044277305
949,16,medium,2.928664,0.056109462,MovieLens-1M,2.833213344056216
950,557,high,3.9078445,0.04453885,MovieLens-1M,6.324358962381311
951,256,high,3.3678834,0.08161969,MovieLens-1M,5.54907608489522
952,973,high,3.8719513,0.036923926,MovieLens-1M,6.881411303642535
953,681,high,3.6349142,0.008070837,MovieLens-1M,6.525029657843462
954,239,medium,3.1424701,0.046349376,MovieLens-1M,5.480638923341991
955,95,medium,2.5680983,0.0776756,MovieLens-1M,4.564348191467836
956,86,medium,2.8119342,0.058369022,MovieLens-1M,4.465908118654584
957,528,high,3.5441048,0.031687006,MovieLens-1M,6.270988431858299
958,84,medium,2.6384346,0.12119366,MovieLens-1M,4.442651256490317
959,293,high,3.4820254,0.065705046,MovieLens-1M,5.683579767338681
960,11,medium,2.7879972,0.3027882,MovieLens-1M,2.4849066497880004
961,300,high,3.5000694,0.05727494,MovieLens-1M,5.707110264748875
962,979,high,4.3836474,0.020649971,MovieLens-1M,6.887552571664617
963,886,high,3.9446762,0.061859578,MovieLens-1M,6.787844982309579
964,97,medium,2.763243,0.040560614,MovieLens-1M,4.584967478670572
965,404,high,3.4025319,0.020147223,MovieLens-1M,6.003887067106539
966,321,high,3.7067716,0.12936532,MovieLens-1M,5.7745515455444085
967,775,high,3.6710691,0.0862037,MovieLens-1M,6.654152520183219
968,388,high,3.1862564,0.07281833,MovieLens-1M,5.963579343618446
969,245,high,3.3085794,0.04129701,MovieLens-1M,5.5053315359323625
970,1610,high,4.4800835,0.041819174,MovieLens-1M,7.384610383176974
971,146,medium,2.7999542,0.104559876,MovieLens-1M,4.990432586778736
972,108,medium,3.0294619,0.09313208,MovieLens-1M,4.6913478822291435
973,600,high,3.7861464,0.036283486,MovieLens-1M,6.398594934535208
974,1,low,3.422603,0.23579484,MovieLens-1M,0.6931471805599453
975,282,high,3.0170262,0.08061551,MovieLens-1M,5.645446897643238
976,383,high,3.2400086,0.059807334,MovieLens-1M,5.950642552587727
977,5,low,3.5215771,0.0037968794,MovieLens-1M,1.791759469228055
978,73,medium,2.938183,0.062953666,MovieLens-1M,4.30406509320417
979,16,medium,2.6462479,0.1715992,MovieLens-1M,2.833213344056216
980,18,medium,2.4869413,0.06730074,MovieLens-1M,2.9444389791664403
981,8,low,2.7949448,0.115684606,MovieLens-1M,2.1972245773362196
982,8,low,3.4269161,0.048051916,MovieLens-1M,2.1972245773362196
983,10,medium,3.0857213,0.22165772,MovieLens-1M,2.3978952727983707
984,14,medium,2.9888446,0.08866568,MovieLens-1M,2.70805020110221
985,264,high,3.1282055,0.04930714,MovieLens-1M,5.579729825986222
986,4,low,2.9869769,0.17098916,MovieLens-1M,1.6094379124341003
987,20,medium,2.9303992,0.021913774,MovieLens-1M,3.044522437723423
988,241,high,3.1272259,0.020011032,MovieLens-1M,5.488937726156687
989,263,high,2.9299476,0.0997885,MovieLens-1M,5.575949103146316
990,53,medium,2.6157105,0.12940948,MovieLens-1M,3.9889840465642745
991,1005,high,4.1494436,0.024498176,MovieLens-1M,6.913737350659685
992,51,medium,2.97708,0.06876922,MovieLens-1M,3.9512437185814275
993,443,high,3.5586474,0.019261945,MovieLens-1M,6.095824562432225
994,92,medium,3.37651,0.09181971,MovieLens-1M,4.532599493153256
995,181,medium,3.0203733,0.06634732,MovieLens-1M,5.204006687076795
996,179,medium,2.9642231,0.06646256,MovieLens-1M,5.19295685089021
997,147,medium,3.0347655,0.025582293,MovieLens-1M,4.997212273764115
998,1349,high,4.324346,0.11468454,MovieLens-1M,7.2078598714324755
999,5,low,2.5402105,0.2047538,MovieLens-1M,1.791759469228055
1000,2,low,3.27366,0.0061458773,MovieLens-1M,1.0986122886681098
1001,10,medium,2.1684504,0.14165859,MovieLens-1M,2.3978952727983707
1002,235,medium,3.0718162,0.046275858,MovieLens-1M,5.4638318050256105
1003,806,high,4.3991375,0.10972467,MovieLens-1M,6.693323668269949
1004,3,low,3.0883045,0.1373491,MovieLens-1M,1.3862943611198906
1005,116,medium,3.1341174,0.045998853,MovieLens-1M,4.762173934797756
1006,17,medium,3.1941407,0.043599922,MovieLens-1M,2.8903717578961645
1007,12,medium,3.210563,0.076060206,MovieLens-1M,2.5649493574615367
1008,6,low,3.336297,0.066154905,MovieLens-1M,1.9459101490553132
1009,9,low,3.435381,0.04539243,MovieLens-1M,2.302585092994046
1010,1,low,4.1239953,0.091867685,MovieLens-1M,0.6931471805599453
1011,72,medium,2.6209476,0.07252329,MovieLens-1M,4.290459441148391
1012,66,medium,2.5345373,0.09340818,MovieLens-1M,4.204692619390966
1013,7,low,3.3307667,0.37288138,MovieLens-1M,2.0794415416798357
1014,3,low,3.2393625,0.17059052,MovieLens-1M,1.3862943611198906
1015,27,medium,2.5968795,0.104985654,MovieLens-1M,3.332204510175204
1016,2,low,3.195545,0.06802249,MovieLens-1M,1.0986122886681098
1017,24,medium,2.615672,0.09511026,MovieLens-1M,3.2188758248682006
1018,261,high,3.1470108,0.0552802,MovieLens-1M,5.568344503761097
1019,517,high,3.3588648,0.107764006,MovieLens-1M,6.249975242259483
1020,97,medium,2.5568755,0.0441416,MovieLens-1M,4.584967478670572
1021,4,low,3.5266092,0.090304516,MovieLens-1M,1.6094379124341003
1022,265,high,3.3845465,0.106380396,MovieLens-1M,5.583496308781699
1023,90,medium,2.833723,0.074452944,MovieLens-1M,4.51085950651685
1024,110,medium,3.0253947,0.062782116,MovieLens-1M,4.709530201312334
1025,201,medium,3.1894786,0.0402501,MovieLens-1M,5.308267697401205
1026,582,high,3.6461494,0.0874339,MovieLens-1M,6.368187186350492
1027,34,medium,2.5435808,0.113337286,MovieLens-1M,3.5553480614894135
1028,2,low,3.6731865,0.16791596,MovieLens-1M,1.0986122886681098
1029,563,high,3.6678298,0.041023217,MovieLens-1M,6.335054251498059
1030,61,medium,2.4431467,0.10516937,MovieLens-1M,4.127134385045092
1031,334,high,3.2462854,0.038808797,MovieLens-1M,5.814130531825066
1032,314,high,3.299051,0.052549608,MovieLens-1M,5.752572638825633
1033,90,medium,2.7155724,0.09065216,MovieLens-1M,4.51085950651685
1034,482,high,3.5550613,0.03833838,MovieLens-1M,6.180016653652572
1035,218,medium,2.979557,0.08410382,MovieLens-1M,5.389071729816501
1036,68,medium,2.4279783,0.081753366,MovieLens-1M,4.23410650459726
1037,67,medium,2.8000476,0.11121377,MovieLens-1M,4.219507705176107
1038,78,medium,3.2105439,0.23828223,MovieLens-1M,4.3694478524670215
1039,1510,high,4.4072537,0.0352384,MovieLens-1M,7.32052696227274
1040,104,medium,2.8631952,0.045899924,MovieLens-1M,4.653960350157523
1041,2490,high,5.1490517,0.042318966,MovieLens-1M,7.820439515262181
1042,1899,high,4.72543,0.03917131,MovieLens-1M,7.549609165154532
1043,2243,high,4.828815,0.04967143,MovieLens-1M,7.716015266642587
1044,687,high,4.0069575,0.03369222,MovieLens-1M,6.5337888379333435
1045,1402,high,4.429438,0.052679364,MovieLens-1M,7.246368080102461
1046,648,high,4.0386252,0.028217008,MovieLens-1M,6.47543271670409
1047,40,medium,2.5545373,0.14124446,MovieLens-1M,3.713572066704308
1048,514,high,3.4807212,0.04351021,MovieLens-1M,6.244166900663736
1049,706,high,3.7144287,0.08698278,MovieLens-1M,6.561030665896573
1050,116,medium,3.2954776,0.022459114,MovieLens-1M,4.762173934797756
1051,918,high,4.117418,0.03741381,MovieLens-1M,6.823286122355687
1052,815,high,3.8458006,0.048027046,MovieLens-1M,6.704414354964107
1053,939,high,4.0249343,0.028543523,MovieLens-1M,6.84587987526405
1054,126,medium,3.1098187,0.06984116,MovieLens-1M,4.844187086458591
1055,2106,high,4.8113446,0.015440836,MovieLens-1M,7.653020413804189
1056,181,medium,2.9114249,0.05611358,MovieLens-1M,5.204006687076795
1057,418,high,3.6976242,0.009117214,MovieLens-1M,6.037870919922137
1058,1351,high,4.4413424,0.00896288,MovieLens-1M,7.20934025660291
1059,1603,high,4.756147,0.03959393,MovieLens-1M,7.38025578842646
1060,618,high,3.8957214,0.020169104,MovieLens-1M,6.428105272684596
1061,48,medium,2.500099,0.06555655,MovieLens-1M,3.8918202981106265
1062,294,high,3.354309,0.049328193,MovieLens-1M,5.68697535633982
1063,191,medium,3.5475476,0.09663436,MovieLens-1M,5.2574953720277815
1064,1009,high,4.4454484,0.026307657,MovieLens-1M,6.917705609835305
1065,927,high,3.8766205,0.085880786,MovieLens-1M,6.833031732786201
1066,1422,high,4.393801,0.019785583,MovieLens-1M,7.260522598089852
1067,970,high,4.064086,0.055184603,MovieLens-1M,6.878326468291325
1068,407,high,3.8314006,0.02501119,MovieLens-1M,6.0112671744041615
1069,360,high,3.3508632,0.05663753,MovieLens-1M,5.8888779583328805
1070,1144,high,4.0942025,0.05529667,MovieLens-1M,7.0431599159883405
1071,167,medium,2.9986093,0.057050236,MovieLens-1M,5.123963979403259
1072,162,medium,2.985347,0.054059446,MovieLens-1M,5.093750200806762
1073,538,high,3.6571758,0.060706344,MovieLens-1M,6.289715570908998
1074,1045,high,4.2375407,0.039239045,MovieLens-1M,6.952728644624869
1075,582,high,3.5614722,0.042935107,MovieLens-1M,6.368187186350492
1076,33,medium,3.266594,0.076395884,MovieLens-1M,3.5263605246161616
1077,842,high,3.9670277,0.040612247,MovieLens-1M,6.736966958001855
1078,891,high,3.814511,0.01261448,MovieLens-1M,6.79346613258001
1079,541,high,3.5480258,0.038115546,MovieLens-1M,6.295266001439646
1080,72,medium,3.4424388,0.12602416,MovieLens-1M,4.290459441148391
1081,237,medium,3.1401393,0.053034797,MovieLens-1M,5.472270673671475
1082,253,high,3.4260397,0.031277098,MovieLens-1M,5.537334267018537
1083,1649,high,4.5388083,0.04960706,MovieLens-1M,7.408530566894626
1084,39,medium,2.8987677,0.10521124,MovieLens-1M,3.6888794541139363
1085,896,high,3.7680538,0.07717189,MovieLens-1M,6.799055862058796
1086,225,medium,3.0014584,0.056327242,MovieLens-1M,5.420534999272286
1087,539,high,3.7386293,0.070854716,MovieLens-1M,6.29156913955832
1088,255,high,3.0306075,0.045550913,MovieLens-1M,5.545177444479562
1089,620,high,3.7927113,0.021674987,MovieLens-1M,6.431331081933479
1090,1028,high,3.94743,0.03041127,MovieLens-1M,6.9363427358340495
1091,406,high,3.9342835,0.04433663,MovieLens-1M,6.008813185442595
1092,547,high,3.7079277,0.034225706,MovieLens-1M,6.306275286948016
1093,820,high,3.9212275,0.061452147,MovieLens-1M,6.710523109452428
1094,172,medium,3.1977832,0.14616051,MovieLens-1M,5.153291594497779
1095,998,high,4.199373,0.07509001,MovieLens-1M,6.906754778648554
1096,434,high,3.9710724,0.10019288,MovieLens-1M,6.075346031088684
1097,381,high,3.4921265,0.015063446,MovieLens-1M,5.945420608606575
1098,28,medium,2.7232468,0.040304173,MovieLens-1M,3.367295829986474
1099,480,high,3.5114717,0.04634275,MovieLens-1M,6.175867270105761
1100,328,high,3.5017376,0.067218296,MovieLens-1M,5.796057750765372
1101,823,high,4.087929,0.031264413,MovieLens-1M,6.714170529909472
1102,1391,high,4.3141365,0.08150091,MovieLens-1M,7.238496840894365
1103,261,high,3.5540218,0.06128413,MovieLens-1M,5.568344503761097
1104,367,high,3.8994417,0.049241945,MovieLens-1M,5.908082938168931
1105,607,high,3.7161453,0.05388124,MovieLens-1M,6.410174881966167
1106,543,high,3.6318386,0.05769653,MovieLens-1M,6.298949246855942
1107,193,medium,3.3369026,0.052631967,MovieLens-1M,5.267858159063328
1108,1639,high,4.4726253,0.008873103,MovieLens-1M,7.402451520818244
1109,754,high,3.6895692,0.10074914,MovieLens-1M,6.626717749249025
1110,647,high,3.840192,0.017888803,MovieLens-1M,6.473890696352274
1111,160,medium,2.8634174,0.08727106,MovieLens-1M,5.081404364984463
1112,535,high,3.8395798,0.026169159,MovieLens-1M,6.284134161070802
1113,1895,high,4.6665335,0.07091657,MovieLens-1M,7.547501682814967
1114,390,high,3.3623059,0.041747566,MovieLens-1M,5.968707559985366
1115,537,high,3.5334136,0.059059724,MovieLens-1M,6.2878585601617845
1116,106,medium,3.1860406,0.053944044,MovieLens-1M,4.672828834461906
1117,309,high,3.6694572,0.09875109,MovieLens-1M,5.736572297479192
1118,502,high,3.7426443,0.07043307,MovieLens-1M,6.220590170099739
1119,769,high,3.7555275,0.019351715,MovieLens-1M,6.646390514847729
1120,243,high,3.1130714,0.017629521,MovieLens-1M,5.497168225293202
1121,970,high,4.0678797,0.03878164,MovieLens-1M,6.878326468291325
1122,119,medium,2.8236158,0.05930528,MovieLens-1M,4.787491742782046
1123,223,medium,3.2792518,0.050547354,MovieLens-1M,5.4116460518550396
1124,155,medium,3.0729268,0.041997522,MovieLens-1M,5.049856007249537
1125,638,high,3.798692,0.016239706,MovieLens-1M,6.459904454377535
1126,319,high,3.3635197,0.0646249,MovieLens-1M,5.768320995793772
1127,460,high,4.0314727,0.04573206,MovieLens-1M,6.133398042996649
1128,520,high,3.6447744,0.041486822,MovieLens-1M,6.255750041753367
1129,164,medium,2.9423342,0.053135328,MovieLens-1M,5.10594547390058
1130,541,high,3.4823143,0.040465996,MovieLens-1M,6.295266001439646
1131,890,high,3.8883317,0.010518892,MovieLens-1M,6.792344427470809
1132,129,medium,2.7573984,0.066541694,MovieLens-1M,4.867534450455582
1133,130,medium,2.9502676,0.086364076,MovieLens-1M,4.875197323201151
1134,1281,high,4.2314935,0.053030927,MovieLens-1M,7.156176637480615
1135,436,high,3.4167023,0.03576873,MovieLens-1M,6.07993319509559
1136,528,high,3.4651215,0.007147811,MovieLens-1M,6.270988431858299
1137,857,high,3.817364,0.018498199,MovieLens-1M,6.754604099487962
1138,146,medium,2.8293571,0.022558734,MovieLens-1M,4.990432586778736
1139,407,high,3.663413,0.050497726,MovieLens-1M,6.0112671744041615
1140,271,high,3.4627094,0.10084201,MovieLens-1M,5.605802066295998
1141,230,medium,2.9748914,0.022092098,MovieLens-1M,5.442417710521793
1142,608,high,3.5896137,0.056072224,MovieLens-1M,6.411818267709897
1143,261,high,3.192508,0.091838114,MovieLens-1M,5.568344503761097
1144,271,high,3.6992702,0.029038772,MovieLens-1M,5.605802066295998
1145,545,high,3.4064124,0.061356764,MovieLens-1M,6.302618975744905
1146,238,medium,2.9571054,0.055634383,MovieLens-1M,5.476463551931511
1147,1150,high,4.2651463,0.019160226,MovieLens-1M,7.048386408721883
1148,77,medium,2.7125666,0.025162157,MovieLens-1M,4.356708826689592
1149,73,medium,2.924185,0.02000828,MovieLens-1M,4.30406509320417
1150,1187,high,4.2979207,0.034979686,MovieLens-1M,7.080026499922591
1151,21,medium,2.9296887,0.0660512,MovieLens-1M,3.091042453358316
1152,14,medium,2.7738316,0.056567363,MovieLens-1M,2.70805020110221
1153,2,low,3.4107425,0.11735749,MovieLens-1M,1.0986122886681098
1154,1,low,3.459122,0.17154326,MovieLens-1M,0.6931471805599453
1155,13,medium,2.313515,0.18825907,MovieLens-1M,2.6390573296152584
1156,306,high,3.362095,0.050896853,MovieLens-1M,5.726847747587197
1157,363,high,3.4763925,0.034432348,MovieLens-1M,5.8971538676367405
1158,1,low,3.3236554,0.082221344,MovieLens-1M,0.6931471805599453
1159,1,low,3.5564282,0.18175182,MovieLens-1M,0.6931471805599453
1160,6,low,3.1050403,0.1003978,MovieLens-1M,1.9459101490553132
1161,106,medium,3.436347,0.09465168,MovieLens-1M,4.672828834461906
1162,3,low,3.1799822,0.17332134,MovieLens-1M,1.3862943611198906
1163,9,low,3.0215642,0.04367123,MovieLens-1M,2.302585092994046
1164,41,medium,3.1102993,0.026475184,MovieLens-1M,3.7376696182833684
1165,18,medium,2.6447659,0.27570257,MovieLens-1M,2.9444389791664403
1166,29,medium,2.648226,0.0072628423,MovieLens-1M,3.4011973816621555
1167,495,high,3.5510967,0.050942432,MovieLens-1M,6.206575926724928
1168,125,medium,3.283357,0.08984227,MovieLens-1M,4.836281906951478
1169,1,low,4.271848,0.09224693,MovieLens-1M,0.6931471805599453
1170,7,low,3.3123524,0.14274098,MovieLens-1M,2.0794415416798357
1171,37,medium,3.4649475,0.030773336,MovieLens-1M,3.6375861597263857
1172,315,high,3.365612,0.07086204,MovieLens-1M,5.755742213586912
1173,150,medium,3.4248295,0.10191094,MovieLens-1M,5.017279836814924
1174,15,medium,3.0039618,0.15509045,MovieLens-1M,2.772588722239781
1175,73,medium,3.0468845,0.05938141,MovieLens-1M,4.30406509320417
1176,419,high,3.4418461,0.007247802,MovieLens-1M,6.040254711277414
1177,262,high,3.0874665,0.021924749,MovieLens-1M,5.572154032177765
1178,325,high,3.718665,0.08280672,MovieLens-1M,5.786897381366708
1179,58,medium,2.716771,0.09044719,MovieLens-1M,4.07753744390572
1180,246,high,3.665326,0.055080537,MovieLens-1M,5.5093883366279774
1181,173,medium,3.1596527,0.13007668,MovieLens-1M,5.159055299214529
1182,7,low,3.1553004,0.08219142,MovieLens-1M,2.0794415416798357
1183,248,high,3.5727055,0.10076926,MovieLens-1M,5.517452896464707
1184,13,medium,2.380902,0.22256835,MovieLens-1M,2.6390573296152584
1185,19,medium,2.3527079,0.15122996,MovieLens-1M,2.995732273553991
1186,68,medium,3.2861083,0.050159674,MovieLens-1M,4.23410650459726
1187,179,medium,2.9503136,0.034348287,MovieLens-1M,5.19295685089021
1188,29,medium,2.9370296,0.04459342,MovieLens-1M,3.4011973816621555
1189,821,high,4.2290673,0.12304682,MovieLens-1M,6.71174039505618
1190,365,high,3.069189,0.07266677,MovieLens-1M,5.902633333401366
1191,968,high,3.901427,0.044276666,MovieLens-1M,6.876264611890766
1192,35,medium,2.738427,0.020367675,MovieLens-1M,3.58351893845611
1193,1,low,3.3437507,0.024254233,MovieLens-1M,0.6931471805599453
1194,126,medium,3.0579374,0.076752424,MovieLens-1M,4.844187086458591
1195,73,medium,3.0074797,0.018208178,MovieLens-1M,4.30406509320417
1196,27,medium,2.6214783,0.16439544,MovieLens-1M,3.332204510175204
1197,1,low,4.530852,0.28257996,MovieLens-1M,0.6931471805599453
1198,40,medium,2.519392,0.06391784,MovieLens-1M,3.713572066704308
1199,44,medium,2.5487778,0.10801589,MovieLens-1M,3.8066624897703196
1200,124,medium,3.3719552,0.074639745,MovieLens-1M,4.8283137373023015
1201,4,low,3.2385523,0.09286488,MovieLens-1M,1.6094379124341003
1202,610,high,3.7748353,0.09821091,MovieLens-1M,6.415096959171596
1203,293,high,3.3990366,0.10384561,MovieLens-1M,5.683579767338681
1204,501,high,3.7109623,0.01590806,MovieLens-1M,6.218600119691729
1205,149,medium,3.3012497,0.12227319,MovieLens-1M,5.0106352940962555
1206,992,high,4.3724117,0.079923704,MovieLens-1M,6.900730664045173
1207,394,high,3.612157,0.032629274,MovieLens-1M,5.978885764901122
1208,682,high,3.953616,0.0760733,MovieLens-1M,6.52649485957079
1209,295,high,3.0382795,0.05234774,MovieLens-1M,5.69035945432406
1210,280,high,3.339021,0.053251237,MovieLens-1M,5.638354669333745
1211,106,medium,3.121642,0.04770848,MovieLens-1M,4.672828834461906
1212,451,high,3.5755022,0.018905092,MovieLens-1M,6.113682179832232
1213,23,medium,2.967518,0.041665748,MovieLens-1M,3.1780538303479458
1214,29,medium,3.1100109,0.13044362,MovieLens-1M,3.4011973816621555
1215,4,low,3.265033,0.12791525,MovieLens-1M,1.6094379124341003
1216,208,medium,3.108845,0.01550208,MovieLens-1M,5.342334251964811
1217,1249,high,4.3239326,0.022911087,MovieLens-1M,7.1308988302963465
1218,54,medium,2.6623943,0.08970461,MovieLens-1M,4.007333185232471
1219,11,medium,2.7648318,0.090124875,MovieLens-1M,2.4849066497880004
1220,44,medium,2.834378,0.13407478,MovieLens-1M,3.8066624897703196
1221,362,high,3.3574584,0.045258243,MovieLens-1M,5.8944028342648505
1222,151,medium,2.981281,0.04165595,MovieLens-1M,5.0238805208462765
1223,871,high,3.8143008,0.027363136,MovieLens-1M,6.77078942390898
1224,1053,high,3.9298868,0.044439245,MovieLens-1M,6.960347729101308
1225,127,medium,2.8127782,0.08344726,MovieLens-1M,4.852030263919617
1226,678,high,3.5908813,0.03939052,MovieLens-1M,6.520621127558696
1227,38,medium,2.7390573,0.077196755,MovieLens-1M,3.6635616461296463
1228,23,medium,3.235318,0.0584614,MovieLens-1M,3.1780538303479458
1229,33,medium,2.6081324,0.04153136,MovieLens-1M,3.5263605246161616
1230,80,medium,2.51873,0.09567735,MovieLens-1M,4.394449154672439
1231,29,medium,2.8381608,0.1284233,MovieLens-1M,3.4011973816621555
1232,181,medium,3.106636,0.05489663,MovieLens-1M,5.204006687076795
1233,14,medium,3.349266,0.08933733,MovieLens-1M,2.70805020110221
1234,513,high,4.0966334,0.04277773,MovieLens-1M,6.2422232654551655
1235,632,high,3.7091417,0.029350484,MovieLens-1M,6.450470422144176
1236,128,medium,2.8862045,0.09384052,MovieLens-1M,4.859812404361672
1237,22,medium,2.5974832,0.08567684,MovieLens-1M,3.1354942159291497
1238,274,high,3.210184,0.04919042,MovieLens-1M,5.616771097666572
1239,15,medium,2.5872698,0.067511894,MovieLens-1M,2.772588722239781
1240,20,medium,2.618756,0.2377617,MovieLens-1M,3.044522437723423
1241,100,medium,2.6784933,0.10446971,MovieLens-1M,4.61512051684126
1242,21,medium,3.1807268,0.13153635,MovieLens-1M,3.091042453358316
1243,135,medium,2.9285238,0.04273517,MovieLens-1M,4.912654885736052
1244,11,medium,2.8898916,0.19010527,MovieLens-1M,2.4849066497880004
1245,94,medium,2.6965694,0.056710247,MovieLens-1M,4.553876891600541
1246,5,low,2.9505818,0.109457776,MovieLens-1M,1.791759469228055
1247,8,low,2.5290663,0.09790834,MovieLens-1M,2.1972245773362196
1248,80,medium,2.9544127,0.047787055,MovieLens-1M,4.394449154672439
1249,10,medium,3.3534482,0.06909343,MovieLens-1M,2.3978952727983707
1250,70,medium,2.561156,0.075406015,MovieLens-1M,4.2626798770413155
1251,4,low,3.1525402,0.073690794,MovieLens-1M,1.6094379124341003
1252,7,low,2.7577865,0.10485453,MovieLens-1M,2.0794415416798357
1253,20,medium,2.9598072,0.16507709,MovieLens-1M,3.044522437723423
1254,136,medium,2.9618714,0.11315244,MovieLens-1M,4.919980925828125
1255,36,medium,2.9158204,0.04762153,MovieLens-1M,3.6109179126442243
1256,23,medium,2.6130893,0.036588248,MovieLens-1M,3.1780538303479458
1257,1,low,4.0411434,0.118917905,MovieLens-1M,0.6931471805599453
1258,2,low,3.5366766,0.12751575,MovieLens-1M,1.0986122886681098
1259,2,low,3.2526875,0.15211497,MovieLens-1M,1.0986122886681098
1260,7,low,2.7879162,0.07353771,MovieLens-1M,2.0794415416798357
1261,76,medium,2.8918808,0.06689439,MovieLens-1M,4.343805421853684
1262,7,low,3.2734702,0.020181036,MovieLens-1M,2.0794415416798357
1263,13,medium,2.6719341,0.15426297,MovieLens-1M,2.6390573296152584
1264,235,medium,3.0409148,0.0543033,MovieLens-1M,5.4638318050256105
1265,23,medium,2.5235293,0.07681507,MovieLens-1M,3.1780538303479458
1266,4,low,3.0502942,0.15664707,MovieLens-1M,1.6094379124341003
1267,18,medium,2.9923823,0.006987058,MovieLens-1M,2.9444389791664403
1268,149,medium,3.0734398,0.07116393,MovieLens-1M,5.0106352940962555
1269,22,medium,2.3156393,0.12928176,MovieLens-1M,3.1354942159291497
1270,359,high,3.2478225,0.09727794,MovieLens-1M,5.886104031450156
1271,10,medium,3.1375427,0.23774202,MovieLens-1M,2.3978952727983707
1272,24,medium,3.015416,0.050935034,MovieLens-1M,3.2188758248682006
1273,34,medium,2.6651716,0.08038036,MovieLens-1M,3.5553480614894135
1274,3,low,3.395724,0.10043629,MovieLens-1M,1.3862943611198906
1275,13,medium,3.2708642,0.17413265,MovieLens-1M,2.6390573296152584
1276,84,medium,2.7858534,0.03989336,MovieLens-1M,4.442651256490317
1277,8,low,2.6431255,0.14711536,MovieLens-1M,2.1972245773362196
1278,176,medium,3.3204877,0.05281441,MovieLens-1M,5.176149732573829
1279,24,medium,3.2394536,0.05425955,MovieLens-1M,3.2188758248682006
1280,44,medium,3.1122954,0.0238675,MovieLens-1M,3.8066624897703196
1281,12,medium,3.0313025,0.06331427,MovieLens-1M,2.5649493574615367
1282,78,medium,2.7946663,0.033176243,MovieLens-1M,4.3694478524670215
1283,65,medium,2.613457,0.11419447,MovieLens-1M,4.189654742026425
1284,472,high,3.5135128,0.018708926,MovieLens-1M,6.159095388491933
1285,39,medium,2.6267874,0.14440334,MovieLens-1M,3.6888794541139363
1286,1,low,3.7663,0.16254017,MovieLens-1M,0.6931471805599453
1287,3,low,3.4394114,0.1306213,MovieLens-1M,1.3862943611198906
1288,19,medium,2.6408308,0.12731071,MovieLens-1M,2.995732273553991
1289,13,medium,2.1916316,0.09073408,MovieLens-1M,2.6390573296152584
1290,25,medium,3.3915918,0.07722872,MovieLens-1M,3.258096538021482
1291,31,medium,2.6218255,0.10969306,MovieLens-1M,3.4657359027997265
1292,262,high,2.9536896,0.087083526,MovieLens-1M,5.572154032177765
1293,13,medium,2.7630513,0.1033096,MovieLens-1M,2.6390573296152584
1294,226,medium,3.292038,0.063612856,MovieLens-1M,5.424950017481403
1295,109,medium,2.9316664,0.08895521,MovieLens-1M,4.700480365792417
1296,29,medium,2.4830647,0.10065725,MovieLens-1M,3.4011973816621555
1297,40,medium,2.6862938,0.078973,MovieLens-1M,3.713572066704308
1298,78,medium,2.635856,0.08455106,MovieLens-1M,4.3694478524670215
1299,337,high,3.3770382,0.10371218,MovieLens-1M,5.823045895483019
1300,2,low,3.3306942,0.1644697,MovieLens-1M,1.0986122886681098
1301,57,medium,2.6131284,0.12194669,MovieLens-1M,4.060443010546419
1302,68,medium,2.6955974,0.056311924,MovieLens-1M,4.23410650459726
1303,8,low,2.5356894,0.06807629,MovieLens-1M,2.1972245773362196
1304,1,low,3.7753115,0.10453027,MovieLens-1M,0.6931471805599453
1305,10,medium,2.7383478,0.034331463,MovieLens-1M,2.3978952727983707
1306,2,low,3.210661,0.15056525,MovieLens-1M,1.0986122886681098
1307,1,low,3.7428398,0.10046147,MovieLens-1M,0.6931471805599453
1308,9,low,2.9737835,0.2629684,MovieLens-1M,2.302585092994046
1309,7,low,3.4312894,0.063830845,MovieLens-1M,2.0794415416798357
1310,48,medium,2.5987282,0.120033495,MovieLens-1M,3.8918202981106265
1311,42,medium,2.933771,0.1509709,MovieLens-1M,3.7612001156935624
1312,759,high,3.5942867,0.025019646,MovieLens-1M,6.633318433280377
1313,3,low,3.099739,0.17398109,MovieLens-1M,1.3862943611198906
1314,6,low,3.071191,0.044431046,MovieLens-1M,1.9459101490553132
1315,15,medium,3.2749908,0.28178442,MovieLens-1M,2.772588722239781
1316,8,low,3.1625578,0.026589861,MovieLens-1M,2.1972245773362196
1317,22,medium,2.3542945,0.05105978,MovieLens-1M,3.1354942159291497
1318,16,medium,2.9135563,0.065607436,MovieLens-1M,2.833213344056216
1319,13,medium,3.4499016,0.12465558,MovieLens-1M,2.6390573296152584
1320,14,medium,2.6929395,0.12641883,MovieLens-1M,2.70805020110221
1321,246,high,3.6787899,0.030534338,MovieLens-1M,5.5093883366279774
1322,1,low,3.880913,0.06911287,MovieLens-1M,0.6931471805599453
1323,29,medium,2.8633175,0.057120968,MovieLens-1M,3.4011973816621555
1324,32,medium,2.607786,0.15057279,MovieLens-1M,3.4965075614664802
1325,757,high,3.915849,0.04056546,MovieLens-1M,6.630683385642372
1326,174,medium,3.0440102,0.043415092,MovieLens-1M,5.1647859739235145
1327,2,low,3.5227325,0.02685852,MovieLens-1M,1.0986122886681098
1328,2,low,3.0220287,0.09083356,MovieLens-1M,1.0986122886681098
1329,1,low,3.4274826,0.096579336,MovieLens-1M,0.6931471805599453
1330,14,medium,2.8182392,0.10903431,MovieLens-1M,2.70805020110221
1331,6,low,2.818021,0.04994533,MovieLens-1M,1.9459101490553132
1332,13,medium,2.7090702,0.1397614,MovieLens-1M,2.6390573296152584
1333,822,high,4.035008,0.077671595,MovieLens-1M,6.71295620067707
1334,14,medium,3.2946293,0.032694608,MovieLens-1M,2.70805020110221
1335,5,low,3.1634388,0.18747866,MovieLens-1M,1.791759469228055
1336,19,medium,2.8714764,0.12954102,MovieLens-1M,2.995732273553991
1337,4,low,2.97454,0.08872576,MovieLens-1M,1.6094379124341003
1338,58,medium,2.7447014,0.07188784,MovieLens-1M,4.07753744390572
1339,285,high,3.277496,0.13351227,MovieLens-1M,5.655991810819852
1340,3,low,3.2738895,0.09997047,MovieLens-1M,1.3862943611198906
1341,74,medium,2.7936058,0.1340596,MovieLens-1M,4.31748811353631
1342,135,medium,2.954033,0.047895174,MovieLens-1M,4.912654885736052
1343,4,low,3.088659,0.07940596,MovieLens-1M,1.6094379124341003
1344,410,high,3.7885978,0.16372293,MovieLens-1M,6.018593214496234
1345,52,medium,2.7921238,0.04352734,MovieLens-1M,3.970291913552122
1346,31,medium,2.975577,0.18699475,MovieLens-1M,3.4657359027997265
1347,17,medium,2.7402923,0.18169005,MovieLens-1M,2.8903717578961645
1348,5,low,2.775678,0.061136656,MovieLens-1M,1.791759469228055
1349,14,medium,2.1850278,0.10781856,MovieLens-1M,2.70805020110221
1350,9,low,2.5082684,0.13069975,MovieLens-1M,2.302585092994046
1351,405,high,3.4876273,0.068305634,MovieLens-1M,6.0063531596017325
1352,1,low,3.8843687,0.10691561,MovieLens-1M,0.6931471805599453
1353,78,medium,2.7669394,0.12471781,MovieLens-1M,4.3694478524670215
1354,1,low,3.341512,0.17878398,MovieLens-1M,0.6931471805599453
1355,16,medium,3.1348927,0.05039405,MovieLens-1M,2.833213344056216
1356,1,low,3.940691,0.044387393,MovieLens-1M,0.6931471805599453
1357,84,medium,2.9598238,0.08824644,MovieLens-1M,4.442651256490317
1358,21,medium,2.6360314,0.1179484,MovieLens-1M,3.091042453358316
1359,24,medium,2.24072,0.077141024,MovieLens-1M,3.2188758248682006
1360,5,low,2.57949,0.015356163,MovieLens-1M,1.791759469228055
1361,205,medium,3.4170787,0.088492945,MovieLens-1M,5.327876168789581
1362,3,low,3.322175,0.06589319,MovieLens-1M,1.3862943611198906
1363,398,high,3.5016658,0.054986387,MovieLens-1M,5.988961416889864
1364,11,medium,3.3736632,0.101567,MovieLens-1M,2.4849066497880004
1365,34,medium,2.8284266,0.0791665,MovieLens-1M,3.5553480614894135
1366,12,medium,3.344581,0.21851145,MovieLens-1M,2.5649493574615367
1367,723,high,3.8469808,0.033891033,MovieLens-1M,6.584791392385716
1368,4,low,3.2028983,0.05856362,MovieLens-1M,1.6094379124341003
1369,8,low,2.9731224,0.10900902,MovieLens-1M,2.1972245773362196
1370,1610,high,4.745855,0.04543916,MovieLens-1M,7.384610383176974
1371,16,medium,2.5981855,0.16814524,MovieLens-1M,2.833213344056216
1372,23,medium,2.9406998,0.060795974,MovieLens-1M,3.1780538303479458
1373,6,low,3.0126045,0.1786438,MovieLens-1M,1.9459101490553132
1374,870,high,4.0763054,0.033696197,MovieLens-1M,6.769641976852503
1375,13,medium,2.8261178,0.2031175,MovieLens-1M,2.6390573296152584
1376,201,medium,3.0582263,0.07767971,MovieLens-1M,5.308267697401205
1377,275,high,3.3088763,0.033190817,MovieLens-1M,5.62040086571715
1378,114,medium,2.8480704,0.07299595,MovieLens-1M,4.74493212836325
1379,225,medium,2.9760997,0.114116415,MovieLens-1M,5.420534999272286
1380,93,medium,2.9847739,0.0444308,MovieLens-1M,4.543294782270004
1381,100,medium,2.939415,0.0698716,MovieLens-1M,4.61512051684126
1382,22,medium,3.1314747,0.08070156,MovieLens-1M,3.1354942159291497
1383,31,medium,3.0345125,0.10504133,MovieLens-1M,3.4657359027997265
1384,200,medium,3.2149646,0.057207838,MovieLens-1M,5.303304908059076
1385,3,low,3.9326344,0.047164395,MovieLens-1M,1.3862943611198906
1386,19,medium,2.466555,0.0882501,MovieLens-1M,2.995732273553991
1387,388,high,3.354889,0.017798634,MovieLens-1M,5.963579343618446
1388,16,medium,2.2208965,0.12131066,MovieLens-1M,2.833213344056216
1389,6,low,2.910075,0.06093121,MovieLens-1M,1.9459101490553132
1390,23,medium,2.5340645,0.072352506,MovieLens-1M,3.1780538303479458
1391,16,medium,2.698697,0.042440962,MovieLens-1M,2.833213344056216
1392,4,low,3.2356822,0.1483654,MovieLens-1M,1.6094379124341003
1393,90,medium,2.9523716,0.029685894,MovieLens-1M,4.51085950651685
1394,16,medium,3.0447123,0.047277268,MovieLens-1M,2.833213344056216
1395,17,medium,2.5793808,0.17656356,MovieLens-1M,2.8903717578961645
1396,18,medium,2.8646128,0.037300363,MovieLens-1M,2.9444389791664403
1397,618,high,3.8014252,0.066627815,MovieLens-1M,6.428105272684596
1398,10,medium,2.768453,0.105210744,MovieLens-1M,2.3978952727983707
1399,1276,high,4.391983,0.016787812,MovieLens-1M,7.152268856032539
1400,113,medium,2.9723723,0.06310452,MovieLens-1M,4.736198448394496
1401,26,medium,2.6328547,0.07447013,MovieLens-1M,3.295836866004329
1402,9,low,2.3053176,0.15504624,MovieLens-1M,2.302585092994046
1403,187,medium,2.948243,0.075218506,MovieLens-1M,5.236441962829949
1404,127,medium,2.8303013,0.078083,MovieLens-1M,4.852030263919617
1405,132,medium,2.8919055,0.09875006,MovieLens-1M,4.890349128221754
1406,1840,high,4.67195,0.032671046,MovieLens-1M,7.518064181233078
1407,176,medium,3.0347712,0.050774924,MovieLens-1M,5.176149732573829
1408,178,medium,3.0065658,0.09077088,MovieLens-1M,5.187385805840755
1409,36,medium,2.5708597,0.022572635,MovieLens-1M,3.6109179126442243
1410,12,medium,3.081433,0.032920714,MovieLens-1M,2.5649493574615367
1411,16,medium,3.0564938,0.031057175,MovieLens-1M,2.833213344056216
1412,625,high,3.6523006,0.051257715,MovieLens-1M,6.439350371100098
1413,17,medium,3.3055537,0.06820716,MovieLens-1M,2.8903717578961645
1414,97,medium,2.8883336,0.12745142,MovieLens-1M,4.584967478670572
1415,31,medium,2.7265384,0.04094091,MovieLens-1M,3.4657359027997265
1416,28,medium,2.3369672,0.04546427,MovieLens-1M,3.367295829986474
1417,3,low,2.8442335,0.1655034,MovieLens-1M,1.3862943611198906
1418,157,medium,2.8303716,0.032982424,MovieLens-1M,5.062595033026967
1419,338,high,3.1696227,0.08144828,MovieLens-1M,5.82600010738045
1420,1,low,3.2258599,0.06446309,MovieLens-1M,0.6931471805599453
1421,643,high,3.4936192,0.052202627,MovieLens-1M,6.467698726104354
1422,17,medium,2.92235,0.07338,MovieLens-1M,2.8903717578961645
1423,828,high,3.7392776,0.0075467164,MovieLens-1M,6.720220155135295
1424,25,medium,2.4086692,0.035536394,MovieLens-1M,3.258096538021482
1425,187,medium,3.2152433,0.018455537,MovieLens-1M,5.236441962829949
1426,102,medium,3.3758955,0.012117223,MovieLens-1M,4.634728988229636
1427,406,high,3.438943,0.11026626,MovieLens-1M,6.008813185442595
1428,22,medium,2.4579954,0.19155875,MovieLens-1M,3.1354942159291497
1429,20,medium,2.6392686,0.081954546,MovieLens-1M,3.044522437723423
1430,108,medium,2.8752575,0.13832441,MovieLens-1M,4.6913478822291435
1431,126,medium,3.179333,0.064184524,MovieLens-1M,4.844187086458591
1432,24,medium,3.2392528,0.178165,MovieLens-1M,3.2188758248682006
1433,6,low,2.8597176,0.11604272,MovieLens-1M,1.9459101490553132
1434,1,low,3.6417916,0.19939086,MovieLens-1M,0.6931471805599453
1435,658,high,3.9298887,0.04729919,MovieLens-1M,6.490723534502507
1436,45,medium,2.7732532,0.062393457,MovieLens-1M,3.828641396489095
1437,13,medium,2.803518,0.15709233,MovieLens-1M,2.6390573296152584
1438,6,low,3.8236055,0.08968459,MovieLens-1M,1.9459101490553132
1439,10,medium,3.026208,0.14256316,MovieLens-1M,2.3978952727983707
1440,50,medium,2.6753902,0.10544146,MovieLens-1M,3.9318256327243257
1441,3,low,3.33804,0.04026188,MovieLens-1M,1.3862943611198906
1442,95,medium,2.5533707,0.022076845,MovieLens-1M,4.564348191467836
1443,31,medium,2.9650466,0.015316364,MovieLens-1M,3.4657359027997265
1444,5,low,3.151645,0.16046372,MovieLens-1M,1.791759469228055
1445,500,high,3.7155647,0.040679116,MovieLens-1M,6.2166061010848646
1446,4,low,3.4200258,0.048810087,MovieLens-1M,1.6094379124341003
1447,48,medium,2.8849003,0.22086991,MovieLens-1M,3.8918202981106265
1448,6,low,2.7448747,0.10348945,MovieLens-1M,1.9459101490553132
1449,27,medium,2.3737838,0.100355424,MovieLens-1M,3.332204510175204
1450,7,low,2.8889294,0.06316695,MovieLens-1M,2.0794415416798357
1451,19,medium,2.7111847,0.08777673,MovieLens-1M,2.995732273553991
1452,46,medium,2.5312605,0.15467545,MovieLens-1M,3.8501476017100584
1453,9,low,2.8071578,0.02435677,MovieLens-1M,2.302585092994046
1454,178,medium,2.9252512,0.04654304,MovieLens-1M,5.187385805840755
1455,721,high,3.957776,0.040093906,MovieLens-1M,6.582025138892826
1456,789,high,3.8661277,0.042929217,MovieLens-1M,6.672032945461067
1457,2,low,3.6370842,0.115808144,MovieLens-1M,1.0986122886681098
1458,476,high,3.5267003,0.029832548,MovieLens-1M,6.1675164908883415
1459,10,medium,2.2751238,0.08837951,MovieLens-1M,2.3978952727983707
1460,308,high,3.084428,0.04458141,MovieLens-1M,5.733341276897746
1461,1,low,3.4524224,0.16220142,MovieLens-1M,0.6931471805599453
1462,311,high,3.2347782,0.05119081,MovieLens-1M,5.7430031878094825
1463,11,medium,3.6688404,0.036132272,MovieLens-1M,2.4849066497880004
1464,675,high,3.6163538,0.07526952,MovieLens-1M,6.516193076042964
1465,142,medium,3.0779107,0.035290223,MovieLens-1M,4.962844630259907
1466,35,medium,3.1577375,0.11776787,MovieLens-1M,3.58351893845611
1467,4,low,3.1100113,0.14572859,MovieLens-1M,1.6094379124341003
1468,39,medium,2.5882924,0.048154555,MovieLens-1M,3.6888794541139363
1469,109,medium,3.0278149,0.019958349,MovieLens-1M,4.700480365792417
1470,160,medium,3.2774136,0.08195884,MovieLens-1M,5.081404364984463
1471,91,medium,2.6733634,0.0462254,MovieLens-1M,4.5217885770490405
1472,251,high,3.2732303,0.046255898,MovieLens-1M,5.529429087511423
1473,5,low,2.8909843,0.097585484,MovieLens-1M,1.791759469228055
1474,218,medium,3.179743,0.024172235,MovieLens-1M,5.389071729816501
1475,293,high,3.0134518,0.02355896,MovieLens-1M,5.683579767338681
1476,20,medium,2.7403362,0.058835592,MovieLens-1M,3.044522437723423
1477,17,medium,2.6344411,0.02524286,MovieLens-1M,2.8903717578961645
1478,86,medium,2.8433383,0.054665472,MovieLens-1M,4.465908118654584
1479,140,medium,2.8752003,0.031862725,MovieLens-1M,4.948759890378168
1480,57,medium,3.1184206,0.044685185,MovieLens-1M,4.060443010546419
1481,19,medium,3.0835087,0.020202573,MovieLens-1M,2.995732273553991
1482,1234,high,4.2798457,0.017498184,MovieLens-1M,7.118826249062078
1483,19,medium,3.1501167,0.060731653,MovieLens-1M,2.995732273553991
1484,271,high,3.078682,0.097413465,MovieLens-1M,5.605802066295998
1485,81,medium,2.6503801,0.028084416,MovieLens-1M,4.406719247264253
1486,6,low,2.6209862,0.03859778,MovieLens-1M,1.9459101490553132
1487,155,medium,3.3298922,0.04948523,MovieLens-1M,5.049856007249537
1488,1,low,3.565096,0.054655816,MovieLens-1M,0.6931471805599453
1489,274,high,3.2300017,0.013721855,MovieLens-1M,5.616771097666572
1490,875,high,3.9765282,0.066022284,MovieLens-1M,6.775366090936392
1491,426,high,3.6017835,0.040674537,MovieLens-1M,6.056784013228625
1492,15,medium,2.7308636,0.043652575,MovieLens-1M,2.772588722239781
1493,45,medium,2.7571497,0.08310883,MovieLens-1M,3.828641396489095
1494,89,medium,2.9509628,0.11581241,MovieLens-1M,4.499809670330265
1495,9,low,3.1142452,0.14032781,MovieLens-1M,2.302585092994046
1496,450,high,3.365036,0.043113917,MovieLens-1M,6.111467339502679
1497,116,medium,2.723981,0.10994971,MovieLens-1M,4.762173934797756
1498,6,low,3.3136322,0.15505819,MovieLens-1M,1.9459101490553132
1499,669,high,3.8329914,0.021886757,MovieLens-1M,6.507277712385012
1500,24,medium,2.9039605,0.049132567,MovieLens-1M,3.2188758248682006
1501,140,medium,3.0884902,0.11769983,MovieLens-1M,4.948759890378168
1502,98,medium,2.7777653,0.0810182,MovieLens-1M,4.59511985013459
1503,3,low,3.493393,0.0068361307,MovieLens-1M,1.3862943611198906
1504,3,low,3.219858,0.16942765,MovieLens-1M,1.3862943611198906
1505,7,low,2.9795816,0.036380026,MovieLens-1M,2.0794415416798357
1506,19,medium,3.217696,0.12519225,MovieLens-1M,2.995732273553991
1507,15,medium,3.1762362,0.03434925,MovieLens-1M,2.772588722239781
1508,466,high,3.3909035,0.034683734,MovieLens-1M,6.1463292576688975
1509,561,high,3.8644135,0.020935686,MovieLens-1M,6.331501849893691
1510,5,low,2.197449,0.2983822,MovieLens-1M,1.791759469228055
1511,10,medium,2.7599678,0.025563147,MovieLens-1M,2.3978952727983707
1512,37,medium,2.9541566,0.03072644,MovieLens-1M,3.6375861597263857
1513,84,medium,3.3586428,0.091316506,MovieLens-1M,4.442651256490317
1514,177,medium,3.00241,0.039551664,MovieLens-1M,5.181783550292085
1515,18,medium,2.4021144,0.07111734,MovieLens-1M,2.9444389791664403
1516,12,medium,2.6419022,0.23913096,MovieLens-1M,2.5649493574615367
1517,56,medium,2.4108658,0.07189691,MovieLens-1M,4.04305126783455
1518,41,medium,2.6320632,0.099027276,MovieLens-1M,3.7376696182833684
1519,12,medium,3.2389915,0.061374,MovieLens-1M,2.5649493574615367
1520,55,medium,2.9715757,0.037316296,MovieLens-1M,4.02535169073515
1521,8,low,2.958231,0.0568074,MovieLens-1M,2.1972245773362196
1522,116,medium,2.899231,0.1324901,MovieLens-1M,4.762173934797756
1523,10,medium,2.9401512,0.09387374,MovieLens-1M,2.3978952727983707
1524,11,medium,3.2000713,0.061586354,MovieLens-1M,2.4849066497880004
1525,40,medium,2.8214123,0.02170233,MovieLens-1M,3.713572066704308
1526,1,low,3.3438127,0.1383481,MovieLens-1M,0.6931471805599453
1527,484,high,3.5543823,0.053107686,MovieLens-1M,6.184148890937483
1528,112,medium,2.9764662,0.11044039,MovieLens-1M,4.727387818712341
1529,4,low,3.2309186,0.17438693,MovieLens-1M,1.6094379124341003
1530,1,low,3.343029,0.05251038,MovieLens-1M,0.6931471805599453
1531,74,medium,2.8382046,0.11031328,MovieLens-1M,4.31748811353631
1532,1026,high,4.032376,0.0565501,MovieLens-1M,6.934397209928558
1533,84,medium,3.0364456,0.021050397,MovieLens-1M,4.442651256490317
1535,64,medium,2.794822,0.0063590244,MovieLens-1M,4.174387269895637
1536,16,medium,2.148456,0.13929349,MovieLens-1M,2.833213344056216
1537,165,medium,3.3110898,0.044985127,MovieLens-1M,5.111987788356544
1538,4,low,2.5929148,0.2040959,MovieLens-1M,1.6094379124341003
1539,80,medium,2.8115273,0.07755836,MovieLens-1M,4.394449154672439
1540,2,low,3.1242445,0.088793434,MovieLens-1M,1.0986122886681098
1541,2,low,3.5235207,0.18387704,MovieLens-1M,1.0986122886681098
1542,127,medium,2.8455296,0.12976591,MovieLens-1M,4.852030263919617
1543,10,medium,2.856233,0.068133235,MovieLens-1M,2.3978952727983707
1544,103,medium,2.8891363,0.09606905,MovieLens-1M,4.6443908991413725
1545,140,medium,2.8466423,0.07540058,MovieLens-1M,4.948759890378168
1546,35,medium,2.3130856,0.13465558,MovieLens-1M,3.58351893845611
1547,315,high,3.1131847,0.042747352,MovieLens-1M,5.755742213586912
1548,56,medium,2.6128898,0.037366323,MovieLens-1M,4.04305126783455
1549,7,low,2.8588483,0.12749296,MovieLens-1M,2.0794415416798357
1550,25,medium,3.147999,0.050232586,MovieLens-1M,3.258096538021482
1551,191,medium,2.8874261,0.049477812,MovieLens-1M,5.2574953720277815
1552,10,medium,3.140311,0.02207249,MovieLens-1M,2.3978952727983707
1553,19,medium,2.6089735,0.06961861,MovieLens-1M,2.995732273553991
1554,10,medium,2.8559911,0.17217599,MovieLens-1M,2.3978952727983707
1555,35,medium,2.311333,0.08548651,MovieLens-1M,3.58351893845611
1556,3,low,3.2711189,0.08308433,MovieLens-1M,1.3862943611198906
1557,80,medium,2.9481804,0.11607573,MovieLens-1M,4.394449154672439
1558,2,low,3.3086472,0.112539135,MovieLens-1M,1.0986122886681098
1559,45,medium,2.8551996,0.10552995,MovieLens-1M,3.828641396489095
1560,6,low,2.7995958,0.21743906,MovieLens-1M,1.9459101490553132
1561,1,low,3.7821856,0.13251169,MovieLens-1M,0.6931471805599453
1562,74,medium,2.8533993,0.0947874,MovieLens-1M,4.31748811353631
1563,11,medium,2.447697,0.13537359,MovieLens-1M,2.4849066497880004
1564,1,low,3.6424444,0.016562954,MovieLens-1M,0.6931471805599453
1565,139,medium,3.233494,0.06037625,MovieLens-1M,4.941642422609304
1566,1,low,3.6165514,0.025103536,MovieLens-1M,0.6931471805599453
1567,79,medium,2.9993172,0.08770393,MovieLens-1M,4.382026634673881
1568,356,high,3.1617453,0.048952155,MovieLens-1M,5.877735781779639
1569,164,medium,2.916379,0.039995357,MovieLens-1M,5.10594547390058
1570,68,medium,2.7069118,0.013169372,MovieLens-1M,4.23410650459726
1571,16,medium,3.0058393,0.13500892,MovieLens-1M,2.833213344056216
1572,5,low,3.093253,0.20701008,MovieLens-1M,1.791759469228055
1573,75,medium,2.4539218,0.038345035,MovieLens-1M,4.330733340286331
1574,25,medium,2.7022982,0.03872845,MovieLens-1M,3.258096538021482
1575,2,low,3.7184956,0.14251529,MovieLens-1M,1.0986122886681098
1576,20,medium,2.9694624,0.019420724,MovieLens-1M,3.044522437723423
1577,188,medium,3.09762,0.035175547,MovieLens-1M,5.241747015059643
1578,8,low,3.0167973,0.036409587,MovieLens-1M,2.1972245773362196
1579,62,medium,2.616433,0.04999126,MovieLens-1M,4.143134726391533
1580,1,low,3.0855567,0.038585026,MovieLens-1M,0.6931471805599453
1581,4,low,2.835556,0.2168377,MovieLens-1M,1.6094379124341003
1582,2,low,3.0758564,0.15292507,MovieLens-1M,1.0986122886681098
1583,1,low,3.2462294,0.16142453,MovieLens-1M,0.6931471805599453
1584,10,medium,3.2290332,0.09135654,MovieLens-1M,2.3978952727983707
1585,21,medium,2.9587748,0.04298523,MovieLens-1M,3.091042453358316
1586,27,medium,2.931999,0.1675209,MovieLens-1M,3.332204510175204
1587,7,low,2.946367,0.14390169,MovieLens-1M,2.0794415416798357
1588,78,medium,2.9025118,0.07084749,MovieLens-1M,4.3694478524670215
1589,18,medium,3.21296,0.079709664,MovieLens-1M,2.9444389791664403
1590,31,medium,2.8631394,0.02624084,MovieLens-1M,3.4657359027997265
1591,1,low,3.8707507,0.115728445,MovieLens-1M,0.6931471805599453
1592,17,medium,2.9964247,0.03740629,MovieLens-1M,2.8903717578961645
1593,19,medium,3.3266792,0.07205009,MovieLens-1M,2.995732273553991
1594,3,low,2.8020766,0.027543955,MovieLens-1M,1.3862943611198906
1595,31,medium,2.8180542,0.13778174,MovieLens-1M,3.4657359027997265
1596,78,medium,2.6329432,0.07929638,MovieLens-1M,4.3694478524670215
1597,6,low,2.9046078,0.077359445,MovieLens-1M,1.9459101490553132
1598,6,low,3.5013638,0.084745914,MovieLens-1M,1.9459101490553132
1599,40,medium,2.5482073,0.086322926,MovieLens-1M,3.713572066704308
1600,3,low,3.4956503,0.017624123,MovieLens-1M,1.3862943611198906
1601,4,low,3.153901,0.083722055,MovieLens-1M,1.6094379124341003
1602,162,medium,3.1132143,0.013011218,MovieLens-1M,5.093750200806762
1603,12,medium,3.2164905,0.09932656,MovieLens-1M,2.5649493574615367
1604,74,medium,2.962045,0.06615444,MovieLens-1M,4.31748811353631
1605,355,high,3.3991718,0.049532387,MovieLens-1M,5.87493073085203
1606,1,low,3.5701027,0.013145525,MovieLens-1M,0.6931471805599453
1607,1,low,3.511843,0.050816115,MovieLens-1M,0.6931471805599453
1608,14,medium,3.1880028,0.018992549,MovieLens-1M,2.70805020110221
1609,12,medium,2.53967,0.12969439,MovieLens-1M,2.5649493574615367
1610,16,medium,3.3652306,0.1571449,MovieLens-1M,2.833213344056216
1611,79,medium,3.1000853,0.034568246,MovieLens-1M,4.382026634673881
1612,345,high,3.2055635,0.035759546,MovieLens-1M,5.846438775057725
1613,152,medium,3.103349,0.058978315,MovieLens-1M,5.030437921392435
1614,385,high,3.2555792,0.06768105,MovieLens-1M,5.955837369464831
1615,1,low,3.7815425,0.09859964,MovieLens-1M,0.6931471805599453
1616,13,medium,3.4011648,0.20903681,MovieLens-1M,2.6390573296152584
1617,123,medium,3.117777,0.025009187,MovieLens-1M,4.820281565605037
1618,36,medium,2.5991142,0.045045793,MovieLens-1M,3.6109179126442243
1619,1,low,3.6928785,0.1387782,MovieLens-1M,0.6931471805599453
1620,1,low,3.9177065,0.23872572,MovieLens-1M,0.6931471805599453
1621,176,medium,3.3096964,0.17955165,MovieLens-1M,5.176149732573829
1622,14,medium,3.0288188,0.035060737,MovieLens-1M,2.70805020110221
1623,126,medium,2.8951142,0.025711052,MovieLens-1M,4.844187086458591
1624,124,medium,2.9801724,0.030832093,MovieLens-1M,4.8283137373023015
1625,13,medium,2.6442282,0.08911429,MovieLens-1M,2.6390573296152584
1626,73,medium,2.7265189,0.04888798,MovieLens-1M,4.30406509320417
1627,9,low,2.7957153,0.08880511,MovieLens-1M,2.302585092994046
1628,5,low,3.2747495,0.062414177,MovieLens-1M,1.791759469228055
1629,46,medium,3.0914218,0.06564123,MovieLens-1M,3.8501476017100584
1630,3,low,3.5272932,0.08416613,MovieLens-1M,1.3862943611198906
1631,12,medium,3.3015223,0.11852704,MovieLens-1M,2.5649493574615367
1632,2,low,3.636345,0.09860014,MovieLens-1M,1.0986122886681098
1633,59,medium,3.032306,0.09611609,MovieLens-1M,4.0943445622221
1634,11,medium,2.644346,0.0754382,MovieLens-1M,2.4849066497880004
1635,314,high,3.713259,0.047164124,MovieLens-1M,5.752572638825633
1636,500,high,3.5130136,0.055832237,MovieLens-1M,6.2166061010848646
1637,27,medium,2.3246086,0.08908551,MovieLens-1M,3.332204510175204
1638,156,medium,3.4062195,0.09789112,MovieLens-1M,5.056245805348308
1639,579,high,3.7462742,0.048305925,MovieLens-1M,6.363028103540465
1640,114,medium,2.743618,0.13881105,MovieLens-1M,4.74493212836325
1641,246,high,2.9582195,0.042789835,MovieLens-1M,5.5093883366279774
1642,1,low,3.5691166,0.10872652,MovieLens-1M,0.6931471805599453
1643,203,medium,3.065564,0.04665034,MovieLens-1M,5.318119993844216
1644,482,high,3.6732876,0.044744834,MovieLens-1M,6.180016653652572
1645,267,high,3.4232073,0.029207686,MovieLens-1M,5.5909869805108565
1646,46,medium,2.7376869,0.11069901,MovieLens-1M,3.8501476017100584
1647,94,medium,2.8042471,0.028260732,MovieLens-1M,4.553876891600541
1648,400,high,3.4515312,0.07165887,MovieLens-1M,5.993961427306569
1649,25,medium,2.5627298,0.32456553,MovieLens-1M,3.258096538021482
1650,961,high,4.0007052,0.06337869,MovieLens-1M,6.8690144506657065
1651,79,medium,2.8073452,0.023733092,MovieLens-1M,4.382026634673881
1652,31,medium,2.7545264,0.099047884,MovieLens-1M,3.4657359027997265
1653,13,medium,3.130739,0.13757071,MovieLens-1M,2.6390573296152584
1654,212,medium,3.2125862,0.1190821,MovieLens-1M,5.3612921657094255
1655,13,medium,2.774855,0.089420326,MovieLens-1M,2.6390573296152584
1656,54,medium,2.7947617,0.033585396,MovieLens-1M,4.007333185232471
1657,3,low,3.0587256,0.024795204,MovieLens-1M,1.3862943611198906
1658,175,medium,3.0182266,0.10195452,MovieLens-1M,5.170483995038151
1659,18,medium,2.8771856,0.21917653,MovieLens-1M,2.9444389791664403
1660,10,medium,2.8671234,0.020946365,MovieLens-1M,2.3978952727983707
1661,62,medium,2.8480499,0.058801282,MovieLens-1M,4.143134726391533
1662,85,medium,3.1005335,0.08016639,MovieLens-1M,4.454347296253507
1663,58,medium,2.880413,0.12481339,MovieLens-1M,4.07753744390572
1664,42,medium,2.9080374,0.11088977,MovieLens-1M,3.7612001156935624
1665,86,medium,3.1989715,0.10532793,MovieLens-1M,4.465908118654584
1666,176,medium,3.122776,0.020212768,MovieLens-1M,5.176149732573829
1667,68,medium,2.7670486,0.07786162,MovieLens-1M,4.23410650459726
1668,72,medium,2.7879982,0.114887066,MovieLens-1M,4.290459441148391
1669,92,medium,2.848026,0.041167326,MovieLens-1M,4.532599493153256
1670,27,medium,2.2351732,0.244191,MovieLens-1M,3.332204510175204
1671,277,high,3.3751066,0.045489077,MovieLens-1M,5.627621113690637
1672,424,high,3.437809,0.042633083,MovieLens-1M,6.052089168924417
1673,155,medium,2.8937244,0.08314884,MovieLens-1M,5.049856007249537
1674,564,high,3.7346277,0.023455286,MovieLens-1M,6.336825731146441
1675,131,medium,2.9402964,0.06849549,MovieLens-1M,4.882801922586371
1676,180,medium,3.169278,0.06501686,MovieLens-1M,5.198497031265826
1677,280,high,3.171729,0.08014369,MovieLens-1M,5.638354669333745
1678,129,medium,2.9205158,0.050558694,MovieLens-1M,4.867534450455582
1679,503,high,3.6401227,0.10503675,MovieLens-1M,6.222576268071369
1680,672,high,3.828949,0.045019854,MovieLens-1M,6.511745329644728
1681,788,high,3.7914953,0.06532697,MovieLens-1M,6.670766320845874
1682,290,high,3.0914707,0.072028935,MovieLens-1M,5.673323267171493
1683,363,high,3.2905467,0.07383317,MovieLens-1M,5.8971538676367405
1684,411,high,3.5415595,0.081338435,MovieLens-1M,6.021023349349527
1685,289,high,3.2262104,0.032540068,MovieLens-1M,5.66988092298052
1686,365,high,3.9941828,0.03517517,MovieLens-1M,5.902633333401366
1687,463,high,3.290305,0.01972163,MovieLens-1M,6.139884552226255
1688,1015,high,4.009689,0.03897626,MovieLens-1M,6.923628628138427
1689,440,high,3.4872992,0.036250044,MovieLens-1M,6.089044875446846
1690,191,medium,3.0561383,0.068132766,MovieLens-1M,5.2574953720277815
1691,204,medium,3.4369996,0.028131548,MovieLens-1M,5.3230099791384085
1692,448,high,3.8409758,0.026644321,MovieLens-1M,6.1070228877422545
1693,113,medium,2.9437993,0.009412526,MovieLens-1M,4.736198448394496
1694,311,high,3.5972357,0.07941502,MovieLens-1M,5.7430031878094825
1695,1059,high,4.0598235,0.08631555,MovieLens-1M,6.966024187106113
1696,46,medium,3.266297,0.104227655,MovieLens-1M,3.8501476017100584
1697,71,medium,3.414903,0.049493242,MovieLens-1M,4.276666119016055
1698,28,medium,3.0161228,0.0873564,MovieLens-1M,3.367295829986474
1699,17,medium,3.3165128,0.04192558,MovieLens-1M,2.8903717578961645
1700,25,medium,3.1025562,0.007125918,MovieLens-1M,3.258096538021482
1701,105,medium,3.4999151,0.064420536,MovieLens-1M,4.663439094112067
1702,29,medium,3.5285008,0.103254,MovieLens-1M,3.4011973816621555
1703,19,medium,3.4162743,0.09926264,MovieLens-1M,2.995732273553991
1704,26,medium,3.3662395,0.043615196,MovieLens-1M,3.295836866004329
1705,15,medium,3.6580417,0.08928025,MovieLens-1M,2.772588722239781
1706,16,medium,3.6685247,0.09525352,MovieLens-1M,2.833213344056216
1707,15,medium,3.872453,0.07102343,MovieLens-1M,2.772588722239781
1708,10,medium,3.9227378,0.081380114,MovieLens-1M,2.3978952727983707
1709,317,high,3.8752232,0.045366026,MovieLens-1M,5.762051382780177
1710,48,medium,3.342592,0.04475476,MovieLens-1M,3.8918202981106265
1711,15,medium,3.2470438,0.1343236,MovieLens-1M,2.772588722239781
1712,30,medium,3.2550957,0.061733775,MovieLens-1M,3.4339872044851463
1713,15,medium,3.6699946,0.049492292,MovieLens-1M,2.772588722239781
1714,10,medium,3.4125583,0.044951253,MovieLens-1M,2.3978952727983707
1715,5,low,2.9787807,0.055238653,MovieLens-1M,1.791759469228055
1716,2,low,3.387431,0.045239296,MovieLens-1M,1.0986122886681098
1717,59,medium,3.2834194,0.022179233,MovieLens-1M,4.0943445622221
1718,15,medium,3.4847944,0.090082295,MovieLens-1M,2.772588722239781
1719,8,low,3.9019597,0.06274903,MovieLens-1M,2.1972245773362196
1720,476,high,3.7606056,0.056934353,MovieLens-1M,6.1675164908883415
1721,24,medium,2.7556741,0.21658891,MovieLens-1M,3.2188758248682006
1722,9,low,3.3191922,0.11054691,MovieLens-1M,2.302585092994046
1723,625,high,4.047124,0.073205076,MovieLens-1M,6.439350371100098
1724,7,low,2.9484274,0.06365629,MovieLens-1M,2.0794415416798357
1725,33,medium,2.9025288,0.077897415,MovieLens-1M,3.5263605246161616
1726,1143,high,4.275095,0.046109118,MovieLens-1M,7.042286171939743
1727,562,high,3.6001663,0.053763073,MovieLens-1M,6.333279628139691
1728,323,high,3.4830883,0.03106353,MovieLens-1M,5.780743515792329
1729,313,high,3.4460895,0.0393793,MovieLens-1M,5.749392985908253
1730,75,medium,2.9297607,0.107682765,MovieLens-1M,4.330733340286331
1731,378,high,3.4575539,0.03829511,MovieLens-1M,5.937536205082426
1732,541,high,3.6134899,0.06471123,MovieLens-1M,6.295266001439646
1733,9,low,2.420375,0.07478993,MovieLens-1M,2.302585092994046
1734,3,low,3.4294255,0.24068035,MovieLens-1M,1.3862943611198906
1735,215,medium,3.2880332,0.046958964,MovieLens-1M,5.375278407684165
1736,288,high,3.4415398,0.09859442,MovieLens-1M,5.666426688112432
1737,524,high,3.6002605,0.05080158,MovieLens-1M,6.263398262591624
1738,446,high,3.5022914,0.04646223,MovieLens-1M,6.102558594613569
1739,305,high,3.713807,0.07757851,MovieLens-1M,5.723585101952381
1740,66,medium,2.924422,0.10323635,MovieLens-1M,4.204692619390966
1741,186,medium,3.123,0.07543942,MovieLens-1M,5.231108616854587
1742,21,medium,2.6184204,0.096573204,MovieLens-1M,3.091042453358316
1743,41,medium,2.7134488,0.094196565,MovieLens-1M,3.7376696182833684
1744,356,high,3.5481236,0.041164543,MovieLens-1M,5.877735781779639
1745,559,high,3.8632298,0.041336417,MovieLens-1M,6.327936783729195
1746,563,high,3.5714157,0.07420105,MovieLens-1M,6.335054251498059
1747,375,high,3.7850215,0.044097044,MovieLens-1M,5.929589143389895
1748,144,medium,2.581661,0.102285974,MovieLens-1M,4.976733742420574
1749,352,high,3.2283497,0.008629052,MovieLens-1M,5.8664680569332965
1750,64,medium,2.3183584,0.12654081,MovieLens-1M,4.174387269895637
1751,91,medium,2.616834,0.10632771,MovieLens-1M,4.5217885770490405
1752,31,medium,3.1306832,0.05603718,MovieLens-1M,3.4657359027997265
1753,21,medium,2.6402025,0.12410795,MovieLens-1M,3.091042453358316
1754,2229,high,4.9524045,0.019574504,MovieLens-1M,7.709756864454165
1755,49,medium,3.192928,0.09622211,MovieLens-1M,3.912023005428146
1756,11,medium,2.37545,0.029876411,MovieLens-1M,2.4849066497880004
1757,10,medium,2.6205423,0.028512107,MovieLens-1M,2.3978952727983707
1758,76,medium,2.987354,0.09101049,MovieLens-1M,4.343805421853684
1759,68,medium,2.648834,0.009007023,MovieLens-1M,4.23410650459726
1760,19,medium,2.765506,0.21103267,MovieLens-1M,2.995732273553991
1761,11,medium,3.0467718,0.10203624,MovieLens-1M,2.4849066497880004
1762,29,medium,2.8096678,0.25819516,MovieLens-1M,3.4011973816621555
1763,50,medium,3.1713533,0.05136317,MovieLens-1M,3.9318256327243257
1764,39,medium,2.6520202,0.105117396,MovieLens-1M,3.6888794541139363
1765,30,medium,2.6434062,0.31743228,MovieLens-1M,3.4339872044851463
1766,40,medium,2.9156764,0.05890434,MovieLens-1M,3.713572066704308
1767,63,medium,2.7134914,0.15541576,MovieLens-1M,4.1588830833596715
1768,6,low,2.4227555,0.083625026,MovieLens-1M,1.9459101490553132
1769,26,medium,2.3594787,0.025384583,MovieLens-1M,3.295836866004329
1770,266,high,3.4137251,0.07023164,MovieLens-1M,5.58724865840025
1771,7,low,3.0961428,0.056138504,MovieLens-1M,2.0794415416798357
1772,66,medium,2.7680194,0.03297673,MovieLens-1M,4.204692619390966
1773,17,medium,2.8754795,0.19931173,MovieLens-1M,2.8903717578961645
1774,23,medium,2.9795315,0.050812796,MovieLens-1M,3.1780538303479458
1775,18,medium,2.785313,0.16637765,MovieLens-1M,2.9444389791664403
1776,60,medium,3.035869,0.08093878,MovieLens-1M,4.110873864173311
1777,42,medium,3.2430725,0.038724363,MovieLens-1M,3.7612001156935624
1778,264,high,3.1555936,0.027824685,MovieLens-1M,5.579729825986222
1779,7,low,2.9077652,0.123976715,MovieLens-1M,2.0794415416798357
1780,10,medium,2.771427,0.053556733,MovieLens-1M,2.3978952727983707
1781,42,medium,2.3479187,0.09610298,MovieLens-1M,3.7612001156935624
1782,456,high,3.3850327,0.07113763,MovieLens-1M,6.124683390894205
1783,122,medium,2.9735897,0.05028733,MovieLens-1M,4.812184355372417
1784,60,medium,2.7087657,0.056830984,MovieLens-1M,4.110873864173311
1785,3,low,3.1127841,0.117328964,MovieLens-1M,1.3862943611198906
1786,27,medium,2.8254998,0.0703685,MovieLens-1M,3.332204510175204
1787,2,low,3.6874132,0.18594186,MovieLens-1M,1.0986122886681098
1788,616,high,3.5763314,0.07560417,MovieLens-1M,6.424869023905388
1789,265,high,2.9854488,0.053382676,MovieLens-1M,5.583496308781699
1790,81,medium,3.4863904,0.14587611,MovieLens-1M,4.406719247264253
1791,411,high,3.425542,0.0535075,MovieLens-1M,6.021023349349527
1792,86,medium,3.1618166,0.18567304,MovieLens-1M,4.465908118654584
1793,85,medium,3.0519888,0.043038134,MovieLens-1M,4.454347296253507
1794,175,medium,3.5023155,0.11368799,MovieLens-1M,5.170483995038151
1795,117,medium,2.645633,0.051320765,MovieLens-1M,4.770684624465665
1796,88,medium,2.6584246,0.09943885,MovieLens-1M,4.48863636973214
1797,39,medium,2.694157,0.04088369,MovieLens-1M,3.6888794541139363
1798,11,medium,2.616598,0.10609995,MovieLens-1M,2.4849066497880004
1799,48,medium,2.7322693,0.06299309,MovieLens-1M,3.8918202981106265
1800,422,high,3.471905,0.052740168,MovieLens-1M,6.0473721790462776
1801,82,medium,2.478453,0.025073938,MovieLens-1M,4.418840607796598
1802,439,high,3.6313202,0.05667747,MovieLens-1M,6.0867747269123065
1803,8,low,3.0369453,0.029277883,MovieLens-1M,2.1972245773362196
1804,576,high,3.7746894,0.013214594,MovieLens-1M,6.3578422665081
1805,646,high,3.9015834,0.03175024,MovieLens-1M,6.472346294500901
1806,99,medium,2.92291,0.08402065,MovieLens-1M,4.605170185988092
1807,147,medium,2.9767377,0.0073392377,MovieLens-1M,4.997212273764115
1808,34,medium,2.784788,0.058397293,MovieLens-1M,3.5553480614894135
1809,324,high,3.8154838,0.1174227,MovieLens-1M,5.783825182329737
1810,16,medium,2.568406,0.16402368,MovieLens-1M,2.833213344056216
1811,364,high,3.7622178,0.0155544365,MovieLens-1M,5.8998973535824915
1812,87,medium,2.5862405,0.09857412,MovieLens-1M,4.477336814478207
1813,91,medium,3.2144423,0.014937316,MovieLens-1M,4.5217885770490405
1814,129,medium,3.126502,0.122547,MovieLens-1M,4.867534450455582
1815,60,medium,2.96292,0.025515746,MovieLens-1M,4.110873864173311
1816,18,medium,2.9043467,0.11445647,MovieLens-1M,2.9444389791664403
1817,79,medium,2.9192333,0.12700307,MovieLens-1M,4.382026634673881
1818,256,high,3.0901127,0.019993406,MovieLens-1M,5.54907608489522
1819,32,medium,2.6464336,0.026109705,MovieLens-1M,3.4965075614664802
1820,308,high,3.89155,0.06416139,MovieLens-1M,5.733341276897746
1821,107,medium,2.8347852,0.07521834,MovieLens-1M,4.68213122712422
1822,28,medium,2.8228285,0.14034964,MovieLens-1M,3.367295829986474
1823,135,medium,3.0724323,0.05311327,MovieLens-1M,4.912654885736052
1824,541,high,3.500178,0.06807426,MovieLens-1M,6.295266001439646
1825,9,low,2.8261917,0.1506026,MovieLens-1M,2.302585092994046
1826,90,medium,2.8538046,0.022219589,MovieLens-1M,4.51085950651685
1827,15,medium,3.2610705,0.059893586,MovieLens-1M,2.772588722239781
1828,21,medium,2.733836,0.100117475,MovieLens-1M,3.091042453358316
1829,428,high,3.70212,0.026391368,MovieLens-1M,6.061456918928017
1830,79,medium,2.6806586,0.04610966,MovieLens-1M,4.382026634673881
1831,49,medium,3.3521016,0.06694711,MovieLens-1M,3.912023005428146
1832,505,high,3.4252956,0.053420227,MovieLens-1M,6.226536669287466
1833,365,high,3.271946,0.05584794,MovieLens-1M,5.902633333401366
1834,148,medium,2.6501374,0.043797478,MovieLens-1M,5.003946305945459
1835,126,medium,2.6727893,0.07699409,MovieLens-1M,4.844187086458591
1836,182,medium,2.7419713,0.020198356,MovieLens-1M,5.209486152841421
1837,10,medium,3.074772,0.07800744,MovieLens-1M,2.3978952727983707
1838,153,medium,2.9366891,0.059953324,MovieLens-1M,5.0369526024136295
1839,658,high,3.5766792,0.062561624,MovieLens-1M,6.490723534502507
1840,203,medium,3.1705396,0.04538909,MovieLens-1M,5.318119993844216
1841,175,medium,3.2412043,0.09177837,MovieLens-1M,5.170483995038151
1842,218,medium,3.16444,0.03145645,MovieLens-1M,5.389071729816501
1843,19,medium,2.9812138,0.065097764,MovieLens-1M,2.995732273553991
1844,69,medium,2.8092449,0.054710552,MovieLens-1M,4.248495242049359
1845,56,medium,2.8541138,0.021391623,MovieLens-1M,4.04305126783455
1846,48,medium,3.05954,0.058266696,MovieLens-1M,3.8918202981106265
1847,58,medium,3.0580509,0.086066365,MovieLens-1M,4.07753744390572
1848,262,high,3.2404947,0.041363027,MovieLens-1M,5.572154032177765
1849,257,high,3.3447516,0.04869399,MovieLens-1M,5.552959584921617
1850,110,medium,2.7783165,0.05324724,MovieLens-1M,4.709530201312334
1851,2,low,3.8970025,0.08570167,MovieLens-1M,1.0986122886681098
1852,12,medium,2.6202762,0.01616171,MovieLens-1M,2.5649493574615367
1853,6,low,3.5334158,0.079172865,MovieLens-1M,1.9459101490553132
1854,202,medium,3.4010947,0.04623972,MovieLens-1M,5.313205979041787
1855,17,medium,2.761123,0.14141971,MovieLens-1M,2.8903717578961645
1856,224,medium,3.1421664,0.05392742,MovieLens-1M,5.41610040220442
1857,220,medium,3.0559406,0.039912425,MovieLens-1M,5.3981627015177525
1858,241,high,3.4463253,0.06360471,MovieLens-1M,5.488937726156687
1859,87,medium,2.6630814,0.059087902,MovieLens-1M,4.477336814478207
1860,76,medium,2.3506043,0.05812724,MovieLens-1M,4.343805421853684
1861,331,high,3.4888191,0.05245177,MovieLens-1M,5.805134968916488
1862,198,medium,2.8678071,0.09989927,MovieLens-1M,5.293304824724492
1863,243,high,3.49731,0.013257686,MovieLens-1M,5.497168225293202
1864,405,high,3.8603418,0.034197174,MovieLens-1M,6.0063531596017325
1865,194,medium,3.1579828,0.04367101,MovieLens-1M,5.272999558563747
1866,49,medium,2.7763188,0.12963778,MovieLens-1M,3.912023005428146
1867,151,medium,3.2133331,0.07541795,MovieLens-1M,5.0238805208462765
1868,431,high,3.4932377,0.033472054,MovieLens-1M,6.068425588244111
1869,309,high,3.3335922,0.046518296,MovieLens-1M,5.736572297479192
1870,115,medium,3.1523697,0.038117558,MovieLens-1M,4.7535901911063645
1871,37,medium,3.4000843,0.19347893,MovieLens-1M,3.6375861597263857
1872,47,medium,2.6619549,0.039258163,MovieLens-1M,3.871201010907891
1873,12,medium,3.4872353,0.09386804,MovieLens-1M,2.5649493574615367
1874,438,high,3.362466,0.060789533,MovieLens-1M,6.0844994130751715
1875,51,medium,2.5986688,0.13431008,MovieLens-1M,3.9512437185814275
1876,10,medium,3.477026,0.1941175,MovieLens-1M,2.3978952727983707
1877,23,medium,2.499915,0.23229818,MovieLens-1M,3.1780538303479458
1878,32,medium,2.8872392,0.141916,MovieLens-1M,3.4965075614664802
1879,122,medium,2.6601565,0.09334117,MovieLens-1M,4.812184355372417
1880,6,low,3.104316,0.039744172,MovieLens-1M,1.9459101490553132
1881,9,low,2.766065,0.14600517,MovieLens-1M,2.302585092994046
1882,6,low,3.3520386,0.1823774,MovieLens-1M,1.9459101490553132
1883,120,medium,3.1296883,0.06763864,MovieLens-1M,4.795790545596741
1884,480,high,4.2759476,0.08175677,MovieLens-1M,6.175867270105761
1885,395,high,3.6815221,0.07006976,MovieLens-1M,5.981414211254481
1886,29,medium,2.859802,0.053341314,MovieLens-1M,3.4011973816621555
1887,52,medium,2.4673607,0.1293742,MovieLens-1M,3.970291913552122
1888,2,low,3.575799,0.07616249,MovieLens-1M,1.0986122886681098
1889,49,medium,2.6061735,0.19456832,MovieLens-1M,3.912023005428146
1890,75,medium,2.5477464,0.031917397,MovieLens-1M,4.330733340286331
1891,425,high,3.5105183,0.034433838,MovieLens-1M,6.054439346269371
1892,25,medium,2.6013303,0.062806465,MovieLens-1M,3.258096538021482
1893,31,medium,2.9458597,0.06455456,MovieLens-1M,3.4657359027997265
1894,29,medium,2.8922844,0.07684061,MovieLens-1M,3.4011973816621555
1895,127,medium,3.008838,0.08879924,MovieLens-1M,4.852030263919617
1896,1,low,3.560385,0.12065232,MovieLens-1M,0.6931471805599453
1897,58,medium,2.9858468,0.17067057,MovieLens-1M,4.07753744390572
1898,835,high,3.7569408,0.043858346,MovieLens-1M,6.728628613084702
1899,12,medium,3.2051153,0.05045253,MovieLens-1M,2.5649493574615367
1900,126,medium,2.983614,0.06922344,MovieLens-1M,4.844187086458591
1901,34,medium,2.4396055,0.041186236,MovieLens-1M,3.5553480614894135
1902,61,medium,2.7440164,0.116688386,MovieLens-1M,4.127134385045092
1903,12,medium,2.6263433,0.14875181,MovieLens-1M,2.5649493574615367
1904,26,medium,2.3692133,0.06440475,MovieLens-1M,3.295836866004329
1905,64,medium,2.9270432,0.045066793,MovieLens-1M,4.174387269895637
1906,56,medium,3.0802433,0.047378693,MovieLens-1M,4.04305126783455
1907,131,medium,2.7881095,0.1440005,MovieLens-1M,4.882801922586371
1908,80,medium,2.6227248,0.0659809,MovieLens-1M,4.394449154672439
1909,10,medium,2.5990887,0.079429,MovieLens-1M,2.3978952727983707
1910,411,high,4.072841,0.04344562,MovieLens-1M,6.021023349349527
1911,14,medium,3.095524,0.03792197,MovieLens-1M,2.70805020110221
1912,57,medium,3.3797371,0.121491954,MovieLens-1M,4.060443010546419
1913,12,medium,2.8884647,0.1405818,MovieLens-1M,2.5649493574615367
1914,12,medium,2.4829187,0.07745627,MovieLens-1M,2.5649493574615367
1915,2,low,3.208174,0.16480047,MovieLens-1M,1.0986122886681098
1916,2,low,3.1499522,0.04431653,MovieLens-1M,1.0986122886681098
1917,405,high,3.4167674,0.027283883,MovieLens-1M,6.0063531596017325
1918,842,high,3.776706,0.050429754,MovieLens-1M,6.736966958001855
1919,46,medium,3.0904415,0.07041468,MovieLens-1M,3.8501476017100584
1920,1,low,3.4379225,0.097272724,MovieLens-1M,0.6931471805599453
1921,9,low,3.1155355,0.08763126,MovieLens-1M,2.302585092994046
1922,1,low,3.4806366,0.030674713,MovieLens-1M,0.6931471805599453
1923,8,low,3.0009806,0.15640967,MovieLens-1M,2.1972245773362196
1924,151,medium,2.810868,0.05674619,MovieLens-1M,5.0238805208462765
1925,193,medium,3.6507027,0.11193116,MovieLens-1M,5.267858159063328
1926,62,medium,2.743188,0.09293754,MovieLens-1M,4.143134726391533
1927,18,medium,2.5491898,0.12026122,MovieLens-1M,2.9444389791664403
1928,125,medium,3.662349,0.03581642,MovieLens-1M,4.836281906951478
1929,2,low,2.9019864,0.12668577,MovieLens-1M,1.0986122886681098
1930,155,medium,3.38368,0.069539815,MovieLens-1M,5.049856007249537
1931,4,low,2.9096851,0.13333835,MovieLens-1M,1.6094379124341003
1932,34,medium,2.8411038,0.03442264,MovieLens-1M,3.5553480614894135
1933,11,medium,2.6114285,0.14034306,MovieLens-1M,2.4849066497880004
1934,87,medium,2.7132235,0.045547813,MovieLens-1M,4.477336814478207
1935,7,low,2.850194,0.13779461,MovieLens-1M,2.0794415416798357
1936,5,low,3.347831,0.1440158,MovieLens-1M,1.791759469228055
1937,5,low,3.155471,0.14908028,MovieLens-1M,1.791759469228055
1938,1,low,3.1766293,0.08691017,MovieLens-1M,0.6931471805599453
1939,12,medium,3.1375372,0.11942995,MovieLens-1M,2.5649493574615367
1940,198,medium,3.021427,0.023856102,MovieLens-1M,5.293304824724492
1941,122,medium,3.0215938,0.08274667,MovieLens-1M,4.812184355372417
1942,121,medium,2.8178623,0.06141739,MovieLens-1M,4.804021044733257
1943,22,medium,2.4580204,0.18474789,MovieLens-1M,3.1354942159291497
1944,53,medium,2.8921912,0.106502414,MovieLens-1M,3.9889840465642745
1945,65,medium,2.8392875,0.108794205,MovieLens-1M,4.189654742026425
1946,125,medium,2.6335137,0.09409705,MovieLens-1M,4.836281906951478
1947,26,medium,2.8208592,0.06632069,MovieLens-1M,3.295836866004329
1948,1,low,3.4752922,0.1710825,MovieLens-1M,0.6931471805599453
1949,488,high,3.646305,0.1255442,MovieLens-1M,6.192362489474872
1950,1,low,3.7301636,0.037629627,MovieLens-1M,0.6931471805599453
1951,254,high,3.012684,0.13688375,MovieLens-1M,5.541263545158426
1952,2,low,2.9466038,0.15746646,MovieLens-1M,1.0986122886681098
1953,131,medium,2.9744911,0.07039735,MovieLens-1M,4.882801922586371
1954,669,high,3.8332522,0.04285704,MovieLens-1M,6.507277712385012
1955,92,medium,2.5659618,0.13377678,MovieLens-1M,4.532599493153256
1956,23,medium,2.4859083,0.08751801,MovieLens-1M,3.1780538303479458
1957,1,low,3.2203348,0.079588346,MovieLens-1M,0.6931471805599453
1958,53,medium,2.466586,0.05471419,MovieLens-1M,3.9889840465642745
1959,104,medium,2.8727515,0.13027681,MovieLens-1M,4.653960350157523
1960,15,medium,2.4294527,0.027338112,MovieLens-1M,2.772588722239781
1961,5,low,3.0955994,0.08540332,MovieLens-1M,1.791759469228055
1962,6,low,3.0532987,0.103417225,MovieLens-1M,1.9459101490553132
1963,1,low,3.2726014,0.0929746,MovieLens-1M,0.6931471805599453
1964,39,medium,2.642885,0.10490116,MovieLens-1M,3.6888794541139363
1965,15,medium,2.4809875,0.036087655,MovieLens-1M,2.772588722239781
1966,70,medium,3.0982609,0.10692157,MovieLens-1M,4.2626798770413155
1967,116,medium,3.234134,0.046494655,MovieLens-1M,4.762173934797756
1968,67,medium,2.4626,0.06995685,MovieLens-1M,4.219507705176107
1969,11,medium,2.9392471,0.36112195,MovieLens-1M,2.4849066497880004
1970,10,medium,2.7191,0.07551861,MovieLens-1M,2.3978952727983707
1971,45,medium,2.4985762,0.06734003,MovieLens-1M,3.828641396489095
1972,20,medium,2.7661362,0.122857906,MovieLens-1M,3.044522437723423
1973,751,high,3.74589,0.03117308,MovieLens-1M,6.62273632394984
1974,40,medium,2.943887,0.08739508,MovieLens-1M,3.713572066704308
1975,31,medium,2.695181,0.019463712,MovieLens-1M,3.4657359027997265
1976,60,medium,2.722601,0.028346473,MovieLens-1M,4.110873864173311
1977,341,high,3.3482838,0.059130523,MovieLens-1M,5.834810737062605
1978,36,medium,3.2655153,0.13292882,MovieLens-1M,3.6109179126442243
1979,44,medium,2.5632617,0.052018695,MovieLens-1M,3.8066624897703196
1980,424,high,3.4540536,0.015872784,MovieLens-1M,6.052089168924417
1981,52,medium,3.3758333,0.10968953,MovieLens-1M,3.970291913552122
1982,62,medium,2.6655974,0.045744326,MovieLens-1M,4.143134726391533
1983,6,low,3.0622914,0.11899363,MovieLens-1M,1.9459101490553132
1984,171,medium,3.163228,0.01573779,MovieLens-1M,5.147494476813453
1985,14,medium,2.792834,0.19267608,MovieLens-1M,2.70805020110221
1986,26,medium,2.8878453,0.12473584,MovieLens-1M,3.295836866004329
1987,40,medium,2.6397448,0.06627186,MovieLens-1M,3.713572066704308
1988,8,low,3.1279259,0.025301693,MovieLens-1M,2.1972245773362196
1989,135,medium,3.1325328,0.043400787,MovieLens-1M,4.912654885736052
1990,468,high,3.8302221,0.068996534,MovieLens-1M,6.150602768446279
1991,710,high,3.6840165,0.036004495,MovieLens-1M,6.566672429803241
1992,45,medium,2.7986357,0.027588561,MovieLens-1M,3.828641396489095
1993,836,high,3.9944565,0.042849354,MovieLens-1M,6.729824070489475
1994,3,low,3.3370254,0.108262725,MovieLens-1M,1.3862943611198906
1995,9,low,3.4043334,0.047677148,MovieLens-1M,2.302585092994046
1996,325,high,3.206541,0.014731447,MovieLens-1M,5.786897381366708
1997,50,medium,2.452434,0.09992788,MovieLens-1M,3.9318256327243257
1998,26,medium,2.7298076,0.022744084,MovieLens-1M,3.295836866004329
1999,131,medium,2.7858212,0.13024439,MovieLens-1M,4.882801922586371
2000,3,low,3.1945012,0.09129855,MovieLens-1M,1.3862943611198906
2001,511,high,3.7320735,0.06815825,MovieLens-1M,6.238324625039508
2002,205,medium,3.179683,0.064447716,MovieLens-1M,5.327876168789581
2003,714,high,3.7563045,0.065237746,MovieLens-1M,6.5722825426940075
2004,215,medium,3.1546972,0.031673897,MovieLens-1M,5.375278407684165
2005,5,low,2.866968,0.12446822,MovieLens-1M,1.791759469228055
2006,15,medium,2.8896759,0.04811536,MovieLens-1M,2.772588722239781
2007,21,medium,2.7615793,0.16189401,MovieLens-1M,3.091042453358316
2008,7,low,2.9502785,0.17408714,MovieLens-1M,2.0794415416798357
2009,2,low,3.3307273,0.08621584,MovieLens-1M,1.0986122886681098
2010,91,medium,2.9695117,0.08360655,MovieLens-1M,4.5217885770490405
2011,224,medium,3.3498898,0.033192266,MovieLens-1M,5.41610040220442
2012,221,medium,3.043521,0.0058106077,MovieLens-1M,5.402677381872279
2013,337,high,3.1258342,0.039577555,MovieLens-1M,5.823045895483019
2014,45,medium,2.5048122,0.10514264,MovieLens-1M,3.828641396489095
2015,28,medium,3.1818008,0.097494476,MovieLens-1M,3.367295829986474
2016,77,medium,3.0781248,0.035827704,MovieLens-1M,4.356708826689592
2017,2,low,3.2554624,0.104743436,MovieLens-1M,1.0986122886681098
2018,226,medium,3.382763,0.090068296,MovieLens-1M,5.424950017481403
2019,68,medium,2.6073697,0.071479805,MovieLens-1M,4.23410650459726
2020,714,high,3.6255028,0.04028553,MovieLens-1M,6.5722825426940075
2021,87,medium,2.93501,0.010030714,MovieLens-1M,4.477336814478207
2022,23,medium,2.7225885,0.15871762,MovieLens-1M,3.1780538303479458
2023,965,high,3.854846,0.059435148,MovieLens-1M,6.873163834212518
2024,53,medium,2.8469274,0.019519905,MovieLens-1M,3.9889840465642745
2025,3,low,3.8113797,0.06292768,MovieLens-1M,1.3862943611198906
2026,23,medium,2.7014663,0.048477065,MovieLens-1M,3.1780538303479458
2027,52,medium,2.9816,0.07315179,MovieLens-1M,3.970291913552122
2028,515,high,3.658019,0.037766825,MovieLens-1M,6.246106765481563
2029,69,medium,2.8965127,0.044112153,MovieLens-1M,4.248495242049359
2030,74,medium,2.5823832,0.07034674,MovieLens-1M,4.31748811353631
2031,4,low,3.7191935,0.1068685,MovieLens-1M,1.6094379124341003
2032,386,high,3.7645938,0.062390238,MovieLens-1M,5.958424693029782
2033,135,medium,2.9047139,0.049393706,MovieLens-1M,4.912654885736052
2034,139,medium,3.1988437,0.050680295,MovieLens-1M,4.941642422609304
2035,708,high,4.03618,0.014751809,MovieLens-1M,6.5638555265321274
2036,53,medium,3.0796325,0.06434993,MovieLens-1M,3.9889840465642745
2037,42,medium,3.4120986,0.10860982,MovieLens-1M,3.7612001156935624
2038,7,low,3.2333279,0.01686659,MovieLens-1M,2.0794415416798357
2039,149,medium,2.906953,0.06767075,MovieLens-1M,5.0106352940962555
2040,19,medium,2.8791711,0.056056928,MovieLens-1M,2.995732273553991
2041,5,low,3.421519,0.16373934,MovieLens-1M,1.791759469228055
2042,95,medium,2.4968584,0.06829537,MovieLens-1M,4.564348191467836
2043,18,medium,2.81196,0.112905055,MovieLens-1M,2.9444389791664403
2044,126,medium,2.794796,0.01716117,MovieLens-1M,4.844187086458591
2045,63,medium,2.8503096,0.07263119,MovieLens-1M,4.1588830833596715
2046,167,medium,2.993323,0.031594746,MovieLens-1M,5.123963979403259
2047,101,medium,2.8656673,0.07617848,MovieLens-1M,4.624972813284271
2048,4,low,3.2044628,0.086142056,MovieLens-1M,1.6094379124341003
2049,86,medium,3.1471188,0.066281684,MovieLens-1M,4.465908118654584
2050,559,high,3.6238537,0.063511394,MovieLens-1M,6.327936783729195
2051,610,high,3.6797507,0.020855663,MovieLens-1M,6.415096959171596
2052,43,medium,3.0304992,0.025969276,MovieLens-1M,3.784189633918261
2053,1166,high,4.3794436,0.059312437,MovieLens-1M,7.062191632286556
2054,25,medium,2.9241219,0.053487692,MovieLens-1M,3.258096538021482
2055,187,medium,3.281804,0.06315142,MovieLens-1M,5.236441962829949
2056,3,low,2.3933718,0.029910533,MovieLens-1M,1.3862943611198906
2057,486,high,3.3565476,0.005979485,MovieLens-1M,6.18826412308259
2058,98,medium,3.2058792,0.06058395,MovieLens-1M,4.59511985013459
2059,73,medium,2.7514622,0.03169586,MovieLens-1M,4.30406509320417
2060,19,medium,3.0424116,0.025657563,MovieLens-1M,2.995732273553991
2061,145,medium,3.1546342,0.06501568,MovieLens-1M,4.983606621708336
2062,29,medium,2.6429873,0.06003206,MovieLens-1M,3.4011973816621555
2063,38,medium,2.8745396,0.11381221,MovieLens-1M,3.6635616461296463
2064,428,high,3.5176156,0.08498276,MovieLens-1M,6.061456918928017
2065,66,medium,2.4817665,0.10165687,MovieLens-1M,4.204692619390966
2066,1,low,3.751428,0.05972515,MovieLens-1M,0.6931471805599453
2067,244,high,3.7340443,0.04771039,MovieLens-1M,5.501258210544727
2068,77,medium,2.658538,0.053573832,MovieLens-1M,4.356708826689592
2069,330,high,3.4443567,0.05176201,MovieLens-1M,5.802118375377063
2070,80,medium,3.053367,0.016243307,MovieLens-1M,4.394449154672439
2071,31,medium,2.8668957,0.086199835,MovieLens-1M,3.4657359027997265
2072,62,medium,2.6660998,0.090918295,MovieLens-1M,4.143134726391533
2073,114,medium,2.8044345,0.06232599,MovieLens-1M,4.74493212836325
2074,126,medium,2.89732,0.027273271,MovieLens-1M,4.844187086458591
2075,56,medium,2.972698,0.1436881,MovieLens-1M,4.04305126783455
2076,137,medium,2.8892276,0.060440186,MovieLens-1M,4.927253685157205
2077,31,medium,2.9902532,0.07406266,MovieLens-1M,3.4657359027997265
2078,14,medium,3.1390142,0.07577896,MovieLens-1M,2.70805020110221
2079,12,medium,2.8512375,0.021008018,MovieLens-1M,2.5649493574615367
2080,10,medium,3.0418625,0.114585295,MovieLens-1M,2.3978952727983707
2081,6,low,2.9809046,0.006419681,MovieLens-1M,1.9459101490553132
2082,244,high,3.0669487,0.03183907,MovieLens-1M,5.501258210544727
2083,23,medium,2.3991272,0.03995538,MovieLens-1M,3.1780538303479458
2084,7,low,2.6730378,0.13240802,MovieLens-1M,2.0794415416798357
2085,67,medium,2.7003596,0.09120044,MovieLens-1M,4.219507705176107
2086,7,low,3.1834676,0.0795341,MovieLens-1M,2.0794415416798357
2087,60,medium,2.7352962,0.021363946,MovieLens-1M,4.110873864173311
2088,201,medium,3.291989,0.02255317,MovieLens-1M,5.308267697401205
2089,491,high,3.4728167,0.016405929,MovieLens-1M,6.198478716492308
2090,23,medium,3.5446117,0.19672802,MovieLens-1M,3.1780538303479458
2091,371,high,3.6680148,0.027625794,MovieLens-1M,5.918893854273146
2092,312,high,3.6020396,0.1132125,MovieLens-1M,5.746203190540153
2093,802,high,4.2281895,0.033398833,MovieLens-1M,6.688354713946762
2094,1832,high,4.7826667,0.060284927,MovieLens-1M,7.513709247839705
2095,11,medium,2.7411938,0.10102335,MovieLens-1M,2.4849066497880004
2096,265,high,3.0529358,0.17174333,MovieLens-1M,5.583496308781699
2097,49,medium,2.9583693,0.04359461,MovieLens-1M,3.912023005428146
2098,9,low,2.2083445,0.13196924,MovieLens-1M,2.302585092994046
2099,199,medium,3.451103,0.1497039,MovieLens-1M,5.298317366548036
2100,102,medium,2.9314005,0.08294554,MovieLens-1M,4.634728988229636
2101,218,medium,3.0108538,0.08363884,MovieLens-1M,5.389071729816501
2102,41,medium,3.035058,0.046495352,MovieLens-1M,3.7376696182833684
2103,245,high,3.1089516,0.13929892,MovieLens-1M,5.5053315359323625
2104,805,high,3.9204779,0.095216505,MovieLens-1M,6.692083742506628
2105,534,high,3.5617867,0.036186922,MovieLens-1M,6.282266746896006
2106,29,medium,2.4491034,0.12453392,MovieLens-1M,3.4011973816621555
2107,155,medium,3.0189483,0.0652248,MovieLens-1M,5.049856007249537
2108,105,medium,2.9032373,0.027339693,MovieLens-1M,4.663439094112067
2109,81,medium,3.101061,0.037928768,MovieLens-1M,4.406719247264253
2110,31,medium,3.2814248,0.05672853,MovieLens-1M,3.4657359027997265
2111,182,medium,3.0158646,0.09893568,MovieLens-1M,5.209486152841421
2112,170,medium,2.792731,0.06516977,MovieLens-1M,5.14166355650266
2113,4,low,3.2434323,0.28584608,MovieLens-1M,1.6094379124341003
2114,132,medium,3.0633304,0.11365719,MovieLens-1M,4.890349128221754
2115,22,medium,2.493427,0.12902471,MovieLens-1M,3.1354942159291497
2116,39,medium,2.3402617,0.09659194,MovieLens-1M,3.6888794541139363
2117,27,medium,2.8025749,0.07231735,MovieLens-1M,3.332204510175204
2118,235,medium,3.0377982,0.030942608,MovieLens-1M,5.4638318050256105
2119,86,medium,2.799846,0.121590585,MovieLens-1M,4.465908118654584
2120,20,medium,2.7340755,0.014789289,MovieLens-1M,3.044522437723423
2121,288,high,3.233674,0.05454845,MovieLens-1M,5.666426688112432
2122,380,high,3.5197651,0.05815257,MovieLens-1M,5.942799375126701
2123,37,medium,2.4327853,0.02011574,MovieLens-1M,3.6375861597263857
2124,11,medium,2.962361,0.06658905,MovieLens-1M,2.4849066497880004
2125,385,high,3.257532,0.07357484,MovieLens-1M,5.955837369464831
2126,120,medium,3.216158,0.101082504,MovieLens-1M,4.795790545596741
2127,44,medium,2.6952884,0.05499442,MovieLens-1M,3.8066624897703196
2128,54,medium,2.6895292,0.020744245,MovieLens-1M,4.007333185232471
2129,186,medium,3.3139725,0.043176252,MovieLens-1M,5.231108616854587
2130,56,medium,2.9441633,0.07291188,MovieLens-1M,4.04305126783455
2131,273,high,3.7501862,0.06492851,MovieLens-1M,5.6131281063880705
2132,34,medium,2.8260279,0.08544874,MovieLens-1M,3.5553480614894135
2133,36,medium,2.264825,0.071762405,MovieLens-1M,3.6109179126442243
2134,69,medium,2.7635033,0.043445356,MovieLens-1M,4.248495242049359
2135,51,medium,2.6268785,0.10911581,MovieLens-1M,3.9512437185814275
2136,1,low,3.4882119,0.023657156,MovieLens-1M,0.6931471805599453
2137,112,medium,2.828373,0.01867838,MovieLens-1M,4.727387818712341
2138,24,medium,2.6119108,0.18979125,MovieLens-1M,3.2188758248682006
2139,9,low,2.9017515,0.116390415,MovieLens-1M,2.302585092994046
2140,111,medium,3.0624936,0.041667666,MovieLens-1M,4.718498871295094
2141,69,medium,2.9166527,0.02930321,MovieLens-1M,4.248495242049359
2142,3,low,3.8372886,0.12639432,MovieLens-1M,1.3862943611198906
2143,15,medium,2.4455774,0.16635057,MovieLens-1M,2.772588722239781
2144,12,medium,2.8284457,0.080389835,MovieLens-1M,2.5649493574615367
2145,95,medium,2.6964915,0.038331077,MovieLens-1M,4.564348191467836
2146,26,medium,2.9192636,0.06558029,MovieLens-1M,3.295836866004329
2147,1,low,3.4282258,0.029768882,MovieLens-1M,0.6931471805599453
2148,50,medium,2.7073975,0.13585928,MovieLens-1M,3.9318256327243257
2149,27,medium,2.9574473,0.039199635,MovieLens-1M,3.332204510175204
2150,2,low,3.4665835,0.12063957,MovieLens-1M,1.0986122886681098
2151,73,medium,2.719155,0.06605248,MovieLens-1M,4.30406509320417
2152,219,medium,3.536766,0.026686393,MovieLens-1M,5.393627546352362
2153,539,high,4.1275353,0.13447483,MovieLens-1M,6.29156913955832
2154,33,medium,2.920192,0.055386517,MovieLens-1M,3.5263605246161616
2155,121,medium,2.968652,0.051404268,MovieLens-1M,4.804021044733257
2156,17,medium,3.0147707,0.1726861,MovieLens-1M,2.8903717578961645
2157,117,medium,3.408821,0.09477252,MovieLens-1M,4.770684624465665
2158,19,medium,3.7001865,0.12988982,MovieLens-1M,2.995732273553991
2159,6,low,3.5325072,0.09719871,MovieLens-1M,1.9459101490553132
2160,6,low,3.5738056,0.07907804,MovieLens-1M,1.9459101490553132
2161,230,medium,3.1643727,0.06341538,MovieLens-1M,5.442417710521793
2162,1,low,3.8709671,0.038239244,MovieLens-1M,0.6931471805599453
2163,3,low,3.0777495,0.13026541,MovieLens-1M,1.3862943611198906
2164,6,low,3.0251095,0.12322127,MovieLens-1M,1.9459101490553132
2165,223,medium,2.9891999,0.07705131,MovieLens-1M,5.4116460518550396
2166,98,medium,2.8765516,0.123111,MovieLens-1M,4.59511985013459
2167,207,medium,3.026694,0.04393454,MovieLens-1M,5.337538079701318
2168,439,high,3.314175,0.07875252,MovieLens-1M,6.0867747269123065
2169,77,medium,3.0660477,0.033041343,MovieLens-1M,4.356708826689592
2170,17,medium,2.1460128,0.08426796,MovieLens-1M,2.8903717578961645
2171,20,medium,2.814066,0.0413371,MovieLens-1M,3.044522437723423
2172,169,medium,2.8497753,0.030932933,MovieLens-1M,5.135798437050262
2173,59,medium,2.922252,0.09875653,MovieLens-1M,4.0943445622221
2174,123,medium,2.9163692,0.07318722,MovieLens-1M,4.820281565605037
2175,4,low,3.3581407,0.13570984,MovieLens-1M,1.6094379124341003
2176,213,medium,2.9595277,0.03870886,MovieLens-1M,5.365976015021851
2177,4,low,3.3878753,0.1717848,MovieLens-1M,1.6094379124341003
2178,1,low,3.7005718,0.043211594,MovieLens-1M,0.6931471805599453
2179,21,medium,2.4156458,0.116319455,MovieLens-1M,3.091042453358316
2180,13,medium,2.5107024,0.06699139,MovieLens-1M,2.6390573296152584
2181,12,medium,2.7237883,0.03359403,MovieLens-1M,2.5649493574615367
2182,129,medium,3.552358,0.15692763,MovieLens-1M,4.867534450455582
2183,1,low,3.2246063,0.0762406,MovieLens-1M,0.6931471805599453
2184,65,medium,3.314057,0.13203844,MovieLens-1M,4.189654742026425
2185,414,high,3.724374,0.10322087,MovieLens-1M,6.028278520230698
2186,32,medium,2.8480637,0.0395055,MovieLens-1M,3.4965075614664802
2187,42,medium,3.0391667,0.051236898,MovieLens-1M,3.7612001156935624
2188,22,medium,2.719103,0.10105418,MovieLens-1M,3.1354942159291497
2189,20,medium,2.5237257,0.029879013,MovieLens-1M,3.044522437723423
2190,58,medium,2.9748936,0.08821918,MovieLens-1M,4.07753744390572
2191,168,medium,2.8287735,0.07234861,MovieLens-1M,5.1298987149230735
2192,54,medium,3.058137,0.16331412,MovieLens-1M,4.007333185232471
2193,14,medium,2.874213,0.09333906,MovieLens-1M,2.70805020110221
2194,32,medium,2.216069,0.011712748,MovieLens-1M,3.4965075614664802
2195,25,medium,2.7955449,0.12972642,MovieLens-1M,3.258096538021482
2196,468,high,3.5266201,0.030005326,MovieLens-1M,6.150602768446279
2197,574,high,3.8692505,0.02463477,MovieLens-1M,6.354370040797351
2198,9,low,3.0273945,0.08445257,MovieLens-1M,2.302585092994046
2199,53,medium,2.7341871,0.03252167,MovieLens-1M,3.9889840465642745
2200,80,medium,3.0532322,0.11704301,MovieLens-1M,4.394449154672439
2201,85,medium,3.0983772,0.015926216,MovieLens-1M,4.454347296253507
2202,23,medium,2.9059608,0.09707758,MovieLens-1M,3.1780538303479458
2203,5,low,2.855642,0.08928963,MovieLens-1M,1.791759469228055
2204,2,low,3.4953897,0.0684665,MovieLens-1M,1.0986122886681098
2205,53,medium,2.908283,0.13671964,MovieLens-1M,3.9889840465642745
2206,14,medium,3.0938637,0.10792022,MovieLens-1M,2.70805020110221
2207,107,medium,3.4748948,0.0645685,MovieLens-1M,4.68213122712422
2208,13,medium,3.5622175,0.16885792,MovieLens-1M,2.6390573296152584
2209,3,low,3.7371342,0.09330396,MovieLens-1M,1.3862943611198906
2210,4,low,3.7003584,0.37008703,MovieLens-1M,1.6094379124341003
2211,90,medium,2.9205399,0.034810506,MovieLens-1M,4.51085950651685
2212,150,medium,3.175208,0.042369287,MovieLens-1M,5.017279836814924
2213,42,medium,2.972233,0.10337161,MovieLens-1M,3.7612001156935624
2214,70,medium,2.6747425,0.09454748,MovieLens-1M,4.2626798770413155
2215,13,medium,2.9252167,0.38045228,MovieLens-1M,2.6390573296152584
2216,8,low,3.5616086,0.11186148,MovieLens-1M,2.1972245773362196
2217,4,low,2.5525758,0.016837409,MovieLens-1M,1.6094379124341003
2218,80,medium,2.9276059,0.057111703,MovieLens-1M,4.394449154672439
2219,20,medium,2.47831,0.20657995,MovieLens-1M,3.044522437723423
2220,16,medium,3.481249,0.15939751,MovieLens-1M,2.833213344056216
2221,316,high,3.3840263,0.030770646,MovieLens-1M,5.75890177387728
2222,317,high,3.2864056,0.051700547,MovieLens-1M,5.762051382780177
2223,703,high,3.7210414,0.024156282,MovieLens-1M,6.556778356158042
2224,115,medium,3.0586586,0.036096536,MovieLens-1M,4.7535901911063645
2225,79,medium,2.8718693,0.025889223,MovieLens-1M,4.382026634673881
2226,92,medium,2.8613951,0.06308167,MovieLens-1M,4.532599493153256
2227,151,medium,3.0045128,0.083802395,MovieLens-1M,5.0238805208462765
2228,27,medium,2.609697,0.16257538,MovieLens-1M,3.332204510175204
2229,1,low,4.251827,0.07351408,MovieLens-1M,0.6931471805599453
2230,1,low,3.460347,0.071314536,MovieLens-1M,0.6931471805599453
2231,3,low,3.249401,0.06622927,MovieLens-1M,1.3862943611198906
2232,292,high,3.2096617,0.08735873,MovieLens-1M,5.680172609017068
2233,48,medium,2.6948643,0.17034243,MovieLens-1M,3.8918202981106265
2234,227,medium,3.6644456,0.08303437,MovieLens-1M,5.429345628954441
2235,423,high,3.4007626,0.07076449,MovieLens-1M,6.049733455231958
2236,1,low,3.0599592,0.12169101,MovieLens-1M,0.6931471805599453
2237,2,low,3.727086,0.05218064,MovieLens-1M,1.0986122886681098
2238,4,low,3.1866817,0.17265944,MovieLens-1M,1.6094379124341003
2239,38,medium,3.4267285,0.054804556,MovieLens-1M,3.6635616461296463
2240,8,low,3.3659697,0.027780365,MovieLens-1M,2.1972245773362196
2241,28,medium,2.8508701,0.08790871,MovieLens-1M,3.367295829986474
2242,102,medium,3.0669396,0.062087342,MovieLens-1M,4.634728988229636
2243,87,medium,2.7958019,0.043388,MovieLens-1M,4.477336814478207
2244,7,low,3.044391,0.05976269,MovieLens-1M,2.0794415416798357
2245,106,medium,3.3889692,0.036650483,MovieLens-1M,4.672828834461906
2246,56,medium,3.1049564,0.054490793,MovieLens-1M,4.04305126783455
2247,8,low,2.7874057,0.1488653,MovieLens-1M,2.1972245773362196
2248,3,low,2.9628365,0.107412115,MovieLens-1M,1.3862943611198906
2249,44,medium,2.7707376,0.08424449,MovieLens-1M,3.8066624897703196
2250,6,low,3.3005934,0.11066456,MovieLens-1M,1.9459101490553132
2251,65,medium,2.977368,0.07951551,MovieLens-1M,4.189654742026425
2252,44,medium,2.8802903,0.0711079,MovieLens-1M,3.8066624897703196
2253,7,low,2.7355385,0.12837748,MovieLens-1M,2.0794415416798357
2254,272,high,3.52225,0.06529774,MovieLens-1M,5.60947179518496
2255,5,low,3.0311012,0.11001165,MovieLens-1M,1.791759469228055
2256,113,medium,2.8809652,0.03252294,MovieLens-1M,4.736198448394496
2257,17,medium,2.8548882,0.19306459,MovieLens-1M,2.8903717578961645
2258,5,low,2.4227393,0.1946126,MovieLens-1M,1.791759469228055
2259,61,medium,2.8931453,0.02101204,MovieLens-1M,4.127134385045092
2260,2145,high,5.0619574,0.026423339,MovieLens-1M,7.671360923190644
2261,347,high,3.7840843,0.08494133,MovieLens-1M,5.8522024797744745
2262,21,medium,2.9350612,0.06588811,MovieLens-1M,3.091042453358316
2263,43,medium,3.1571147,0.11604144,MovieLens-1M,3.784189633918261
2264,102,medium,3.1959813,0.08787856,MovieLens-1M,4.634728988229636
2265,9,low,2.5100794,0.112651445,MovieLens-1M,2.302585092994046
2266,2,low,3.7911232,0.15035227,MovieLens-1M,1.0986122886681098
2267,19,medium,2.4889176,0.022447107,MovieLens-1M,2.995732273553991
2268,494,high,3.8066375,0.020313323,MovieLens-1M,6.20455776256869
2269,237,medium,3.446293,0.08982923,MovieLens-1M,5.472270673671475
2270,26,medium,2.96282,0.1052003,MovieLens-1M,3.295836866004329
2271,134,medium,2.746889,0.107037924,MovieLens-1M,4.90527477843843
2272,32,medium,3.2153714,0.079951376,MovieLens-1M,3.4965075614664802
2273,10,medium,2.6665983,0.16325134,MovieLens-1M,2.3978952727983707
2274,28,medium,2.567172,0.113234326,MovieLens-1M,3.367295829986474
2275,16,medium,2.1417425,0.19986804,MovieLens-1M,2.833213344056216
2276,17,medium,2.930668,0.15077087,MovieLens-1M,2.8903717578961645
2277,23,medium,2.641392,0.048556034,MovieLens-1M,3.1780538303479458
2278,43,medium,2.633512,0.13300149,MovieLens-1M,3.784189633918261
2279,79,medium,2.799263,0.08643172,MovieLens-1M,4.382026634673881
2280,13,medium,2.9726765,0.043453347,MovieLens-1M,2.6390573296152584
2281,167,medium,3.5568955,0.10463508,MovieLens-1M,5.123963979403259
2282,1112,high,4.315451,0.04640342,MovieLens-1M,7.014814351275545
2283,185,medium,3.2539647,0.19977503,MovieLens-1M,5.225746673713202
2284,3,low,3.2571423,0.033877347,MovieLens-1M,1.3862943611198906
2285,299,high,3.9426296,0.06483432,MovieLens-1M,5.703782474656201
2286,68,medium,2.9504368,0.09859336,MovieLens-1M,4.23410650459726
2287,51,medium,3.6811686,0.16870573,MovieLens-1M,3.9512437185814275
2288,59,medium,2.8364556,0.034221668,MovieLens-1M,4.0943445622221
2289,29,medium,3.1043823,0.06306016,MovieLens-1M,3.4011973816621555
2290,103,medium,2.6695452,0.04505225,MovieLens-1M,4.6443908991413725
2291,105,medium,3.0732296,0.041269064,MovieLens-1M,4.663439094112067
2292,96,medium,2.8282654,0.06324719,MovieLens-1M,4.574710978503383
2293,3,low,3.4474516,0.032318514,MovieLens-1M,1.3862943611198906
2294,58,medium,2.752076,0.13112001,MovieLens-1M,4.07753744390572
2295,115,medium,2.6168954,0.053630013,MovieLens-1M,4.7535901911063645
2296,482,high,3.6627834,0.043660637,MovieLens-1M,6.180016653652572
2297,32,medium,2.6446412,0.03215358,MovieLens-1M,3.4965075614664802
2298,24,medium,2.6310742,0.05268027,MovieLens-1M,3.2188758248682006
2299,43,medium,2.5019166,0.050554372,MovieLens-1M,3.784189633918261
2300,185,medium,3.1683285,0.044961337,MovieLens-1M,5.225746673713202
2301,1,low,3.4512208,0.08609908,MovieLens-1M,0.6931471805599453
2302,78,medium,3.0776136,0.120738976,MovieLens-1M,4.3694478524670215
2303,24,medium,3.0133574,0.062230192,MovieLens-1M,3.2188758248682006
2304,22,medium,3.279586,0.17493153,MovieLens-1M,3.1354942159291497
2305,8,low,2.666291,0.053378172,MovieLens-1M,2.1972245773362196
2306,1110,high,4.124931,0.022424864,MovieLens-1M,7.01301578963963
2307,34,medium,3.0689723,0.011988775,MovieLens-1M,3.5553480614894135
2308,24,medium,3.4062338,0.14109688,MovieLens-1M,3.2188758248682006
2309,6,low,3.3806858,0.023566542,MovieLens-1M,1.9459101490553132
2310,83,medium,2.9263241,0.014521734,MovieLens-1M,4.430816798843313
2311,36,medium,3.1622877,0.1279223,MovieLens-1M,3.6109179126442243
2312,14,medium,2.9059608,0.17356193,MovieLens-1M,2.70805020110221
2313,2,low,3.4735863,0.2024054,MovieLens-1M,1.0986122886681098
2314,5,low,2.782295,0.11529341,MovieLens-1M,1.791759469228055
2315,10,medium,2.9060261,0.19827025,MovieLens-1M,2.3978952727983707
2316,67,medium,2.7239676,0.019859312,MovieLens-1M,4.219507705176107
2317,649,high,3.525135,0.02510986,MovieLens-1M,6.476972362889683
2318,309,high,2.99296,0.08847936,MovieLens-1M,5.736572297479192
2319,56,medium,2.9634335,0.039738435,MovieLens-1M,4.04305126783455
2320,20,medium,2.9399269,0.070094585,MovieLens-1M,3.044522437723423
2321,162,medium,3.4708278,0.030719312,MovieLens-1M,5.093750200806762
2322,48,medium,3.0820248,0.08542679,MovieLens-1M,3.8918202981106265
2323,14,medium,3.488219,0.05003513,MovieLens-1M,2.70805020110221
2324,23,medium,3.257925,0.07618845,MovieLens-1M,3.1780538303479458
2325,289,high,3.651126,0.068267874,MovieLens-1M,5.66988092298052
2326,28,medium,2.8596542,0.11082684,MovieLens-1M,3.367295829986474
2327,8,low,3.203061,0.15775962,MovieLens-1M,2.1972245773362196
2328,34,medium,3.440338,0.06907595,MovieLens-1M,3.5553480614894135
2329,22,medium,3.3324807,0.017300775,MovieLens-1M,3.1354942159291497
2330,12,medium,3.4317894,0.14707579,MovieLens-1M,2.5649493574615367
2331,85,medium,3.4526548,0.08748989,MovieLens-1M,4.454347296253507
2332,3,low,3.3272266,0.026738139,MovieLens-1M,1.3862943611198906
2333,16,medium,3.158316,0.09156717,MovieLens-1M,2.833213344056216
2334,571,high,3.7062013,0.07501284,MovieLens-1M,6.349138991379798
2335,4,low,3.2646713,0.07983232,MovieLens-1M,1.6094379124341003
2336,19,medium,2.3275263,0.08672686,MovieLens-1M,2.995732273553991
2337,89,medium,3.1710513,0.08016175,MovieLens-1M,4.499809670330265
2338,40,medium,3.4685767,0.03651316,MovieLens-1M,3.713572066704308
2339,377,high,3.538392,0.0891436,MovieLens-1M,5.934894195619588
2340,17,medium,3.255676,0.088479854,MovieLens-1M,2.8903717578961645
2341,434,high,3.8668344,0.08102181,MovieLens-1M,6.075346031088684
2342,36,medium,3.6687768,0.09720529,MovieLens-1M,3.6109179126442243
2343,12,medium,3.4652004,0.12469462,MovieLens-1M,2.5649493574615367
2344,14,medium,3.7280743,0.027588818,MovieLens-1M,2.70805020110221
2345,38,medium,2.781597,0.02263291,MovieLens-1M,3.6635616461296463
2346,65,medium,3.8097832,0.03867089,MovieLens-1M,4.189654742026425
2347,171,medium,3.72201,0.058669504,MovieLens-1M,5.147494476813453
2348,466,high,3.69958,0.08298383,MovieLens-1M,6.1463292576688975
2349,148,medium,3.1235087,0.02439093,MovieLens-1M,5.003946305945459
2350,5,low,3.502333,0.15500748,MovieLens-1M,1.791759469228055
2351,7,low,2.5454166,0.17153598,MovieLens-1M,2.0794415416798357
2352,5,low,3.0842123,0.082021095,MovieLens-1M,1.791759469228055
2353,93,medium,3.5904276,0.011737028,MovieLens-1M,4.543294782270004
2354,171,medium,3.0675027,0.13995516,MovieLens-1M,5.147494476813453
2355,8,low,3.3564432,0.08729181,MovieLens-1M,2.1972245773362196
2356,1,low,3.253683,0.17728154,MovieLens-1M,0.6931471805599453
2357,24,medium,2.5109076,0.10572858,MovieLens-1M,3.2188758248682006
2358,73,medium,2.7642066,0.057049222,MovieLens-1M,4.30406509320417
2359,694,high,4.5117106,0.075871326,MovieLens-1M,6.543911845564792
2360,1,low,3.497234,0.104364954,MovieLens-1M,0.6931471805599453
2361,415,high,3.5526152,0.04080969,MovieLens-1M,6.030685260261263
2362,263,high,3.5417957,0.04285395,MovieLens-1M,5.575949103146316
2363,242,high,4.1216264,0.023880688,MovieLens-1M,5.493061443340548
2364,19,medium,2.1927328,0.08319767,MovieLens-1M,2.995732273553991
2365,243,high,3.4580076,0.07543313,MovieLens-1M,5.497168225293202
2366,5,low,2.45956,0.15939958,MovieLens-1M,1.791759469228055
2367,883,high,4.0102057,0.05036415,MovieLens-1M,6.784457062637643
2368,156,medium,2.8278997,0.00657807,MovieLens-1M,5.056245805348308
2369,292,high,4.0539517,0.028380556,MovieLens-1M,5.680172609017068
2370,2,low,3.6478138,0.04790762,MovieLens-1M,1.0986122886681098
2371,51,medium,2.5679,0.073224895,MovieLens-1M,3.9512437185814275
2372,32,medium,2.9467628,0.06495047,MovieLens-1M,3.4965075614664802
2373,425,high,3.3777275,0.04993653,MovieLens-1M,6.054439346269371
2374,837,high,4.09417,0.071283884,MovieLens-1M,6.731018100482083
2375,97,medium,3.2578113,0.08965345,MovieLens-1M,4.584967478670572
2376,132,medium,3.3219721,0.043549046,MovieLens-1M,4.890349128221754
2377,16,medium,3.056386,0.05597595,MovieLens-1M,2.833213344056216
2378,2,low,3.4557884,0.033745367,MovieLens-1M,1.0986122886681098
2379,871,high,4.590278,0.09699516,MovieLens-1M,6.77078942390898
2380,345,high,3.889477,0.039077282,MovieLens-1M,5.846438775057725
2381,33,medium,2.8165905,0.09468274,MovieLens-1M,3.5263605246161616
2382,94,medium,3.10011,0.087823145,MovieLens-1M,4.553876891600541
2383,503,high,3.8398056,0.051559962,MovieLens-1M,6.222576268071369
2384,18,medium,2.6582887,0.1474599,MovieLens-1M,2.9444389791664403
2385,418,high,3.710376,0.025147492,MovieLens-1M,6.037870919922137
2386,81,medium,3.05293,0.08559937,MovieLens-1M,4.406719247264253
2387,31,medium,2.7517958,0.06186778,MovieLens-1M,3.4657359027997265
2388,2,low,3.7491944,0.13629021,MovieLens-1M,1.0986122886681098
2389,1523,high,4.606489,0.017863875,MovieLens-1M,7.329093736246592
2390,144,medium,2.9142625,0.07717416,MovieLens-1M,4.976733742420574
2391,151,medium,3.24985,0.033925124,MovieLens-1M,5.0238805208462765
2392,72,medium,3.5870352,0.0686549,MovieLens-1M,4.290459441148391
2393,35,medium,3.1554368,0.04184878,MovieLens-1M,3.58351893845611
2394,51,medium,3.5394719,0.060733784,MovieLens-1M,3.9512437185814275
2395,165,medium,3.369215,0.05856362,MovieLens-1M,5.111987788356544
2396,299,high,3.380267,0.0912057,MovieLens-1M,5.703782474656201
2397,229,medium,3.8457596,0.099070184,MovieLens-1M,5.438079308923196
2398,59,medium,2.509721,0.07303666,MovieLens-1M,4.0943445622221
2399,107,medium,3.3279126,0.05857388,MovieLens-1M,4.68213122712422
2400,15,medium,3.0636156,0.035644546,MovieLens-1M,2.772588722239781
2401,314,high,3.186015,0.012423299,MovieLens-1M,5.752572638825633
2402,136,medium,2.7476444,0.071331196,MovieLens-1M,4.919980925828125
2403,86,medium,2.7570045,0.054035507,MovieLens-1M,4.465908118654584
2404,155,medium,3.3128958,0.015464385,MovieLens-1M,5.049856007249537
2405,108,medium,2.99878,0.07799934,MovieLens-1M,4.6913478822291435
2406,10,medium,2.9469435,0.2591256,MovieLens-1M,2.3978952727983707
2407,210,medium,3.5726798,0.04636175,MovieLens-1M,5.351858133476067
2408,123,medium,2.8043785,0.051339995,MovieLens-1M,4.820281565605037
2409,103,medium,2.629161,0.14946117,MovieLens-1M,4.6443908991413725
2410,7,low,2.7165387,0.0894261,MovieLens-1M,2.0794415416798357
2411,40,medium,3.071315,0.1280131,MovieLens-1M,3.713572066704308
2412,304,high,3.3530648,0.038816392,MovieLens-1M,5.720311776607412
2413,4,low,3.5998068,0.15631396,MovieLens-1M,1.6094379124341003
2414,25,medium,3.2245142,0.04110791,MovieLens-1M,3.258096538021482
2415,8,low,2.2885602,0.13700889,MovieLens-1M,2.1972245773362196
2416,21,medium,2.4224787,0.1431697,MovieLens-1M,3.091042453358316
2417,159,medium,2.8460896,0.120187305,MovieLens-1M,5.075173815233827
2418,434,high,3.5780735,0.09800164,MovieLens-1M,6.075346031088684
2419,150,medium,2.959214,0.049871773,MovieLens-1M,5.017279836814924
2420,10,medium,3.1081629,0.14352037,MovieLens-1M,2.3978952727983707
2421,31,medium,2.5207012,0.08311655,MovieLens-1M,3.4657359027997265
2422,177,medium,3.0240085,0.05568645,MovieLens-1M,5.181783550292085
2423,16,medium,2.4802544,0.095102966,MovieLens-1M,2.833213344056216
2424,48,medium,2.6417172,0.12413128,MovieLens-1M,3.8918202981106265
2425,31,medium,2.5829775,0.089681074,MovieLens-1M,3.4657359027997265
2426,1,low,3.55489,0.10607478,MovieLens-1M,0.6931471805599453
2427,4,low,3.4533424,0.05016864,MovieLens-1M,1.6094379124341003
2428,11,medium,2.901534,0.049422044,MovieLens-1M,2.4849066497880004
2429,92,medium,3.541146,0.14768134,MovieLens-1M,4.532599493153256
2430,9,low,2.7530444,0.15538074,MovieLens-1M,2.302585092994046
2431,198,medium,3.2935886,0.045001786,MovieLens-1M,5.293304824724492
2432,3,low,3.1895885,0.07227491,MovieLens-1M,1.3862943611198906
2433,505,high,3.793105,0.040204786,MovieLens-1M,6.226536669287466
2434,2083,high,4.9498105,0.050971095,MovieLens-1M,7.642044402873258
2435,620,high,3.8368185,0.039124366,MovieLens-1M,6.431331081933479
2436,152,medium,2.729067,0.1039487,MovieLens-1M,5.030437921392435
2437,1,low,3.4457562,0.03295616,MovieLens-1M,0.6931471805599453
2438,18,medium,2.6174762,0.11036318,MovieLens-1M,2.9444389791664403
2439,11,medium,2.6530018,0.09072954,MovieLens-1M,2.4849066497880004
2440,7,low,2.9428003,0.16983551,MovieLens-1M,2.0794415416798357
2441,26,medium,3.3599231,0.057399906,MovieLens-1M,3.295836866004329
2442,389,high,3.6139061,0.038160067,MovieLens-1M,5.966146739123692
2443,47,medium,3.0905714,0.021216376,MovieLens-1M,3.871201010907891
2444,82,medium,3.1360435,0.016020782,MovieLens-1M,4.418840607796598
2445,4,low,3.256458,0.14943,MovieLens-1M,1.6094379124341003
2446,37,medium,2.5765202,0.19211058,MovieLens-1M,3.6375861597263857
2447,5,low,2.8388374,0.12997589,MovieLens-1M,1.791759469228055
2448,7,low,3.1074123,0.094676435,MovieLens-1M,2.0794415416798357
2449,1,low,3.4127178,0.122849755,MovieLens-1M,0.6931471805599453
2450,3,low,2.9977977,0.11335296,MovieLens-1M,1.3862943611198906
2451,190,medium,3.060974,0.010972261,MovieLens-1M,5.25227342804663
2452,29,medium,3.112568,0.023874516,MovieLens-1M,3.4011973816621555
2453,25,medium,3.0165145,0.1331925,MovieLens-1M,3.258096538021482
2454,59,medium,2.9316127,0.08035577,MovieLens-1M,4.0943445622221
2455,2,low,3.316736,0.16815591,MovieLens-1M,1.0986122886681098
2456,26,medium,3.4632804,0.11777078,MovieLens-1M,3.295836866004329
2457,10,medium,2.929887,0.07737758,MovieLens-1M,2.3978952727983707
2458,11,medium,2.655617,0.019686509,MovieLens-1M,2.4849066497880004
2459,37,medium,2.7115383,0.15490891,MovieLens-1M,3.6375861597263857
2460,363,high,3.3226674,0.032425217,MovieLens-1M,5.8971538676367405
2461,48,medium,2.986282,0.08740052,MovieLens-1M,3.8918202981106265
2462,11,medium,2.7634544,0.048196744,MovieLens-1M,2.4849066497880004
2463,1253,high,4.4879956,0.021825712,MovieLens-1M,7.134093721192866
2464,175,medium,3.2877667,0.07085898,MovieLens-1M,5.170483995038151
2465,72,medium,2.6699088,0.040785573,MovieLens-1M,4.290459441148391
2466,112,medium,2.9150994,0.050508734,MovieLens-1M,4.727387818712341
2467,372,high,3.5257456,0.08763234,MovieLens-1M,5.921578419643816
2468,76,medium,2.7482216,0.11911289,MovieLens-1M,4.343805421853684
2469,1038,high,3.9263446,0.006882191,MovieLens-1M,6.946013991099227
2470,10,medium,3.1719415,0.036366463,MovieLens-1M,2.3978952727983707
2471,7,low,3.3013165,0.1570031,MovieLens-1M,2.0794415416798357
2472,9,low,3.21431,0.10443671,MovieLens-1M,2.302585092994046
2473,50,medium,2.905236,0.031078266,MovieLens-1M,3.9318256327243257
2474,96,medium,2.7965505,0.042789686,MovieLens-1M,4.574710978503383
2475,144,medium,2.951308,0.027134567,MovieLens-1M,4.976733742420574
2476,1088,high,4.0571246,0.06346697,MovieLens-1M,6.9930151229329605
2477,110,medium,3.2980206,0.052879635,MovieLens-1M,4.709530201312334
2478,40,medium,3.1898415,0.021579096,MovieLens-1M,3.713572066704308
2479,2,low,3.3920095,0.07342672,MovieLens-1M,1.0986122886681098
2480,59,medium,2.769828,0.1211896,MovieLens-1M,4.0943445622221
2481,6,low,2.967347,0.15074892,MovieLens-1M,1.9459101490553132
2482,25,medium,3.1269367,0.10495294,MovieLens-1M,3.258096538021482
2483,2,low,3.2487128,0.13165632,MovieLens-1M,1.0986122886681098
2484,17,medium,2.9632757,0.05245708,MovieLens-1M,2.8903717578961645
2485,18,medium,2.8903275,0.12356216,MovieLens-1M,2.9444389791664403
2486,49,medium,3.1394126,0.12834603,MovieLens-1M,3.912023005428146
2487,7,low,3.2763968,0.067685075,MovieLens-1M,2.0794415416798357
2488,9,low,3.129282,0.028169863,MovieLens-1M,2.302585092994046
2489,1,low,3.5033276,0.04080793,MovieLens-1M,0.6931471805599453
2490,240,high,2.895772,0.047623754,MovieLens-1M,5.484796933490655
2491,28,medium,2.4448593,0.09059362,MovieLens-1M,3.367295829986474
2492,1,low,4.1137004,0.17688327,MovieLens-1M,0.6931471805599453
2493,83,medium,2.7397273,0.06438895,MovieLens-1M,4.430816798843313
2494,1,low,3.9739723,0.08900529,MovieLens-1M,0.6931471805599453
2495,9,low,3.060915,0.3001638,MovieLens-1M,2.302585092994046
2496,2,low,2.936135,0.13560374,MovieLens-1M,1.0986122886681098
2497,324,high,3.7339087,0.08668236,MovieLens-1M,5.783825182329737
2498,51,medium,3.2925336,0.06399698,MovieLens-1M,3.9512437185814275
2499,9,low,3.1447942,0.124164686,MovieLens-1M,2.302585092994046
2500,45,medium,2.4647644,0.049481805,MovieLens-1M,3.828641396489095
2501,8,low,3.4298706,0.12497135,MovieLens-1M,2.1972245773362196
2502,4,low,3.2636597,0.21226113,MovieLens-1M,1.6094379124341003
2503,5,low,3.139739,0.1652334,MovieLens-1M,1.791759469228055
2504,10,medium,3.0418203,0.20582645,MovieLens-1M,2.3978952727983707
2505,6,low,3.427492,0.12329258,MovieLens-1M,1.9459101490553132
2506,66,medium,2.7172937,0.05240217,MovieLens-1M,4.204692619390966
2507,11,medium,3.2291315,0.06060822,MovieLens-1M,2.4849066497880004
2508,7,low,2.9510517,0.08038106,MovieLens-1M,2.0794415416798357
2509,126,medium,3.4460456,0.06001313,MovieLens-1M,4.844187086458591
2510,284,high,3.762003,0.020899553,MovieLens-1M,5.652489180268651
2511,21,medium,2.4606273,0.11788971,MovieLens-1M,3.091042453358316
2512,16,medium,3.058284,0.104038835,MovieLens-1M,2.833213344056216
2513,35,medium,2.5207531,0.052187975,MovieLens-1M,3.58351893845611
2514,74,medium,2.9377882,0.1301129,MovieLens-1M,4.31748811353631
2515,23,medium,2.9036283,0.02168008,MovieLens-1M,3.1780538303479458
2516,30,medium,2.2453482,0.11843062,MovieLens-1M,3.4339872044851463
2517,8,low,2.5982902,0.054972645,MovieLens-1M,2.1972245773362196
2518,2,low,3.3786728,0.08670147,MovieLens-1M,1.0986122886681098
2519,17,medium,2.8343651,0.17865942,MovieLens-1M,2.8903717578961645
2520,106,medium,2.8419876,0.084927775,MovieLens-1M,4.672828834461906
2521,6,low,3.5295174,0.1033641,MovieLens-1M,1.9459101490553132
2522,1,low,3.2259066,0.07946457,MovieLens-1M,0.6931471805599453
2523,1,low,4.2049227,0.02600452,MovieLens-1M,0.6931471805599453
2524,22,medium,2.9487636,0.08145322,MovieLens-1M,3.1354942159291497
2525,242,high,2.9706533,0.035800442,MovieLens-1M,5.493061443340548
2526,2805,high,5.451793,0.100265495,MovieLens-1M,7.939515260662406
2527,201,medium,2.9967003,0.10131687,MovieLens-1M,5.308267697401205
2528,50,medium,2.8959854,0.0806436,MovieLens-1M,3.9318256327243257
2529,151,medium,3.5994558,0.050271023,MovieLens-1M,5.0238805208462765
2530,20,medium,2.2982218,0.057811655,MovieLens-1M,3.044522437723423
2531,349,high,3.2187035,0.089812264,MovieLens-1M,5.857933154483459
2532,11,medium,3.0481339,0.13701631,MovieLens-1M,2.4849066497880004
2533,5,low,3.1842296,0.16573277,MovieLens-1M,1.791759469228055
2534,119,medium,2.6803534,0.02672478,MovieLens-1M,4.787491742782046
2535,155,medium,3.1603196,0.079142615,MovieLens-1M,5.049856007249537
2536,6,low,2.8658125,0.048342954,MovieLens-1M,1.9459101490553132
2537,1,low,3.2181885,0.050341964,MovieLens-1M,0.6931471805599453
2538,109,medium,2.8471177,0.12610535,MovieLens-1M,4.700480365792417
2539,523,high,3.4994192,0.09053689,MovieLens-1M,6.261491684321042
2540,483,high,3.4953177,0.07078307,MovieLens-1M,6.182084906716632
2541,3,low,3.3413956,0.20082258,MovieLens-1M,1.3862943611198906
2542,34,medium,2.6628597,0.11582597,MovieLens-1M,3.5553480614894135
2543,123,medium,3.0604038,0.05449682,MovieLens-1M,4.820281565605037
2544,12,medium,3.593383,0.09678334,MovieLens-1M,2.5649493574615367
2545,59,medium,2.429465,0.06459409,MovieLens-1M,4.0943445622221
2546,4,low,3.3210058,0.07654536,MovieLens-1M,1.6094379124341003
2547,78,medium,3.0157375,0.1686785,MovieLens-1M,4.3694478524670215
2548,39,medium,3.2674549,0.08726631,MovieLens-1M,3.6888794541139363
2549,320,high,4.356525,0.0548513,MovieLens-1M,5.771441123130016
2550,37,medium,3.3347995,0.096577264,MovieLens-1M,3.6375861597263857
2551,155,medium,2.8572915,0.073268294,MovieLens-1M,5.049856007249537
2552,5,low,2.9364464,0.16117127,MovieLens-1M,1.791759469228055
2553,29,medium,2.4723527,0.037985906,MovieLens-1M,3.4011973816621555
2554,7,low,2.492132,0.261858,MovieLens-1M,2.0794415416798357
2555,1,low,3.3373635,0.099761784,MovieLens-1M,0.6931471805599453
2556,29,medium,3.5947876,0.10174906,MovieLens-1M,3.4011973816621555
2557,150,medium,3.1358817,0.086051695,MovieLens-1M,5.017279836814924
2558,696,high,3.4970691,0.054348174,MovieLens-1M,6.546785410760524
2559,99,medium,2.7849104,0.107268095,MovieLens-1M,4.605170185988092
2560,3,low,3.1246474,0.1656653,MovieLens-1M,1.3862943611198906
2561,17,medium,2.7479694,0.09255897,MovieLens-1M,2.8903717578961645
2562,5,low,3.170593,0.090848036,MovieLens-1M,1.791759469228055
2563,11,medium,3.567978,0.024544176,MovieLens-1M,2.4849066497880004
2564,9,low,3.3966787,0.18000771,MovieLens-1M,2.302585092994046
2565,20,medium,2.6798017,0.030603314,MovieLens-1M,3.044522437723423
2566,63,medium,2.6548433,0.02677016,MovieLens-1M,4.1588830833596715
2567,40,medium,2.8491123,0.016712299,MovieLens-1M,3.713572066704308
2568,134,medium,3.5119946,0.043675367,MovieLens-1M,4.90527477843843
2569,19,medium,2.88367,0.10763983,MovieLens-1M,2.995732273553991
2570,6,low,2.6689193,0.065082245,MovieLens-1M,1.9459101490553132
2571,11,medium,3.316867,0.11985348,MovieLens-1M,2.4849066497880004
2572,65,medium,3.1140106,0.06833963,MovieLens-1M,4.189654742026425
2573,31,medium,3.4983814,0.07510441,MovieLens-1M,3.4657359027997265
2574,45,medium,3.0089731,0.12371347,MovieLens-1M,3.828641396489095
2575,619,high,4.21982,0.036983196,MovieLens-1M,6.429719478039138
2576,1,low,3.271517,0.03938659,MovieLens-1M,0.6931471805599453
2577,4,low,2.8709812,0.2514102,MovieLens-1M,1.6094379124341003
2578,286,high,3.2454586,0.051371317,MovieLens-1M,5.659482215759621
2579,7,low,3.1433191,0.17692289,MovieLens-1M,2.0794415416798357
2581,484,high,3.4644706,0.018303938,MovieLens-1M,6.184148890937483
2582,1225,high,4.2100997,0.022762807,MovieLens-1M,7.111512116496157
2583,384,high,3.3892307,0.096325934,MovieLens-1M,5.953243334287785
2584,1150,high,4.2383533,0.053683273,MovieLens-1M,7.048386408721883
2585,276,high,3.4037552,0.054588526,MovieLens-1M,5.6240175061873385
2586,80,medium,3.0846367,0.02114532,MovieLens-1M,4.394449154672439
2587,224,medium,3.662983,0.11701999,MovieLens-1M,5.41610040220442
2588,158,medium,3.4673302,0.16723423,MovieLens-1M,5.0689042022202315
2589,8,low,2.926473,0.15312219,MovieLens-1M,2.1972245773362196
2590,95,medium,3.2210848,0.09166462,MovieLens-1M,4.564348191467836
2591,47,medium,3.4749916,0.009724116,MovieLens-1M,3.871201010907891
2592,211,medium,3.1249092,0.063357055,MovieLens-1M,5.356586274672012
2593,74,medium,3.2445068,0.06852044,MovieLens-1M,4.31748811353631
2594,33,medium,2.3058608,0.123019,MovieLens-1M,3.5263605246161616
2595,121,medium,2.7896202,0.07329459,MovieLens-1M,4.804021044733257
2596,4,low,3.1667364,0.21975447,MovieLens-1M,1.6094379124341003
2597,7,low,3.5673714,0.17482658,MovieLens-1M,2.0794415416798357
2598,80,medium,2.992339,0.12415007,MovieLens-1M,4.394449154672439
2599,5,low,3.5997381,0.18854687,MovieLens-1M,1.791759469228055
2600,2,low,3.3247826,0.01464143,MovieLens-1M,1.0986122886681098
2601,118,medium,3.4437656,0.117896326,MovieLens-1M,4.77912349311153
2602,123,medium,3.4607363,0.0886078,MovieLens-1M,4.820281565605037
2603,82,medium,3.9459476,0.06260693,MovieLens-1M,4.418840607796598
2604,21,medium,2.5171711,0.060091894,MovieLens-1M,3.091042453358316
2605,24,medium,2.9291732,0.08672161,MovieLens-1M,3.2188758248682006
2606,76,medium,3.214311,0.09245562,MovieLens-1M,4.343805421853684
2607,145,medium,3.2457001,0.008173615,MovieLens-1M,4.983606621708336
2608,124,medium,2.9977367,0.036830608,MovieLens-1M,4.8283137373023015
2609,102,medium,2.902832,0.04214449,MovieLens-1M,4.634728988229636
2610,533,high,3.7270768,0.036540493,MovieLens-1M,6.280395838960195
2611,6,low,3.0726697,0.16300282,MovieLens-1M,1.9459101490553132
2612,176,medium,2.9492939,0.038202826,MovieLens-1M,5.176149732573829
2613,668,high,3.7973006,0.047856666,MovieLens-1M,6.505784060128229
2614,543,high,3.879716,0.0029758196,MovieLens-1M,6.298949246855942
2615,460,high,3.5960658,0.02560667,MovieLens-1M,6.133398042996649
2616,40,medium,2.8689353,0.089265734,MovieLens-1M,3.713572066704308
2617,396,high,3.817241,0.122924685,MovieLens-1M,5.983936280687191
2618,123,medium,2.8528805,0.015934054,MovieLens-1M,4.820281565605037
2619,49,medium,3.1891127,0.03790091,MovieLens-1M,3.912023005428146
2620,1,low,3.7163556,0.06532046,MovieLens-1M,0.6931471805599453
2621,46,medium,2.7442305,0.044737644,MovieLens-1M,3.8501476017100584
2622,1059,high,4.3106537,0.012104563,MovieLens-1M,6.966024187106113
2623,1,low,3.7345037,0.06708018,MovieLens-1M,0.6931471805599453
2624,71,medium,3.170202,0.07455918,MovieLens-1M,4.276666119016055
2625,4,low,2.3815424,0.106268965,MovieLens-1M,1.6094379124341003
2626,11,medium,2.807454,0.060370088,MovieLens-1M,2.4849066497880004
2627,6,low,2.962116,0.07280157,MovieLens-1M,1.9459101490553132
2628,7,low,2.7656782,0.124781586,MovieLens-1M,2.0794415416798357
2629,319,high,3.2724826,0.017677704,MovieLens-1M,5.768320995793772
2630,80,medium,2.797371,0.07898299,MovieLens-1M,4.394449154672439
2631,607,high,3.839123,0.039052747,MovieLens-1M,6.410174881966167
2632,64,medium,3.106449,0.030656492,MovieLens-1M,4.174387269895637
2633,70,medium,3.180319,0.042889494,MovieLens-1M,4.2626798770413155
2634,209,medium,3.3478591,0.09230695,MovieLens-1M,5.3471075307174685
2635,48,medium,2.6531699,0.055990264,MovieLens-1M,3.8918202981106265
2636,346,high,3.273344,0.032486796,MovieLens-1M,5.849324779946859
2637,3,low,3.1770859,0.086718805,MovieLens-1M,1.3862943611198906
2638,36,medium,3.371888,0.049333587,MovieLens-1M,3.6109179126442243
2639,212,medium,3.6279821,0.141093,MovieLens-1M,5.3612921657094255
2640,13,medium,3.2579772,0.1813101,MovieLens-1M,2.6390573296152584
2641,27,medium,2.9829512,0.048906162,MovieLens-1M,3.332204510175204
2642,5,low,3.0219562,0.12618135,MovieLens-1M,1.791759469228055
2643,9,low,3.1679342,0.037486337,MovieLens-1M,2.302585092994046
2644,2,low,3.3381548,0.23037599,MovieLens-1M,1.0986122886681098
2645,61,medium,3.1576786,0.04119938,MovieLens-1M,4.127134385045092
2646,5,low,2.7010887,0.12560882,MovieLens-1M,1.791759469228055
2647,627,high,3.7413454,0.059690084,MovieLens-1M,6.4425401664681985
2648,52,medium,2.6635637,0.051076595,MovieLens-1M,3.970291913552122
2649,1024,high,3.9783332,0.05207585,MovieLens-1M,6.932447891572509
2650,61,medium,2.966469,0.07555837,MovieLens-1M,4.127134385045092
2651,215,medium,3.2985775,0.045768924,MovieLens-1M,5.375278407684165
2652,147,medium,2.8227978,0.13786826,MovieLens-1M,4.997212273764115
2653,236,medium,3.1998246,0.03725119,MovieLens-1M,5.4680601411351315
2654,7,low,3.3609455,0.056001358,MovieLens-1M,2.0794415416798357
2655,245,high,3.2138808,0.038177475,MovieLens-1M,5.5053315359323625
2656,5,low,3.5130742,0.067404225,MovieLens-1M,1.791759469228055
2657,43,medium,3.4281566,0.096825056,MovieLens-1M,3.784189633918261
2658,69,medium,3.2967453,0.15320148,MovieLens-1M,4.248495242049359
2659,1727,high,4.843039,0.06809602,MovieLens-1M,7.454719949364001
2660,7,low,3.1187353,0.06848243,MovieLens-1M,2.0794415416798357
2661,3,low,2.9145935,0.19675176,MovieLens-1M,1.3862943611198906
2662,260,high,3.6435478,0.08322834,MovieLens-1M,5.564520407322694
2663,22,medium,3.474356,0.10630871,MovieLens-1M,3.1354942159291497
2664,4,low,3.117181,0.02331563,MovieLens-1M,1.6094379124341003
2665,42,medium,3.1428576,0.1494303,MovieLens-1M,3.7612001156935624
2666,294,high,4.0018477,0.091035806,MovieLens-1M,5.68697535633982
2667,669,high,3.7514648,0.029116979,MovieLens-1M,6.507277712385012
2668,212,medium,3.1467073,0.015820185,MovieLens-1M,5.3612921657094255
2669,33,medium,2.8842876,0.026043158,MovieLens-1M,3.5263605246161616
2670,20,medium,3.229194,0.06923548,MovieLens-1M,3.044522437723423
2671,87,medium,3.0378253,0.036448,MovieLens-1M,4.477336814478207
2672,4,low,3.4589617,0.11710163,MovieLens-1M,1.6094379124341003
2673,20,medium,3.1252527,0.07040546,MovieLens-1M,3.044522437723423
2674,12,medium,2.751892,0.12079018,MovieLens-1M,2.5649493574615367
2675,67,medium,2.923083,0.07894877,MovieLens-1M,4.219507705176107
2676,149,medium,3.7098954,0.043537267,MovieLens-1M,5.0106352940962555
2677,13,medium,3.2498665,0.1592633,MovieLens-1M,2.6390573296152584
2678,133,medium,3.3862228,0.073763,MovieLens-1M,4.897839799950911
2679,305,high,3.2913067,0.07291683,MovieLens-1M,5.723585101952381
2680,263,high,2.9401224,0.07528646,MovieLens-1M,5.575949103146316
2681,13,medium,3.1629467,0.055079788,MovieLens-1M,2.6390573296152584
2682,176,medium,3.2409408,0.090433665,MovieLens-1M,5.176149732573829
2683,24,medium,3.02948,0.052328408,MovieLens-1M,3.2188758248682006
2684,6,low,3.3008945,0.0797773,MovieLens-1M,1.9459101490553132
2686,83,medium,2.4762633,0.02095435,MovieLens-1M,4.430816798843313
2687,76,medium,2.743461,0.08470856,MovieLens-1M,4.343805421853684
2688,194,medium,3.5499394,0.082144186,MovieLens-1M,5.272999558563747
2689,8,low,2.8038228,0.14343503,MovieLens-1M,2.1972245773362196
2690,119,medium,2.9905443,0.07793973,MovieLens-1M,4.787491742782046
2691,420,high,3.5397787,0.063379824,MovieLens-1M,6.042632833682381
2692,218,medium,3.4271014,0.09213484,MovieLens-1M,5.389071729816501
2693,339,high,3.4483864,0.027550006,MovieLens-1M,5.8289456176102075
2694,78,medium,2.586044,0.0247595,MovieLens-1M,4.3694478524670215
2695,440,high,3.3962116,0.041633304,MovieLens-1M,6.089044875446846
2696,62,medium,3.1069717,0.09569649,MovieLens-1M,4.143134726391533
2697,561,high,3.6097848,0.021950396,MovieLens-1M,6.331501849893691
2698,131,medium,2.7390888,0.032488607,MovieLens-1M,4.882801922586371
2699,3,low,3.0845683,0.19021079,MovieLens-1M,1.3862943611198906
2700,2,low,3.4876359,0.1250595,MovieLens-1M,1.0986122886681098
2701,4,low,3.7282848,0.13191484,MovieLens-1M,1.6094379124341003
2702,399,high,3.3933475,0.025921272,MovieLens-1M,5.991464547107982
2703,40,medium,2.4868991,0.041071624,MovieLens-1M,3.713572066704308
2704,45,medium,2.914133,0.05123126,MovieLens-1M,3.828641396489095
2705,8,low,2.6377163,0.1102985,MovieLens-1M,2.1972245773362196
2706,10,medium,3.040905,0.08487566,MovieLens-1M,2.3978952727983707
2707,13,medium,3.016508,0.1641088,MovieLens-1M,2.6390573296152584
2708,8,low,3.2279053,0.11000834,MovieLens-1M,2.1972245773362196
2709,42,medium,3.1900618,0.015627157,MovieLens-1M,3.7612001156935624
2710,613,high,3.721814,0.08621374,MovieLens-1M,6.419994928147142
2711,125,medium,3.337763,0.14653644,MovieLens-1M,4.836281906951478
2712,16,medium,3.2605717,0.13596977,MovieLens-1M,2.833213344056216
2713,39,medium,2.6551244,0.1814511,MovieLens-1M,3.6888794541139363
2714,4,low,2.4168422,0.0724942,MovieLens-1M,1.6094379124341003
2715,2,low,2.9804451,0.042492706,MovieLens-1M,1.0986122886681098
2716,1,low,3.341328,0.03849598,MovieLens-1M,0.6931471805599453
2717,380,high,3.1743927,0.07394094,MovieLens-1M,5.942799375126701
2718,193,medium,3.346481,0.0846884,MovieLens-1M,5.267858159063328
2719,255,high,3.3885357,0.050924826,MovieLens-1M,5.545177444479562
2720,29,medium,2.6186643,0.12361863,MovieLens-1M,3.4011973816621555
2721,12,medium,2.3277638,0.16000566,MovieLens-1M,2.5649493574615367
2722,1,low,3.1695254,0.12368402,MovieLens-1M,0.6931471805599453
2723,113,medium,2.8795547,0.06142082,MovieLens-1M,4.736198448394496
2724,249,high,3.2655456,0.094401866,MovieLens-1M,5.521460917862246
2725,255,high,3.0633838,0.065468475,MovieLens-1M,5.545177444479562
2726,35,medium,2.510851,0.16366348,MovieLens-1M,3.58351893845611
2727,292,high,3.498269,0.074898235,MovieLens-1M,5.680172609017068
2728,213,medium,2.824728,0.02215833,MovieLens-1M,5.365976015021851
2729,636,high,3.7359006,0.050183214,MovieLens-1M,6.456769655572163
2730,13,medium,2.9147224,0.07022058,MovieLens-1M,2.6390573296152584
2731,135,medium,3.073433,0.1451841,MovieLens-1M,4.912654885736052
2732,51,medium,2.8837051,0.084189095,MovieLens-1M,3.9512437185814275
2733,56,medium,3.0326645,0.107371256,MovieLens-1M,4.04305126783455
2734,73,medium,3.0767279,0.044083815,MovieLens-1M,4.30406509320417
2735,91,medium,2.6338737,0.038245834,MovieLens-1M,4.5217885770490405
2736,106,medium,3.059663,0.055529498,MovieLens-1M,4.672828834461906
2737,586,high,3.9664955,0.06561429,MovieLens-1M,6.375024819828097
2738,395,high,3.5674293,0.062401693,MovieLens-1M,5.981414211254481
2739,300,high,3.5683374,0.06564667,MovieLens-1M,5.707110264748875
2740,1,low,3.3829343,0.100837275,MovieLens-1M,0.6931471805599453
2741,1,low,3.4383106,0.04809972,MovieLens-1M,0.6931471805599453
2742,47,medium,2.4892924,0.15917209,MovieLens-1M,3.871201010907891
2743,254,high,3.1178188,0.0429182,MovieLens-1M,5.541263545158426
2744,271,high,3.0749636,0.043996967,MovieLens-1M,5.605802066295998
2745,209,medium,3.052552,0.08475607,MovieLens-1M,5.3471075307174685
2746,150,medium,2.6759148,0.06287655,MovieLens-1M,5.017279836814924
2747,120,medium,3.1442788,0.097479396,MovieLens-1M,4.795790545596741
2748,14,medium,2.7025318,0.01091057,MovieLens-1M,2.70805020110221
2749,117,medium,3.1678412,0.012070256,MovieLens-1M,4.770684624465665
2750,65,medium,3.1562557,0.11379064,MovieLens-1M,4.189654742026425
2751,399,high,3.5844948,0.024006115,MovieLens-1M,5.991464547107982
2752,66,medium,2.9932365,0.05802422,MovieLens-1M,4.204692619390966
2753,161,medium,3.4615011,0.06050015,MovieLens-1M,5.087596335232384
2754,356,high,3.2248576,0.06866018,MovieLens-1M,5.877735781779639
2755,111,medium,3.0290983,0.037736073,MovieLens-1M,4.718498871295094
2756,391,high,3.4443436,0.011866396,MovieLens-1M,5.971261839790462
2757,489,high,3.8057556,0.015138481,MovieLens-1M,6.194405391104672
2758,155,medium,3.1365461,0.10479313,MovieLens-1M,5.049856007249537
2759,19,medium,2.5511973,0.12269016,MovieLens-1M,2.995732273553991
2760,525,high,3.4770346,0.02667017,MovieLens-1M,6.26530121273771
2761,431,high,3.4320652,0.051474247,MovieLens-1M,6.068425588244111
2762,11,medium,2.3014004,0.008728746,MovieLens-1M,2.4849066497880004
2763,410,high,3.355648,0.033180524,MovieLens-1M,6.018593214496234
2764,544,high,3.4044445,0.1233889,MovieLens-1M,6.300785794663244
2765,20,medium,2.7686262,0.06687797,MovieLens-1M,3.044522437723423
2766,15,medium,2.9511127,0.109417275,MovieLens-1M,2.772588722239781
2767,136,medium,2.911225,0.050982118,MovieLens-1M,4.919980925828125
2768,31,medium,2.7807057,0.18404151,MovieLens-1M,3.4657359027997265
2769,112,medium,3.202912,0.021036033,MovieLens-1M,4.727387818712341
2770,1244,high,4.4327106,0.01003209,MovieLens-1M,7.126890808898808
2771,44,medium,2.8365548,0.10448044,MovieLens-1M,3.8066624897703196
2772,2,low,3.3066454,0.1250027,MovieLens-1M,1.0986122886681098
2773,32,medium,2.9912767,0.101017214,MovieLens-1M,3.4965075614664802
2774,35,medium,2.5014324,0.12911364,MovieLens-1M,3.58351893845611
2775,42,medium,2.597635,0.011788652,MovieLens-1M,3.7612001156935624
2776,8,low,2.9821386,0.06925336,MovieLens-1M,2.1972245773362196
2777,12,medium,3.2874835,0.060043186,MovieLens-1M,2.5649493574615367
2778,17,medium,3.2502887,0.15293074,MovieLens-1M,2.8903717578961645
2779,113,medium,3.0726779,0.037319746,MovieLens-1M,4.736198448394496
2780,3,low,3.082289,0.07656888,MovieLens-1M,1.3862943611198906
2781,28,medium,2.5594625,0.013409475,MovieLens-1M,3.367295829986474
2782,24,medium,2.69785,0.10073457,MovieLens-1M,3.2188758248682006
2783,170,medium,3.169059,0.035337586,MovieLens-1M,5.14166355650266
2784,12,medium,2.6632245,0.078846574,MovieLens-1M,2.5649493574615367
2785,1,low,3.512574,0.017861165,MovieLens-1M,0.6931471805599453
2786,22,medium,2.7535667,0.06558448,MovieLens-1M,3.1354942159291497
2787,26,medium,2.7755988,0.13739483,MovieLens-1M,3.295836866004329
2788,137,medium,3.3240573,0.10413283,MovieLens-1M,4.927253685157205
2789,142,medium,2.861087,0.088849254,MovieLens-1M,4.962844630259907
2790,2,low,3.3695252,0.10785297,MovieLens-1M,1.0986122886681098
2791,12,medium,3.2357986,0.16561009,MovieLens-1M,2.5649493574615367
2792,23,medium,2.59451,0.17868543,MovieLens-1M,3.1780538303479458
2793,7,low,3.257079,0.118338004,MovieLens-1M,2.0794415416798357
2794,6,low,3.0216932,0.15117072,MovieLens-1M,1.9459101490553132
2795,19,medium,2.2423623,0.13871951,MovieLens-1M,2.995732273553991
2796,60,medium,2.387696,0.14544283,MovieLens-1M,4.110873864173311
2797,19,medium,2.7522504,0.03592674,MovieLens-1M,2.995732273553991
2798,18,medium,3.172696,0.08250062,MovieLens-1M,2.9444389791664403
2799,114,medium,2.6556103,0.1547901,MovieLens-1M,4.74493212836325
2800,94,medium,3.2919495,0.020761605,MovieLens-1M,4.553876891600541
2801,957,high,4.154739,0.09272314,MovieLens-1M,6.86484777797086
2802,520,high,3.6769972,0.035059243,MovieLens-1M,6.255750041753367
2803,3,low,3.6442807,0.17074981,MovieLens-1M,1.3862943611198906
2804,35,medium,2.933686,0.11052873,MovieLens-1M,3.58351893845611
2805,257,high,3.1638916,0.0752838,MovieLens-1M,5.552959584921617
2806,147,medium,3.183994,0.011931088,MovieLens-1M,4.997212273764115
2807,3,low,3.5390217,0.080797486,MovieLens-1M,1.3862943611198906
2808,164,medium,3.2477837,0.0909492,MovieLens-1M,5.10594547390058
2809,126,medium,3.5389192,0.10708872,MovieLens-1M,4.844187086458591
2810,194,medium,3.5786994,0.038189836,MovieLens-1M,5.272999558563747
2811,27,medium,2.3491876,0.08518919,MovieLens-1M,3.332204510175204
2812,288,high,3.411415,0.03397807,MovieLens-1M,5.666426688112432
2813,758,high,4.128284,0.049867824,MovieLens-1M,6.63200177739563
2814,7,low,2.719836,0.02541926,MovieLens-1M,2.0794415416798357
2815,3,low,3.5454865,0.031097181,MovieLens-1M,1.3862943611198906
2816,190,medium,3.1404898,0.01443986,MovieLens-1M,5.25227342804663
2817,1,low,3.4463642,0.044428628,MovieLens-1M,0.6931471805599453
2818,11,medium,2.4406064,0.0266505,MovieLens-1M,2.4849066497880004
2819,98,medium,3.1545193,0.07520778,MovieLens-1M,4.59511985013459
2820,312,high,3.1030426,0.0795105,MovieLens-1M,5.746203190540153
2821,131,medium,2.7388496,0.05712652,MovieLens-1M,4.882801922586371
2822,18,medium,3.0453255,0.026083954,MovieLens-1M,2.9444389791664403
2823,1,low,3.5709364,0.09984684,MovieLens-1M,0.6931471805599453
2824,183,medium,3.3410294,0.15677077,MovieLens-1M,5.214935757608986
2825,470,high,3.7363822,0.01602901,MovieLens-1M,6.154858094016418
2826,1122,high,4.53908,0.021570599,MovieLens-1M,7.023758954738443
2827,714,high,4.01684,0.026798045,MovieLens-1M,6.5722825426940075
2828,32,medium,3.429683,0.07501659,MovieLens-1M,3.4965075614664802
2829,350,high,3.2155285,0.09670968,MovieLens-1M,5.860786223465865
2830,104,medium,3.3255796,0.1168315,MovieLens-1M,4.653960350157523
2831,4,low,3.189902,0.15935855,MovieLens-1M,1.6094379124341003
2832,99,medium,2.529272,0.09325244,MovieLens-1M,4.605170185988092
2833,86,medium,3.0178306,0.081202924,MovieLens-1M,4.465908118654584
2834,31,medium,2.86265,0.20664924,MovieLens-1M,3.4657359027997265
2835,1,low,3.0091639,0.012997561,MovieLens-1M,0.6931471805599453
2836,180,medium,3.5252314,0.06546507,MovieLens-1M,5.198497031265826
2837,214,medium,3.4570942,0.109242,MovieLens-1M,5.3706380281276624
2838,1,low,3.244819,0.19241986,MovieLens-1M,0.6931471805599453
2839,34,medium,2.7893093,0.14310448,MovieLens-1M,3.5553480614894135
2840,170,medium,3.1153767,0.013066105,MovieLens-1M,5.14166355650266
2841,15,medium,2.858987,0.17706443,MovieLens-1M,2.772588722239781
2842,18,medium,3.073696,0.1255292,MovieLens-1M,2.9444389791664403
2843,105,medium,2.8781605,0.1288625,MovieLens-1M,4.663439094112067
2844,329,high,3.250661,0.02214142,MovieLens-1M,5.799092654460526
2845,107,medium,2.8442383,0.089163795,MovieLens-1M,4.68213122712422
2846,250,high,3.2153728,0.052985866,MovieLens-1M,5.5254529391317835
2847,34,medium,3.0489674,0.07333107,MovieLens-1M,3.5553480614894135
2848,116,medium,3.2336814,0.0320661,MovieLens-1M,4.762173934797756
2849,255,high,3.0881398,0.08338668,MovieLens-1M,5.545177444479562
2850,312,high,3.7620602,0.02960589,MovieLens-1M,5.746203190540153
2851,120,medium,2.7488346,0.11629226,MovieLens-1M,4.795790545596741
2853,53,medium,3.1322143,0.17024536,MovieLens-1M,3.9889840465642745
2854,2,low,3.5065184,0.057673346,MovieLens-1M,1.0986122886681098
2855,70,medium,2.7805388,0.117892705,MovieLens-1M,4.2626798770413155
2856,586,high,3.8379753,0.050639197,MovieLens-1M,6.375024819828097
2857,38,medium,2.6538656,0.13134904,MovieLens-1M,3.6635616461296463
2858,133,medium,2.893851,0.06280611,MovieLens-1M,4.897839799950911
2859,42,medium,2.8667443,0.1072223,MovieLens-1M,3.7612001156935624
2860,4,low,3.317119,0.13168566,MovieLens-1M,1.6094379124341003
2861,2,low,3.5184014,0.029277632,MovieLens-1M,1.0986122886681098
2862,39,medium,2.4254034,0.07240835,MovieLens-1M,3.6888794541139363
2863,14,medium,2.3893347,0.07146079,MovieLens-1M,2.70805020110221
2864,189,medium,3.5978339,0.073300384,MovieLens-1M,5.247024072160486
2865,14,medium,2.9543874,0.1959308,MovieLens-1M,2.70805020110221
2866,25,medium,2.3770351,0.10501237,MovieLens-1M,3.258096538021482
2867,16,medium,3.1142662,0.08834474,MovieLens-1M,2.833213344056216
2868,56,medium,3.0525138,0.114218205,MovieLens-1M,4.04305126783455
2869,34,medium,3.3584738,0.16545677,MovieLens-1M,3.5553480614894135
2870,1,low,4.1774197,0.169114,MovieLens-1M,0.6931471805599453
2871,49,medium,2.7426174,0.08065646,MovieLens-1M,3.912023005428146
2872,4,low,3.2432146,0.059166852,MovieLens-1M,1.6094379124341003
2873,2,low,3.7176282,0.115347125,MovieLens-1M,1.0986122886681098
2874,22,medium,2.5167272,0.12004469,MovieLens-1M,3.1354942159291497
2875,1,low,3.5736234,0.04168044,MovieLens-1M,0.6931471805599453
2876,28,medium,3.2250001,0.0915583,MovieLens-1M,3.367295829986474
2877,4,low,3.385456,0.14031951,MovieLens-1M,1.6094379124341003
2878,12,medium,2.8822107,0.072201565,MovieLens-1M,2.5649493574615367
2879,32,medium,2.953577,0.17092551,MovieLens-1M,3.4965075614664802
2880,2,low,3.4854996,0.1679535,MovieLens-1M,1.0986122886681098
2881,49,medium,2.656214,0.024281545,MovieLens-1M,3.912023005428146
2882,199,medium,3.1407568,0.07293728,MovieLens-1M,5.298317366548036
2883,5,low,2.8490078,0.1956512,MovieLens-1M,1.791759469228055
2884,334,high,3.154519,0.016419336,MovieLens-1M,5.814130531825066
2885,250,high,3.1668205,0.0725301,MovieLens-1M,5.5254529391317835
2886,36,medium,3.0967503,0.004828647,MovieLens-1M,3.6109179126442243
2887,124,medium,2.9136791,0.017229494,MovieLens-1M,4.8283137373023015
2888,168,medium,2.9074974,0.10710401,MovieLens-1M,5.1298987149230735
2889,131,medium,3.144806,0.055666946,MovieLens-1M,4.882801922586371
2890,354,high,3.3064795,0.04635033,MovieLens-1M,5.872117789475416
2891,646,high,3.5886953,0.028033273,MovieLens-1M,6.472346294500901
2892,112,medium,2.6617794,0.092846006,MovieLens-1M,4.727387818712341
2893,666,high,3.6609108,0.011258026,MovieLens-1M,6.502790045915623
2894,692,high,3.9093342,0.04599336,MovieLens-1M,6.541029999189903
2895,162,medium,3.2061398,0.037825655,MovieLens-1M,5.093750200806762
2896,83,medium,2.7518632,0.08812027,MovieLens-1M,4.430816798843313
2897,185,medium,3.031935,0.08135513,MovieLens-1M,5.225746673713202
2898,297,high,3.214923,0.05125343,MovieLens-1M,5.697093486505405
2899,212,medium,3.1201942,0.072775826,MovieLens-1M,5.3612921657094255
2900,59,medium,2.474486,0.14158858,MovieLens-1M,4.0943445622221
2901,251,high,3.0878217,0.10776057,MovieLens-1M,5.529429087511423
2902,179,medium,2.8228674,0.051038183,MovieLens-1M,5.19295685089021
2903,251,high,3.7159603,0.020598713,MovieLens-1M,5.529429087511423
2904,94,medium,3.208885,0.11924103,MovieLens-1M,4.553876891600541
2905,290,high,3.1715114,0.022845298,MovieLens-1M,5.673323267171493
2906,13,medium,3.4922478,0.103609905,MovieLens-1M,2.6390573296152584
2907,176,medium,2.9628503,0.04127074,MovieLens-1M,5.176149732573829
2908,87,medium,2.8414233,0.10109578,MovieLens-1M,4.477336814478207
2909,227,medium,2.9268353,0.093406454,MovieLens-1M,5.429345628954441
2910,73,medium,2.9231637,0.07146652,MovieLens-1M,4.30406509320417
2911,139,medium,3.43598,0.083768845,MovieLens-1M,4.941642422609304
2912,142,medium,2.849951,0.019081332,MovieLens-1M,4.962844630259907
2913,55,medium,2.4701087,0.1124063,MovieLens-1M,4.02535169073515
2914,11,medium,3.1655731,0.19149546,MovieLens-1M,2.4849066497880004
2915,1,low,3.693237,0.15078196,MovieLens-1M,0.6931471805599453
2917,36,medium,2.8206103,0.102826975,MovieLens-1M,3.6109179126442243
2918,7,low,3.1873677,0.017805053,MovieLens-1M,2.0794415416798357
2919,7,low,3.252903,0.09424073,MovieLens-1M,2.0794415416798357
2920,29,medium,2.651746,0.1098753,MovieLens-1M,3.4011973816621555
2921,96,medium,3.0521963,0.043980937,MovieLens-1M,4.574710978503383
2922,15,medium,3.5022182,0.11182398,MovieLens-1M,2.772588722239781
2923,25,medium,2.6952565,0.09521228,MovieLens-1M,3.258096538021482
2924,1,low,3.6443455,0.084224835,MovieLens-1M,0.6931471805599453
2925,35,medium,3.5381324,0.14595638,MovieLens-1M,3.58351893845611
2926,3,low,3.2258475,0.08993029,MovieLens-1M,1.3862943611198906
2927,2,low,3.3596237,0.07697017,MovieLens-1M,1.0986122886681098
2928,1,low,3.7503655,0.16915576,MovieLens-1M,0.6931471805599453
2929,1,low,3.1742141,0.08924188,MovieLens-1M,0.6931471805599453
2930,128,medium,2.7663279,0.07203811,MovieLens-1M,4.859812404361672
2931,299,high,3.6558065,0.053441655,MovieLens-1M,5.703782474656201
2932,18,medium,2.4743168,0.14193834,MovieLens-1M,2.9444389791664403
2933,253,high,3.794143,0.0059461948,MovieLens-1M,5.537334267018537
2934,275,high,3.4256089,0.04326984,MovieLens-1M,5.62040086571715
2935,21,medium,2.4927504,0.1298588,MovieLens-1M,3.091042453358316
2936,4,low,3.5695617,0.23899837,MovieLens-1M,1.6094379124341003
2937,30,medium,2.3993416,0.06404679,MovieLens-1M,3.4339872044851463
2938,2,low,3.2309754,0.021932201,MovieLens-1M,1.0986122886681098
2939,19,medium,2.750306,0.0827625,MovieLens-1M,2.995732273553991
2940,235,medium,3.1797163,0.045968417,MovieLens-1M,5.4638318050256105
2941,108,medium,2.750869,0.035242625,MovieLens-1M,4.6913478822291435
2942,15,medium,2.3776739,0.038194545,MovieLens-1M,2.772588722239781
2943,42,medium,2.7938397,0.08179364,MovieLens-1M,3.7612001156935624
2944,23,medium,3.294136,0.13549557,MovieLens-1M,3.1780538303479458
2945,1,low,4.2314506,0.057611797,MovieLens-1M,0.6931471805599453
2946,1,low,3.515474,0.13953532,MovieLens-1M,0.6931471805599453
2947,69,medium,3.3749826,0.16006407,MovieLens-1M,4.248495242049359
2948,345,high,3.5331533,0.041772638,MovieLens-1M,5.846438775057725
2949,22,medium,2.5567157,0.081364,MovieLens-1M,3.1354942159291497
2950,7,low,3.434663,0.118194744,MovieLens-1M,2.0794415416798357
2951,26,medium,2.610798,0.09801628,MovieLens-1M,3.295836866004329
2952,1,low,3.8138428,0.044523433,MovieLens-1M,0.6931471805599453
2953,51,medium,2.6571436,0.11794439,MovieLens-1M,3.9512437185814275
2954,22,medium,3.420398,0.14809081,MovieLens-1M,3.1354942159291497
2955,48,medium,3.0674522,0.035348885,MovieLens-1M,3.8918202981106265
2956,78,medium,3.160057,0.060561616,MovieLens-1M,4.3694478524670215
2957,207,medium,3.2840607,0.015708903,MovieLens-1M,5.337538079701318
2958,20,medium,2.6825132,0.09959937,MovieLens-1M,3.044522437723423
2959,70,medium,2.6304684,0.072256505,MovieLens-1M,4.2626798770413155
2960,4,low,2.6905441,0.20351903,MovieLens-1M,1.6094379124341003
2961,9,low,2.825426,0.05548846,MovieLens-1M,2.302585092994046
2962,358,high,3.6072495,0.11647661,MovieLens-1M,5.883322388488279
2963,4,low,3.723202,0.061422333,MovieLens-1M,1.6094379124341003
2964,1,low,4.15474,0.14861956,MovieLens-1M,0.6931471805599453
2965,25,medium,2.2561264,0.24641062,MovieLens-1M,3.258096538021482
2966,25,medium,3.2164085,0.024089932,MovieLens-1M,3.258096538021482
2967,27,medium,3.1980934,0.08503358,MovieLens-1M,3.332204510175204
2968,134,medium,3.2632656,0.109498054,MovieLens-1M,4.90527477843843
2969,148,medium,2.732569,0.09549259,MovieLens-1M,5.003946305945459
2970,5,low,3.0216758,0.07696292,MovieLens-1M,1.791759469228055
2971,5,low,3.4631426,0.069872774,MovieLens-1M,1.791759469228055
2972,8,low,3.0959527,0.12679544,MovieLens-1M,2.1972245773362196
2973,1,low,3.5527763,0.03264151,MovieLens-1M,0.6931471805599453
2974,163,medium,2.665761,0.06789318,MovieLens-1M,5.099866427824199
2975,13,medium,2.9086392,0.12665088,MovieLens-1M,2.6390573296152584
2976,110,medium,2.8400784,0.07481903,MovieLens-1M,4.709530201312334
2977,6,low,3.5399868,0.24285328,MovieLens-1M,1.9459101490553132
2978,2,low,3.1968396,0.08481027,MovieLens-1M,1.0986122886681098
2979,160,medium,3.6507156,0.03167433,MovieLens-1M,5.081404364984463
2980,80,medium,2.9051514,0.045583367,MovieLens-1M,4.394449154672439
2981,64,medium,3.4291828,0.08895592,MovieLens-1M,4.174387269895637
2982,264,high,3.003419,0.019092854,MovieLens-1M,5.579729825986222
2983,408,high,3.319398,0.07282559,MovieLens-1M,6.013715156042802
2984,416,high,3.4404838,0.05521653,MovieLens-1M,6.0330862217988015
2985,734,high,3.5854044,0.034092817,MovieLens-1M,6.5998704992128365
2986,560,high,3.5164049,0.06120214,MovieLens-1M,6.329720905522696
2987,736,high,3.7176745,0.013365676,MovieLens-1M,6.602587892189336
2988,108,medium,3.0282376,0.106688336,MovieLens-1M,4.6913478822291435
2989,183,medium,3.3081102,0.03908445,MovieLens-1M,5.214935757608986
2990,179,medium,3.4705899,0.067771144,MovieLens-1M,5.19295685089021
2991,16,medium,3.2750862,0.19265695,MovieLens-1M,2.833213344056216
2992,36,medium,3.1317997,0.08763991,MovieLens-1M,3.6109179126442243
2993,42,medium,2.6285899,0.12275066,MovieLens-1M,3.7612001156935624
2994,30,medium,2.8467867,0.08786167,MovieLens-1M,3.4339872044851463
2995,30,medium,3.44059,0.10811864,MovieLens-1M,3.4339872044851463
2996,2,low,3.5767004,0.11211002,MovieLens-1M,1.0986122886681098
2997,29,medium,3.2634165,0.074382655,MovieLens-1M,3.4011973816621555
2999,1,low,3.0627453,0.10409419,MovieLens-1M,0.6931471805599453
3000,68,medium,2.729823,0.035259806,MovieLens-1M,4.23410650459726
3001,2,low,3.4793441,0.19475465,MovieLens-1M,1.0986122886681098
3002,1,low,3.6734114,0.09160935,MovieLens-1M,0.6931471805599453
3003,1,low,3.7769282,0.04345325,MovieLens-1M,0.6931471805599453
3004,173,medium,3.3845527,0.029598176,MovieLens-1M,5.159055299214529
3005,20,medium,2.6084425,0.13120106,MovieLens-1M,3.044522437723423
3006,474,high,3.328461,0.08794471,MovieLens-1M,6.163314804034641
3007,35,medium,2.563404,0.034408163,MovieLens-1M,3.58351893845611
3008,56,medium,2.6165864,0.057557806,MovieLens-1M,4.04305126783455
3009,8,low,2.8756588,0.087394044,MovieLens-1M,2.1972245773362196
3010,2,low,3.0852764,0.11011974,MovieLens-1M,1.0986122886681098
3011,10,medium,2.968069,0.07013865,MovieLens-1M,2.3978952727983707
3012,13,medium,2.7837446,0.07051172,MovieLens-1M,2.6390573296152584
3013,7,low,2.7827194,0.11908642,MovieLens-1M,2.0794415416798357
3014,42,medium,2.7130833,0.089694805,MovieLens-1M,3.7612001156935624
3015,10,medium,2.6455452,0.14379638,MovieLens-1M,2.3978952727983707
3016,498,high,3.4774942,0.04060669,MovieLens-1M,6.212606095751519
3017,226,medium,3.213184,0.059085045,MovieLens-1M,5.424950017481403
3018,186,medium,3.2264059,0.08930066,MovieLens-1M,5.231108616854587
3019,32,medium,3.2070246,0.049097106,MovieLens-1M,3.4965075614664802
3020,6,low,3.2154672,0.1077866,MovieLens-1M,1.9459101490553132
3021,6,low,3.2772205,0.14508224,MovieLens-1M,1.9459101490553132
3022,10,medium,2.8678386,0.10189794,MovieLens-1M,2.3978952727983707
3023,6,low,3.2195766,0.11603874,MovieLens-1M,1.9459101490553132
3024,112,medium,2.9545343,0.07465822,MovieLens-1M,4.727387818712341
3025,96,medium,2.6458733,0.025849974,MovieLens-1M,4.574710978503383
3026,70,medium,3.437425,0.1513557,MovieLens-1M,4.2626798770413155
3027,899,high,4.463499,0.06613236,MovieLens-1M,6.802394763324311
3028,197,medium,3.835089,0.080243014,MovieLens-1M,5.288267030694535
3029,7,low,3.2907372,0.1460973,MovieLens-1M,2.0794415416798357
3030,79,medium,2.2082717,0.08228742,MovieLens-1M,4.382026634673881
3031,1,low,3.1936474,0.1090106,MovieLens-1M,0.6931471805599453
3032,17,medium,3.167179,0.1201532,MovieLens-1M,2.8903717578961645
3033,16,medium,3.8209226,0.12444765,MovieLens-1M,2.833213344056216
3034,37,medium,2.732507,0.09451874,MovieLens-1M,3.6375861597263857
3035,38,medium,2.9327028,0.09103035,MovieLens-1M,3.6635616461296463
3036,860,high,3.8237255,0.03321921,MovieLens-1M,6.7580945044277305
3037,6,low,2.7478411,0.09267339,MovieLens-1M,1.9459101490553132
3038,117,medium,3.170955,0.22258615,MovieLens-1M,4.770684624465665
3039,897,high,4.053545,0.008070473,MovieLens-1M,6.8001700683022
3040,96,medium,2.7841594,0.02781732,MovieLens-1M,4.574710978503383
3041,23,medium,2.429445,0.043079834,MovieLens-1M,3.1780538303479458
3042,527,high,3.532464,0.039297447,MovieLens-1M,6.269096283706261
3043,29,medium,2.5521383,0.122370414,MovieLens-1M,3.4011973816621555
3044,87,medium,2.6133583,0.07071595,MovieLens-1M,4.477336814478207
3045,31,medium,2.6587312,0.1424014,MovieLens-1M,3.4657359027997265
3046,15,medium,2.663801,0.051288966,MovieLens-1M,2.772588722239781
3047,227,medium,3.4029214,0.06116318,MovieLens-1M,5.429345628954441
3048,100,medium,2.8782413,0.069174,MovieLens-1M,4.61512051684126
3049,19,medium,3.516003,0.077313855,MovieLens-1M,2.995732273553991
3050,12,medium,3.5911493,0.08010576,MovieLens-1M,2.5649493574615367
3051,11,medium,3.4798038,0.09313536,MovieLens-1M,2.4849066497880004
3052,10,medium,3.5030754,0.0423714,MovieLens-1M,2.3978952727983707
3053,486,high,4.1101704,0.08109887,MovieLens-1M,6.18826412308259
3054,28,medium,3.4110653,0.09003521,MovieLens-1M,3.367295829986474
3055,3,low,3.475912,0.08243729,MovieLens-1M,1.3862943611198906
3056,115,medium,2.79163,0.10001913,MovieLens-1M,4.7535901911063645
3057,24,medium,3.27119,0.05684607,MovieLens-1M,3.2188758248682006
3058,15,medium,3.1187305,0.11556844,MovieLens-1M,2.772588722239781
3059,218,medium,3.152529,0.03626869,MovieLens-1M,5.389071729816501
3060,4,low,2.8458166,0.11143027,MovieLens-1M,1.6094379124341003
3061,3,low,3.3065674,0.08403464,MovieLens-1M,1.3862943611198906
3062,97,medium,2.8987217,0.061005123,MovieLens-1M,4.584967478670572
3063,49,medium,2.9743335,0.16929929,MovieLens-1M,3.912023005428146
3064,21,medium,2.415313,0.13843207,MovieLens-1M,3.091042453358316
3065,46,medium,2.610494,0.049207475,MovieLens-1M,3.8501476017100584
3066,681,high,3.5311306,0.019403666,MovieLens-1M,6.525029657843462
3067,9,low,3.0983927,0.16956301,MovieLens-1M,2.302585092994046
3068,390,high,3.6297596,0.12201224,MovieLens-1M,5.968707559985366
3069,242,high,2.9251106,0.057787847,MovieLens-1M,5.493061443340548
3070,111,medium,3.2508287,0.16160971,MovieLens-1M,4.718498871295094
3071,17,medium,3.7073524,0.11017594,MovieLens-1M,2.8903717578961645
3072,10,medium,3.0761144,0.16797717,MovieLens-1M,2.3978952727983707
3073,46,medium,3.162753,0.12233977,MovieLens-1M,3.8501476017100584
3074,49,medium,2.9161007,0.027175015,MovieLens-1M,3.912023005428146
3075,17,medium,2.6113017,0.10722513,MovieLens-1M,2.8903717578961645
3076,208,medium,2.733741,0.12954631,MovieLens-1M,5.342334251964811
3077,242,high,3.2912872,0.0684608,MovieLens-1M,5.493061443340548
3078,4,low,3.2735348,0.12146925,MovieLens-1M,1.6094379124341003
3079,3,low,3.1779385,0.11808688,MovieLens-1M,1.3862943611198906
3080,118,medium,2.6274402,0.032674607,MovieLens-1M,4.77912349311153
3081,210,medium,3.5185738,0.0344295,MovieLens-1M,5.351858133476067
3082,376,high,3.3735466,0.055334333,MovieLens-1M,5.932245187448011
3083,225,medium,3.006651,0.14345875,MovieLens-1M,5.420534999272286
3084,80,medium,3.2609246,0.09805365,MovieLens-1M,4.394449154672439
3085,1052,high,4.09264,0.044839814,MovieLens-1M,6.959398512133975
3086,12,medium,3.4714193,0.13528077,MovieLens-1M,2.5649493574615367
3087,7,low,2.6810567,0.062397826,MovieLens-1M,2.0794415416798357
3088,99,medium,2.9905913,0.12404729,MovieLens-1M,4.605170185988092
3089,375,high,3.2470176,0.05100295,MovieLens-1M,5.929589143389895
3090,101,medium,2.7637856,0.10492706,MovieLens-1M,4.624972813284271
3091,113,medium,2.7000904,0.070591524,MovieLens-1M,4.736198448394496
3092,319,high,3.5249615,0.07837364,MovieLens-1M,5.768320995793772
3093,90,medium,2.7270384,0.1051185,MovieLens-1M,4.51085950651685
3094,965,high,4.422042,0.0512458,MovieLens-1M,6.873163834212518
3095,1,low,3.4275856,0.1146895,MovieLens-1M,0.6931471805599453
3096,60,medium,2.6509068,0.083553575,MovieLens-1M,4.110873864173311
3097,81,medium,3.8636086,0.07884811,MovieLens-1M,4.406719247264253
3098,5,low,3.8025124,0.08757283,MovieLens-1M,1.791759469228055
3099,44,medium,2.9554017,0.14519279,MovieLens-1M,3.8066624897703196
3100,2,low,3.6207485,0.09450479,MovieLens-1M,1.0986122886681098
3101,228,medium,3.2934723,0.12601937,MovieLens-1M,5.43372200355424
3102,4,low,3.0516186,0.1844505,MovieLens-1M,1.6094379124341003
3103,19,medium,2.2788143,0.10319586,MovieLens-1M,2.995732273553991
3104,9,low,2.865715,0.101603694,MovieLens-1M,2.302585092994046
3105,190,medium,3.2294166,0.027373463,MovieLens-1M,5.25227342804663
3106,8,low,2.9549177,0.14501873,MovieLens-1M,2.1972245773362196
3107,20,medium,2.3518448,0.08324297,MovieLens-1M,3.044522437723423
3108,29,medium,2.3313196,0.058311656,MovieLens-1M,3.4011973816621555
3109,220,medium,3.1002119,0.05533265,MovieLens-1M,5.3981627015177525
3110,594,high,3.7693703,0.07558271,MovieLens-1M,6.38856140554563
3111,39,medium,2.2945285,0.081304,MovieLens-1M,3.6888794541139363
3112,141,medium,2.9813168,0.09591842,MovieLens-1M,4.955827057601261
3113,44,medium,2.6126347,0.05973996,MovieLens-1M,3.8066624897703196
3114,74,medium,2.8745632,0.10120017,MovieLens-1M,4.31748811353631
3115,498,high,3.4804332,0.06809536,MovieLens-1M,6.212606095751519
3116,245,high,3.3195171,0.03546671,MovieLens-1M,5.5053315359323625
3117,72,medium,2.9149063,0.03444559,MovieLens-1M,4.290459441148391
3118,288,high,3.2184846,0.036385573,MovieLens-1M,5.666426688112432
3119,268,high,3.6397069,0.07560408,MovieLens-1M,5.594711379601839
3120,25,medium,2.928692,0.071047865,MovieLens-1M,3.258096538021482
3121,512,high,4.1745205,0.15747492,MovieLens-1M,6.240275845170769
3122,13,medium,3.4064112,0.018069455,MovieLens-1M,2.6390573296152584
3123,266,high,3.6570587,0.07031503,MovieLens-1M,5.58724865840025
3124,173,medium,3.8700821,0.053196482,MovieLens-1M,5.159055299214529
3125,25,medium,2.8731568,0.05487421,MovieLens-1M,3.258096538021482
3126,81,medium,3.448368,0.15323862,MovieLens-1M,4.406719247264253
3127,147,medium,3.7262447,0.031856384,MovieLens-1M,4.997212273764115
3128,2,low,3.026572,0.155042,MovieLens-1M,1.0986122886681098
3129,15,medium,2.5984557,0.15513858,MovieLens-1M,2.772588722239781
3130,92,medium,2.9592154,0.07901329,MovieLens-1M,4.532599493153256
3131,8,low,2.974941,0.077763915,MovieLens-1M,2.1972245773362196
3132,138,medium,3.1169817,0.12889121,MovieLens-1M,4.9344739331306915
3133,2,low,3.3562825,0.040341232,MovieLens-1M,1.0986122886681098
3134,3,low,3.1551828,0.3536073,MovieLens-1M,1.3862943611198906
3135,259,high,3.3332002,0.04069208,MovieLens-1M,5.560681631015528
3136,126,medium,3.0953503,0.020522626,MovieLens-1M,4.844187086458591
3137,530,high,3.473695,0.009550533,MovieLens-1M,6.274762021241939
3138,754,high,3.9164524,0.045601033,MovieLens-1M,6.626717749249025
3139,128,medium,2.9298668,0.051484015,MovieLens-1M,4.859812404361672
3140,76,medium,2.7409601,0.09929349,MovieLens-1M,4.343805421853684
3141,1,low,3.4391239,0.08715195,MovieLens-1M,0.6931471805599453
3142,9,low,2.898286,0.17766653,MovieLens-1M,2.302585092994046
3143,14,medium,3.4169304,0.11271263,MovieLens-1M,2.70805020110221
3144,2,low,3.227019,0.037280954,MovieLens-1M,1.0986122886681098
3145,158,medium,3.6362445,0.068493344,MovieLens-1M,5.0689042022202315
3146,277,high,3.6205614,0.016170515,MovieLens-1M,5.627621113690637
3147,308,high,3.4998236,0.027082315,MovieLens-1M,5.733341276897746
3148,13,medium,3.0631206,0.08715895,MovieLens-1M,2.6390573296152584
3149,105,medium,3.297288,0.13238186,MovieLens-1M,4.663439094112067
3150,24,medium,2.9833677,0.07326079,MovieLens-1M,3.2188758248682006
3151,10,medium,2.7237604,0.11536206,MovieLens-1M,2.3978952727983707
3152,1,low,3.42823,0.0942217,MovieLens-1M,0.6931471805599453
3153,596,high,3.9984865,0.07003282,MovieLens-1M,6.391917113392602
3154,36,medium,2.7045298,0.09009183,MovieLens-1M,3.6109179126442243
3155,306,high,3.3741322,0.04420306,MovieLens-1M,5.726847747587197
3156,140,medium,3.129927,0.06599325,MovieLens-1M,4.948759890378168
3157,52,medium,2.6405466,0.035385597,MovieLens-1M,3.970291913552122
3158,177,medium,3.119934,0.064926945,MovieLens-1M,5.181783550292085
3159,173,medium,3.3567383,0.054657202,MovieLens-1M,5.159055299214529
3160,70,medium,2.8635948,0.10233159,MovieLens-1M,4.2626798770413155
3161,298,high,3.1381524,0.01595786,MovieLens-1M,5.700443573390687
3162,648,high,4.0100446,0.02589499,MovieLens-1M,6.47543271670409
3163,15,medium,3.4762535,0.13025267,MovieLens-1M,2.772588722239781
3164,68,medium,3.154063,0.09275707,MovieLens-1M,4.23410650459726
3165,471,high,4.1703753,0.062004857,MovieLens-1M,6.156978985585555
3166,179,medium,3.376724,0.06828221,MovieLens-1M,5.19295685089021
3167,26,medium,2.5496795,0.039646614,MovieLens-1M,3.295836866004329
3168,20,medium,3.019577,0.19623029,MovieLens-1M,3.044522437723423
3169,8,low,3.6484401,0.15633531,MovieLens-1M,2.1972245773362196
3170,1,low,3.1376553,0.10642678,MovieLens-1M,0.6931471805599453
3171,4,low,3.3504858,0.28635848,MovieLens-1M,1.6094379124341003
3172,110,medium,3.520362,0.036376134,MovieLens-1M,4.709530201312334
3173,143,medium,3.019593,0.0458493,MovieLens-1M,4.969813299576001
3174,16,medium,3.0976048,0.16900292,MovieLens-1M,2.833213344056216
3175,12,medium,2.8236597,0.15298174,MovieLens-1M,2.5649493574615367
3176,17,medium,3.6246824,0.060803223,MovieLens-1M,2.8903717578961645
3177,4,low,3.1542015,0.10769943,MovieLens-1M,1.6094379124341003
3178,64,medium,2.95132,0.07675657,MovieLens-1M,4.174387269895637
3179,3,low,3.1832314,0.117967404,MovieLens-1M,1.3862943611198906
3180,1,low,4.287346,0.024251575,MovieLens-1M,0.6931471805599453
3181,2,low,3.3953726,0.02726831,MovieLens-1M,1.0986122886681098
3182,173,medium,3.2694056,0.055841353,MovieLens-1M,5.159055299214529
3183,12,medium,2.6298578,0.11572919,MovieLens-1M,2.5649493574615367
3184,1427,high,4.6396065,0.026532864,MovieLens-1M,7.2640301428995295
3185,9,low,3.8292797,0.1894346,MovieLens-1M,2.302585092994046
3186,9,low,3.2542617,0.14217885,MovieLens-1M,2.302585092994046
3187,2,low,3.367202,0.09757071,MovieLens-1M,1.0986122886681098
3188,25,medium,2.8209648,0.10555962,MovieLens-1M,3.258096538021482
3189,12,medium,3.1870575,0.1135475,MovieLens-1M,2.5649493574615367
3190,14,medium,3.1952465,0.05301983,MovieLens-1M,2.70805020110221
3191,9,low,2.874429,0.06153477,MovieLens-1M,2.302585092994046
3192,23,medium,3.0057094,0.016983114,MovieLens-1M,3.1780538303479458
3193,18,medium,2.839282,0.04468614,MovieLens-1M,2.9444389791664403
3194,291,high,3.4533975,0.046406575,MovieLens-1M,5.676753802268282
3195,2,low,2.8462858,0.25169113,MovieLens-1M,1.0986122886681098
3196,18,medium,3.3788345,0.031903423,MovieLens-1M,2.9444389791664403
3197,74,medium,3.7266693,0.03215192,MovieLens-1M,4.31748811353631
3198,2,low,3.5392818,0.15321979,MovieLens-1M,1.0986122886681098
3199,16,medium,3.360403,0.08883928,MovieLens-1M,2.833213344056216
3200,11,medium,2.6865227,0.10841593,MovieLens-1M,2.4849066497880004
3201,91,medium,2.9109476,0.13821381,MovieLens-1M,4.5217885770490405
3202,54,medium,3.0431862,0.13471597,MovieLens-1M,4.007333185232471
3203,25,medium,3.0529966,0.112712964,MovieLens-1M,3.258096538021482
3204,2,low,3.2684433,0.08110109,MovieLens-1M,1.0986122886681098
3205,13,medium,3.2504132,0.17150517,MovieLens-1M,2.6390573296152584
3206,1,low,3.347724,0.07718354,MovieLens-1M,0.6931471805599453
3207,69,medium,3.4307258,0.07161714,MovieLens-1M,4.248495242049359
3208,18,medium,2.8075979,0.14061338,MovieLens-1M,2.9444389791664403
3209,121,medium,3.4569864,0.0075950692,MovieLens-1M,4.804021044733257
3210,1,low,3.4219472,0.08184625,MovieLens-1M,0.6931471805599453
3211,446,high,3.49672,0.048485406,MovieLens-1M,6.102558594613569
3212,3,low,3.5366342,0.2758816,MovieLens-1M,1.3862943611198906
3213,4,low,3.2429874,0.24115029,MovieLens-1M,1.6094379124341003
3214,6,low,3.248149,0.12625687,MovieLens-1M,1.9459101490553132
3215,17,medium,2.9786155,0.14285056,MovieLens-1M,2.8903717578961645
3216,66,medium,2.6149008,0.19914725,MovieLens-1M,4.204692619390966
3217,196,medium,2.9550533,0.048968494,MovieLens-1M,5.2832037287379885
3218,134,medium,3.522375,0.08507711,MovieLens-1M,4.90527477843843
3219,22,medium,2.8179963,0.15499163,MovieLens-1M,3.1354942159291497
3220,184,medium,3.6911051,0.06481039,MovieLens-1M,5.220355825078324
3221,181,medium,3.2289627,0.06923242,MovieLens-1M,5.204006687076795
3222,34,medium,2.9287841,0.015997127,MovieLens-1M,3.5553480614894135
3223,16,medium,2.7934625,0.14332056,MovieLens-1M,2.833213344056216
3224,55,medium,3.0302334,0.24560282,MovieLens-1M,4.02535169073515
3225,546,high,3.9635475,0.116143316,MovieLens-1M,6.304448802421981
3226,478,high,4.064708,0.032393746,MovieLens-1M,6.171700597410915
3227,11,medium,3.0106366,0.17249171,MovieLens-1M,2.4849066497880004
3228,14,medium,3.0861397,0.036246896,MovieLens-1M,2.70805020110221
3229,62,medium,3.134444,0.09321067,MovieLens-1M,4.143134726391533
3230,51,medium,3.2862904,0.019859213,MovieLens-1M,3.9512437185814275
3231,219,medium,3.2886822,0.03231806,MovieLens-1M,5.393627546352362
3232,26,medium,2.9276483,0.11691254,MovieLens-1M,3.295836866004329
3233,170,medium,3.0509062,0.11590459,MovieLens-1M,5.14166355650266
3234,139,medium,3.3837519,0.065865785,MovieLens-1M,4.941642422609304
3235,265,high,3.4947357,0.05933369,MovieLens-1M,5.583496308781699
3236,3,low,3.8471186,0.012613983,MovieLens-1M,1.3862943611198906
3237,14,medium,2.6791449,0.17963034,MovieLens-1M,2.70805020110221
3238,252,high,3.223361,0.029681165,MovieLens-1M,5.53338948872752
3239,261,high,3.5099823,0.016822645,MovieLens-1M,5.568344503761097
3240,5,low,3.5116215,0.05075232,MovieLens-1M,1.791759469228055
3241,3,low,3.5210564,0.10813864,MovieLens-1M,1.3862943611198906
3242,4,low,3.629918,0.09089075,MovieLens-1M,1.6094379124341003
3243,46,medium,3.279465,0.10358411,MovieLens-1M,3.8501476017100584
3244,7,low,2.992159,0.108837254,MovieLens-1M,2.0794415416798357
3245,11,medium,2.477643,0.029652681,MovieLens-1M,2.4849066497880004
3246,33,medium,3.540519,0.040350623,MovieLens-1M,3.5263605246161616
3247,1,low,3.6606748,0.059840024,MovieLens-1M,0.6931471805599453
3248,1,low,3.5364265,0.016556714,MovieLens-1M,0.6931471805599453
3249,103,medium,3.04308,0.051236317,MovieLens-1M,4.6443908991413725
3250,1,low,3.383816,0.052499224,MovieLens-1M,0.6931471805599453
3251,94,medium,2.8066938,0.098336495,MovieLens-1M,4.553876891600541
3252,382,high,3.7193744,0.02101351,MovieLens-1M,5.948034989180646
3253,34,medium,2.74537,0.024597684,MovieLens-1M,3.5553480614894135
3254,1,low,3.6222465,0.11680886,MovieLens-1M,0.6931471805599453
3255,4,low,3.3953295,0.047926717,MovieLens-1M,1.6094379124341003
3256,42,medium,3.3471842,0.08349707,MovieLens-1M,3.7612001156935624
3257,19,medium,3.2666504,0.045325607,MovieLens-1M,2.995732273553991
3258,48,medium,3.2239382,0.090942785,MovieLens-1M,3.8918202981106265
3259,14,medium,3.0380383,0.031144908,MovieLens-1M,2.70805020110221
3260,14,medium,3.742974,0.045938656,MovieLens-1M,2.70805020110221
3261,4,low,3.5851405,0.13083756,MovieLens-1M,1.6094379124341003
3262,4,low,3.3731391,0.1865492,MovieLens-1M,1.6094379124341003
3263,1,low,4.2791333,0.111298405,MovieLens-1M,0.6931471805599453
3264,239,medium,3.0319326,0.0718042,MovieLens-1M,5.480638923341991
3265,7,low,2.7527752,0.1280786,MovieLens-1M,2.0794415416798357
3266,13,medium,3.655981,0.07163809,MovieLens-1M,2.6390573296152584
3267,824,high,3.7522526,0.012582539,MovieLens-1M,6.715383386334681
3268,45,medium,2.5373201,0.11616519,MovieLens-1M,3.828641396489095
3269,6,low,3.2953436,0.25070754,MovieLens-1M,1.9459101490553132
3270,9,low,2.6727495,0.042691346,MovieLens-1M,2.302585092994046
3271,180,medium,3.38882,0.11360538,MovieLens-1M,5.198497031265826
3272,103,medium,3.081282,0.050860617,MovieLens-1M,4.6443908991413725
3273,33,medium,2.5150864,0.15549394,MovieLens-1M,3.5263605246161616
3274,59,medium,2.8162296,0.064437464,MovieLens-1M,4.0943445622221
3275,51,medium,2.8615072,0.047474023,MovieLens-1M,3.9512437185814275
3276,32,medium,2.7358458,0.09427826,MovieLens-1M,3.4965075614664802
3277,240,high,3.5379822,0.06923326,MovieLens-1M,5.484796933490655
3278,129,medium,3.032999,0.040340807,MovieLens-1M,4.867534450455582
3279,522,high,3.5104373,0.032678664,MovieLens-1M,6.259581464064923
3280,162,medium,2.9804115,0.1484201,MovieLens-1M,5.093750200806762
3281,301,high,3.125823,0.081195645,MovieLens-1M,5.71042701737487
3282,165,medium,2.890704,0.050537962,MovieLens-1M,5.111987788356544
3283,85,medium,2.8329823,0.05832406,MovieLens-1M,4.454347296253507
3284,12,medium,2.8464403,0.06341301,MovieLens-1M,2.5649493574615367
3285,13,medium,3.0164359,0.03742218,MovieLens-1M,2.6390573296152584
3286,6,low,2.921895,0.16675496,MovieLens-1M,1.9459101490553132
3287,8,low,3.0289345,0.038830347,MovieLens-1M,2.1972245773362196
3288,43,medium,2.8277853,0.0950253,MovieLens-1M,3.784189633918261
3289,6,low,3.0830832,0.064468876,MovieLens-1M,1.9459101490553132
3290,5,low,3.3954294,0.08280274,MovieLens-1M,1.791759469228055
3291,16,medium,3.0405223,0.045017492,MovieLens-1M,2.833213344056216
3292,163,medium,3.1266148,0.06591738,MovieLens-1M,5.099866427824199
3293,272,high,3.1260433,0.03370185,MovieLens-1M,5.60947179518496
3294,436,high,3.5843792,0.049728956,MovieLens-1M,6.07993319509559
3295,140,medium,3.090253,0.08797075,MovieLens-1M,4.948759890378168
3296,192,medium,3.091852,0.026393164,MovieLens-1M,5.262690188904886
3297,642,high,3.7757409,0.09151234,MovieLens-1M,6.466144724237619
3298,620,high,3.747594,0.047883313,MovieLens-1M,6.431331081933479
3299,259,high,3.0795462,0.025933009,MovieLens-1M,5.560681631015528
3300,55,medium,2.672088,0.14778674,MovieLens-1M,4.02535169073515
3301,209,medium,3.1564064,0.041673824,MovieLens-1M,5.3471075307174685
3302,87,medium,2.866174,0.08384889,MovieLens-1M,4.477336814478207
3303,80,medium,3.2138195,0.080545105,MovieLens-1M,4.394449154672439
3304,12,medium,2.9236784,0.094819345,MovieLens-1M,2.5649493574615367
3305,12,medium,2.890829,0.1735133,MovieLens-1M,2.5649493574615367
3306,15,medium,2.5555,0.058332782,MovieLens-1M,2.772588722239781
3307,141,medium,2.9541385,0.08425659,MovieLens-1M,4.955827057601261
3308,51,medium,2.7448273,0.028573958,MovieLens-1M,3.9512437185814275
3309,24,medium,3.038451,0.100636244,MovieLens-1M,3.2188758248682006
3310,16,medium,3.0978997,0.1415035,MovieLens-1M,2.833213344056216
3311,8,low,3.1135209,0.040458675,MovieLens-1M,2.1972245773362196
3312,201,medium,3.5831795,0.06712445,MovieLens-1M,5.308267697401205
3313,28,medium,2.852752,0.09665022,MovieLens-1M,3.367295829986474
3314,16,medium,2.7555943,0.045603447,MovieLens-1M,2.833213344056216
3315,53,medium,2.9842517,0.031850513,MovieLens-1M,3.9889840465642745
3316,2,low,3.39268,0.15637507,MovieLens-1M,1.0986122886681098
3317,167,medium,2.8102663,0.020068629,MovieLens-1M,5.123963979403259
3318,120,medium,3.0282726,0.071443245,MovieLens-1M,4.795790545596741
3319,41,medium,2.4486833,0.03600863,MovieLens-1M,3.7376696182833684
3320,52,medium,2.7239535,0.015375001,MovieLens-1M,3.970291913552122
3321,99,medium,3.0071676,0.093343474,MovieLens-1M,4.605170185988092
3322,112,medium,3.1474507,0.0895858,MovieLens-1M,4.727387818712341
3323,105,medium,2.668666,0.11571115,MovieLens-1M,4.663439094112067
3324,368,high,3.4205284,0.050475527,MovieLens-1M,5.910796644040527
3325,20,medium,2.8052025,0.041923262,MovieLens-1M,3.044522437723423
3326,21,medium,2.6461747,0.14296202,MovieLens-1M,3.091042453358316
3327,202,medium,2.9657793,0.14100558,MovieLens-1M,5.313205979041787
3328,28,medium,2.9169233,0.0445248,MovieLens-1M,3.367295829986474
3329,362,high,3.499591,0.0069162166,MovieLens-1M,5.8944028342648505
3330,28,medium,2.8353987,0.12605658,MovieLens-1M,3.367295829986474
3331,36,medium,3.0840902,0.060833875,MovieLens-1M,3.6109179126442243
3332,37,medium,2.6163318,0.06459007,MovieLens-1M,3.6375861597263857
3333,27,medium,2.5077763,0.15080994,MovieLens-1M,3.332204510175204
3334,293,high,3.187043,0.05761976,MovieLens-1M,5.683579767338681
3335,182,medium,3.1484149,0.041871723,MovieLens-1M,5.209486152841421
3336,162,medium,3.1759818,0.040708255,MovieLens-1M,5.093750200806762
3337,14,medium,3.0893192,0.07710101,MovieLens-1M,2.70805020110221
3338,166,medium,3.1336987,0.15564117,MovieLens-1M,5.117993812416755
3339,252,high,3.4646175,0.08555351,MovieLens-1M,5.53338948872752
3340,39,medium,3.1603215,0.102300555,MovieLens-1M,3.6888794541139363
3341,91,medium,3.306279,0.025509387,MovieLens-1M,4.5217885770490405
3342,1,low,3.4476554,0.112715036,MovieLens-1M,0.6931471805599453
3343,8,low,3.0147352,0.112040676,MovieLens-1M,2.1972245773362196
3344,907,high,4.3537583,0.03548967,MovieLens-1M,6.811244378601294
3345,194,medium,3.5940201,0.07984176,MovieLens-1M,5.272999558563747
3346,759,high,4.5658183,0.06941363,MovieLens-1M,6.633318433280377
3347,47,medium,3.4094172,0.07055569,MovieLens-1M,3.871201010907891
3348,438,high,3.7539577,0.0426857,MovieLens-1M,6.0844994130751715
3349,9,low,2.6443594,0.115660846,MovieLens-1M,2.302585092994046
3350,4,low,3.0793574,0.07657328,MovieLens-1M,1.6094379124341003
3351,31,medium,2.644893,0.040274438,MovieLens-1M,3.4657359027997265
3352,13,medium,2.6052392,0.06906474,MovieLens-1M,2.6390573296152584
3353,159,medium,3.4111245,0.10562984,MovieLens-1M,5.075173815233827
3354,7,low,2.431662,0.11577634,MovieLens-1M,2.0794415416798357
3355,385,high,3.3446105,0.046462905,MovieLens-1M,5.955837369464831
3356,40,medium,2.5145423,0.12010664,MovieLens-1M,3.713572066704308
3357,13,medium,2.8184357,0.11912297,MovieLens-1M,2.6390573296152584
3358,36,medium,2.91759,0.088056765,MovieLens-1M,3.6109179126442243
3359,9,low,3.5506184,0.08038398,MovieLens-1M,2.302585092994046
3360,8,low,3.1447506,0.033763323,MovieLens-1M,2.1972245773362196
3361,88,medium,3.0544503,0.08234777,MovieLens-1M,4.48863636973214
3362,171,medium,3.031515,0.124561235,MovieLens-1M,5.147494476813453
3363,66,medium,3.000143,0.17403056,MovieLens-1M,4.204692619390966
3364,37,medium,2.4899933,0.08854762,MovieLens-1M,3.6375861597263857
3365,4,low,3.3084853,0.13662358,MovieLens-1M,1.6094379124341003
3366,9,low,2.891346,0.05525633,MovieLens-1M,2.302585092994046
3367,12,medium,3.0492828,0.10433756,MovieLens-1M,2.5649493574615367
3368,1,low,3.6539304,0.049146734,MovieLens-1M,0.6931471805599453
3369,2,low,3.3464744,0.067805715,MovieLens-1M,1.0986122886681098
3370,16,medium,3.4105892,0.15561569,MovieLens-1M,2.833213344056216
3371,8,low,3.406106,0.1714003,MovieLens-1M,2.1972245773362196
3372,9,low,3.2870018,0.12796484,MovieLens-1M,2.302585092994046
3373,184,medium,3.1748798,0.18149209,MovieLens-1M,5.220355825078324
3374,69,medium,3.075681,0.13459231,MovieLens-1M,4.248495242049359
3375,208,medium,3.6871521,0.10964729,MovieLens-1M,5.342334251964811
3376,76,medium,3.1709116,0.117106065,MovieLens-1M,4.343805421853684
3377,44,medium,2.8615294,0.10272118,MovieLens-1M,3.8066624897703196
3378,160,medium,3.2065766,0.12812407,MovieLens-1M,5.081404364984463
3379,123,medium,3.419934,0.02582263,MovieLens-1M,4.820281565605037
3380,25,medium,2.3250573,0.11881092,MovieLens-1M,3.258096538021482
3381,131,medium,2.7365863,0.048257325,MovieLens-1M,4.882801922586371
3382,42,medium,3.6824286,0.13076021,MovieLens-1M,3.7612001156935624
3383,974,high,4.2710595,0.035624113,MovieLens-1M,6.882437470997847
3384,58,medium,3.2266262,0.16447012,MovieLens-1M,4.07753744390572
3385,32,medium,2.9807193,0.14214018,MovieLens-1M,3.4965075614664802
3386,8,low,2.665764,0.14456955,MovieLens-1M,2.1972245773362196
3387,3,low,3.1946576,0.07502856,MovieLens-1M,1.3862943611198906
3388,209,medium,3.729455,0.08313856,MovieLens-1M,5.3471075307174685
3389,5,low,3.7191117,0.043738622,MovieLens-1M,1.791759469228055
3390,1,low,3.5600693,0.04191589,MovieLens-1M,0.6931471805599453
3391,166,medium,3.3332043,0.08246095,MovieLens-1M,5.117993812416755
3392,41,medium,2.6217701,0.061121173,MovieLens-1M,3.7376696182833684
3393,5,low,2.948857,0.073514834,MovieLens-1M,1.791759469228055
3394,10,medium,2.8798695,0.28870472,MovieLens-1M,2.3978952727983707
3395,8,low,2.5368826,0.117780626,MovieLens-1M,2.1972245773362196
3396,22,medium,3.314745,0.116577074,MovieLens-1M,3.1354942159291497
3397,46,medium,2.8810441,0.063159004,MovieLens-1M,3.8501476017100584
3398,32,medium,3.46436,0.17356324,MovieLens-1M,3.4965075614664802
3399,388,high,3.422989,0.13010375,MovieLens-1M,5.963579343618446
3400,25,medium,2.8505173,0.12759309,MovieLens-1M,3.258096538021482
3401,281,high,3.3338797,0.043673433,MovieLens-1M,5.641907070938114
3402,147,medium,3.4173012,0.079617605,MovieLens-1M,4.997212273764115
3403,29,medium,2.837938,0.16627412,MovieLens-1M,3.4011973816621555
3404,163,medium,3.3316677,0.03200035,MovieLens-1M,5.099866427824199
3405,25,medium,2.8646443,0.06495387,MovieLens-1M,3.258096538021482
3406,7,low,3.2041304,0.029887434,MovieLens-1M,2.0794415416798357
3407,1,low,3.569688,0.09429662,MovieLens-1M,0.6931471805599453
3408,186,medium,3.1366272,0.07234995,MovieLens-1M,5.231108616854587
3409,4,low,2.9840174,0.14569384,MovieLens-1M,1.6094379124341003
3410,55,medium,3.0342839,0.120138705,MovieLens-1M,4.02535169073515
3411,46,medium,3.1629093,0.058782924,MovieLens-1M,3.8501476017100584
3412,38,medium,2.8417685,0.062057305,MovieLens-1M,3.6635616461296463
3413,10,medium,3.7321045,0.10038957,MovieLens-1M,2.3978952727983707
3414,52,medium,3.0078857,0.044830143,MovieLens-1M,3.970291913552122
3415,68,medium,3.1789234,0.0897609,MovieLens-1M,4.23410650459726
3416,221,medium,3.374006,0.13020557,MovieLens-1M,5.402677381872279
3417,1,low,3.4654934,0.10469969,MovieLens-1M,0.6931471805599453
3418,7,low,3.0053418,0.24342324,MovieLens-1M,2.0794415416798357
3419,107,medium,3.141799,0.0364054,MovieLens-1M,4.68213122712422
3420,8,low,3.0115845,0.09429873,MovieLens-1M,2.1972245773362196
3421,10,medium,3.2316248,0.0613364,MovieLens-1M,2.3978952727983707
3422,35,medium,2.953431,0.11730667,MovieLens-1M,3.58351893845611
3423,38,medium,2.827716,0.04915695,MovieLens-1M,3.6635616461296463
3424,268,high,3.4101782,0.11533673,MovieLens-1M,5.594711379601839
3425,26,medium,3.2336638,0.08497294,MovieLens-1M,3.295836866004329
3426,7,low,3.4801674,0.10019174,MovieLens-1M,2.0794415416798357
3427,12,medium,3.382722,0.12136879,MovieLens-1M,2.5649493574615367
3428,20,medium,3.2332458,0.088379435,MovieLens-1M,3.044522437723423
3429,60,medium,3.0801737,0.10160493,MovieLens-1M,4.110873864173311
3430,6,low,3.013036,0.12477751,MovieLens-1M,1.9459101490553132
3431,222,medium,3.4166577,0.051621612,MovieLens-1M,5.407171771460119
3432,13,medium,3.319506,0.14202267,MovieLens-1M,2.6390573296152584
3433,51,medium,3.1061954,0.061262168,MovieLens-1M,3.9512437185814275
3434,10,medium,3.2842796,0.17093478,MovieLens-1M,2.3978952727983707
3435,8,low,2.9992838,0.031290904,MovieLens-1M,2.1972245773362196
3436,33,medium,2.9111125,0.07611444,MovieLens-1M,3.5263605246161616
3437,3,low,3.2456229,0.2641483,MovieLens-1M,1.3862943611198906
3438,26,medium,3.22262,0.06265302,MovieLens-1M,3.295836866004329
3439,119,medium,3.148782,0.035651226,MovieLens-1M,4.787491742782046
3440,7,low,2.8352764,0.07534007,MovieLens-1M,2.0794415416798357
3441,13,medium,3.3350356,0.029089402,MovieLens-1M,2.6390573296152584
3442,24,medium,3.101926,0.17944728,MovieLens-1M,3.2188758248682006
3443,19,medium,3.0140266,0.1203267,MovieLens-1M,2.995732273553991
3444,27,medium,2.7594898,0.06848218,MovieLens-1M,3.332204510175204
3445,59,medium,2.8884227,0.07968636,MovieLens-1M,4.0943445622221
3446,6,low,2.7915862,0.22266044,MovieLens-1M,1.9459101490553132
3447,90,medium,3.0751798,0.07958201,MovieLens-1M,4.51085950651685
3448,9,low,2.6373699,0.092886075,MovieLens-1M,2.302585092994046
3449,273,high,3.5059643,0.09205431,MovieLens-1M,5.6131281063880705
3450,39,medium,2.9074802,0.120490335,MovieLens-1M,3.6888794541139363
3451,64,medium,3.0293539,0.027159708,MovieLens-1M,4.174387269895637
3452,3,low,3.6285028,0.2116419,MovieLens-1M,1.3862943611198906
3453,5,low,2.8466814,0.17661944,MovieLens-1M,1.791759469228055
3454,430,high,3.4314172,0.09060981,MovieLens-1M,6.066108090103747
3455,151,medium,3.2908337,0.033786323,MovieLens-1M,5.0238805208462765
3456,29,medium,2.6887856,0.07065082,MovieLens-1M,3.4011973816621555
3457,191,medium,3.0713844,0.023111293,MovieLens-1M,5.2574953720277815
3458,69,medium,3.0626183,0.091024764,MovieLens-1M,4.248495242049359
3459,167,medium,2.999253,0.12504695,MovieLens-1M,5.123963979403259
3460,9,low,2.6267958,0.119434945,MovieLens-1M,2.302585092994046
3461,3,low,3.6722481,0.08826579,MovieLens-1M,1.3862943611198906
3462,14,medium,2.8805275,0.15334992,MovieLens-1M,2.70805020110221
3463,4,low,3.0890162,0.022783924,MovieLens-1M,1.6094379124341003
3464,34,medium,3.2642772,0.07306074,MovieLens-1M,3.5553480614894135
3465,10,medium,3.5574017,0.09249897,MovieLens-1M,2.3978952727983707
3466,1,low,3.4288528,0.048976507,MovieLens-1M,0.6931471805599453
3467,105,medium,3.2614462,0.13713767,MovieLens-1M,4.663439094112067
3468,3,low,2.8095646,0.041534502,MovieLens-1M,1.3862943611198906
3469,4,low,3.1816788,0.11476496,MovieLens-1M,1.6094379124341003
3470,13,medium,3.1034186,0.18142255,MovieLens-1M,2.6390573296152584
3471,15,medium,2.80705,0.058585707,MovieLens-1M,2.772588722239781
3472,1,low,3.4321787,0.07404502,MovieLens-1M,0.6931471805599453
3473,2,low,3.3857863,0.25315687,MovieLens-1M,1.0986122886681098
3474,22,medium,3.0663385,0.16550364,MovieLens-1M,3.1354942159291497
3475,4,low,3.0566587,0.052241128,MovieLens-1M,1.6094379124341003
3476,302,high,3.7307851,0.057457566,MovieLens-1M,5.713732805509369
3477,10,medium,2.9962618,0.16505015,MovieLens-1M,2.3978952727983707
3478,9,low,2.846118,0.041276556,MovieLens-1M,2.302585092994046
3479,87,medium,3.0766544,0.051544383,MovieLens-1M,4.477336814478207
3480,796,high,4.468833,0.01479702,MovieLens-1M,6.680854678790215
3481,9,low,3.010912,0.013733725,MovieLens-1M,2.302585092994046
3482,11,medium,2.0911288,0.13734859,MovieLens-1M,2.4849066497880004
3483,23,medium,2.8650112,0.05274148,MovieLens-1M,3.1780538303479458
3484,7,low,3.7246497,0.10880766,MovieLens-1M,2.0794415416798357
3485,25,medium,3.0917175,0.05366422,MovieLens-1M,3.258096538021482
3486,2,low,3.451091,0.11831999,MovieLens-1M,1.0986122886681098
3487,9,low,2.8440373,0.18264976,MovieLens-1M,2.302585092994046
3488,12,medium,3.5573692,0.11762664,MovieLens-1M,2.5649493574615367
3489,14,medium,2.9494057,0.06265212,MovieLens-1M,2.70805020110221
3490,120,medium,3.734062,0.044806443,MovieLens-1M,4.795790545596741
3491,479,high,3.960517,0.07581284,MovieLens-1M,6.173786103901937
3492,6,low,2.8313172,0.09891702,MovieLens-1M,1.9459101490553132
3493,13,medium,3.0362253,0.059646264,MovieLens-1M,2.6390573296152584
3494,35,medium,3.2164657,0.115634024,MovieLens-1M,3.58351893845611
3495,59,medium,3.1180668,0.09364414,MovieLens-1M,4.0943445622221
3496,301,high,3.9872172,0.029524809,MovieLens-1M,5.71042701737487
3497,122,medium,3.4112613,0.071663246,MovieLens-1M,4.812184355372417
3498,49,medium,3.310219,0.10417935,MovieLens-1M,3.912023005428146
3499,9,low,3.2059832,0.04026785,MovieLens-1M,2.302585092994046
3500,38,medium,2.7926786,0.15217572,MovieLens-1M,3.6635616461296463
3501,11,medium,3.3035698,0.14595489,MovieLens-1M,2.4849066497880004
3502,8,low,3.4175587,0.23443224,MovieLens-1M,2.1972245773362196
3503,17,medium,3.2565606,0.09549227,MovieLens-1M,2.8903717578961645
3504,8,low,3.2615893,0.09533352,MovieLens-1M,2.1972245773362196
3505,83,medium,3.263181,0.040675048,MovieLens-1M,4.430816798843313
3506,72,medium,3.0830033,0.091022134,MovieLens-1M,4.290459441148391
3507,187,medium,3.427121,0.025185237,MovieLens-1M,5.236441962829949
3508,104,medium,3.6099873,0.07655246,MovieLens-1M,4.653960350157523
3509,107,medium,3.6314802,0.10383134,MovieLens-1M,4.68213122712422
3510,99,medium,3.4794433,0.046682328,MovieLens-1M,4.605170185988092
3511,3,low,3.4314117,0.13590209,MovieLens-1M,1.3862943611198906
3512,146,medium,3.6782217,0.04662299,MovieLens-1M,4.990432586778736
3513,2,low,3.1032574,0.08668127,MovieLens-1M,1.0986122886681098
3514,11,medium,3.518164,0.15750192,MovieLens-1M,2.4849066497880004
3515,7,low,3.177306,0.09540169,MovieLens-1M,2.0794415416798357
3516,70,medium,3.2249758,0.113126084,MovieLens-1M,4.2626798770413155
3517,31,medium,2.976312,0.13278754,MovieLens-1M,3.4657359027997265
3518,2,low,3.5841587,0.050256353,MovieLens-1M,1.0986122886681098
3519,4,low,3.6475322,0.08906752,MovieLens-1M,1.6094379124341003
3520,1,low,3.0946941,0.25160947,MovieLens-1M,0.6931471805599453
3521,3,low,3.7300746,0.16179572,MovieLens-1M,1.3862943611198906
3522,3,low,4.0411696,0.076987274,MovieLens-1M,1.3862943611198906
3523,40,medium,2.4506361,0.0548615,MovieLens-1M,3.713572066704308
3524,1,low,3.4334183,0.16546386,MovieLens-1M,0.6931471805599453
3525,3,low,3.555475,0.10222162,MovieLens-1M,1.3862943611198906
3526,12,medium,3.256401,0.111945145,MovieLens-1M,2.5649493574615367
3527,29,medium,3.372155,0.09337878,MovieLens-1M,3.4011973816621555
3528,484,high,4.1116776,0.04639236,MovieLens-1M,6.184148890937483
3529,217,medium,3.633566,0.07712422,MovieLens-1M,5.384495062789089
3530,30,medium,2.5565484,0.016836394,MovieLens-1M,3.4339872044851463
3531,25,medium,3.457363,0.08562783,MovieLens-1M,3.258096538021482
3532,241,high,3.7122438,0.036857132,MovieLens-1M,5.488937726156687
0,12,head,2.5569124,0.04081755,Amazon Beauty,2.5649493574615367
1,6,medium,1.7925164,0.086932026,Amazon Beauty,1.9459101490553132
2,9,head,2.2616785,0.033450544,Amazon Beauty,2.302585092994046
3,7,head,2.0555027,0.027295837,Amazon Beauty,2.0794415416798357
4,607,head,7.3084006,0.031678233,Amazon Beauty,6.410174881966167
5,2,medium,1.232714,0.06040426,Amazon Beauty,1.0986122886681098
6,2,medium,1.2752181,0.012121083,Amazon Beauty,1.0986122886681098
7,4,medium,1.8463345,0.051593006,Amazon Beauty,1.6094379124341003
9,3,medium,1.438713,0.0077269436,Amazon Beauty,1.3862943611198906
10,5,medium,2.1023185,0.067446284,Amazon Beauty,1.791759469228055
12,7,head,2.2218678,0.057486743,Amazon Beauty,2.0794415416798357
13,23,head,3.251074,0.042359788,Amazon Beauty,3.1780538303479458
14,5,medium,2.132902,0.026220454,Amazon Beauty,1.791759469228055
15,1,tail,1.053821,0.03982138,Amazon Beauty,0.6931471805599453
16,1,tail,1.178287,0.058855798,Amazon Beauty,0.6931471805599453
17,4,medium,1.8493466,0.041712698,Amazon Beauty,1.6094379124341003
18,2,medium,1.5357922,0.072784424,Amazon Beauty,1.0986122886681098
19,5,medium,2.0663164,0.044126794,Amazon Beauty,1.791759469228055
20,5,medium,1.8070282,0.09005808,Amazon Beauty,1.791759469228055
21,472,head,6.7733865,0.017766135,Amazon Beauty,6.159095388491933
22,3,medium,1.5446764,0.049590427,Amazon Beauty,1.3862943611198906
23,3,medium,1.7709793,0.020652363,Amazon Beauty,1.3862943611198906
24,11,head,2.4324286,0.029537875,Amazon Beauty,2.4849066497880004
25,5,medium,1.9924812,0.052967448,Amazon Beauty,1.791759469228055
26,4,medium,1.7356815,0.00988883,Amazon Beauty,1.6094379124341003
27,3,medium,1.7233753,0.1078568,Amazon Beauty,1.3862943611198906
28,2,medium,1.5553917,0.07702694,Amazon Beauty,1.0986122886681098
29,365,head,5.532566,0.02931553,Amazon Beauty,5.902633333401366
30,126,head,5.3185964,0.01050985,Amazon Beauty,4.844187086458591
31,2,medium,1.2382264,0.05280153,Amazon Beauty,1.0986122886681098
32,2,medium,1.3532578,0.027835667,Amazon Beauty,1.0986122886681098
33,17,head,2.0844383,0.033652216,Amazon Beauty,2.8903717578961645
34,1,tail,1.2394029,0.056602065,Amazon Beauty,0.6931471805599453
35,2,medium,1.5679213,0.008569547,Amazon Beauty,1.0986122886681098
36,1,tail,1.244826,0.10362268,Amazon Beauty,0.6931471805599453
38,11,head,2.108569,0.030510409,Amazon Beauty,2.4849066497880004
40,5,medium,1.9351193,0.012711757,Amazon Beauty,1.791759469228055
41,3,medium,1.7527666,0.059614528,Amazon Beauty,1.3862943611198906
42,11,head,2.4076858,0.013799685,Amazon Beauty,2.4849066497880004
43,1,tail,0.978904,0.04320941,Amazon Beauty,0.6931471805599453
44,3,medium,1.5127441,0.026990496,Amazon Beauty,1.3862943611198906
45,632,head,6.7224803,0.008463926,Amazon Beauty,6.450470422144176
46,5,medium,1.7030255,0.010237334,Amazon Beauty,1.791759469228055
47,6,medium,1.8104936,0.026834724,Amazon Beauty,1.9459101490553132
49,1,tail,1.2333059,0.034413274,Amazon Beauty,0.6931471805599453
50,1,tail,1.0756912,0.019697249,Amazon Beauty,0.6931471805599453
51,1,tail,1.0404648,0.021056645,Amazon Beauty,0.6931471805599453
52,8,head,2.015034,0.04900578,Amazon Beauty,2.1972245773362196
53,1,tail,1.2172186,0.026892846,Amazon Beauty,0.6931471805599453
54,175,head,3.6790648,0.04930909,Amazon Beauty,5.170483995038151
55,20,head,3.0352547,0.040547077,Amazon Beauty,3.044522437723423
56,2,medium,1.5627407,0.06128783,Amazon Beauty,1.0986122886681098
57,4,medium,1.8430762,0.09816159,Amazon Beauty,1.6094379124341003
58,3,medium,1.5611588,0.030550852,Amazon Beauty,1.3862943611198906
59,7,head,1.9120818,0.036187265,Amazon Beauty,2.0794415416798357
60,8,head,2.394102,0.013330358,Amazon Beauty,2.1972245773362196
62,8,head,2.2874098,0.009333701,Amazon Beauty,2.1972245773362196
63,1,tail,1.0835524,0.06304415,Amazon Beauty,0.6931471805599453
64,1,tail,1.2223274,0.048718244,Amazon Beauty,0.6931471805599453
65,5,medium,1.5592642,0.044183776,Amazon Beauty,1.791759469228055
66,14,head,2.180645,0.03708812,Amazon Beauty,2.70805020110221
67,6,medium,1.9950104,0.05873719,Amazon Beauty,1.9459101490553132
68,3,medium,1.4962898,0.051918678,Amazon Beauty,1.3862943611198906
69,4,medium,1.2471422,0.017198212,Amazon Beauty,1.6094379124341003
70,4,medium,1.9362777,0.080951855,Amazon Beauty,1.6094379124341003
71,1,tail,0.9346637,0.010051219,Amazon Beauty,0.6931471805599453
72,1,tail,0.7356913,0.02946067,Amazon Beauty,0.6931471805599453
73,6,medium,2.2377932,0.040587127,Amazon Beauty,1.9459101490553132
76,3,medium,1.6257042,0.04765846,Amazon Beauty,1.3862943611198906
77,4,medium,1.398569,0.044617757,Amazon Beauty,1.6094379124341003
78,32,head,3.2264392,0.021959838,Amazon Beauty,3.4965075614664802
79,2,medium,1.1301337,0.005814725,Amazon Beauty,1.0986122886681098
80,3,medium,1.1097417,0.02365765,Amazon Beauty,1.3862943611198906
81,2,medium,1.5234752,0.04510975,Amazon Beauty,1.0986122886681098
82,13,head,2.7603652,0.017521532,Amazon Beauty,2.6390573296152584
83,3,medium,1.7671751,0.013949506,Amazon Beauty,1.3862943611198906
84,2,medium,1.1030229,0.041782185,Amazon Beauty,1.0986122886681098
85,4,medium,1.6035186,0.03631134,Amazon Beauty,1.6094379124341003
86,2,medium,1.5313286,0.0066838786,Amazon Beauty,1.0986122886681098
88,2,medium,1.1641773,0.083222054,Amazon Beauty,1.0986122886681098
89,1,tail,1.2073504,0.041895967,Amazon Beauty,0.6931471805599453
90,1,tail,1.2093772,0.029387694,Amazon Beauty,0.6931471805599453
95,3,medium,1.674025,0.030747166,Amazon Beauty,1.3862943611198906
97,2,medium,1.294051,0.027319781,Amazon Beauty,1.0986122886681098
98,3,medium,1.4493386,0.05622999,Amazon Beauty,1.3862943611198906
102,2,medium,1.1046396,0.023503577,Amazon Beauty,1.0986122886681098
107,2,medium,1.4876772,0.012237041,Amazon Beauty,1.0986122886681098
109,3,medium,1.6475525,0.013244373,Amazon Beauty,1.3862943611198906
110,2,medium,1.5576895,0.051320247,Amazon Beauty,1.0986122886681098
111,2,medium,1.4090792,0.041248847,Amazon Beauty,1.0986122886681098
113,5,medium,1.9261333,0.017766947,Amazon Beauty,1.791759469228055
115,3,medium,1.81103,0.024188949,Amazon Beauty,1.3862943611198906
116,7,head,2.1619987,0.05141452,Amazon Beauty,2.0794415416798357
117,4,medium,1.7960681,0.039127897,Amazon Beauty,1.6094379124341003
118,4,medium,1.4955641,0.020887028,Amazon Beauty,1.6094379124341003
119,1,tail,1.2068893,0.09342487,Amazon Beauty,0.6931471805599453
122,2,medium,1.5374346,0.06450838,Amazon Beauty,1.0986122886681098
123,2,medium,1.4241467,0.07639815,Amazon Beauty,1.0986122886681098
125,4,medium,1.8731233,0.016567707,Amazon Beauty,1.6094379124341003
131,2,medium,1.491292,0.05972968,Amazon Beauty,1.0986122886681098
132,4,medium,1.430844,0.021765282,Amazon Beauty,1.6094379124341003
133,2,medium,1.3142695,0.040074144,Amazon Beauty,1.0986122886681098
134,4,medium,1.3033186,0.057796255,Amazon Beauty,1.6094379124341003
135,3,medium,1.3985971,0.031705983,Amazon Beauty,1.3862943611198906
136,3,medium,1.551067,0.052828386,Amazon Beauty,1.3862943611198906
138,1,tail,1.1609887,0.05244308,Amazon Beauty,0.6931471805599453
139,1,tail,1.2017304,0.038792305,Amazon Beauty,0.6931471805599453
143,3,medium,1.5481707,0.054400895,Amazon Beauty,1.3862943611198906
146,3,medium,1.6812738,0.10965456,Amazon Beauty,1.3862943611198906
153,1,tail,0.99518555,0.029936358,Amazon Beauty,0.6931471805599453
156,1,tail,1.2181833,0.04681254,Amazon Beauty,0.6931471805599453
158,5,medium,1.9444933,0.13354897,Amazon Beauty,1.791759469228055
159,9,head,1.8057414,0.012253426,Amazon Beauty,2.302585092994046
160,8,head,1.6117897,0.045226533,Amazon Beauty,2.1972245773362196
162,4,medium,1.365065,0.059602134,Amazon Beauty,1.6094379124341003
163,7,head,2.0460007,0.046465106,Amazon Beauty,2.0794415416798357
164,1,tail,1.0305921,0.04571569,Amazon Beauty,0.6931471805599453
165,6,medium,1.6009483,0.10793995,Amazon Beauty,1.9459101490553132
166,11,head,1.9028877,0.077346094,Amazon Beauty,2.4849066497880004
168,8,head,2.3329148,0.04762204,Amazon Beauty,2.1972245773362196
173,2,medium,1.4756933,0.008670479,Amazon Beauty,1.0986122886681098
174,1,tail,1.1817032,0.07819283,Amazon Beauty,0.6931471805599453
175,2,medium,1.3244843,0.025638377,Amazon Beauty,1.0986122886681098
176,2,medium,1.2503859,0.04556021,Amazon Beauty,1.0986122886681098
178,4,medium,1.7893848,0.07505329,Amazon Beauty,1.6094379124341003
179,1,tail,1.21985,0.0508656,Amazon Beauty,0.6931471805599453
180,1,tail,1.2081513,0.0978395,Amazon Beauty,0.6931471805599453
194,8,head,1.7995275,0.057236772,Amazon Beauty,2.1972245773362196
195,1,tail,1.2677659,0.021450212,Amazon Beauty,0.6931471805599453
196,2,medium,1.2135434,0.028792502,Amazon Beauty,1.0986122886681098
199,8,head,1.6424394,0.035769634,Amazon Beauty,2.1972245773362196
200,1,tail,1.189183,0.026372716,Amazon Beauty,0.6931471805599453
201,2,medium,1.5401813,0.01303612,Amazon Beauty,1.0986122886681098
202,2,medium,1.198934,0.09446181,Amazon Beauty,1.0986122886681098
203,7,head,1.9198208,0.025575534,Amazon Beauty,2.0794415416798357
206,1,tail,1.0695395,0.003295823,Amazon Beauty,0.6931471805599453
209,4,medium,1.8729542,0.059233468,Amazon Beauty,1.6094379124341003
210,2,medium,0.9918208,0.05346939,Amazon Beauty,1.0986122886681098
212,1,tail,0.84453756,0.018348712,Amazon Beauty,0.6931471805599453
216,1,tail,1.1684647,0.043705832,Amazon Beauty,0.6931471805599453
219,2,medium,1.4182352,0.055136364,Amazon Beauty,1.0986122886681098
222,1,tail,1.1615367,0.055599775,Amazon Beauty,0.6931471805599453
225,39,head,3.5493,0.02514315,Amazon Beauty,3.6888794541139363
229,2,medium,1.3638673,0.020888101,Amazon Beauty,1.0986122886681098
232,3,medium,1.6728134,0.028116696,Amazon Beauty,1.3862943611198906
235,2,medium,1.3914772,0.052781306,Amazon Beauty,1.0986122886681098
236,1,tail,1.043729,0.047184594,Amazon Beauty,0.6931471805599453
243,1,tail,1.2155188,0.032874845,Amazon Beauty,0.6931471805599453
244,1,tail,0.7845332,0.041999973,Amazon Beauty,0.6931471805599453
250,2,medium,1.5467016,0.06939646,Amazon Beauty,1.0986122886681098
257,1,tail,1.2158962,0.030025005,Amazon Beauty,0.6931471805599453
258,9,head,1.8582934,0.048543315,Amazon Beauty,2.302585092994046
259,3,medium,1.2609347,0.085257314,Amazon Beauty,1.3862943611198906
266,7,head,2.0053546,0.07851596,Amazon Beauty,2.0794415416798357
267,3,medium,1.3645831,0.041172225,Amazon Beauty,1.3862943611198906
270,2,medium,1.1920589,0.10139879,Amazon Beauty,1.0986122886681098
271,1,tail,1.146549,0.055568293,Amazon Beauty,0.6931471805599453
273,7,head,1.7129122,0.04630421,Amazon Beauty,2.0794415416798357
275,3,medium,1.7726418,0.024915423,Amazon Beauty,1.3862943611198906
279,7,head,2.366435,0.00415086,Amazon Beauty,2.0794415416798357
281,2,medium,1.3984308,0.02833807,Amazon Beauty,1.0986122886681098
282,2,medium,1.4656249,0.02738098,Amazon Beauty,1.0986122886681098
284,10,head,1.9348065,0.025342401,Amazon Beauty,2.3978952727983707
285,3,medium,1.7640905,0.046297345,Amazon Beauty,1.3862943611198906
